temp_index	temp	sweep	S	E	accepted	nonnull	null
0	14.0	1.0	5274755.0	-0.11432723565535112	1886488.0	4192295.0	2009.0
0	14.0	2.0	305121.0	-0.006613319570367987	5639738.0	8384463.0	4145.0
0	14.0	3.0	32023.0	-0.0006940798325972123	9804847.0	12576726.0	6186.0
0	14.0	4.0	24293.0	-0.0005265365947376598	13990036.0	16768999.0	8217.0
0	14.0	5.0	24031.0	-0.0005208578976717862	18175609.0	20961196.0	10324.0
0	14.0	6.0	24339.0	-0.0005275336178866299	22361501.0	25153504.0	12320.0
0	14.0	7.0	23944.0	-0.0005189722234552556	26547203.0	29345705.0	14423.0
0	14.0	8.0	24128.0	-0.0005229603160511364	30732972.0	33538023.0	16409.0
0	14.0	9.0	24164.0	-0.0005237405950372869	34918664.0	37730249.0	18487.0
0	14.0	10.0	24306.0	-0.0005268183621493253	39104398.0	41922527.0	20513.0
0	14.0	11.0	24405.0	-0.0005289641293612393	43290256.0	46114811.0	22533.0
0	14.0	12.0	24079.0	-0.0005218982696533203	47476063.0	50307145.0	24503.0
0	14.0	13.0	24304.0	-0.0005267750133167614	51661686.0	54499369.0	26583.0
0	14.0	14.0	24312.0	-0.000526948408647017	55847436.0	58691700.0	28556.0
0	14.0	15.0	24253.0	-0.0005256696180863814	60033259.0	62883891.0	30669.0
0	14.0	16.0	24777.0	-0.0005370270122181286	64219100.0	67076171.0	32693.0
0	14.0	17.0	23986.0	-0.000519882548939098	68404740.0	71268424.0	34744.0
0	14.0	18.0	24233.0	-0.0005252361297607422	72590546.0	75460722.0	36750.0
0	14.0	19.0	24119.0	-0.0005227652463045987	76776341.0	79653084.0	38692.0
0	14.0	20.0	24159.0	-0.0005236322229558772	80962030.0	83845264.0	40816.0
0	14.0	21.0	24134.0	-0.0005230903625488281	85147859.0	88037543.0	42841.0
0	14.0	22.0	24164.0	-0.0005237405950372869	89333701.0	92229887.0	44801.0
0	14.0	23.0	24197.0	-0.0005244558507745916	93519537.0	96422116.0	46876.0
0	14.0	24.0	24167.0	-0.0005238056182861328	97705328.0	100614390.0	48906.0
0	14.0	25.0	24082.0	-0.0005219632929021662	101891154.0	104806576.0	51024.0
0	14.0	26.0	23999.0	-0.0005201643163507634	106076993.0	108998879.0	53025.0
0	14.0	27.0	24092.0	-0.0005221800370649858	110262673.0	113191092.0	55116.0
0	14.0	28.0	24108.0	-0.0005225268277254971	114448604.0	117383430.0	57082.0
0	14.0	29.0	24478.0	-0.0005305463617498225	118634238.0	121575648.0	59168.0
0	14.0	30.0	24179.0	-0.0005240657112815163	122819903.0	125767926.0	61194.0
0	14.0	31.0	24150.0	-0.0005234371532093395	127005466.0	129960132.0	63292.0
0	14.0	32.0	24068.0	-0.0005216598510742188	131191139.0	134152331.0	65397.0
0	14.0	33.0	24179.0	-0.0005240657112815163	135376808.0	138344529.0	67503.0
0	14.0	34.0	24221.0	-0.0005249760367653587	139562627.0	142536888.0	69448.0
0	14.0	35.0	24169.0	-0.0005238489671186967	143748337.0	146729196.0	71444.0
0	14.0	36.0	23983.0	-0.0005198175256902522	147934042.0	150921470.0	73474.0
0	14.0	37.0	24151.0	-0.0005234588276256214	152119862.0	155113743.0	75505.0
0	14.0	38.0	24260.0	-0.0005258213390003551	156305523.0	159305887.0	77665.0
0	14.0	39.0	24229.0	-0.0005251494320956143	160491067.0	163498055.0	79801.0
0	14.0	40.0	24089.0	-0.0005221150138161399	164676813.0	167690311.0	81849.0
0	14.0	41.0	24371.0	-0.0005282271992076527	168862371.0	171882520.0	83944.0
0	14.0	42.0	23916.0	-0.0005183653397993608	173048088.0	176074796.0	85972.0
0	14.0	43.0	24139.0	-0.0005231987346302379	177233968.0	180266960.0	88112.0
0	14.0	44.0	24229.0	-0.0005251494320956143	181419637.0	184459158.0	90218.0
0	14.0	45.0	24031.0	-0.0005208578976717862	185605507.0	188651415.0	92265.0
0	14.0	46.0	24379.0	-0.0005284005945379084	189791233.0	192843695.0	94289.0
0	14.0	47.0	24238.0	-0.000525344501842152	193976953.0	197035879.0	96409.0
0	14.0	48.0	24122.0	-0.0005228302695534446	198162628.0	201228122.0	98470.0
0	14.0	49.0	24143.0	-0.0005232854322953658	202348438.0	205420417.0	100479.0
0	14.0	50.0	24034.0	-0.0005209229209206321	206534093.0	209612686.0	102514.0
0	14.0	51.0	24301.0	-0.0005267099900679154	210719799.0	213805018.0	104486.0
0	14.0	52.0	23954.0	-0.0005191889676180753	214905445.0	217997206.0	106602.0
0	14.0	53.0	24350.0	-0.0005277720364657315	219091023.0	222189434.0	108678.0
0	14.0	54.0	24089.0	-0.0005221150138161399	223276634.0	226381644.0	110772.0
0	14.0	55.0	24057.0	-0.0005214214324951172	227462404.0	230573927.0	112793.0
0	14.0	56.0	24561.0	-0.0005323453383012252	231647968.0	234766170.0	114854.0
0	14.0	57.0	24235.0	-0.0005252794785933061	235833564.0	238958415.0	116913.0
0	14.0	58.0	24324.0	-0.0005272085016424006	240019481.0	243150681.0	118951.0
0	14.0	59.0	24260.0	-0.0005258213390003551	244205173.0	247342900.0	121036.0
0	14.0	60.0	24436.0	-0.0005296360362659801	248390884.0	251535166.0	123074.0
0	14.0	61.0	24178.0	-0.0005240440368652344	252576769.0	255727476.0	125068.0
0	14.0	62.0	24192.0	-0.0005243474786931819	256762636.0	259919753.0	127095.0
0	14.0	63.0	24432.0	-0.0005295493386008523	260948589.0	264112028.0	129124.0
0	14.0	64.0	24059.0	-0.0005214647813276811	265134464.0	268304330.0	131126.0
0	14.0	65.0	24391.0	-0.0005286606875332919	269320434.0	272496604.0	133156.0
0	14.0	66.0	24289.0	-0.0005264498970725319	273506217.0	276688950.0	135114.0
0	14.0	67.0	24021.0	-0.0005206411535089666	277692087.0	280881289.0	137079.0
0	14.0	68.0	24499.0	-0.0005310015244917436	281877827.0	285073527.0	139145.0
0	14.0	69.0	24343.0	-0.0005276203155517578	286063454.0	289265855.0	141121.0
0	14.0	70.0	24260.0	-0.0005258213390003551	290249201.0	293458098.0	143182.0
0	14.0	71.0	24617.0	-0.0005335591056130149	294434844.0	297650303.0	145281.0
0	14.0	72.0	24202.0	-0.0005245642228560014	298620425.0	301842560.0	147328.0
0	14.0	73.0	24165.0	-0.0005237622694535689	302806148.0	306034799.0	149393.0
0	14.0	74.0	24196.0	-0.0005244341763583096	306991831.0	310227068.0	151428.0
0	14.0	75.0	23950.0	-0.0005191022699529475	311177593.0	314419341.0	153459.0
0	14.0	76.0	23978.0	-0.0005197091536088424	315363250.0	318611508.0	155596.0
0	14.0	77.0	24589.0	-0.0005329522219571201	319549012.0	322803728.0	157680.0
0	14.0	78.0	24305.0	-0.0005267966877330433	323734669.0	326996038.0	159674.0
0	14.0	79.0	24442.0	-0.0005297660827636719	327920482.0	331188276.0	161740.0
0	14.0	80.0	24229.0	-0.0005251494320956143	332106231.0	335380549.0	163771.0
0	14.0	81.0	24072.0	-0.0005217465487393466	336291958.0	339572890.0	165734.0
0	14.0	82.0	24406.0	-0.0005289858037775213	340477734.0	343765202.0	167726.0
0	14.0	83.0	24223.0	-0.0005250193855979226	344663347.0	347957417.0	169815.0
0	14.0	84.0	24169.0	-0.0005238489671186967	348848996.0	352149722.0	171814.0
0	14.0	85.0	24327.0	-0.0005272735248912464	353034750.0	356341956.0	173884.0
0	14.0	86.0	24099.0	-0.0005223317579789596	357220576.0	360534197.0	175947.0
0	14.0	87.0	24170.0	-0.0005238706415349787	361406464.0	364726483.0	177965.0
0	14.0	88.0	24083.0	-0.0005219849673184482	365592182.0	368918721.0	180031.0
0	14.0	89.0	24247.0	-0.0005255395715886897	369777911.0	373110963.0	182093.0
0	14.0	90.0	24021.0	-0.0005206411535089666	373963774.0	377303267.0	184093.0
0	14.0	91.0	24331.0	-0.0005273602225563743	378149483.0	381495550.0	186114.0
0	14.0	92.0	24281.0	-0.0005262765017422763	382335320.0	385687878.0	188090.0
0	14.0	93.0	24174.0	-0.0005239573392001065	386520942.0	389880116.0	190156.0
0	14.0	94.0	24270.0	-0.0005260380831631747	390706699.0	394072316.0	192260.0
0	14.0	95.0	24247.0	-0.0005255395715886897	394892362.0	398264556.0	194324.0
0	14.0	96.0	24219.0	-0.0005249326879327947	399078091.0	402456881.0	196303.0
0	14.0	97.0	24116.0	-0.0005227002230557529	403263830.0	406649138.0	198350.0
0	14.0	98.0	24075.0	-0.0005218115719881924	407449682.0	410841455.0	200337.0
0	14.0	99.0	24149.0	-0.0005234154787930576	411635563.0	415033786.0	202310.0
0	14.0	100.0	24191.0	-0.0005243258042768998	415821281.0	419226061.0	204339.0
1	12.0	1.0	7455061.0	-0.1615840955214067	1469747.0	4192264.0	2040.0
1	12.0	2.0	625225.0	-0.013551386919888582	4895849.0	8384520.0	4088.0
1	12.0	3.0	44808.0	-0.0009711872447620739	9027626.0	12576819.0	6093.0
1	12.0	4.0	25058.0	-0.0005431175231933594	13210685.0	16769095.0	8121.0
1	12.0	5.0	24431.0	-0.0005295276641845703	17395328.0	20961433.0	10087.0
1	12.0	6.0	24326.0	-0.0005272518504749645	21580010.0	25153776.0	12048.0
1	12.0	7.0	24109.0	-0.0005225485021417791	25764653.0	29346093.0	14035.0
1	12.0	8.0	24347.0	-0.0005277070132168857	29949374.0	33538314.0	16118.0
1	12.0	9.0	24518.0	-0.0005314133384011009	34134106.0	37730620.0	18116.0
1	12.0	10.0	23994.0	-0.0005200559442693537	38318677.0	41922846.0	20194.0
1	12.0	11.0	24675.0	-0.0005348162217573686	42503275.0	46115122.0	22222.0
1	12.0	12.0	24378.0	-0.0005283789201216264	46687928.0	50307385.0	24263.0
1	12.0	13.0	24425.0	-0.0005293976176868786	50872444.0	54499686.0	26266.0
1	12.0	14.0	24446.0	-0.0005298527804287997	55057077.0	58691950.0	28306.0
1	12.0	15.0	24442.0	-0.0005297660827636719	59241668.0	62884254.0	30306.0
1	12.0	16.0	24673.0	-0.0005347728729248047	63426156.0	67076505.0	32359.0
1	12.0	17.0	24592.0	-0.0005330172452059659	67610801.0	71268850.0	34318.0
1	12.0	18.0	24642.0	-0.0005341009660200639	71795352.0	75461117.0	36355.0
1	12.0	19.0	24466.0	-0.0005302862687544389	75979905.0	79653327.0	38449.0
1	12.0	20.0	24555.0	-0.0005322152918035334	80164438.0	83845561.0	40519.0
1	12.0	21.0	24137.0	-0.0005231553857976741	84348902.0	88037833.0	42551.0
1	12.0	22.0	24416.0	-0.0005292025479403409	88533606.0	92230034.0	44654.0
1	12.0	23.0	24295.0	-0.0005265799435702237	92718127.0	96422264.0	46728.0
1	12.0	24.0	24570.0	-0.0005325404080477628	96902762.0	100614554.0	48742.0
1	12.0	25.0	24429.0	-0.0005294843153520064	101087707.0	104806876.0	50724.0
1	12.0	26.0	24422.0	-0.0005293325944380326	105272381.0	108999111.0	52793.0
1	12.0	27.0	24622.0	-0.0005336674776944247	109456980.0	113191423.0	54785.0
1	12.0	28.0	24655.0	-0.0005343827334317294	113641626.0	117383775.0	56737.0
1	12.0	29.0	24432.0	-0.0005295493386008523	117826337.0	121576046.0	58770.0
1	12.0	30.0	24660.0	-0.0005344911055131392	122011071.0	125768330.0	60790.0
1	12.0	31.0	24419.0	-0.0005292675711891868	126195912.0	129960650.0	62774.0
1	12.0	32.0	24191.0	-0.0005243258042768998	130380493.0	134152925.0	64803.0
1	12.0	33.0	24149.0	-0.0005234154787930576	134565234.0	138345174.0	66858.0
1	12.0	34.0	24236.0	-0.0005253011530095881	138749856.0	142537412.0	68924.0
1	12.0	35.0	24591.0	-0.0005329955707896839	142934197.0	146729593.0	71047.0
1	12.0	36.0	24515.0	-0.0005313483151522549	147118706.0	150921880.0	73064.0
1	12.0	37.0	24403.0	-0.0005289207805286754	151303182.0	155114125.0	75123.0
1	12.0	38.0	24482.0	-0.0005306330594149503	155487722.0	159306388.0	77164.0
1	12.0	39.0	24689.0	-0.0005351196635853161	159672302.0	163498632.0	79224.0
1	12.0	40.0	24285.0	-0.0005263631994074041	163857067.0	167690935.0	81225.0
1	12.0	41.0	24596.0	-0.0005331039428710938	168041681.0	171883168.0	83296.0
1	12.0	42.0	24368.0	-0.0005281621759588069	172226294.0	176075438.0	85330.0
1	12.0	43.0	24387.0	-0.0005285739898681641	176411033.0	180267734.0	87338.0
1	12.0	44.0	24589.0	-0.0005329522219571201	180595735.0	184460003.0	89373.0
1	12.0	45.0	24443.0	-0.0005297877571799538	184780518.0	188652317.0	91363.0
1	12.0	46.0	24418.0	-0.0005292458967729049	188965237.0	192844576.0	93408.0
1	12.0	47.0	24261.0	-0.0005258430134166371	193149920.0	197036882.0	95406.0
1	12.0	48.0	24629.0	-0.0005338191986083984	197334588.0	201229179.0	97413.0
1	12.0	49.0	24422.0	-0.0005293325944380326	201519104.0	205421346.0	99550.0
1	12.0	50.0	24322.0	-0.0005271651528098366	205703802.0	209613703.0	101497.0
1	12.0	51.0	24364.0	-0.000528075478293679	209888603.0	213805885.0	103619.0
1	12.0	52.0	24668.0	-0.0005346645008433949	214073142.0	217998119.0	105689.0
1	12.0	53.0	24647.0	-0.0005342093381014737	218257823.0	222190353.0	107759.0
1	12.0	54.0	24548.0	-0.0005320635708895596	222442358.0	226382621.0	109795.0
1	12.0	55.0	24242.0	-0.0005254311995072799	226627140.0	230574845.0	111875.0
1	12.0	56.0	24282.0	-0.0005262981761585582	230811660.0	234767105.0	113919.0
1	12.0	57.0	24805.0	-0.0005376338958740234	234996367.0	238959342.0	115986.0
1	12.0	58.0	24437.0	-0.0005296577106822621	239180963.0	243151551.0	118081.0
1	12.0	59.0	24681.0	-0.0005349462682550603	243365403.0	247343801.0	120135.0
1	12.0	60.0	24529.0	-0.0005316517569802024	247549977.0	251536041.0	122199.0
1	12.0	61.0	24004.0	-0.0005202726884321733	251734695.0	255728337.0	124207.0
1	12.0	62.0	24484.0	-0.0005306764082475142	255919325.0	259920595.0	126253.0
1	12.0	63.0	24456.0	-0.0005300695245916194	260103825.0	264112783.0	128369.0
1	12.0	64.0	24362.0	-0.000528032129461115	264288345.0	268305034.0	130422.0
1	12.0	65.0	24437.0	-0.0005296577106822621	268473077.0	272497314.0	132446.0
1	12.0	66.0	24390.0	-0.00052863901311701	272657808.0	276689629.0	134435.0
1	12.0	67.0	24378.0	-0.0005283789201216264	276842437.0	280881909.0	136459.0
1	12.0	68.0	24213.0	-0.0005248026414351029	281026962.0	285074218.0	138454.0
1	12.0	69.0	24368.0	-0.0005281621759588069	285211669.0	289266491.0	140485.0
1	12.0	70.0	24824.0	-0.0005380457097833806	289396278.0	293458775.0	142505.0
1	12.0	71.0	24729.0	-0.0005359866402365944	293580905.0	297650959.0	144625.0
1	12.0	72.0	24247.0	-0.0005255395715886897	297765574.0	301843172.0	146716.0
1	12.0	73.0	24686.0	-0.0005350546403364701	301950266.0	306035359.0	148833.0
1	12.0	74.0	24336.0	-0.0005274685946377841	306134877.0	310227530.0	150966.0
1	12.0	75.0	24276.0	-0.0005261681296608665	310319560.0	314419782.0	153018.0
1	12.0	76.0	24508.0	-0.0005311965942382812	314504187.0	318612013.0	155091.0
1	12.0	77.0	24562.0	-0.0005323670127175071	318688961.0	322804275.0	157133.0
1	12.0	78.0	24753.0	-0.0005365068262273616	322873344.0	326996489.0	159223.0
1	12.0	79.0	24539.0	-0.0005318685011430221	327057903.0	331188807.0	161209.0
1	12.0	80.0	24296.0	-0.0005266016179865056	331242654.0	335381095.0	163225.0
1	12.0	81.0	24350.0	-0.0005277720364657315	335427112.0	339573324.0	165300.0
1	12.0	82.0	24607.0	-0.0005333423614501953	339611771.0	343765594.0	167334.0
1	12.0	83.0	24699.0	-0.0005353364077481357	343796524.0	347957927.0	169305.0
1	12.0	84.0	24569.0	-0.0005325187336314808	347981133.0	352150221.0	171315.0
1	12.0	85.0	24676.0	-0.0005348378961736506	352165766.0	356342544.0	173296.0
1	12.0	86.0	24544.0	-0.0005319768732244319	356350025.0	360534758.0	175386.0
1	12.0	87.0	24539.0	-0.0005318685011430221	360534674.0	364727054.0	177394.0
1	12.0	88.0	24584.0	-0.0005328438498757102	364719251.0	368919321.0	179431.0
1	12.0	89.0	24626.0	-0.0005337541753595525	368903647.0	373111519.0	181537.0
1	12.0	90.0	24528.0	-0.0005316300825639205	373088306.0	377303778.0	183582.0
1	12.0	91.0	24517.0	-0.0005313916639848189	377272860.0	381496019.0	185645.0
1	12.0	92.0	24597.0	-0.0005331256172873757	381457585.0	385688230.0	187738.0
1	12.0	93.0	24448.0	-0.0005298961292613636	385642120.0	389880423.0	189849.0
1	12.0	94.0	24221.0	-0.0005249760367653587	389826979.0	394072657.0	191919.0
1	12.0	95.0	24457.0	-0.0005300911990079013	394011726.0	398264943.0	193937.0
1	12.0	96.0	24598.0	-0.0005331472917036576	398196294.0	402457147.0	196037.0
1	12.0	97.0	24400.0	-0.0005288557572798295	402381064.0	406649490.0	197998.0
1	12.0	98.0	24622.0	-0.0005336674776944247	406565722.0	410841836.0	199956.0
1	12.0	99.0	24309.0	-0.0005268833853981712	410750247.0	415034043.0	202053.0
1	12.0	100.0	24563.0	-0.0005323886871337891	414934707.0	419226271.0	204129.0
2	11.0	1.0	9009807.0	-0.19528230753811923	1230123.0	4192242.0	2062.0
2	11.0	2.0	1003350.0	-0.021747025576504795	4371856.0	8384512.0	4096.0
2	11.0	3.0	62155.0	-0.0013471733440052378	8460296.0	12576755.0	6157.0
2	11.0	4.0	25426.0	-0.0005510937083851207	12640576.0	16769067.0	8149.0
2	11.0	5.0	24612.0	-0.0005334507335316051	16824384.0	20961292.0	10228.0
2	11.0	6.0	24697.0	-0.0005352930589155717	21008183.0	25153486.0	12338.0
2	11.0	7.0	24931.0	-0.0005403648723255504	25192111.0	29345727.0	14401.0
2	11.0	8.0	25063.0	-0.0005432258952747692	29375971.0	33537960.0	16472.0
2	11.0	9.0	24665.0	-0.0005345994775945491	33559661.0	37730257.0	18479.0
2	11.0	10.0	24809.0	-0.0005377205935391513	37743553.0	41922429.0	20611.0
2	11.0	11.0	24827.0	-0.0005381107330322266	41927521.0	46114735.0	22609.0
2	11.0	12.0	24871.0	-0.0005390644073486328	46111555.0	50306982.0	24666.0
2	11.0	13.0	24602.0	-0.0005332339893687855	50295468.0	54499198.0	26754.0
2	11.0	14.0	24492.0	-0.0005308498035777699	54479361.0	58691429.0	28827.0
2	11.0	15.0	24672.0	-0.0005347511985085227	58663286.0	62883699.0	30861.0
2	11.0	16.0	24333.0	-0.0005274035713889382	62847051.0	67076009.0	32855.0
2	11.0	17.0	24834.0	-0.0005382624539462003	67030727.0	71268228.0	34940.0
2	11.0	18.0	24574.0	-0.0005326271057128906	71214445.0	75460440.0	37032.0
2	11.0	19.0	24564.0	-0.000532410361550071	75398547.0	79652723.0	39053.0
2	11.0	20.0	24431.0	-0.0005295276641845703	79582403.0	83844980.0	41100.0
2	11.0	21.0	25076.0	-0.0005435076626864346	83766188.0	88037235.0	43149.0
2	11.0	22.0	24928.0	-0.0005402998490767045	87949952.0	92229422.0	45266.0
2	11.0	23.0	24954.0	-0.0005408633839000355	92133930.0	96421684.0	47308.0
2	11.0	24.0	24906.0	-0.0005398230119185014	96317800.0	100614074.0	49222.0
2	11.0	25.0	24534.0	-0.0005317601290616122	100501511.0	104806345.0	51255.0
2	11.0	26.0	24593.0	-0.0005330389196222478	104685415.0	108998663.0	53241.0
2	11.0	27.0	24652.0	-0.0005343177101828835	108869181.0	113190912.0	55296.0
2	11.0	28.0	24795.0	-0.0005374171517112038	113053242.0	117383183.0	57329.0
2	11.0	29.0	24475.0	-0.0005304813385009766	117237184.0	121575453.0	59363.0
2	11.0	30.0	24737.0	-0.0005361600355668502	121421145.0	125767746.0	61374.0
2	11.0	31.0	24395.0	-0.0005287473851984197	125605047.0	129959946.0	63478.0
2	11.0	32.0	24698.0	-0.0005353147333318537	129789056.0	134152202.0	65526.0
2	11.0	33.0	24556.0	-0.0005322369662198154	133973024.0	138344484.0	67548.0
2	11.0	34.0	24643.0	-0.0005341226404363459	138156868.0	142536742.0	69594.0
2	11.0	35.0	24734.0	-0.0005360950123180043	142340726.0	146729033.0	71607.0
2	11.0	36.0	24598.0	-0.0005331472917036576	146524496.0	150921267.0	73677.0
2	11.0	37.0	24430.0	-0.0005295059897682884	150708368.0	155113571.0	75677.0
2	11.0	38.0	24599.0	-0.0005331689661199397	154892152.0	159305816.0	77736.0
2	11.0	39.0	24804.0	-0.0005376122214577415	159075861.0	163498072.0	79784.0
2	11.0	40.0	24669.0	-0.0005346861752596768	163260085.0	167690333.0	81827.0
2	11.0	41.0	24631.0	-0.0005338625474409623	167443918.0	171882578.0	83886.0
2	11.0	42.0	24865.0	-0.0005389343608509411	171627720.0	176074805.0	85963.0
2	11.0	43.0	24681.0	-0.0005349462682550603	175811625.0	180267089.0	87983.0
2	11.0	44.0	24577.0	-0.0005326921289617366	179995625.0	184459371.0	90005.0
2	11.0	45.0	24767.0	-0.0005368102680553089	184179567.0	188651675.0	92005.0
2	11.0	46.0	24702.0	-0.0005354014309969815	188363246.0	192843935.0	94049.0
2	11.0	47.0	24913.0	-0.0005399747328324752	192547108.0	197036184.0	96104.0
2	11.0	48.0	24867.0	-0.0005389777096835049	196730688.0	201228381.0	98211.0
2	11.0	49.0	24827.0	-0.0005381107330322266	200914392.0	205420642.0	100254.0
2	11.0	50.0	24317.0	-0.0005270567807284268	205098370.0	209612832.0	102368.0
2	11.0	51.0	24419.0	-0.0005292675711891868	209282341.0	213805136.0	104368.0
2	11.0	52.0	24741.0	-0.0005362467332319779	213466282.0	217997422.0	106386.0
2	11.0	53.0	24548.0	-0.0005320635708895596	217650154.0	222189681.0	108431.0
2	11.0	54.0	24465.0	-0.0005302645943381569	221834101.0	226381928.0	110488.0
2	11.0	55.0	24757.0	-0.0005365935238924893	226017997.0	230574201.0	112519.0
2	11.0	56.0	24606.0	-0.0005333206870339134	230201760.0	234766453.0	114571.0
2	11.0	57.0	24984.0	-0.0005415136163884944	234385516.0	238958705.0	116623.0
2	11.0	58.0	24623.0	-0.0005336891521107067	238569294.0	243150933.0	118699.0
2	11.0	59.0	24612.0	-0.0005334507335316051	242753116.0	247343172.0	120764.0
2	11.0	60.0	24695.0	-0.0005352497100830078	246936707.0	251535302.0	122938.0
2	11.0	61.0	24277.0	-0.0005261898040771484	251120451.0	255727516.0	125028.0
2	11.0	62.0	24598.0	-0.0005331472917036576	255304304.0	259919716.0	127132.0
2	11.0	63.0	24484.0	-0.0005306764082475142	259488234.0	264112006.0	129146.0
2	11.0	64.0	24494.0	-0.0005308931524103338	263672296.0	268304261.0	131195.0
2	11.0	65.0	24886.0	-0.0005393895235928622	267855993.0	272496492.0	133268.0
2	11.0	66.0	24631.0	-0.0005338625474409623	272039819.0	276688776.0	135288.0
2	11.0	67.0	24579.0	-0.0005327354777943004	276223853.0	280881013.0	137355.0
2	11.0	68.0	24561.0	-0.0005323453383012252	280407660.0	285073260.0	139412.0
2	11.0	69.0	24575.0	-0.0005326487801291726	284591531.0	289265558.0	141418.0
2	11.0	70.0	24683.0	-0.0005349896170876243	288775577.0	293457855.0	143425.0
2	11.0	71.0	24471.0	-0.0005303946408358487	292959361.0	297650165.0	145419.0
2	11.0	72.0	24655.0	-0.0005343827334317294	297143350.0	301842418.0	147470.0
2	11.0	73.0	24803.0	-0.0005375905470414596	301327245.0	306034680.0	149512.0
2	11.0	74.0	24662.0	-0.0005345344543457031	305511075.0	310226884.0	151612.0
2	11.0	75.0	25034.0	-0.0005425973372025924	309695080.0	314419136.0	153664.0
2	11.0	76.0	24639.0	-0.0005340359427712181	313878848.0	318611424.0	155680.0
2	11.0	77.0	24708.0	-0.0005355314774946733	318062621.0	322803646.0	157762.0
2	11.0	78.0	24487.0	-0.0005307414314963601	322246558.0	326995877.0	159835.0
2	11.0	79.0	24723.0	-0.0005358565937389027	326430395.0	331188158.0	161858.0
2	11.0	80.0	24314.0	-0.000526991757479581	330614480.0	335380478.0	163842.0
2	11.0	81.0	24797.0	-0.0005374605005437678	334798304.0	339572723.0	165901.0
2	11.0	82.0	24406.0	-0.0005289858037775213	338982257.0	343765005.0	167923.0
2	11.0	83.0	24869.0	-0.0005390210585160689	343166245.0	347957324.0	169908.0
2	11.0	84.0	24534.0	-0.0005317601290616122	347350009.0	352149558.0	171978.0
2	11.0	85.0	24681.0	-0.0005349462682550603	351533992.0	356341743.0	174097.0
2	11.0	86.0	24656.0	-0.0005344044078480114	355717868.0	360534025.0	176119.0
2	11.0	87.0	24853.0	-0.0005386742678555576	359901700.0	364726296.0	178152.0
2	11.0	88.0	24576.0	-0.0005326704545454545	364085516.0	368918645.0	180107.0
2	11.0	89.0	24743.0	-0.0005362900820645419	368269475.0	373110928.0	182128.0
2	11.0	90.0	24558.0	-0.0005322803150523793	372453126.0	377303106.0	184254.0
2	11.0	91.0	24541.0	-0.0005319118499755859	376637169.0	381495411.0	186253.0
2	11.0	92.0	24395.0	-0.0005287473851984197	380821137.0	385687691.0	188277.0
2	11.0	93.0	24637.0	-0.0005339925939386541	385005111.0	389879999.0	190273.0
2	11.0	94.0	24921.0	-0.0005401481281627308	389188793.0	394072236.0	192340.0
2	11.0	95.0	24576.0	-0.0005326704545454545	393372804.0	398264536.0	194344.0
2	11.0	96.0	24806.0	-0.0005376555702903054	397556702.0	402456753.0	196431.0
2	11.0	97.0	24761.0	-0.0005366802215576172	401740558.0	406649067.0	198421.0
2	11.0	98.0	24589.0	-0.0005329522219571201	405924498.0	410841404.0	200388.0
2	11.0	99.0	24720.0	-0.0005357915704900569	410108464.0	415033690.0	202406.0
2	11.0	100.0	24427.0	-0.0005294409665194424	414292331.0	419226029.0	204371.0
3	10.0	1.0	10965508.0	-0.23767098513516513	976125.0	4192255.0	2049.0
3	10.0	2.0	1765842.0	-0.03827359459616921	3703972.0	8384597.0	4011.0
3	10.0	3.0	109537.0	-0.0023741505362770772	7691826.0	12576908.0	6004.0
3	10.0	4.0	27690.0	-0.0006001645868474787	11866239.0	16769208.0	8008.0
3	10.0	5.0	24975.0	-0.0005413185466419567	16048967.0	20961549.0	9971.0
3	10.0	6.0	24927.0	-0.0005402781746604226	20232149.0	25153851.0	11973.0
3	10.0	7.0	24995.0	-0.0005417520349675959	24415177.0	29346108.0	14020.0
3	10.0	8.0	24880.0	-0.0005392594770951705	28598269.0	33538377.0	16055.0
3	10.0	9.0	24791.0	-0.0005373304540460759	32781202.0	37730606.0	18130.0
3	10.0	10.0	24754.0	-0.0005365285006436435	36964240.0	41922829.0	20211.0
3	10.0	11.0	24971.0	-0.0005412318489768288	41147246.0	46115008.0	22336.0
3	10.0	12.0	24999.0	-0.0005418387326327237	45330302.0	50307384.0	24264.0
3	10.0	13.0	24674.0	-0.0005347945473410866	49513348.0	54499629.0	26323.0
3	10.0	14.0	24969.0	-0.0005411885001442649	53696324.0	58691865.0	28391.0
3	10.0	15.0	24648.0	-0.0005342310125177556	57879442.0	62884165.0	30395.0
3	10.0	16.0	25094.0	-0.00054389780217951	62062452.0	67076463.0	32401.0
3	10.0	17.0	25031.0	-0.0005425323139537464	66245412.0	71268717.0	34451.0
3	10.0	18.0	25070.0	-0.0005433776161887429	70428361.0	75460967.0	36505.0
3	10.0	19.0	24963.0	-0.0005410584536465732	74611559.0	79653236.0	38540.0
3	10.0	20.0	24959.0	-0.0005409717559814453	78794646.0	83845518.0	40562.0
3	10.0	21.0	24835.0	-0.0005382841283624822	82977664.0	88037715.0	42669.0
3	10.0	22.0	25097.0	-0.0005439628254283558	87160701.0	92230012.0	44676.0
3	10.0	23.0	24888.0	-0.0005394328724254261	91343637.0	96422228.0	46764.0
3	10.0	24.0	24934.0	-0.0005404298955743963	95526538.0	100614568.0	48728.0
3	10.0	25.0	24957.0	-0.0005409284071488814	99709511.0	104806677.0	50923.0
3	10.0	26.0	25008.0	-0.0005420338023792614	103892649.0	108998907.0	52997.0
3	10.0	27.0	25044.0	-0.0005428140813654119	108075511.0	113191171.0	55037.0
3	10.0	28.0	25038.0	-0.0005426840348677201	112258460.0	117383440.0	57072.0
3	10.0	29.0	25002.0	-0.0005419037558815696	116441297.0	121575634.0	59182.0
3	10.0	30.0	24969.0	-0.0005411885001442649	120624237.0	125767863.0	61257.0
3	10.0	31.0	25127.0	-0.0005446130579168147	124807150.0	129960181.0	63243.0
3	10.0	32.0	24903.0	-0.0005397579886696556	128990364.0	134152488.0	65240.0
3	10.0	33.0	24702.0	-0.0005354014309969815	133173275.0	138344695.0	67337.0
3	10.0	34.0	24989.0	-0.0005416219884699041	137356232.0	142536984.0	69352.0
3	10.0	35.0	24839.0	-0.0005383708260276101	141539148.0	146729220.0	71420.0
3	10.0	36.0	24922.0	-0.0005401698025790128	145722251.0	150921572.0	73372.0
3	10.0	37.0	24883.0	-0.0005393245003440163	149905159.0	155113864.0	75384.0
3	10.0	38.0	24931.0	-0.0005403648723255504	154088033.0	159306088.0	77464.0
3	10.0	39.0	24834.0	-0.0005382624539462003	158270985.0	163498364.0	79492.0
3	10.0	40.0	24764.0	-0.0005367452448064631	162454006.0	167690589.0	81571.0
3	10.0	41.0	24951.0	-0.0005407983606511897	166636939.0	171882892.0	83572.0
3	10.0	42.0	24971.0	-0.0005412318489768288	170819930.0	176075165.0	85603.0
3	10.0	43.0	25024.0	-0.0005423805930397727	175003069.0	180267432.0	87640.0
3	10.0	44.0	24842.0	-0.000538435849276456	179186000.0	184459640.0	89736.0
3	10.0	45.0	25029.0	-0.0005424889651211826	183368869.0	188651833.0	91847.0
3	10.0	46.0	24675.0	-0.0005348162217573686	187551895.0	192844101.0	93883.0
3	10.0	47.0	24684.0	-0.0005350112915039062	191734915.0	197036387.0	95901.0
3	10.0	48.0	24817.0	-0.0005378939888694069	195918050.0	201228637.0	97955.0
3	10.0	49.0	25116.0	-0.0005443746393377131	200100871.0	205420943.0	99953.0
3	10.0	50.0	24885.0	-0.0005393678491765803	204283846.0	209613203.0	101997.0
3	10.0	51.0	24909.0	-0.0005398880351673473	208466982.0	213805413.0	104091.0
3	10.0	52.0	25041.0	-0.0005427490581165661	212649766.0	217997606.0	106202.0
3	10.0	53.0	24816.0	-0.000537872314453125	216832789.0	222189828.0	108284.0
3	10.0	54.0	24680.0	-0.0005349245938387784	221015837.0	226382085.0	110331.0
3	10.0	55.0	24742.0	-0.00053626840764826	225198924.0	230574328.0	112392.0
3	10.0	56.0	24791.0	-0.0005373304540460759	229381871.0	234766559.0	114465.0
3	10.0	57.0	24759.0	-0.0005366368727250533	233564821.0	238958831.0	116497.0
3	10.0	58.0	24911.0	-0.0005399313839999112	237747864.0	243151069.0	118563.0
3	10.0	59.0	24944.0	-0.0005406466397372159	241930881.0	247343341.0	120595.0
3	10.0	60.0	24834.0	-0.0005382624539462003	246113849.0	251535501.0	122739.0
3	10.0	61.0	24930.0	-0.0005403431979092685	250296755.0	255727688.0	124856.0
3	10.0	62.0	24844.0	-0.0005384791981090199	254479660.0	259919933.0	126915.0
3	10.0	63.0	24909.0	-0.0005398880351673473	258662505.0	264112269.0	128883.0
3	10.0	64.0	24804.0	-0.0005376122214577415	262845560.0	268304536.0	130920.0
3	10.0	65.0	24850.0	-0.0005386092446067116	267028493.0	272496751.0	133009.0
3	10.0	66.0	24746.0	-0.0005363551053133878	271211355.0	276688949.0	135115.0
3	10.0	67.0	24758.0	-0.0005366151983087713	275394388.0	280881198.0	137170.0
3	10.0	68.0	24995.0	-0.0005417520349675959	279577456.0	285073515.0	139157.0
3	10.0	69.0	24773.0	-0.0005369403145530007	283760686.0	289265839.0	141137.0
3	10.0	70.0	24817.0	-0.0005378939888694069	287943763.0	293458113.0	143167.0
3	10.0	71.0	24819.0	-0.0005379373377019709	292126731.0	297650389.0	145195.0
3	10.0	72.0	25221.0	-0.0005466504530473189	296309726.0	301842655.0	147233.0
3	10.0	73.0	25045.0	-0.0005428357557816939	300492817.0	306034994.0	149198.0
3	10.0	74.0	24711.0	-0.0005355965007435192	304675809.0	310227185.0	151311.0
3	10.0	75.0	24872.0	-0.0005390860817649148	308858801.0	314419450.0	153350.0
3	10.0	76.0	24517.0	-0.0005313916639848189	313041959.0	318611656.0	155448.0
3	10.0	77.0	24714.0	-0.000535661523992365	317225041.0	322803888.0	157520.0
3	10.0	78.0	24921.0	-0.0005401481281627308	321407916.0	326996134.0	159578.0
3	10.0	79.0	25078.0	-0.0005435510115189986	325590755.0	331188332.0	161684.0
3	10.0	80.0	24855.0	-0.0005387176166881214	329773605.0	335380517.0	163803.0
3	10.0	81.0	24760.0	-0.0005366585471413352	333956673.0	339572881.0	165743.0
3	10.0	82.0	24801.0	-0.0005375471982088956	338139832.0	343765195.0	167733.0
3	10.0	83.0	24910.0	-0.0005399097095836293	342322655.0	347957497.0	169735.0
3	10.0	84.0	24857.0	-0.0005387609655206853	346505555.0	352149830.0	171706.0
3	10.0	85.0	24616.0	-0.000533537431196733	350688625.0	356342109.0	173731.0
3	10.0	86.0	25063.0	-0.0005432258952747692	354871662.0	360534361.0	175783.0
3	10.0	87.0	25266.0	-0.0005476258017800071	359054452.0	364726613.0	177835.0
3	10.0	88.0	25069.0	-0.0005433559417724609	363237487.0	368918823.0	179929.0
3	10.0	89.0	24927.0	-0.0005402781746604226	367420390.0	373111047.0	182009.0
3	10.0	90.0	25011.0	-0.0005420988256281072	371603204.0	377303249.0	184111.0
3	10.0	91.0	24761.0	-0.0005366802215576172	375786148.0	381495487.0	186177.0
3	10.0	92.0	25220.0	-0.0005466287786310369	379969162.0	385687762.0	188206.0
3	10.0	93.0	24878.0	-0.0005392161282626065	384152032.0	389880027.0	190245.0
3	10.0	94.0	25144.0	-0.000544981522993608	388335219.0	394072343.0	192233.0
3	10.0	95.0	24846.0	-0.0005385225469415838	392517988.0	398264543.0	194337.0
3	10.0	96.0	24757.0	-0.0005365935238924893	396701002.0	402456859.0	196325.0
3	10.0	97.0	24822.0	-0.0005380023609508168	400884087.0	406649154.0	198334.0
3	10.0	98.0	25115.0	-0.0005443529649214311	405067173.0	410841473.0	200319.0
3	10.0	99.0	24836.0	-0.0005383058027787642	409250201.0	415033735.0	202361.0
3	10.0	100.0	25008.0	-0.0005420338023792614	413433181.0	419226009.0	204391.0
4	9.0	1.0	13184801.0	-0.2857728654688055	731327.0	4192283.0	2021.0
4	9.0	2.0	3313729.0	-0.07182314179160378	2896752.0	8384530.0	4078.0
4	9.0	3.0	258999.0	-0.005613652142611417	6643265.0	12576793.0	6119.0
4	9.0	4.0	33182.0	-0.0007192004810680043	10797976.0	16769002.0	8214.0
4	9.0	5.0	25740.0	-0.0005578994750976562	14978881.0	20961320.0	10200.0
4	9.0	6.0	24943.0	-0.0005406249653209339	19160955.0	25153569.0	12255.0
4	9.0	7.0	24908.0	-0.0005398663607510654	23342889.0	29345812.0	14316.0
4	9.0	8.0	25529.0	-0.0005533261732621627	27524652.0	33538073.0	16359.0
4	9.0	9.0	25229.0	-0.0005468238483775746	31706394.0	37730270.0	18466.0
4	9.0	10.0	25366.0	-0.0005497932434082031	35888006.0	41922544.0	20496.0
4	9.0	11.0	25074.0	-0.0005434643138538707	40069943.0	46114846.0	22498.0
4	9.0	12.0	25256.0	-0.0005474090576171875	44251842.0	50307015.0	24633.0
4	9.0	13.0	25221.0	-0.0005466504530473189	48433819.0	54499331.0	26621.0
4	9.0	14.0	25052.0	-0.0005429874766956676	52615731.0	58691634.0	28622.0
4	9.0	15.0	25397.0	-0.0005504651503129439	56797353.0	62883875.0	30685.0
4	9.0	16.0	25202.0	-0.0005462386391379616	60979121.0	67076098.0	32766.0
4	9.0	17.0	24901.0	-0.0005397146398370916	65161139.0	71268432.0	34736.0
4	9.0	18.0	25211.0	-0.0005464337088844993	69343003.0	75460674.0	36798.0
4	9.0	19.0	25225.0	-0.0005467371507124467	73524994.0	79652948.0	38828.0
4	9.0	20.0	25473.0	-0.0005521124059503728	77706804.0	83845228.0	40852.0
4	9.0	21.0	25106.0	-0.0005441578951748935	81888748.0	88037471.0	42913.0
4	9.0	22.0	25245.0	-0.0005471706390380859	86070751.0	92229802.0	44886.0
4	9.0	23.0	25164.0	-0.0005454150113192471	90252924.0	96422059.0	46933.0
4	9.0	24.0	24881.0	-0.0005392811515114524	94434865.0	100614306.0	48990.0
4	9.0	25.0	24847.0	-0.0005385442213578658	98616906.0	104806642.0	50958.0
4	9.0	26.0	25235.0	-0.0005469538948752663	102798681.0	108998921.0	52983.0
4	9.0	27.0	25173.0	-0.0005456100810657848	106980505.0	113191168.0	55040.0
4	9.0	28.0	25138.0	-0.0005448514764959162	111162472.0	117383384.0	57128.0
4	9.0	29.0	25197.0	-0.0005461302670565518	115344570.0	121575717.0	59099.0
4	9.0	30.0	25187.0	-0.0005459135228937322	119526602.0	125768053.0	61067.0
4	9.0	31.0	25301.0	-0.0005483844063498757	123708420.0	129960355.0	63069.0
4	9.0	32.0	24870.0	-0.0005390427329323509	127890315.0	134152614.0	65114.0
4	9.0	33.0	25129.0	-0.0005446564067493786	132072288.0	138344802.0	67230.0
4	9.0	34.0	25192.0	-0.000546021894975142	136254334.0	142537131.0	69205.0
4	9.0	35.0	25120.0	-0.0005444613370028409	140436296.0	146729322.0	71318.0
4	9.0	36.0	24995.0	-0.0005417520349675959	144618265.0	150921605.0	73339.0
4	9.0	37.0	25143.0	-0.0005449598485773259	148800057.0	155113777.0	75471.0
4	9.0	38.0	25182.0	-0.0005458051508123225	152982085.0	159306077.0	77475.0
4	9.0	39.0	25336.0	-0.0005491430109197444	157164131.0	163498355.0	79501.0
4	9.0	40.0	25044.0	-0.0005428140813654119	161346128.0	167690586.0	81574.0
4	9.0	41.0	25182.0	-0.0005458051508123225	165527945.0	171882841.0	83623.0
4	9.0	42.0	25027.0	-0.0005424456162886186	169709929.0	176075062.0	85706.0
4	9.0	43.0	25014.0	-0.0005421638488769531	173891857.0	180267326.0	87746.0
4	9.0	44.0	25170.0	-0.0005455450578169389	178073673.0	184459544.0	89832.0
4	9.0	45.0	25063.0	-0.0005432258952747692	182255608.0	188651763.0	91917.0
4	9.0	46.0	25001.0	-0.0005418820814652877	186437718.0	192844033.0	93951.0
4	9.0	47.0	25261.0	-0.0005475174296985973	190619524.0	197036265.0	96023.0
4	9.0	48.0	24795.0	-0.0005374171517112038	194801548.0	201228618.0	97974.0
4	9.0	49.0	25387.0	-0.0005502484061501243	198983603.0	205420900.0	99996.0
4	9.0	50.0	25119.0	-0.0005444396625865589	203165475.0	209613167.0	102033.0
4	9.0	51.0	25289.0	-0.0005481243133544922	207347344.0	213805389.0	104115.0
4	9.0	52.0	25133.0	-0.0005447431044145064	211529304.0	217997697.0	106111.0
4	9.0	53.0	24901.0	-0.0005397146398370916	215711425.0	222189904.0	108208.0
4	9.0	54.0	25050.0	-0.0005429441278631037	219893387.0	226382203.0	110213.0
4	9.0	55.0	24979.0	-0.0005414052443070846	224075440.0	230574482.0	112238.0
4	9.0	56.0	25363.0	-0.0005497282201593572	228257210.0	234766642.0	114382.0
4	9.0	57.0	25166.0	-0.0005454583601518111	232439209.0	238958898.0	116430.0
4	9.0	58.0	25149.0	-0.0005450898950750178	236621136.0	243151088.0	118544.0
4	9.0	59.0	25278.0	-0.0005478858947753906	240803140.0	247343366.0	120570.0
4	9.0	60.0	24875.0	-0.0005391511050137607	244984910.0	251535646.0	122594.0
4	9.0	61.0	25134.0	-0.0005447647788307884	249167061.0	255727974.0	124570.0
4	9.0	62.0	25364.0	-0.0005497498945756392	253348979.0	259920278.0	126570.0
4	9.0	63.0	25229.0	-0.0005468238483775746	257531129.0	264112600.0	128552.0
4	9.0	64.0	25101.0	-0.0005440495230934837	261712912.0	268304829.0	130627.0
4	9.0	65.0	25036.0	-0.0005426406860351562	265894752.0	272497142.0	132618.0
4	9.0	66.0	25163.0	-0.0005453933369029652	270076458.0	276689431.0	134633.0
4	9.0	67.0	25229.0	-0.0005468238483775746	274258450.0	280881682.0	136686.0
4	9.0	68.0	24975.0	-0.0005413185466419567	278440573.0	285074060.0	138612.0
4	9.0	69.0	25339.0	-0.0005492080341685902	282622670.0	289266314.0	140662.0
4	9.0	70.0	25065.0	-0.0005432692441073331	286804601.0	293458504.0	142776.0
4	9.0	71.0	25015.0	-0.0005421855232932351	290986547.0	297650768.0	144816.0
4	9.0	72.0	24985.0	-0.0005415352908047763	295168527.0	301843037.0	146851.0
4	9.0	73.0	25175.0	-0.0005456534298983487	299350623.0	306035308.0	148884.0
4	9.0	74.0	25314.0	-0.0005486661737615412	303532445.0	310227572.0	150924.0
4	9.0	75.0	25014.0	-0.0005421638488769531	307714297.0	314419846.0	152954.0
4	9.0	76.0	25129.0	-0.0005446564067493786	311896347.0	318612134.0	154970.0
4	9.0	77.0	24921.0	-0.0005401481281627308	316078106.0	322804351.0	157057.0
4	9.0	78.0	25095.0	-0.0005439194765957919	320259914.0	326996585.0	159127.0
4	9.0	79.0	25260.0	-0.0005474957552823154	324441797.0	331188839.0	161177.0
4	9.0	80.0	25100.0	-0.0005440278486772017	328623935.0	335381186.0	163134.0
4	9.0	81.0	25303.0	-0.0005484277551824397	332805790.0	339573454.0	165170.0
4	9.0	82.0	25066.0	-0.000543290918523615	336987611.0	343765699.0	167229.0
4	9.0	83.0	24801.0	-0.0005375471982088956	341169466.0	347957956.0	169276.0
4	9.0	84.0	25234.0	-0.0005469322204589844	345351464.0	352150204.0	171332.0
4	9.0	85.0	25261.0	-0.0005475174296985973	349533455.0	356342441.0	173399.0
4	9.0	86.0	25279.0	-0.0005479075691916726	353715412.0	360534688.0	175456.0
4	9.0	87.0	25262.0	-0.0005475391041148793	357897194.0	364726916.0	177532.0
4	9.0	88.0	25291.0	-0.0005481676621870561	362079151.0	368919223.0	179529.0
4	9.0	89.0	25030.0	-0.0005425106395374645	366261214.0	373111513.0	181543.0
4	9.0	90.0	25048.0	-0.0005429007790305398	370443180.0	377303781.0	183579.0
4	9.0	91.0	25414.0	-0.0005508336153897372	374624981.0	381496012.0	185652.0
4	9.0	92.0	25317.0	-0.0005487311970103871	378806680.0	385688256.0	187712.0
4	9.0	93.0	25046.0	-0.0005428574301979759	382988756.0	389880471.0	189801.0
4	9.0	94.0	24934.0	-0.0005404298955743963	387170651.0	394072691.0	191885.0
4	9.0	95.0	24887.0	-0.0005394111980091442	391352484.0	398264892.0	193988.0
4	9.0	96.0	25504.0	-0.0005527843128551136	395534426.0	402457197.0	195987.0
4	9.0	97.0	25265.0	-0.0005476041273637252	399716165.0	406649425.0	198063.0
4	9.0	98.0	25049.0	-0.0005429224534468217	403898168.0	410841836.0	199956.0
4	9.0	99.0	25205.0	-0.0005463036623868076	408080169.0	415034090.0	202006.0
4	9.0	100.0	25240.0	-0.0005470622669566761	412261860.0	419226294.0	204106.0
5	8.299999999999999	1.0	14914714.0	-0.32326771996238013	566057.0	4192283.0	2021.0
5	8.299999999999999	2.0	5252052.0	-0.11383516138250177	2252119.0	8384525.0	4083.0
5	8.299999999999999	3.0	596667.0	-0.012932408939708363	5637487.0	12576706.0	6206.0
5	8.299999999999999	4.0	50066.0	-0.0010851513255726206	9743052.0	16769060.0	8156.0
5	8.299999999999999	5.0	25946.0	-0.00056236440485174	13920985.0	20961291.0	10229.0
5	8.299999999999999	6.0	25416.0	-0.0005508769642223011	18101690.0	25153497.0	12327.0
5	8.299999999999999	7.0	25444.0	-0.000551483847878196	22282509.0	29345728.0	14400.0
5	8.299999999999999	8.0	25569.0	-0.0005541931499134411	26463421.0	33538010.0	16422.0
5	8.299999999999999	9.0	25608.0	-0.0005550384521484375	30644507.0	37730250.0	18486.0
5	8.299999999999999	10.0	25496.0	-0.000552610917524858	34825505.0	41922483.0	20557.0
5	8.299999999999999	11.0	25282.0	-0.0005479725924405185	39006424.0	46114754.0	22590.0
5	8.299999999999999	12.0	25434.0	-0.0005512671037153764	43187842.0	50307104.0	24544.0
5	8.299999999999999	13.0	25340.0	-0.0005492297085848721	47368788.0	54499371.0	26581.0
5	8.299999999999999	14.0	25101.0	-0.0005440495230934837	51550121.0	58691671.0	28585.0
5	8.299999999999999	15.0	25291.0	-0.0005481676621870561	55731246.0	62883934.0	30626.0
5	8.299999999999999	16.0	25138.0	-0.0005448514764959162	59912215.0	67076221.0	32643.0
5	8.299999999999999	17.0	25452.0	-0.0005516572432084517	64093228.0	71268509.0	34659.0
5	8.299999999999999	18.0	25437.0	-0.0005513321269642223	68274111.0	75460804.0	36668.0
5	8.299999999999999	19.0	25588.0	-0.0005546049638227983	72455121.0	79653072.0	38704.0
5	8.299999999999999	20.0	25329.0	-0.0005489912900057706	76635970.0	83845312.0	40768.0
5	8.299999999999999	21.0	25324.0	-0.0005488829179243608	80816822.0	88037555.0	42829.0
5	8.299999999999999	22.0	25594.0	-0.00055473501032049	84997729.0	92229882.0	44806.0
5	8.299999999999999	23.0	25605.0	-0.0005549734288995916	89178756.0	96422210.0	46782.0
5	8.299999999999999	24.0	25610.0	-0.0005550818009810014	93359712.0	100614464.0	48832.0
5	8.299999999999999	25.0	25613.0	-0.0005551468242298473	97540732.0	104806799.0	50801.0
5	8.299999999999999	26.0	25492.0	-0.0005525242198597301	101721596.0	108999030.0	52874.0
5	8.299999999999999	27.0	25434.0	-0.0005512671037153764	105902509.0	113191356.0	54852.0
5	8.299999999999999	28.0	25579.0	-0.0005544098940762607	110083475.0	117383680.0	56832.0
5	8.299999999999999	29.0	25275.0	-0.0005478208715265447	114264478.0	121575927.0	58889.0
5	8.299999999999999	30.0	25655.0	-0.0005560571497136897	118445341.0	125768162.0	60958.0
5	8.299999999999999	31.0	25556.0	-0.0005539113825017756	122626230.0	129960398.0	63026.0
5	8.299999999999999	32.0	25420.0	-0.000550963661887429	126807057.0	134152630.0	65098.0
5	8.299999999999999	33.0	25243.0	-0.0005471272902055221	130988018.0	138344866.0	67166.0
5	8.299999999999999	34.0	25421.0	-0.0005509853363037109	135168794.0	142537095.0	69241.0
5	8.299999999999999	35.0	25392.0	-0.0005503567782315341	139349958.0	146729392.0	71248.0
5	8.299999999999999	36.0	25134.0	-0.0005447647788307884	143531011.0	150921597.0	73347.0
5	8.299999999999999	37.0	25328.0	-0.0005489696155894886	147712041.0	155113831.0	75417.0
5	8.299999999999999	38.0	25475.0	-0.0005521557547829368	151892807.0	159306044.0	77508.0
5	8.299999999999999	39.0	25321.0	-0.0005488178946755149	156073758.0	163498307.0	79549.0
5	8.299999999999999	40.0	25390.0	-0.0005503134293989701	160254540.0	167690492.0	81668.0
5	8.299999999999999	41.0	25094.0	-0.00054389780217951	164435431.0	171882724.0	83740.0
5	8.299999999999999	42.0	25201.0	-0.0005462169647216797	168616639.0	176074977.0	85791.0
5	8.299999999999999	43.0	25603.0	-0.0005549300800670277	172797549.0	180267214.0	87858.0
5	8.299999999999999	44.0	25456.0	-0.0005517439408735795	176978656.0	184459483.0	89893.0
5	8.299999999999999	45.0	25242.0	-0.00054710561578924	181159463.0	188651673.0	92007.0
5	8.299999999999999	46.0	25353.0	-0.0005495114759965377	185340377.0	192843959.0	94025.0
5	8.299999999999999	47.0	25105.0	-0.0005441362207586116	189521392.0	197036271.0	96017.0
5	8.299999999999999	48.0	25295.0	-0.0005482543598521839	193702400.0	201228472.0	98120.0
5	8.299999999999999	49.0	25443.0	-0.0005514621734619141	197883584.0	205420697.0	100199.0
5	8.299999999999999	50.0	25602.0	-0.0005549084056507457	202064588.0	209612979.0	102221.0
5	8.299999999999999	51.0	25438.0	-0.0005513538013805043	206245468.0	213805197.0	104307.0
5	8.299999999999999	52.0	25241.0	-0.0005470839413729581	210426205.0	217997359.0	106449.0
5	8.299999999999999	53.0	25546.0	-0.000553694638338956	214607162.0	222189624.0	108488.0
5	8.299999999999999	54.0	25467.0	-0.0005519823594526811	218788070.0	226381853.0	110563.0
5	8.299999999999999	55.0	25220.0	-0.0005466287786310369	222969234.0	230574194.0	112526.0
5	8.299999999999999	56.0	25384.0	-0.0005501833829012784	227150268.0	234766439.0	114585.0
5	8.299999999999999	57.0	25865.0	-0.0005606087771329013	231331126.0	238958679.0	116649.0
5	8.299999999999999	58.0	25339.0	-0.0005492080341685902	235512215.0	243150969.0	118663.0
5	8.299999999999999	59.0	25144.0	-0.000544981522993608	239693231.0	247343193.0	120743.0
5	8.299999999999999	60.0	25250.0	-0.0005472790111194957	243874399.0	251535511.0	122729.0
5	8.299999999999999	61.0	25203.0	-0.0005462603135542436	248055229.0	255727746.0	124798.0
5	8.299999999999999	62.0	25452.0	-0.0005516572432084517	252236350.0	259920025.0	126823.0
5	8.299999999999999	63.0	25290.0	-0.0005481459877707741	256417598.0	264112347.0	128805.0
5	8.299999999999999	64.0	25313.0	-0.0005486444993452592	260598645.0	268304603.0	130853.0
5	8.299999999999999	65.0	25769.0	-0.0005585280331698331	264779766.0	272496832.0	132928.0
5	8.299999999999999	66.0	25621.0	-0.0005553202195601029	268960728.0	276689149.0	134915.0
5	8.299999999999999	67.0	25194.0	-0.000546065243807706	273141714.0	280881394.0	136974.0
5	8.299999999999999	68.0	25207.0	-0.0005463470112193714	277322611.0	285073659.0	139013.0
5	8.299999999999999	69.0	25501.0	-0.0005527192896062678	281503744.0	289265887.0	141089.0
5	8.299999999999999	70.0	25357.0	-0.0005495981736616654	285684821.0	293458131.0	143149.0
5	8.299999999999999	71.0	25431.0	-0.0005512020804665306	289865826.0	297650410.0	145174.0
5	8.299999999999999	72.0	25391.0	-0.0005503351038152522	294046815.0	301842755.0	147133.0
5	8.299999999999999	73.0	25382.0	-0.0005501400340687145	298227976.0	306034956.0	149236.0
5	8.299999999999999	74.0	25407.0	-0.0005506818944757634	302409063.0	310227215.0	151281.0
5	8.299999999999999	75.0	25478.0	-0.0005522207780317826	306589863.0	314419411.0	153389.0
5	8.299999999999999	76.0	25091.0	-0.0005438327789306641	310771023.0	318611603.0	155501.0
5	8.299999999999999	77.0	25475.0	-0.0005521557547829368	314952015.0	322803896.0	157512.0
5	8.299999999999999	78.0	25707.0	-0.0005571842193603516	319132833.0	326996111.0	159601.0
5	8.299999999999999	79.0	25326.0	-0.0005489262667569247	323313844.0	331188304.0	161712.0
5	8.299999999999999	80.0	25376.0	-0.0005500099875710227	327494704.0	335380575.0	163745.0
5	8.299999999999999	81.0	25247.0	-0.0005472139878706498	331675605.0	339572857.0	165767.0
5	8.299999999999999	82.0	25552.0	-0.0005538246848366477	335856570.0	343765145.0	167783.0
5	8.299999999999999	83.0	25537.0	-0.0005534995685924183	340037347.0	347957417.0	169815.0
5	8.299999999999999	84.0	25472.0	-0.0005520907315340909	344218404.0	352149687.0	171849.0
5	8.299999999999999	85.0	25183.0	-0.0005458268252286044	348399366.0	356341875.0	173965.0
5	8.299999999999999	86.0	25743.0	-0.0005579644983465022	352580285.0	360534159.0	175985.0
5	8.299999999999999	87.0	25389.0	-0.0005502917549826882	356761403.0	364726389.0	178059.0
5	8.299999999999999	88.0	25146.0	-0.0005450248718261719	360942571.0	368918681.0	180071.0
5	8.299999999999999	89.0	25401.0	-0.0005505518479780717	365123532.0	373110945.0	182111.0
5	8.299999999999999	90.0	25485.0	-0.0005523724989457564	369304520.0	377303160.0	184200.0
5	8.299999999999999	91.0	25182.0	-0.0005458051508123225	373485377.0	381495386.0	186278.0
5	8.299999999999999	92.0	25201.0	-0.0005462169647216797	377666323.0	385687621.0	188347.0
5	8.299999999999999	93.0	25190.0	-0.0005459785461425781	381847528.0	389879853.0	190419.0
5	8.299999999999999	94.0	25150.0	-0.0005451115694912997	386028443.0	394072053.0	192523.0
5	8.299999999999999	95.0	24941.0	-0.0005405816164883701	390209428.0	398264319.0	194561.0
5	8.299999999999999	96.0	25284.0	-0.0005480159412730824	394390469.0	402456540.0	196644.0
5	8.299999999999999	97.0	25011.0	-0.0005420988256281072	398571494.0	406648782.0	198706.0
5	8.299999999999999	98.0	25306.0	-0.0005484927784312855	402752552.0	410840980.0	200812.0
5	8.299999999999999	99.0	25425.0	-0.0005510720339688388	406933490.0	415033199.0	202897.0
5	8.299999999999999	100.0	25515.0	-0.0005530227314342152	411114359.0	419225434.0	204966.0
6	8.16	1.0	15239184.0	-0.33030041781338776	535947.0	4192294.0	2010.0
6	8.16	2.0	5717580.0	-0.12392520904541016	2125543.0	8384531.0	4077.0
6	8.16	3.0	710339.0	-0.015396183187311346	5414389.0	12576821.0	6091.0
6	8.16	4.0	56748.0	-0.001229979775168679	9502830.0	16769055.0	8161.0
6	8.16	5.0	26477.0	-0.0005738735198974609	13679679.0	20961295.0	10225.0
6	8.16	6.0	25524.0	-0.0005532178011807529	17860101.0	25153439.0	12385.0
6	8.16	7.0	25396.0	-0.0005504434758966619	22041068.0	29345674.0	14454.0
6	8.16	8.0	25236.0	-0.0005469755692915483	26221841.0	33537976.0	16456.0
6	8.16	9.0	25419.0	-0.0005509419874711471	30402619.0	37730266.0	18470.0
6	8.16	10.0	25412.0	-0.0005507902665571733	34583271.0	41922456.0	20584.0
6	8.16	11.0	25151.0	-0.0005451332439075817	38764222.0	46114768.0	22576.0
6	8.16	12.0	25440.0	-0.0005513971502130681	42944956.0	50306952.0	24696.0
6	8.16	13.0	25551.0	-0.0005538030104203658	47125727.0	54499194.0	26758.0
6	8.16	14.0	25474.0	-0.0005521340803666549	51306849.0	58691458.0	28798.0
6	8.16	15.0	25256.0	-0.0005474090576171875	55487766.0	62883801.0	30759.0
6	8.16	16.0	25357.0	-0.0005495981736616654	59668749.0	67076160.0	32704.0
6	8.16	17.0	25392.0	-0.0005503567782315341	63849454.0	71268374.0	34794.0
6	8.16	18.0	25792.0	-0.0005590265447443181	68030067.0	75460672.0	36800.0
6	8.16	19.0	25421.0	-0.0005509853363037109	72210728.0	79652935.0	38841.0
6	8.16	20.0	25647.0	-0.0005558837543834339	76391418.0	83845194.0	40886.0
6	8.16	21.0	25297.0	-0.0005482977086847478	80572286.0	88037515.0	42869.0
6	8.16	22.0	25637.0	-0.0005556670102206143	84752953.0	92229773.0	44915.0
6	8.16	23.0	25488.0	-0.0005524375221946023	88933711.0	96422029.0	46963.0
6	8.16	24.0	25481.0	-0.0005522858012806286	93114475.0	100614195.0	49101.0
6	8.16	25.0	25268.0	-0.000547669150612571	97295293.0	104806425.0	51175.0
6	8.16	26.0	25693.0	-0.0005568807775324041	101476117.0	108998662.0	53242.0
6	8.16	27.0	25551.0	-0.0005538030104203658	105656969.0	113190968.0	55240.0
6	8.16	28.0	25381.0	-0.0005501183596524326	109837825.0	117383282.0	57230.0
6	8.16	29.0	25641.0	-0.0005557537078857422	114018646.0	121575563.0	59253.0
6	8.16	30.0	25716.0	-0.0005573792891068892	118199291.0	125767833.0	61287.0
6	8.16	31.0	25415.0	-0.0005508552898060192	122379892.0	129960085.0	63339.0
6	8.16	32.0	25601.0	-0.0005548867312344638	126560701.0	134152361.0	65367.0
6	8.16	33.0	25494.0	-0.000552567568692294	130741631.0	138344584.0	67448.0
6	8.16	34.0	25302.0	-0.0005484060807661576	134922199.0	142536821.0	69515.0
6	8.16	35.0	25213.0	-0.0005464770577170632	139103092.0	146729182.0	71458.0
6	8.16	36.0	25538.0	-0.0005535212430087003	143283821.0	150921464.0	73480.0
6	8.16	37.0	25456.0	-0.0005517439408735795	147464732.0	155113781.0	75467.0
6	8.16	38.0	25578.0	-0.0005543882196599787	151645384.0	159306056.0	77496.0
6	8.16	39.0	25851.0	-0.0005603053353049538	155826158.0	163498352.0	79504.0
6	8.16	40.0	25331.0	-0.0005490346388383346	160006925.0	167690558.0	81602.0
6	8.16	41.0	25656.0	-0.0005560788241299716	164187521.0	171882791.0	83673.0
6	8.16	42.0	25399.0	-0.0005505084991455078	168368297.0	176075051.0	85717.0
6	8.16	43.0	25546.0	-0.000553694638338956	172549013.0	180267291.0	87781.0
6	8.16	44.0	25736.0	-0.0005578127774325284	176729627.0	184459528.0	89848.0
6	8.16	45.0	25286.0	-0.0005480592901056463	180910337.0	188651703.0	91977.0
6	8.16	46.0	25625.0	-0.0005554069172252308	185091077.0	192843935.0	94049.0
6	8.16	47.0	25476.0	-0.0005521774291992188	189271629.0	197036126.0	96162.0
6	8.16	48.0	25635.0	-0.0005556236613880504	193452364.0	201228381.0	98211.0
6	8.16	49.0	25328.0	-0.0005489696155894886	197633421.0	205420639.0	100257.0
6	8.16	50.0	25690.0	-0.0005568157542835582	201813988.0	209612892.0	102308.0
6	8.16	51.0	25474.0	-0.0005521340803666549	205994720.0	213805120.0	104384.0
6	8.16	52.0	25670.0	-0.000556382265957919	210175227.0	217997481.0	106327.0
6	8.16	53.0	25539.0	-0.0005535429174249822	214356035.0	222189795.0	108317.0
6	8.16	54.0	25547.0	-0.0005537163127552379	218537047.0	226382152.0	110264.0
6	8.16	55.0	25502.0	-0.0005527409640225497	222717747.0	230574455.0	112265.0
6	8.16	56.0	25292.0	-0.0005481893366033381	226898613.0	234766715.0	114309.0
6	8.16	57.0	25580.0	-0.0005544315684925426	231079359.0	238958920.0	116408.0
6	8.16	58.0	25423.0	-0.0005510286851362748	235260283.0	243151141.0	118491.0
6	8.16	59.0	25630.0	-0.0005555152893066406	239441166.0	247343486.0	120450.0
6	8.16	60.0	25361.0	-0.0005496848713267933	243621770.0	251535754.0	122486.0
6	8.16	61.0	25393.0	-0.0005503784526478161	247802313.0	255727971.0	124573.0
6	8.16	62.0	25418.0	-0.000550920313054865	251983175.0	259920251.0	126597.0
6	8.16	63.0	25361.0	-0.0005496848713267933	256163857.0	264112376.0	128776.0
6	8.16	64.0	25424.0	-0.0005510503595525569	260344987.0	268304704.0	130752.0
6	8.16	65.0	25609.0	-0.0005550601265647194	264525762.0	272497019.0	132741.0
6	8.16	66.0	25245.0	-0.0005471706390380859	268706638.0	276689258.0	134806.0
6	8.16	67.0	25608.0	-0.0005550384521484375	272887430.0	280881440.0	136928.0
6	8.16	68.0	25444.0	-0.000551483847878196	277068183.0	285073687.0	138985.0
6	8.16	69.0	25177.0	-0.0005456967787309127	281248951.0	289265880.0	141096.0
6	8.16	70.0	25430.0	-0.0005511804060502486	285429670.0	293458176.0	143104.0
6	8.16	71.0	25459.0	-0.0005518089641224254	289610433.0	297650549.0	145035.0
6	8.16	72.0	25433.0	-0.0005512454292990944	293791184.0	301842828.0	147060.0
6	8.16	73.0	25709.0	-0.0005572275681929154	297972082.0	306035120.0	149072.0
6	8.16	74.0	25419.0	-0.0005509419874711471	302152683.0	310227316.0	151180.0
6	8.16	75.0	25456.0	-0.0005517439408735795	306333301.0	314419590.0	153210.0
6	8.16	76.0	25454.0	-0.0005517005920410156	310513991.0	318611853.0	155251.0
6	8.16	77.0	25359.0	-0.0005496415224942294	314694615.0	322804061.0	157347.0
6	8.16	78.0	25521.0	-0.0005531527779319069	318875589.0	326996410.0	159302.0
6	8.16	79.0	25552.0	-0.0005538246848366477	323056292.0	331188618.0	161398.0
6	8.16	80.0	25329.0	-0.0005489912900057706	327236995.0	335380885.0	163435.0
6	8.16	81.0	25584.0	-0.0005545182661576705	331417979.0	339573065.0	165559.0
6	8.16	82.0	25485.0	-0.0005523724989457564	335598731.0	343765405.0	167523.0
6	8.16	83.0	25699.0	-0.0005570108240300959	339779656.0	347957627.0	169605.0
6	8.16	84.0	25325.0	-0.0005489045923406428	343960506.0	352149862.0	171674.0
6	8.16	85.0	25645.0	-0.0005558404055508701	348141354.0	356342181.0	173659.0
6	8.16	86.0	25382.0	-0.0005501400340687145	352322203.0	360534426.0	175718.0
6	8.16	87.0	25275.0	-0.0005478208715265447	356502835.0	364726641.0	177807.0
6	8.16	88.0	25333.0	-0.0005490779876708984	360683961.0	368918865.0	179887.0
6	8.16	89.0	25452.0	-0.0005516572432084517	364864875.0	373111109.0	181947.0
6	8.16	90.0	25375.0	-0.0005499883131547408	369045751.0	377303398.0	183962.0
6	8.16	91.0	25584.0	-0.0005545182661576705	373226602.0	381495669.0	185995.0
6	8.16	92.0	25436.0	-0.0005513104525479404	377407240.0	385687878.0	188090.0
6	8.16	93.0	25542.0	-0.0005536079406738281	381588013.0	389880133.0	190139.0
6	8.16	94.0	25169.0	-0.0005455233834006569	385768761.0	394072341.0	192235.0
6	8.16	95.0	25220.0	-0.0005466287786310369	389949693.0	398264593.0	194287.0
6	8.16	96.0	25450.0	-0.0005516138943758878	394130518.0	402456832.0	196352.0
6	8.16	97.0	25649.0	-0.0005559271032159978	398311109.0	406649014.0	198474.0
6	8.16	98.0	25164.0	-0.0005454150113192471	402491983.0	410841282.0	200510.0
6	8.16	99.0	25592.0	-0.0005546916614879261	406672653.0	415033522.0	202574.0
6	8.16	100.0	25603.0	-0.0005549300800670277	410853465.0	419225806.0	204594.0
7	8.02	1.0	15603554.0	-0.33819792487404565	504179.0	4192282.0	2022.0
7	8.02	2.0	6251580.0	-0.13549934733997693	1992448.0	8384584.0	4024.0
7	8.02	3.0	859639.0	-0.018632173538208008	5168418.0	12576821.0	6091.0
7	8.02	4.0	66126.0	-0.0014332424510609019	9233459.0	16769137.0	8079.0
7	8.02	5.0	26899.0	-0.0005830201235684482	13408728.0	20961414.0	10106.0
7	8.02	6.0	25474.0	-0.0005521340803666549	17589194.0	25153642.0	12182.0
7	8.02	7.0	25518.0	-0.0005530877546830611	21769594.0	29345904.0	14224.0
7	8.02	8.0	25581.0	-0.0005544532429088246	25950175.0	33538118.0	16314.0
7	8.02	9.0	25420.0	-0.000550963661887429	30130785.0	37730454.0	18282.0
7	8.02	10.0	25334.0	-0.0005490996620871804	34311217.0	41922730.0	20310.0
7	8.02	11.0	25477.0	-0.0005521991036155007	38491933.0	46115029.0	22315.0
7	8.02	12.0	25352.0	-0.0005494898015802556	42672465.0	50307165.0	24483.0
7	8.02	13.0	25628.0	-0.0005554719404740767	46852773.0	54499366.0	26586.0
7	8.02	14.0	25510.0	-0.0005529143593528054	51033283.0	58691551.0	28705.0
7	8.02	15.0	25470.0	-0.000552047382701527	55213936.0	62883790.0	30770.0
7	8.02	16.0	25249.0	-0.0005472573367032138	59394663.0	67076061.0	32803.0
7	8.02	17.0	25459.0	-0.0005518089641224254	63575447.0	71268372.0	34796.0
7	8.02	18.0	25592.0	-0.0005546916614879261	67755629.0	75460582.0	36890.0
7	8.02	19.0	25749.0	-0.0005580945448441939	71936211.0	79652835.0	38941.0
7	8.02	20.0	25570.0	-0.000554214824329723	76116608.0	83845057.0	41023.0
7	8.02	21.0	25428.0	-0.0005511370572176846	80297158.0	88037392.0	42992.0
7	8.02	22.0	25473.0	-0.0005521124059503728	84477721.0	92229651.0	45037.0
7	8.02	23.0	25422.0	-0.0005510070107199929	88658251.0	96421840.0	47152.0
7	8.02	24.0	25455.0	-0.0005517222664572976	92839047.0	100614155.0	49141.0
7	8.02	25.0	25476.0	-0.0005521774291992188	97019653.0	104806426.0	51174.0
7	8.02	26.0	25319.0	-0.0005487745458429509	101200318.0	108998744.0	53160.0
7	8.02	27.0	25368.0	-0.000549836592240767	105380991.0	113191048.0	55160.0
7	8.02	28.0	25243.0	-0.0005471272902055221	109561552.0	117383329.0	57183.0
7	8.02	29.0	25654.0	-0.0005560354752974076	113741879.0	121575468.0	59348.0
7	8.02	30.0	25341.0	-0.0005492513830011541	117922461.0	125767677.0	61443.0
7	8.02	31.0	25812.0	-0.0005594600330699574	122102995.0	129959898.0	63526.0
7	8.02	32.0	25482.0	-0.0005523074756969105	126283678.0	134152197.0	65531.0
7	8.02	33.0	25396.0	-0.0005504434758966619	130464168.0	138344458.0	67574.0
7	8.02	34.0	25559.0	-0.0005539764057506214	134644876.0	142536729.0	69607.0
7	8.02	35.0	25413.0	-0.0005508119409734553	138825334.0	146728997.0	71643.0
7	8.02	36.0	25643.0	-0.0005557970567183061	143005900.0	150921292.0	73652.0
7	8.02	37.0	25688.0	-0.0005567724054509944	147186262.0	155113530.0	75718.0
7	8.02	38.0	25346.0	-0.0005493597550825639	151366858.0	159305740.0	77812.0
7	8.02	39.0	25464.0	-0.0005519173362038352	155547265.0	163497949.0	79907.0
7	8.02	40.0	25502.0	-0.0005527409640225497	159727773.0	167690166.0	81994.0
7	8.02	41.0	25554.0	-0.0005538680336692116	163908306.0	171882458.0	84006.0
7	8.02	42.0	25414.0	-0.0005508336153897372	168088822.0	176074711.0	86057.0
7	8.02	43.0	25557.0	-0.0005539330569180576	172269335.0	180266905.0	88167.0
7	8.02	44.0	25755.0	-0.0005582245913418857	176449752.0	184459145.0	90231.0
7	8.02	45.0	25466.0	-0.0005519606850363991	180630564.0	188651420.0	92260.0
7	8.02	46.0	25331.0	-0.0005490346388383346	184811239.0	192843700.0	94284.0
7	8.02	47.0	25431.0	-0.0005512020804665306	188991882.0	197035924.0	96364.0
7	8.02	48.0	25711.0	-0.0005572709170254794	193172684.0	201228197.0	98395.0
7	8.02	49.0	25585.0	-0.0005545399405739524	197353468.0	205420472.0	100424.0
7	8.02	50.0	25065.0	-0.0005432692441073331	201533910.0	209612693.0	102507.0
7	8.02	51.0	25755.0	-0.0005582245913418857	205714223.0	213804976.0	104528.0
7	8.02	52.0	25449.0	-0.0005515922199596058	209894798.0	217997227.0	106581.0
7	8.02	53.0	25568.0	-0.0005541714754971591	214075427.0	222189492.0	108620.0
7	8.02	54.0	25463.0	-0.0005518956617875533	218255957.0	226381684.0	110732.0
7	8.02	55.0	25321.0	-0.0005488178946755149	222436539.0	230573956.0	112764.0
7	8.02	56.0	25635.0	-0.0005556236613880504	226617228.0	234766214.0	114810.0
7	8.02	57.0	25863.0	-0.0005605654283003373	230797790.0	238958437.0	116891.0
7	8.02	58.0	25457.0	-0.0005517656152898616	234978346.0	243150746.0	118886.0
7	8.02	59.0	25652.0	-0.0005559921264648438	239158847.0	247343031.0	120905.0
7	8.02	60.0	25624.0	-0.0005553852428089489	243339459.0	251535356.0	122884.0
7	8.02	61.0	25878.0	-0.0005608905445445668	247519917.0	255727585.0	124959.0
7	8.02	62.0	25325.0	-0.0005489045923406428	251700579.0	259919814.0	127034.0
7	8.02	63.0	25315.0	-0.0005486878481778232	255881045.0	264112033.0	129119.0
7	8.02	64.0	25371.0	-0.0005499016154896129	260061653.0	268304293.0	131163.0
7	8.02	65.0	25276.0	-0.0005478425459428267	264242219.0	272496546.0	133214.0
7	8.02	66.0	25465.0	-0.0005519390106201172	268422758.0	276688752.0	135312.0
7	8.02	67.0	25517.0	-0.0005530660802667791	272603305.0	280880988.0	137380.0
7	8.02	68.0	25439.0	-0.0005513754757967862	276783780.0	285073288.0	139384.0
7	8.02	69.0	25441.0	-0.0005514188246293502	280964266.0	289265548.0	141428.0
7	8.02	70.0	25793.0	-0.0005590482191606002	285144592.0	293457731.0	143549.0
7	8.02	71.0	25396.0	-0.0005504434758966619	289325209.0	297649992.0	145592.0
7	8.02	72.0	25527.0	-0.0005532828244295987	293505877.0	301842236.0	147652.0
7	8.02	73.0	25409.0	-0.0005507252433083274	297686373.0	306034515.0	149677.0
7	8.02	74.0	25481.0	-0.0005522858012806286	301867040.0	310226743.0	151753.0
7	8.02	75.0	25650.0	-0.0005559487776322799	306047551.0	314418939.0	153861.0
7	8.02	76.0	25505.0	-0.0005528059872713956	310228013.0	318611197.0	155907.0
7	8.02	77.0	25541.0	-0.0005535862662575462	314408557.0	322803419.0	157989.0
7	8.02	78.0	25613.0	-0.0005551468242298473	318589184.0	326995649.0	160063.0
7	8.02	79.0	25545.0	-0.0005536729639226741	322769647.0	331187871.0	162145.0
7	8.02	80.0	25672.0	-0.000556425614790483	326950041.0	335380173.0	164147.0
7	8.02	81.0	25200.0	-0.0005461952903053977	331130744.0	339572456.0	166168.0
7	8.02	82.0	25325.0	-0.0005489045923406428	335311399.0	343764747.0	168181.0
7	8.02	83.0	25555.0	-0.0005538897080854936	339492002.0	347957031.0	170201.0
7	8.02	84.0	25498.0	-0.0005526542663574219	343672518.0	352149270.0	172266.0
7	8.02	85.0	25462.0	-0.0005518739873712713	347853005.0	356341548.0	174292.0
7	8.02	86.0	25583.0	-0.0005544965917413884	352033625.0	360533799.0	176345.0
7	8.02	87.0	25549.0	-0.0005537596615878018	356214342.0	364726038.0	178410.0
7	8.02	88.0	25456.0	-0.0005517439408735795	360394821.0	368918316.0	180436.0
7	8.02	89.0	25290.0	-0.0005481459877707741	364575409.0	373110553.0	182503.0
7	8.02	90.0	25282.0	-0.0005479725924405185	368756025.0	377302792.0	184568.0
7	8.02	91.0	25475.0	-0.0005521557547829368	372936664.0	381494985.0	186679.0
7	8.02	92.0	25513.0	-0.0005529793826016513	377117381.0	385687265.0	188703.0
7	8.02	93.0	25227.0	-0.0005467804995450107	381297954.0	389879550.0	190722.0
7	8.02	94.0	25611.0	-0.0005551034753972834	385478361.0	394071725.0	192851.0
7	8.02	95.0	25295.0	-0.0005482543598521839	389659121.0	398264028.0	194852.0
7	8.02	96.0	25608.0	-0.0005550384521484375	393839825.0	402456324.0	196860.0
7	8.02	97.0	25587.0	-0.0005545832894065163	398020222.0	406648560.0	198928.0
7	8.02	98.0	25614.0	-0.0005551684986461293	402200802.0	410840753.0	201039.0
7	8.02	99.0	25779.0	-0.0005587447773326527	406381206.0	415032983.0	203113.0
7	8.02	100.0	25501.0	-0.0005527192896062678	410561794.0	419225263.0	205137.0
8	7.880000000000001	1.0	15976269.0	-0.3462763049385764	472747.0	4192205.0	2099.0
8	7.880000000000001	2.0	6838347.0	-0.14821717955849387	1858487.0	8384422.0	4186.0
8	7.880000000000001	3.0	1054205.0	-0.02284927801652388	4902742.0	12576643.0	6269.0
8	7.880000000000001	4.0	79723.0	-0.0017279494892467153	8935446.0	16768882.0	8334.0
8	7.880000000000001	5.0	27659.0	-0.0005994926799427379	13108521.0	20961045.0	10475.0
8	7.880000000000001	6.0	25599.0	-0.0005548433824018998	17288533.0	25153315.0	12509.0
8	7.880000000000001	7.0	25492.0	-0.0005525242198597301	21468949.0	29345582.0	14546.0
8	7.880000000000001	8.0	25600.0	-0.0005548650568181819	25648997.0	33537826.0	16606.0
8	7.880000000000001	9.0	25713.0	-0.0005573142658580433	29829086.0	37730022.0	18714.0
8	7.880000000000001	10.0	25419.0	-0.0005509419874711471	34009596.0	41922302.0	20738.0
8	7.880000000000001	11.0	25757.0	-0.0005582679401744496	38190019.0	46114591.0	22753.0
8	7.880000000000001	12.0	25682.0	-0.0005566423589533025	42370321.0	50306881.0	24767.0
8	7.880000000000001	13.0	25572.0	-0.0005542581731622869	46550430.0	54499108.0	26844.0
8	7.880000000000001	14.0	25525.0	-0.0005532394755970348	50730773.0	58691403.0	28853.0
8	7.880000000000001	15.0	25707.0	-0.0005571842193603516	54911204.0	62883672.0	30888.0
8	7.880000000000001	16.0	25402.0	-0.0005505735223943537	59091627.0	67075906.0	32958.0
8	7.880000000000001	17.0	25579.0	-0.0005544098940762607	63272095.0	71268136.0	35032.0
8	7.880000000000001	18.0	25944.0	-0.0005623210560191761	67452432.0	75460408.0	37064.0
8	7.880000000000001	19.0	25631.0	-0.0005555369637229226	71632498.0	79652665.0	39111.0
8	7.880000000000001	20.0	25519.0	-0.0005531094290993431	75812914.0	83844976.0	41104.0
8	7.880000000000001	21.0	25540.0	-0.0005535645918412642	79993268.0	88037250.0	43134.0
8	7.880000000000001	22.0	25599.0	-0.0005548433824018998	84173445.0	92229504.0	45184.0
8	7.880000000000001	23.0	25532.0	-0.0005533911965110085	88353748.0	96421733.0	47259.0
8	7.880000000000001	24.0	25383.0	-0.0005501617084849964	92533974.0	100613920.0	49376.0
8	7.880000000000001	25.0	25475.0	-0.0005521557547829368	96714319.0	104806189.0	51411.0
8	7.880000000000001	26.0	25618.0	-0.0005552551963112571	100894650.0	108998449.0	53455.0
8	7.880000000000001	27.0	25736.0	-0.0005578127774325284	105074949.0	113190810.0	55398.0
8	7.880000000000001	28.0	25502.0	-0.0005527409640225497	109255352.0	117383040.0	57472.0
8	7.880000000000001	29.0	25711.0	-0.0005572709170254794	113435669.0	121575263.0	59553.0
8	7.880000000000001	30.0	25220.0	-0.0005466287786310369	117616075.0	125767488.0	61632.0
8	7.880000000000001	31.0	25728.0	-0.0005576393821022727	121796375.0	129959748.0	63676.0
8	7.880000000000001	32.0	25400.0	-0.0005505301735617898	125976974.0	134151998.0	65730.0
8	7.880000000000001	33.0	25835.0	-0.0005599585446444424	130157147.0	138344241.0	67791.0
8	7.880000000000001	34.0	25594.0	-0.00055473501032049	134337404.0	142536461.0	69875.0
8	7.880000000000001	35.0	25633.0	-0.0005555803125554866	138517799.0	146728689.0	71951.0
8	7.880000000000001	36.0	25553.0	-0.0005538463592529297	142698216.0	150920993.0	73951.0
8	7.880000000000001	37.0	25601.0	-0.0005548867312344638	146878497.0	155113285.0	75963.0
8	7.880000000000001	38.0	25686.0	-0.0005567290566184304	151058881.0	159305458.0	78094.0
8	7.880000000000001	39.0	25461.0	-0.0005518523129549893	155239264.0	163497730.0	80126.0
8	7.880000000000001	40.0	25950.0	-0.0005624511025168679	159419681.0	167689939.0	82221.0
8	7.880000000000001	41.0	25616.0	-0.0005552118474786931	163600080.0	171882218.0	84246.0
8	7.880000000000001	42.0	25652.0	-0.0005559921264648438	167780410.0	176074452.0	86316.0
8	7.880000000000001	43.0	25422.0	-0.0005510070107199929	171960672.0	180266736.0	88336.0
8	7.880000000000001	44.0	25257.0	-0.0005474307320334694	176140907.0	184458877.0	90499.0
8	7.880000000000001	45.0	25499.0	-0.0005526759407737038	180321444.0	188651073.0	92607.0
8	7.880000000000001	46.0	25307.0	-0.0005485144528475674	184501743.0	192843385.0	94599.0
8	7.880000000000001	47.0	25508.0	-0.0005528710105202415	188682024.0	197035626.0	96662.0
8	7.880000000000001	48.0	25465.0	-0.0005519390106201172	192862287.0	201227962.0	98630.0
8	7.880000000000001	49.0	25580.0	-0.0005544315684925426	197042590.0	205420266.0	100630.0
8	7.880000000000001	50.0	25449.0	-0.0005515922199596058	201223029.0	209612462.0	102738.0
8	7.880000000000001	51.0	25636.0	-0.0005556453358043324	205403382.0	213804677.0	104827.0
8	7.880000000000001	52.0	25491.0	-0.0005525025454434482	209583532.0	217996930.0	106878.0
8	7.880000000000001	53.0	25755.0	-0.0005582245913418857	213763898.0	222189155.0	108957.0
8	7.880000000000001	54.0	25365.0	-0.0005497715689919212	217944274.0	226381403.0	111013.0
8	7.880000000000001	55.0	25543.0	-0.0005536296150901101	222124587.0	230573721.0	112999.0
8	7.880000000000001	56.0	25496.0	-0.000552610917524858	226304834.0	234766048.0	114976.0
8	7.880000000000001	57.0	25619.0	-0.0005552768707275391	230485024.0	238958276.0	117052.0
8	7.880000000000001	58.0	25455.0	-0.0005517222664572976	234665286.0	243150521.0	119111.0
8	7.880000000000001	59.0	25701.0	-0.0005570541728626598	238845739.0	247342725.0	121211.0
8	7.880000000000001	60.0	25487.0	-0.0005524158477783203	243025913.0	251534969.0	123271.0
8	7.880000000000001	61.0	25722.0	-0.000557509335604581	247206277.0	255727184.0	125360.0
8	7.880000000000001	62.0	25505.0	-0.0005528059872713956	251386747.0	259919394.0	127454.0
8	7.880000000000001	63.0	25630.0	-0.0005555152893066406	255567172.0	264111667.0	129485.0
8	7.880000000000001	64.0	25440.0	-0.0005513971502130681	259747444.0	268303920.0	131536.0
8	7.880000000000001	65.0	25452.0	-0.0005516572432084517	263927801.0	272496188.0	133572.0
8	7.880000000000001	66.0	25518.0	-0.0005530877546830611	268108096.0	276688485.0	135579.0
8	7.880000000000001	67.0	25801.0	-0.0005592216144908558	272288412.0	280880820.0	137548.0
8	7.880000000000001	68.0	25508.0	-0.0005528710105202415	276468698.0	285073089.0	139583.0
8	7.880000000000001	69.0	25508.0	-0.0005528710105202415	280649082.0	289265381.0	141595.0
8	7.880000000000001	70.0	25568.0	-0.0005541714754971591	284829388.0	293457613.0	143667.0
8	7.880000000000001	71.0	25698.0	-0.0005569891496138139	289009815.0	297649939.0	145645.0
8	7.880000000000001	72.0	25762.0	-0.0005583763122558594	293190261.0	301842251.0	147637.0
8	7.880000000000001	73.0	25402.0	-0.0005505735223943537	297370578.0	306034528.0	149664.0
8	7.880000000000001	74.0	25770.0	-0.000558549707586115	301551011.0	310226825.0	151671.0
8	7.880000000000001	75.0	25514.0	-0.0005530010570179332	305731263.0	314419080.0	153720.0
8	7.880000000000001	76.0	25599.0	-0.0005548433824018998	309911695.0	318611341.0	155763.0
8	7.880000000000001	77.0	25740.0	-0.0005578994750976562	314092169.0	322803527.0	157881.0
8	7.880000000000001	78.0	25668.0	-0.0005563389171253551	318272309.0	326995772.0	159940.0
8	7.880000000000001	79.0	25542.0	-0.0005536079406738281	322452672.0	331188021.0	161995.0
8	7.880000000000001	80.0	25333.0	-0.0005490779876708984	326633037.0	335380295.0	164025.0
8	7.880000000000001	81.0	25208.0	-0.0005463686856356534	330813662.0	339572577.0	166047.0
8	7.880000000000001	82.0	25458.0	-0.0005517872897061435	334993869.0	343764810.0	168118.0
8	7.880000000000001	83.0	25706.0	-0.0005571625449440696	339174483.0	347957120.0	170112.0
8	7.880000000000001	84.0	25407.0	-0.0005506818944757634	343354924.0	352149479.0	172057.0
8	7.880000000000001	85.0	25721.0	-0.0005574876611882991	347535050.0	356341706.0	174134.0
8	7.880000000000001	86.0	25823.0	-0.0005596984516490589	351715388.0	360534024.0	176120.0
8	7.880000000000001	87.0	25617.0	-0.0005552335218949752	355895956.0	364726319.0	178129.0
8	7.880000000000001	88.0	25543.0	-0.0005536296150901101	360076206.0	368918540.0	180212.0
8	7.880000000000001	89.0	25679.0	-0.0005565773357044567	364256476.0	373110788.0	182268.0
8	7.880000000000001	90.0	25601.0	-0.0005548867312344638	368436667.0	377303106.0	184254.0
8	7.880000000000001	91.0	25281.0	-0.0005479509180242366	372617204.0	381495353.0	186311.0
8	7.880000000000001	92.0	25589.0	-0.0005546266382390803	376797435.0	385687573.0	188395.0
8	7.880000000000001	93.0	25476.0	-0.0005521774291992188	380977661.0	389879877.0	190395.0
8	7.880000000000001	94.0	25409.0	-0.0005507252433083274	385158143.0	394072159.0	192417.0
8	7.880000000000001	95.0	25511.0	-0.0005529360337690873	389338566.0	398264423.0	194457.0
8	7.880000000000001	96.0	25821.0	-0.0005596551028164951	393518893.0	402456631.0	196553.0
8	7.880000000000001	97.0	25585.0	-0.0005545399405739524	397699149.0	406648832.0	198656.0
8	7.880000000000001	98.0	25808.0	-0.0005593733354048295	401879650.0	410841102.0	200690.0
8	7.880000000000001	99.0	25740.0	-0.0005578994750976562	406059787.0	415033339.0	202757.0
8	7.880000000000001	100.0	25424.0	-0.0005510503595525569	410240154.0	419225592.0	204808.0
9	7.74	1.0	16310525.0	-0.35352110862731934	445204.0	4192239.0	2065.0
9	7.74	2.0	7421288.0	-0.16085208546031604	1734640.0	8384444.0	4164.0
9	7.74	3.0	1284170.0	-0.027833635156804867	4641421.0	12576668.0	6244.0
9	7.74	4.0	97506.0	-0.002113385633988814	8636706.0	16768923.0	8293.0
9	7.74	5.0	28384.0	-0.0006152066317471591	12807020.0	20961182.0	10338.0
9	7.74	6.0	25847.0	-0.0005602186376398259	16986627.0	25153422.0	12402.0
9	7.74	7.0	25717.0	-0.0005574009635231712	21166718.0	29345800.0	14328.0
9	7.74	8.0	25592.0	-0.0005546916614879261	25346832.0	33538055.0	16377.0
9	7.74	9.0	25586.0	-0.0005545616149902344	29526950.0	37730323.0	18413.0
9	7.74	10.0	25670.0	-0.000556382265957919	33707050.0	41922626.0	20414.0
9	7.74	11.0	25598.0	-0.0005548217079856179	37887177.0	46114929.0	22415.0
9	7.74	12.0	25549.0	-0.0005537596615878018	42067474.0	50307266.0	24382.0
9	7.74	13.0	25326.0	-0.0005489262667569247	46247645.0	54499508.0	26444.0
9	7.74	14.0	25758.0	-0.0005582896145907315	50427750.0	58691756.0	28500.0
9	7.74	15.0	25439.0	-0.0005513754757967862	54607809.0	62884081.0	30479.0
9	7.74	16.0	25723.0	-0.0005575310100208629	58787918.0	67076353.0	32511.0
9	7.74	17.0	25586.0	-0.0005545616149902344	62967929.0	71268604.0	34564.0
9	7.74	18.0	25579.0	-0.0005544098940762607	67147984.0	75460889.0	36583.0
9	7.74	19.0	25530.0	-0.0005533478476784446	71327984.0	79653091.0	38685.0
9	7.74	20.0	25732.0	-0.0005577260797674006	75508225.0	83845334.0	40746.0
9	7.74	21.0	25838.0	-0.0005600235678932884	79688562.0	88037573.0	42811.0
9	7.74	22.0	25567.0	-0.0005541498010808772	83868562.0	92229777.0	44911.0
9	7.74	23.0	25796.0	-0.000559113242409446	88048585.0	96421948.0	47044.0
9	7.74	24.0	25564.0	-0.0005540847778320312	92228713.0	100614234.0	49062.0
9	7.74	25.0	25599.0	-0.0005548433824018998	96408946.0	104806521.0	51079.0
9	7.74	26.0	25907.0	-0.0005615191026167436	100588991.0	108998805.0	53099.0
9	7.74	27.0	25437.0	-0.0005513321269642223	104769248.0	113191042.0	55166.0
9	7.74	28.0	25494.0	-0.000552567568692294	108949306.0	117383210.0	57302.0
9	7.74	29.0	25409.0	-0.0005507252433083274	113129714.0	121575513.0	59303.0
9	7.74	30.0	25669.0	-0.0005563605915416371	117309889.0	125767792.0	61328.0
9	7.74	31.0	25771.0	-0.0005585713820023971	121489934.0	129960115.0	63309.0
9	7.74	32.0	25779.0	-0.0005587447773326527	125669864.0	134152385.0	65343.0
9	7.74	33.0	25750.0	-0.0005581162192604759	129849917.0	138344657.0	67375.0
9	7.74	34.0	25526.0	-0.0005532611500133168	134030076.0	142536943.0	69393.0
9	7.74	35.0	25551.0	-0.0005538030104203658	138210140.0	146729175.0	71465.0
9	7.74	36.0	25561.0	-0.0005540197545831853	142390185.0	150921377.0	73567.0
9	7.74	37.0	25834.0	-0.0005599368702281605	146570099.0	155113632.0	75616.0
9	7.74	38.0	25541.0	-0.0005535862662575462	150750201.0	159305963.0	77589.0
9	7.74	39.0	25708.0	-0.0005572058937766335	154930405.0	163498275.0	79581.0
9	7.74	40.0	25532.0	-0.0005533911965110085	159110498.0	167690530.0	81630.0
9	7.74	41.0	25772.0	-0.000558593056418679	163290825.0	171882818.0	83646.0
9	7.74	42.0	25651.0	-0.0005559704520485618	167470837.0	176074995.0	85773.0
9	7.74	43.0	25886.0	-0.0005610639398748225	171651061.0	180267325.0	87747.0
9	7.74	44.0	25720.0	-0.000557465986772017	175830789.0	184459556.0	89820.0
9	7.74	45.0	25852.0	-0.0005603270097212358	180010703.0	188651778.0	91902.0
9	7.74	46.0	25801.0	-0.0005592216144908558	184190673.0	192843988.0	93996.0
9	7.74	47.0	25823.0	-0.0005596984516490589	188370707.0	197036245.0	96043.0
9	7.74	48.0	25614.0	-0.0005551684986461293	192550719.0	201228438.0	98154.0
9	7.74	49.0	25411.0	-0.0005507685921408913	196730771.0	205420688.0	100208.0
9	7.74	50.0	25470.0	-0.000552047382701527	200910921.0	209612895.0	102305.0
9	7.74	51.0	25565.0	-0.0005541064522483132	205091003.0	213805201.0	104303.0
9	7.74	52.0	25560.0	-0.0005539980801669034	209270947.0	217997426.0	106382.0
9	7.74	53.0	25518.0	-0.0005530877546830611	213450987.0	222189644.0	108468.0
9	7.74	54.0	25559.0	-0.0005539764057506214	217631131.0	226381857.0	110559.0
9	7.74	55.0	25584.0	-0.0005545182661576705	221811114.0	230574101.0	112619.0
9	7.74	56.0	25600.0	-0.0005548650568181819	225991291.0	234766405.0	114619.0
9	7.74	57.0	25623.0	-0.0005553635683926669	230171451.0	238958635.0	116693.0
9	7.74	58.0	25611.0	-0.0005551034753972834	234351517.0	243150823.0	118809.0
9	7.74	59.0	25933.0	-0.0005620826374400746	238531507.0	247343101.0	120835.0
9	7.74	60.0	25605.0	-0.0005549734288995916	242711729.0	251535345.0	122895.0
9	7.74	61.0	25414.0	-0.0005508336153897372	246892090.0	255727615.0	124929.0
9	7.74	62.0	25604.0	-0.0005549517544833096	251072382.0	259919960.0	126888.0
9	7.74	63.0	25406.0	-0.0005506602200594815	255252508.0	264112225.0	128927.0
9	7.74	64.0	25784.0	-0.0005588531494140625	259432665.0	268304452.0	131004.0
9	7.74	65.0	25673.0	-0.0005564472892067649	263612793.0	272496683.0	133077.0
9	7.74	66.0	25559.0	-0.0005539764057506214	267792995.0	276688966.0	135098.0
9	7.74	67.0	25777.0	-0.0005587014285000888	271972902.0	280881223.0	137145.0
9	7.74	68.0	25808.0	-0.0005593733354048295	276153021.0	285073536.0	139136.0
9	7.74	69.0	25908.0	-0.0005615407770330256	280332968.0	289265808.0	141168.0
9	7.74	70.0	25468.0	-0.0005520040338689631	284512962.0	293458054.0	143226.0
9	7.74	71.0	25318.0	-0.000548752871426669	288693077.0	297650305.0	145279.0
9	7.74	72.0	25770.0	-0.000558549707586115	292873299.0	301842574.0	147314.0
9	7.74	73.0	25416.0	-0.0005508769642223011	297053365.0	306034802.0	149390.0
9	7.74	74.0	25469.0	-0.0005520257082852451	301233715.0	310227124.0	151372.0
9	7.74	75.0	25496.0	-0.000552610917524858	305413995.0	314419410.0	153390.0
9	7.74	76.0	25615.0	-0.0005551901730624112	309594090.0	318611693.0	155411.0
9	7.74	77.0	25700.0	-0.0005570324984463779	313774265.0	322803952.0	157456.0
9	7.74	78.0	25418.0	-0.000550920313054865	317954559.0	326996240.0	159472.0
9	7.74	79.0	25791.0	-0.0005590048703280362	322134615.0	331188549.0	161467.0
9	7.74	80.0	26028.0	-0.0005641417069868608	326314476.0	335380776.0	163544.0
9	7.74	81.0	25762.0	-0.0005583763122558594	330494470.0	339573063.0	165561.0
9	7.74	82.0	25776.0	-0.0005586797540838069	334674584.0	343765340.0	167588.0
9	7.74	83.0	26002.0	-0.0005635781721635299	338854605.0	347957611.0	169621.0
9	7.74	84.0	25742.0	-0.0005579428239302201	343034517.0	352149843.0	171693.0
9	7.74	85.0	25443.0	-0.0005514621734619141	347214865.0	356342112.0	173728.0
9	7.74	86.0	25184.0	-0.0005458484996448864	351395206.0	360534408.0	175736.0
9	7.74	87.0	25711.0	-0.0005572709170254794	355575353.0	364726631.0	177817.0
9	7.74	88.0	25784.0	-0.0005588531494140625	359755389.0	368918923.0	179829.0
9	7.74	89.0	25903.0	-0.0005614324049516158	363935489.0	373111153.0	181903.0
9	7.74	90.0	25693.0	-0.0005568807775324041	368115504.0	377303426.0	183934.0
9	7.74	91.0	25761.0	-0.0005583546378395774	372295404.0	381495654.0	186010.0
9	7.74	92.0	25792.0	-0.0005590265447443181	376475511.0	385687852.0	188116.0
9	7.74	93.0	25780.0	-0.0005587664517489346	380655483.0	389880104.0	190168.0
9	7.74	94.0	25412.0	-0.0005507902665571733	384835791.0	394072435.0	192141.0
9	7.74	95.0	25517.0	-0.0005530660802667791	389015911.0	398264694.0	194186.0
9	7.74	96.0	25646.0	-0.000555862079967152	393195942.0	402457043.0	196141.0
9	7.74	97.0	25825.0	-0.0005597418004816228	397376042.0	406649305.0	198183.0
9	7.74	98.0	25466.0	-0.0005519606850363991	401556211.0	410841592.0	200200.0
9	7.74	99.0	25486.0	-0.0005523941733620384	405736272.0	415033837.0	202259.0
9	7.74	100.0	25712.0	-0.0005572925914417614	409916479.0	419226057.0	204343.0
10	7.6	1.0	16673261.0	-0.36138319969177246	415348.0	4192173.0	2131.0
10	7.6	2.0	8070178.0	-0.1749163974415172	1605532.0	8384441.0	4167.0
10	7.6	3.0	1566542.0	-0.03395388343117454	4365140.0	12576685.0	6227.0
10	7.6	4.0	121868.0	-0.0026414177634499288	8309734.0	16768915.0	8301.0
10	7.6	5.0	29321.0	-0.0006355155598033558	12476364.0	20961205.0	10315.0
10	7.6	6.0	25821.0	-0.0005596551028164951	16655609.0	25153448.0	12376.0
10	7.6	7.0	25599.0	-0.0005548433824018998	20835506.0	29345685.0	14443.0
10	7.6	8.0	25342.0	-0.0005492730574174361	25015487.0	33537875.0	16557.0
10	7.6	9.0	25727.0	-0.0005576177076859908	29195424.0	37730141.0	18595.0
10	7.6	10.0	25566.0	-0.0005541281266645951	33375208.0	41922421.0	20619.0
10	7.6	11.0	25596.0	-0.000554778359153054	37555056.0	46114680.0	22664.0
10	7.6	12.0	25801.0	-0.0005592216144908558	41735018.0	50306997.0	24651.0
10	7.6	13.0	25497.0	-0.0005526325919411399	45914755.0	54499157.0	26795.0
10	7.6	14.0	25634.0	-0.0005556019869717685	50094609.0	58691326.0	28930.0
10	7.6	15.0	25567.0	-0.0005541498010808772	54274619.0	62883491.0	31069.0
10	7.6	16.0	25557.0	-0.0005539330569180576	58454471.0	67075751.0	33113.0
10	7.6	17.0	25552.0	-0.0005538246848366477	62634318.0	71267989.0	35179.0
10	7.6	18.0	25762.0	-0.0005583763122558594	66814255.0	75460262.0	37210.0
10	7.6	19.0	25592.0	-0.0005546916614879261	70994234.0	79652573.0	39203.0
10	7.6	20.0	25424.0	-0.0005510503595525569	75173919.0	83844706.0	41374.0
10	7.6	21.0	25840.0	-0.0005600669167258523	79353841.0	88036920.0	43464.0
10	7.6	22.0	25527.0	-0.0005532828244295987	83533562.0	92229131.0	45557.0
10	7.6	23.0	26154.0	-0.0005668726834383878	87713385.0	96421358.0	47634.0
10	7.6	24.0	25839.0	-0.0005600452423095703	91893075.0	100613573.0	49723.0
10	7.6	25.0	25437.0	-0.0005513321269642223	96072756.0	104805831.0	51769.0
10	7.6	26.0	25650.0	-0.0005559487776322799	100252720.0	108998150.0	53754.0
10	7.6	27.0	25613.0	-0.0005551468242298473	104432521.0	113190362.0	55846.0
10	7.6	28.0	25561.0	-0.0005540197545831853	108612273.0	117382676.0	57836.0
10	7.6	29.0	25986.0	-0.0005632313815030185	112792116.0	121574942.0	59874.0
10	7.6	30.0	25840.0	-0.0005600669167258523	116972244.0	125767268.0	61852.0
10	7.6	31.0	25866.0	-0.0005606304515491832	121152113.0	129959485.0	63939.0
10	7.6	32.0	25874.0	-0.0005608038468794389	125331934.0	134151831.0	65897.0
10	7.6	33.0	25792.0	-0.0005590265447443181	129511716.0	138344081.0	67951.0
10	7.6	34.0	25608.0	-0.0005550384521484375	133691702.0	142536417.0	69919.0
10	7.6	35.0	25669.0	-0.0005563605915416371	137871435.0	146728626.0	72014.0
10	7.6	36.0	25728.0	-0.0005576393821022727	142051353.0	150920912.0	74032.0
10	7.6	37.0	25750.0	-0.0005581162192604759	146231239.0	155113148.0	76100.0
10	7.6	38.0	25559.0	-0.0005539764057506214	150411134.0	159305412.0	78140.0
10	7.6	39.0	25797.0	-0.0005591349168257279	154591008.0	163497587.0	80269.0
10	7.6	40.0	25631.0	-0.0005555369637229226	158770960.0	167689839.0	82321.0
10	7.6	41.0	25588.0	-0.0005546049638227983	162950908.0	171882016.0	84448.0
10	7.6	42.0	25828.0	-0.0005598068237304688	167130970.0	176074306.0	86462.0
10	7.6	43.0	25669.0	-0.0005563605915416371	171310799.0	180266544.0	88528.0
10	7.6	44.0	25701.0	-0.0005570541728626598	175490752.0	184458885.0	90491.0
10	7.6	45.0	25687.0	-0.0005567507310347123	179670537.0	188651120.0	92560.0
10	7.6	46.0	26021.0	-0.0005639899860728871	183850471.0	192843412.0	94572.0
10	7.6	47.0	25810.0	-0.0005594166842373935	188030289.0	197035588.0	96700.0
10	7.6	48.0	25421.0	-0.0005509853363037109	192210179.0	201227894.0	98698.0
10	7.6	49.0	25769.0	-0.0005585280331698331	196390120.0	205420153.0	100743.0
10	7.6	50.0	25713.0	-0.0005573142658580433	200569826.0	209612488.0	102712.0
10	7.6	51.0	25831.0	-0.0005598718469793147	204749801.0	213804820.0	104684.0
10	7.6	52.0	25859.0	-0.0005604787306352096	208929899.0	217997099.0	106709.0
10	7.6	53.0	25775.0	-0.0005586580796675248	213109754.0	222189382.0	108730.0
10	7.6	54.0	25769.0	-0.0005585280331698331	217289495.0	226381597.0	110819.0
10	7.6	55.0	25401.0	-0.0005505518479780717	221469287.0	230573841.0	112879.0
10	7.6	56.0	25720.0	-0.000557465986772017	225649243.0	234766186.0	114838.0
10	7.6	57.0	25795.0	-0.0005590915679931641	229829382.0	238958484.0	116844.0
10	7.6	58.0	25713.0	-0.0005573142658580433	234009259.0	243150761.0	118871.0
10	7.6	59.0	25734.0	-0.0005577694285999645	238188885.0	247342975.0	120961.0
10	7.6	60.0	25623.0	-0.0005553635683926669	242368843.0	251535183.0	123057.0
10	7.6	61.0	25672.0	-0.000556425614790483	246548738.0	255727402.0	125142.0
10	7.6	62.0	25835.0	-0.0005599585446444424	250728528.0	259919612.0	127236.0
10	7.6	63.0	25521.0	-0.0005531527779319069	254908740.0	264111874.0	129278.0
10	7.6	64.0	25603.0	-0.0005549300800670277	259088582.0	268304128.0	131328.0
10	7.6	65.0	25469.0	-0.0005520257082852451	263268554.0	272496411.0	133349.0
10	7.6	66.0	25320.0	-0.000548796220259233	267448489.0	276688644.0	135420.0
10	7.6	67.0	25468.0	-0.0005520040338689631	271628304.0	280880932.0	137436.0
10	7.6	68.0	25832.0	-0.0005598935213955966	275808096.0	285073207.0	139465.0
10	7.6	69.0	25698.0	-0.0005569891496138139	279988037.0	289265447.0	141529.0
10	7.6	70.0	25862.0	-0.0005605437538840554	284167858.0	293457746.0	143534.0
10	7.6	71.0	25917.0	-0.0005617358467795632	288347639.0	297649991.0	145593.0
10	7.6	72.0	25769.0	-0.0005585280331698331	292527200.0	301842221.0	147667.0
10	7.6	73.0	25552.0	-0.0005538246848366477	296706926.0	306034450.0	149742.0
10	7.6	74.0	25945.0	-0.0005623427304354581	300886702.0	310226640.0	151856.0
10	7.6	75.0	25492.0	-0.0005525242198597301	305066534.0	314418912.0	153888.0
10	7.6	76.0	25496.0	-0.000552610917524858	309246468.0	318611173.0	155931.0
10	7.6	77.0	25904.0	-0.0005614540793678977	313426281.0	322803471.0	157937.0
10	7.6	78.0	25631.0	-0.0005555369637229226	317606111.0	326995665.0	160047.0
10	7.6	79.0	25704.0	-0.0005571191961115056	321785968.0	331187946.0	162070.0
10	7.6	80.0	25670.0	-0.000556382265957919	325965812.0	335380179.0	164141.0
10	7.6	81.0	25799.0	-0.0005591782656582919	330145714.0	339572411.0	166213.0
10	7.6	82.0	25583.0	-0.0005544965917413884	334325577.0	343764622.0	168306.0
10	7.6	83.0	25590.0	-0.0005546483126553622	338505609.0	347956883.0	170349.0
10	7.6	84.0	25693.0	-0.0005568807775324041	342685563.0	352149105.0	172431.0
10	7.6	85.0	25588.0	-0.0005546049638227983	346865466.0	356341383.0	174457.0
10	7.6	86.0	25797.0	-0.0005591349168257279	351045245.0	360533669.0	176475.0
10	7.6	87.0	25754.0	-0.0005582029169256037	355225122.0	364725931.0	178517.0
10	7.6	88.0	25701.0	-0.0005570541728626598	359404951.0	368918254.0	180498.0
10	7.6	89.0	26089.0	-0.0005654638463800603	363584902.0	373110456.0	182600.0
10	7.6	90.0	25295.0	-0.0005482543598521839	367764540.0	377302630.0	184730.0
10	7.6	91.0	25790.0	-0.0005589831959117543	371944029.0	381494806.0	186858.0
10	7.6	92.0	25730.0	-0.0005576827309348366	376124023.0	385687192.0	188776.0
10	7.6	93.0	25560.0	-0.0005539980801669034	380304014.0	389879467.0	190805.0
10	7.6	94.0	25712.0	-0.0005572925914417614	384483979.0	394071714.0	192862.0
10	7.6	95.0	25531.0	-0.0005533695220947266	388663825.0	398263896.0	194984.0
10	7.6	96.0	25861.0	-0.0005605220794677734	392843582.0	402456124.0	197060.0
10	7.6	97.0	25607.0	-0.0005550167777321556	397023617.0	406648436.0	199052.0
10	7.6	98.0	25589.0	-0.0005546266382390803	401203617.0	410840746.0	201046.0
10	7.6	99.0	25744.0	-0.0005579861727627841	405383681.0	415032979.0	203117.0
10	7.6	100.0	25482.0	-0.0005523074756969105	409563509.0	419225214.0	205186.0
11	7.46	1.0	17013519.0	-0.3687580932270397	388010.0	4192192.0	2112.0
11	7.46	2.0	8717266.0	-0.1889416521245783	1485616.0	8384459.0	4149.0
11	7.46	3.0	1911062.0	-0.041421153328635475	4085157.0	12576659.0	6253.0
11	7.46	4.0	157784.0	-0.0034198760986328125	7966785.0	16768965.0	8251.0
11	7.46	5.0	30895.0	-0.0006696310910311612	12127895.0	20961161.0	10359.0
11	7.46	6.0	25954.0	-0.0005625378001819957	16306824.0	25153432.0	12392.0
11	7.46	7.0	25800.0	-0.0005591999400745739	20486342.0	29345616.0	14512.0
11	7.46	8.0	25757.0	-0.0005582679401744496	24665994.0	33537918.0	16514.0
11	7.46	9.0	25703.0	-0.0005570975216952237	28845463.0	37730165.0	18571.0
11	7.46	10.0	25549.0	-0.0005537596615878018	33024934.0	41922298.0	20742.0
11	7.46	11.0	25825.0	-0.0005597418004816228	37204466.0	46114485.0	22859.0
11	7.46	12.0	26105.0	-0.0005658106370405717	41383997.0	50306715.0	24933.0
11	7.46	13.0	25799.0	-0.0005591782656582919	45563548.0	54499016.0	26936.0
11	7.46	14.0	25976.0	-0.0005630146373401989	49743187.0	58691272.0	28984.0
11	7.46	15.0	25362.0	-0.0005497065457430753	53923198.0	62883559.0	31001.0
11	7.46	16.0	25382.0	-0.0005501400340687145	58102881.0	67075839.0	33025.0
11	7.46	17.0	25818.0	-0.0005595900795676491	62282497.0	71268048.0	35120.0
11	7.46	18.0	25528.0	-0.0005533044988458806	66462039.0	75460269.0	37203.0
11	7.46	19.0	25625.0	-0.0005554069172252308	70641862.0	79652523.0	39253.0
11	7.46	20.0	25766.0	-0.0005584630099209872	74821465.0	83844822.0	41258.0
11	7.46	21.0	25890.0	-0.0005611506375399503	79001144.0	88037111.0	43273.0
11	7.46	22.0	25726.0	-0.0005575960332697088	83180664.0	92229382.0	45306.0
11	7.46	23.0	25639.0	-0.0005557103590531783	87360349.0	96421612.0	47380.0
11	7.46	24.0	25804.0	-0.0005592866377397017	91540035.0	100613830.0	49466.0
11	7.46	25.0	25768.0	-0.0005585063587535511	95719518.0	104806029.0	51571.0
11	7.46	26.0	25875.0	-0.0005608255212957209	99899015.0	108998244.0	53660.0
11	7.46	27.0	25698.0	-0.0005569891496138139	104078520.0	113190438.0	55770.0
11	7.46	28.0	25759.0	-0.0005583112890070134	108258182.0	117382691.0	57821.0
11	7.46	29.0	25872.0	-0.000560760498046875	112437806.0	121574908.0	59908.0
11	7.46	30.0	25761.0	-0.0005583546378395774	116617395.0	125767190.0	61930.0
11	7.46	31.0	25494.0	-0.000552567568692294	120797021.0	129959461.0	63963.0
11	7.46	32.0	25726.0	-0.0005575960332697088	124976758.0	134151752.0	65976.0
11	7.46	33.0	25985.0	-0.0005632097070867366	129156258.0	138344132.0	67900.0
11	7.46	34.0	25870.0	-0.0005607171492143111	133335983.0	142536451.0	69885.0
11	7.46	35.0	25906.0	-0.0005614974282004616	137515274.0	146728615.0	72025.0
11	7.46	36.0	25775.0	-0.0005586580796675248	141694861.0	150920856.0	74088.0
11	7.46	37.0	25425.0	-0.0005510720339688388	145874500.0	155113080.0	76168.0
11	7.46	38.0	26045.0	-0.0005645101720636541	150053892.0	159305354.0	78198.0
11	7.46	39.0	25542.0	-0.0005536079406738281	154233355.0	163497521.0	80335.0
11	7.46	40.0	25575.0	-0.0005543231964111328	158413106.0	167689785.0	82375.0
11	7.46	41.0	25565.0	-0.0005541064522483132	162592860.0	171882068.0	84396.0
11	7.46	42.0	25602.0	-0.0005549084056507457	166772441.0	176074283.0	86485.0
11	7.46	43.0	25772.0	-0.000558593056418679	170952242.0	180266450.0	88622.0
11	7.46	44.0	25547.0	-0.0005537163127552379	175131809.0	184458641.0	90735.0
11	7.46	45.0	25658.0	-0.0005561221729625355	179311561.0	188650864.0	92816.0
11	7.46	46.0	25722.0	-0.000557509335604581	183491048.0	192843097.0	94887.0
11	7.46	47.0	25788.0	-0.0005589398470791904	187670834.0	197035366.0	96922.0
11	7.46	48.0	25918.0	-0.0005617575211958451	191850770.0	201227748.0	98844.0
11	7.46	49.0	25799.0	-0.0005591782656582919	196030319.0	205420004.0	100892.0
11	7.46	50.0	25774.0	-0.0005586364052512429	200209941.0	209612265.0	102935.0
11	7.46	51.0	25431.0	-0.0005512020804665306	204389586.0	213804491.0	105013.0
11	7.46	52.0	25812.0	-0.0005594600330699574	208569553.0	217996752.0	107056.0
11	7.46	53.0	25824.0	-0.0005597201260653409	212749239.0	222189034.0	109078.0
11	7.46	54.0	25704.0	-0.0005571191961115056	216928950.0	226381318.0	111098.0
11	7.46	55.0	25606.0	-0.0005549951033158736	221108501.0	230573565.0	113155.0
11	7.46	56.0	25786.0	-0.0005588964982466264	225287984.0	234765830.0	115194.0
11	7.46	57.0	25719.0	-0.0005574443123557351	229467549.0	238958005.0	117323.0
11	7.46	58.0	25641.0	-0.0005557537078857422	233647208.0	243150296.0	119336.0
11	7.46	59.0	25602.0	-0.0005549084056507457	237827032.0	247342589.0	121347.0
11	7.46	60.0	25798.0	-0.00055915659124201	242006558.0	251534892.0	123348.0
11	7.46	61.0	25839.0	-0.0005600452423095703	246186044.0	255727085.0	125459.0
11	7.46	62.0	25605.0	-0.0005549734288995916	250365553.0	259919244.0	127604.0
11	7.46	63.0	25801.0	-0.0005592216144908558	254544973.0	264111457.0	129695.0
11	7.46	64.0	25756.0	-0.0005582462657581676	258724626.0	268303758.0	131698.0
11	7.46	65.0	25693.0	-0.0005568807775324041	262904392.0	272495990.0	133770.0
11	7.46	66.0	25909.0	-0.0005615624514493076	267084180.0	276688243.0	135821.0
11	7.46	67.0	25342.0	-0.0005492730574174361	271263790.0	280880554.0	137814.0
11	7.46	68.0	25647.0	-0.0005558837543834339	275443501.0	285072840.0	139832.0
11	7.46	69.0	25961.0	-0.0005626895210959694	279623171.0	289265090.0	141886.0
11	7.46	70.0	25923.0	-0.0005618658932772549	283802886.0	293457367.0	143913.0
11	7.46	71.0	25852.0	-0.0005603270097212358	287982693.0	297649661.0	145923.0
11	7.46	72.0	25541.0	-0.0005535862662575462	292162034.0	301841928.0	147960.0
11	7.46	73.0	25641.0	-0.0005557537078857422	296341680.0	306034207.0	149985.0
11	7.46	74.0	25831.0	-0.0005598718469793147	300521409.0	310226482.0	152014.0
11	7.46	75.0	25663.0	-0.0005562305450439453	304700988.0	314418781.0	154019.0
11	7.46	76.0	25765.0	-0.0005584413355047053	308880537.0	318611013.0	156091.0
11	7.46	77.0	25674.0	-0.0005564689636230469	313060167.0	322803230.0	158178.0
11	7.46	78.0	25708.0	-0.0005572058937766335	317239655.0	326995423.0	160289.0
11	7.46	79.0	25764.0	-0.0005584196610884233	321419176.0	331187602.0	162414.0
11	7.46	80.0	26010.0	-0.0005637515674937855	325599020.0	335379839.0	164481.0
11	7.46	81.0	25646.0	-0.000555862079967152	329778736.0	339572109.0	166515.0
11	7.46	82.0	25768.0	-0.0005585063587535511	333958514.0	343764399.0	168529.0
11	7.46	83.0	25652.0	-0.0005559921264648438	338138198.0	347956619.0	170613.0
11	7.46	84.0	26018.0	-0.0005639249628240412	342317750.0	352148868.0	172668.0
11	7.46	85.0	25682.0	-0.0005566423589533025	346497253.0	356341039.0	174801.0
11	7.46	86.0	25868.0	-0.0005606738003817471	350676960.0	360533311.0	176833.0
11	7.46	87.0	26062.0	-0.0005648786371404475	354856586.0	364725573.0	178875.0
11	7.46	88.0	25624.0	-0.0005553852428089489	359035855.0	368917860.0	180892.0
11	7.46	89.0	25711.0	-0.0005572709170254794	363215726.0	373110159.0	182897.0
11	7.46	90.0	25538.0	-0.0005535212430087003	367395444.0	377302441.0	184919.0
11	7.46	91.0	25620.0	-0.000555298545143821	371575152.0	381494749.0	186915.0
11	7.46	92.0	25643.0	-0.0005557970567183061	375754704.0	385687012.0	188956.0
11	7.46	93.0	25755.0	-0.0005582245913418857	379934099.0	389879154.0	191118.0
11	7.46	94.0	25731.0	-0.0005577044053511186	384113425.0	394071427.0	193149.0
11	7.46	95.0	25256.0	-0.0005474090576171875	388293147.0	398263689.0	195191.0
11	7.46	96.0	25496.0	-0.000552610917524858	392472913.0	402455929.0	197255.0
11	7.46	97.0	25869.0	-0.0005606954747980291	396652559.0	406648194.0	199294.0
11	7.46	98.0	25533.0	-0.0005534128709272904	400832231.0	410840456.0	201336.0
11	7.46	99.0	25828.0	-0.0005598068237304688	405011867.0	415032711.0	203385.0
11	7.46	100.0	25833.0	-0.0005599151958118786	409191341.0	419224918.0	205482.0
12	7.32	1.0	17349284.0	-0.3760356036099521	362252.0	4192312.0	1992.0
12	7.32	2.0	9405393.0	-0.20385640317743475	1367143.0	8384498.0	4110.0
12	7.32	3.0	2333712.0	-0.05058184537020596	3794331.0	12576736.0	6176.0
12	7.32	4.0	208372.0	-0.004516341469504617	7595470.0	16769048.0	8168.0
12	7.32	5.0	33099.0	-0.0007174015045166016	11747862.0	20961305.0	10215.0
12	7.32	6.0	26219.0	-0.0005682815204967152	15925908.0	25153503.0	12321.0
12	7.32	7.0	25643.0	-0.0005557970567183061	20104925.0	29345747.0	14381.0
12	7.32	8.0	25987.0	-0.0005632530559193004	24284185.0	33538046.0	16386.0
12	7.32	9.0	25957.0	-0.0005626028234308416	28463544.0	37730348.0	18388.0
12	7.32	10.0	25972.0	-0.000562927939675071	32642702.0	41922636.0	20404.0
12	7.32	11.0	25695.0	-0.0005569241263649681	36821994.0	46114923.0	22421.0
12	7.32	12.0	25644.0	-0.0005558187311345881	41001565.0	50307147.0	24501.0
12	7.32	13.0	25889.0	-0.0005611289631236683	45180882.0	54499366.0	26586.0
12	7.32	14.0	25509.0	-0.0005528926849365234	49360463.0	58691629.0	28627.0
12	7.32	15.0	25797.0	-0.0005591349168257279	53539758.0	62883825.0	30735.0
12	7.32	16.0	25827.0	-0.0005597851493141868	57719248.0	67076054.0	32810.0
12	7.32	17.0	25862.0	-0.0005605437538840554	61898814.0	71268306.0	34862.0
12	7.32	18.0	25879.0	-0.0005609122189608487	66078342.0	75460608.0	36864.0
12	7.32	19.0	25882.0	-0.0005609772422096946	70257726.0	79652786.0	38990.0
12	7.32	20.0	26184.0	-0.0005675229159268466	74436910.0	83845004.0	41076.0
12	7.32	21.0	25620.0	-0.000555298545143821	78616366.0	88037274.0	43110.0
12	7.32	22.0	25883.0	-0.0005609989166259766	82795770.0	92229561.0	45127.0
12	7.32	23.0	25604.0	-0.0005549517544833096	86974973.0	96421796.0	47196.0
12	7.32	24.0	25896.0	-0.000561280684037642	91154586.0	100614141.0	49155.0
12	7.32	25.0	25904.0	-0.0005614540793678977	95333915.0	104806448.0	51152.0
12	7.32	26.0	25994.0	-0.0005634047768332741	99513226.0	108998708.0	53196.0
12	7.32	27.0	25396.0	-0.0005504434758966619	103692604.0	113190944.0	55264.0
12	7.32	28.0	25720.0	-0.000557465986772017	107872111.0	117383245.0	57267.0
12	7.32	29.0	25790.0	-0.0005589831959117543	112051498.0	121575500.0	59316.0
12	7.32	30.0	25931.0	-0.0005620392886075107	116231227.0	125767816.0	61304.0
12	7.32	31.0	25814.0	-0.0005595033819025213	120410677.0	129960089.0	63335.0
12	7.32	32.0	25741.0	-0.0005579211495139382	124590187.0	134152378.0	65350.0
12	7.32	33.0	25592.0	-0.0005546916614879261	128769840.0	138344721.0	67311.0
12	7.32	34.0	25757.0	-0.0005582679401744496	132949293.0	142536953.0	69383.0
12	7.32	35.0	25879.0	-0.0005609122189608487	137128915.0	146729273.0	71367.0
12	7.32	36.0	25788.0	-0.0005589398470791904	141308221.0	150921537.0	73407.0
12	7.32	37.0	25731.0	-0.0005577044053511186	145487689.0	155113820.0	75428.0
12	7.32	38.0	25846.0	-0.000560196963223544	149667048.0	159306097.0	77455.0
12	7.32	39.0	25964.0	-0.0005627545443448154	153846260.0	163498290.0	79566.0
12	7.32	40.0	25738.0	-0.0005578561262650924	158025745.0	167690548.0	81612.0
12	7.32	41.0	25807.0	-0.0005593516609885476	162205128.0	171882826.0	83638.0
12	7.32	42.0	25777.0	-0.0005587014285000888	166384693.0	176075157.0	85611.0
12	7.32	43.0	25860.0	-0.0005605004050514915	170564127.0	180267475.0	87597.0
12	7.32	44.0	25993.0	-0.0005633831024169922	174743296.0	184459686.0	89690.0
12	7.32	45.0	26053.0	-0.0005646835673939098	178922662.0	188651919.0	91761.0
12	7.32	46.0	26110.0	-0.0005659190091219815	183101940.0	192844149.0	93835.0
12	7.32	47.0	25937.0	-0.0005621693351052024	187281369.0	197036525.0	95763.0
12	7.32	48.0	25671.0	-0.0005564039403742009	191460730.0	201228792.0	97800.0
12	7.32	49.0	25834.0	-0.0005599368702281605	195640282.0	205421071.0	99825.0
12	7.32	50.0	25612.0	-0.0005551251498135654	199819729.0	209613352.0	101848.0
12	7.32	51.0	25899.0	-0.0005613457072864879	203998939.0	213805590.0	103914.0
12	7.32	52.0	25895.0	-0.0005612590096213601	208178123.0	217997825.0	105983.0
12	7.32	53.0	25471.0	-0.0005520690571178089	212357257.0	222189973.0	108139.0
12	7.32	54.0	25744.0	-0.0005579861727627841	216536513.0	226382234.0	110182.0
12	7.32	55.0	26141.0	-0.0005665909160267223	220715875.0	230574511.0	112209.0
12	7.32	56.0	25962.0	-0.0005627111955122514	224895239.0	234766779.0	114245.0
12	7.32	57.0	25913.0	-0.0005616491491144353	229074567.0	238959043.0	116285.0
12	7.32	58.0	25965.0	-0.0005627762187610973	233253758.0	243151359.0	118273.0
12	7.32	59.0	25693.0	-0.0005568807775324041	237433136.0	247343680.0	120256.0
12	7.32	60.0	25611.0	-0.0005551034753972834	241612685.0	251535965.0	122275.0
12	7.32	61.0	25931.0	-0.0005620392886075107	245792137.0	255728229.0	124315.0
12	7.32	62.0	25735.0	-0.0005577911030162464	249971734.0	259920419.0	126429.0
12	7.32	63.0	25931.0	-0.0005620392886075107	254151182.0	264112728.0	128424.0
12	7.32	64.0	25596.0	-0.000554778359153054	258330732.0	268305085.0	130371.0
12	7.32	65.0	25733.0	-0.0005577477541836826	262509911.0	272497283.0	132477.0
12	7.32	66.0	25840.0	-0.0005600669167258523	266689365.0	276689599.0	134465.0
12	7.32	67.0	25567.0	-0.0005541498010808772	270869138.0	280881803.0	136565.0
12	7.32	68.0	25676.0	-0.0005565123124556108	275048621.0	285074068.0	138604.0
12	7.32	69.0	25899.0	-0.0005613457072864879	279227899.0	289266286.0	140690.0
12	7.32	70.0	25932.0	-0.0005620609630237926	283407350.0	293458562.0	142718.0
12	7.32	71.0	25883.0	-0.0005609989166259766	287586737.0	297650863.0	144721.0
12	7.32	72.0	26044.0	-0.0005644884976473721	291766044.0	301843157.0	146731.0
12	7.32	73.0	25870.0	-0.0005607171492143111	295945524.0	306035493.0	148699.0
12	7.32	74.0	25674.0	-0.0005564689636230469	300125018.0	310227840.0	150656.0
12	7.32	75.0	25855.0	-0.0005603920329700817	304304434.0	314420101.0	152699.0
12	7.32	76.0	25775.0	-0.0005586580796675248	308483769.0	318612365.0	154739.0
12	7.32	77.0	25850.0	-0.0005602836608886719	312663028.0	322804630.0	156778.0
12	7.32	78.0	26093.0	-0.0005655505440451882	316842248.0	326996924.0	158788.0
12	7.32	79.0	25932.0	-0.0005620609630237926	321021684.0	331189167.0	160849.0
12	7.32	80.0	25733.0	-0.0005577477541836826	325201114.0	335381386.0	162934.0
12	7.32	81.0	26004.0	-0.0005636215209960938	329380559.0	339573630.0	164994.0
12	7.32	82.0	25921.0	-0.0005618225444446911	333560036.0	343765949.0	166979.0
12	7.32	83.0	25836.0	-0.0005599802190607244	337739250.0	347958267.0	168965.0
12	7.32	84.0	26022.0	-0.000564011660489169	341918573.0	352150577.0	170959.0
12	7.32	85.0	25697.0	-0.0005569674751975319	346098050.0	356342890.0	172950.0
12	7.32	86.0	26153.0	-0.0005668510090221058	350276902.0	360535115.0	175029.0
12	7.32	87.0	25860.0	-0.0005605004050514915	354456283.0	364727366.0	177082.0
12	7.32	88.0	26038.0	-0.0005643584511496804	358635551.0	368919640.0	179112.0
12	7.32	89.0	25948.0	-0.000562407753684304	362814756.0	373111858.0	181198.0
12	7.32	90.0	25805.0	-0.0005593083121559837	366993900.0	377304061.0	183299.0
12	7.32	91.0	26223.0	-0.0005683682181618431	371173343.0	381496358.0	185306.0
12	7.32	92.0	25902.0	-0.0005614107305353338	375352779.0	385688661.0	187307.0
12	7.32	93.0	25806.0	-0.0005593299865722656	379532108.0	389880970.0	189302.0
12	7.32	94.0	26075.0	-0.0005651604045521129	383711545.0	394073252.0	191324.0
12	7.32	95.0	25908.0	-0.0005615407770330256	387890822.0	398265545.0	193335.0
12	7.32	96.0	26138.0	-0.0005665258927778764	392070123.0	402457814.0	195370.0
12	7.32	97.0	25825.0	-0.0005597418004816228	396249176.0	406650151.0	197337.0
12	7.32	98.0	25978.0	-0.0005630579861727628	400428774.0	410842432.0	199360.0
12	7.32	99.0	25703.0	-0.0005570975216952237	404608009.0	415034652.0	201444.0
12	7.32	100.0	25915.0	-0.0005616924979469993	408787596.0	419226876.0	203524.0
13	7.18	1.0	17684246.0	-0.38329570943659	336763.0	4192265.0	2039.0
13	7.18	2.0	10098566.0	-0.21888052333484997	1255017.0	8384491.0	4117.0
13	7.18	3.0	2835306.0	-0.061453602530739525	3503835.0	12576824.0	6088.0
13	7.18	4.0	279289.0	-0.00605342604897239	7204994.0	16769106.0	8110.0
13	7.18	5.0	36435.0	-0.0007897073572332209	11346792.0	20961346.0	10174.0
13	7.18	6.0	26242.0	-0.0005687800320712003	15524584.0	25153595.0	12229.0
13	7.18	7.0	25738.0	-0.0005578561262650924	19703829.0	29345870.0	14258.0
13	7.18	8.0	26083.0	-0.0005653337998823686	23882910.0	33538127.0	16305.0
13	7.18	9.0	25814.0	-0.0005595033819025213	28061909.0	37730501.0	18235.0
13	7.18	10.0	25625.0	-0.0005554069172252308	32241181.0	41922769.0	20271.0
13	7.18	11.0	25775.0	-0.0005586580796675248	36420395.0	46115032.0	22312.0
13	7.18	12.0	25493.0	-0.0005525458942760121	40599363.0	50307337.0	24311.0
13	7.18	13.0	25698.0	-0.0005569891496138139	44778515.0	54499556.0	26396.0
13	7.18	14.0	25732.0	-0.0005577260797674006	48957849.0	58691801.0	28455.0
13	7.18	15.0	26053.0	-0.0005646835673939098	53136837.0	62884079.0	30481.0
13	7.18	16.0	25816.0	-0.0005595467307350852	57315895.0	67076308.0	32556.0
13	7.18	17.0	25859.0	-0.0005604787306352096	61495019.0	71268531.0	34637.0
13	7.18	18.0	25887.0	-0.0005610856142911044	65674147.0	75460844.0	36628.0
13	7.18	19.0	25832.0	-0.0005598935213955966	69853298.0	79653016.0	38760.0
13	7.18	20.0	25577.0	-0.0005543665452436967	74032471.0	83845269.0	40811.0
13	7.18	21.0	25769.0	-0.0005585280331698331	78211698.0	88037661.0	42723.0
13	7.18	22.0	25732.0	-0.0005577260797674006	82390632.0	92229825.0	44863.0
13	7.18	23.0	26046.0	-0.0005645318464799361	86569763.0	96422053.0	46939.0
13	7.18	24.0	26035.0	-0.0005642934279008346	90748641.0	100614305.0	48991.0
13	7.18	25.0	25903.0	-0.0005614324049516158	94927754.0	104806525.0	51075.0
13	7.18	26.0	25784.0	-0.0005588531494140625	99106957.0	108998831.0	53073.0
13	7.18	27.0	25798.0	-0.00055915659124201	103285998.0	113191035.0	55173.0
13	7.18	28.0	25841.0	-0.0005600885911421342	107465261.0	117383308.0	57204.0
13	7.18	29.0	25765.0	-0.0005584413355047053	111644216.0	121575514.0	59302.0
13	7.18	30.0	25946.0	-0.00056236440485174	115823267.0	125767796.0	61324.0
13	7.18	31.0	25664.0	-0.0005562522194602273	120002376.0	129960037.0	63387.0
13	7.18	32.0	25512.0	-0.0005529577081853694	124181373.0	134152294.0	65434.0
13	7.18	33.0	26002.0	-0.0005635781721635299	128360350.0	138344508.0	67524.0
13	7.18	34.0	25756.0	-0.0005582462657581676	132539453.0	142536717.0	69619.0
13	7.18	35.0	25646.0	-0.000555862079967152	136718609.0	146728955.0	71685.0
13	7.18	36.0	25845.0	-0.0005601752888072621	140897570.0	150921159.0	73785.0
13	7.18	37.0	25879.0	-0.0005609122189608487	145076591.0	155113391.0	75857.0
13	7.18	38.0	25755.0	-0.0005582245913418857	149255744.0	159305698.0	77854.0
13	7.18	39.0	26118.0	-0.0005660924044522372	153434496.0	163497807.0	80049.0
13	7.18	40.0	25791.0	-0.0005590048703280362	157613642.0	167690070.0	82090.0
13	7.18	41.0	26032.0	-0.0005642284046519886	161792777.0	171882315.0	84149.0
13	7.18	42.0	25709.0	-0.0005572275681929154	165971988.0	176074549.0	86219.0
13	7.18	43.0	26109.0	-0.0005658973347056996	170151049.0	180266861.0	88211.0
13	7.18	44.0	25473.0	-0.0005521124059503728	174330162.0	184459151.0	90225.0
13	7.18	45.0	25900.0	-0.0005613673817027699	178509419.0	188651400.0	92280.0
13	7.18	46.0	25908.0	-0.0005615407770330256	182688757.0	192843703.0	94281.0
13	7.18	47.0	25798.0	-0.00055915659124201	186867872.0	197035889.0	96399.0
13	7.18	48.0	25551.0	-0.0005538030104203658	191046981.0	201228094.0	98498.0
13	7.18	49.0	25606.0	-0.0005549951033158736	195226164.0	205420360.0	100536.0
13	7.18	50.0	25750.0	-0.0005581162192604759	199405201.0	209612595.0	102605.0
13	7.18	51.0	25814.0	-0.0005595033819025213	203584503.0	213804847.0	104657.0
13	7.18	52.0	25923.0	-0.0005618658932772549	207763616.0	217997023.0	106785.0
13	7.18	53.0	26033.0	-0.0005642500790682706	211942884.0	222189239.0	108873.0
13	7.18	54.0	26091.0	-0.0005655071952126243	216121974.0	226381472.0	110944.0
13	7.18	55.0	25930.0	-0.0005620176141912287	220301094.0	230573696.0	113024.0
13	7.18	56.0	26192.0	-0.0005676963112571023	224480060.0	234765905.0	115119.0
13	7.18	57.0	26110.0	-0.0005659190091219815	228658977.0	238958109.0	117219.0
13	7.18	58.0	25923.0	-0.0005618658932772549	232838204.0	243150338.0	119294.0
13	7.18	59.0	26024.0	-0.000564055009321733	237017504.0	247342594.0	121342.0
13	7.18	60.0	26027.0	-0.0005641200325705788	241196458.0	251534787.0	123453.0
13	7.18	61.0	25905.0	-0.0005614757537841797	245375563.0	255727013.0	125531.0
13	7.18	62.0	25950.0	-0.0005624511025168679	249554547.0	259919296.0	127552.0
13	7.18	63.0	25516.0	-0.0005530444058504971	253733650.0	264111593.0	129559.0
13	7.18	64.0	25895.0	-0.0005612590096213601	257912869.0	268303912.0	131544.0
13	7.18	65.0	26112.0	-0.0005659623579545455	262092046.0	272496069.0	133691.0
13	7.18	66.0	25607.0	-0.0005550167777321556	266271046.0	276688394.0	135670.0
13	7.18	67.0	26029.0	-0.0005641633814031428	270450014.0	280880590.0	137778.0
13	7.18	68.0	25734.0	-0.0005577694285999645	274629268.0	285072932.0	139740.0
13	7.18	69.0	25986.0	-0.0005632313815030185	278808173.0	289265202.0	141774.0
13	7.18	70.0	25488.0	-0.0005524375221946023	282987298.0	293457472.0	143808.0
13	7.18	71.0	25860.0	-0.0005605004050514915	287166784.0	297649789.0	145795.0
13	7.18	72.0	26003.0	-0.0005635998465798118	291346026.0	301842003.0	147885.0
13	7.18	73.0	26023.0	-0.0005640333349054509	295525236.0	306034292.0	149900.0
13	7.18	74.0	26143.0	-0.0005666342648592862	299704427.0	310226599.0	151897.0
13	7.18	75.0	25869.0	-0.0005606954747980291	303883401.0	314418823.0	153977.0
13	7.18	76.0	25986.0	-0.0005632313815030185	308062518.0	318611093.0	156011.0
13	7.18	77.0	25787.0	-0.0005589181726629084	312241506.0	322803367.0	158041.0
13	7.18	78.0	25699.0	-0.0005570108240300959	316420553.0	326995625.0	160087.0
13	7.18	79.0	26008.0	-0.0005637082186612216	320599595.0	331187919.0	162097.0
13	7.18	80.0	25839.0	-0.0005600452423095703	324778840.0	335380184.0	164136.0
13	7.18	81.0	25821.0	-0.0005596551028164951	328957998.0	339572448.0	166176.0
13	7.18	82.0	25957.0	-0.0005626028234308416	333137110.0	343764738.0	168190.0
13	7.18	83.0	25808.0	-0.0005593733354048295	337316147.0	347957105.0	170127.0
13	7.18	84.0	25773.0	-0.0005586147308349609	341495073.0	352149341.0	172195.0
13	7.18	85.0	25803.0	-0.0005592649633234197	345674315.0	356341565.0	174275.0
13	7.18	86.0	25992.0	-0.0005633614280007102	349853567.0	360533780.0	176364.0
13	7.18	87.0	25792.0	-0.0005590265447443181	354032790.0	364726121.0	178327.0
13	7.18	88.0	25814.0	-0.0005595033819025213	358212017.0	368918395.0	180357.0
13	7.18	89.0	25939.0	-0.0005622126839377663	362391072.0	373110617.0	182439.0
13	7.18	90.0	26119.0	-0.0005661140788685192	366570197.0	377302805.0	184555.0
13	7.18	91.0	25780.0	-0.0005587664517489346	370749186.0	381495039.0	186625.0
13	7.18	92.0	25810.0	-0.0005594166842373935	374928541.0	385687345.0	188623.0
13	7.18	93.0	25953.0	-0.0005625161257657138	379107652.0	389879639.0	190633.0
13	7.18	94.0	25936.0	-0.0005621476606889205	383286729.0	394071947.0	192629.0
13	7.18	95.0	25765.0	-0.0005584413355047053	387465840.0	398264234.0	194646.0
13	7.18	96.0	25731.0	-0.0005577044053511186	391644929.0	402456465.0	196719.0
13	7.18	97.0	26208.0	-0.0005680431019176136	395823998.0	406648741.0	198747.0
13	7.18	98.0	25729.0	-0.0005576610565185547	400003204.0	410840943.0	200849.0
13	7.18	99.0	25924.0	-0.0005618875676935369	404182227.0	415033180.0	202916.0
13	7.18	100.0	26137.0	-0.0005665042183615944	408361136.0	419225449.0	204951.0
14	7.039999999999999	1.0	18029278.0	-0.3907740766351873	310807.0	4192205.0	2099.0
14	7.039999999999999	2.0	10833831.0	-0.23481696302240546	1144627.0	8384472.0	4136.0
14	7.039999999999999	3.0	3438429.0	-0.07452594150196422	3205625.0	12576744.0	6168.0
14	7.039999999999999	4.0	382510.0	-0.008290680972012606	6780966.0	16769000.0	8216.0
14	7.039999999999999	5.0	42284.0	-0.0009164810180664062	10904050.0	20961201.0	10319.0
14	7.039999999999999	6.0	26840.0	-0.0005817413330078125	15080330.0	25153371.0	12453.0
14	7.039999999999999	7.0	26041.0	-0.0005644234743985263	19259039.0	29345580.0	14548.0
14	7.039999999999999	8.0	26168.0	-0.0005671761252663352	23437824.0	33537829.0	16603.0
14	7.039999999999999	9.0	25898.0	-0.000561324032870206	27616698.0	37730149.0	18587.0
14	7.039999999999999	10.0	26107.0	-0.0005658539858731357	31795575.0	41922456.0	20584.0
14	7.039999999999999	11.0	26065.0	-0.0005649436603892933	35974355.0	46114659.0	22685.0
14	7.039999999999999	12.0	25761.0	-0.0005583546378395774	40153294.0	50306889.0	24759.0
14	7.039999999999999	13.0	25960.0	-0.0005626678466796875	44332140.0	54499133.0	26819.0
14	7.039999999999999	14.0	25662.0	-0.0005562088706276634	48511126.0	58691396.0	28860.0
14	7.039999999999999	15.0	25888.0	-0.0005611072887073864	52690121.0	62883714.0	30846.0
14	7.039999999999999	16.0	25992.0	-0.0005633614280007102	56868906.0	67075930.0	32934.0
14	7.039999999999999	17.0	25852.0	-0.0005603270097212358	61047553.0	71268186.0	34982.0
14	7.039999999999999	18.0	26219.0	-0.0005682815204967152	65226376.0	75460369.0	37103.0
14	7.039999999999999	19.0	26312.0	-0.0005702972412109375	69405231.0	79652700.0	39076.0
14	7.039999999999999	20.0	25900.0	-0.0005613673817027699	73583855.0	83844977.0	41103.0
14	7.039999999999999	21.0	25845.0	-0.0005601752888072621	77762638.0	88037174.0	43210.0
14	7.039999999999999	22.0	26158.0	-0.0005669593811035156	81941366.0	92229481.0	45207.0
14	7.039999999999999	23.0	25866.0	-0.0005606304515491832	86120205.0	96421656.0	47336.0
14	7.039999999999999	24.0	25850.0	-0.0005602836608886719	90299126.0	100613923.0	49373.0
14	7.039999999999999	25.0	25772.0	-0.000558593056418679	94478076.0	104806223.0	51377.0
14	7.039999999999999	26.0	26075.0	-0.0005651604045521129	98656769.0	108998402.0	53502.0
14	7.039999999999999	27.0	25781.0	-0.0005587881261652166	102835615.0	113190743.0	55465.0
14	7.039999999999999	28.0	26017.0	-0.0005639032884077592	107014146.0	117382999.0	57513.0
14	7.039999999999999	29.0	26322.0	-0.0005705139853737571	111192986.0	121575263.0	59553.0
14	7.039999999999999	30.0	25892.0	-0.0005611939863725142	115371802.0	125767579.0	61541.0
14	7.039999999999999	31.0	26060.0	-0.0005648352883078835	119550730.0	129959855.0	63569.0
14	7.039999999999999	32.0	25976.0	-0.0005630146373401989	123729455.0	134152142.0	65586.0
14	7.039999999999999	33.0	26194.0	-0.0005677396600896662	127907945.0	138344442.0	67590.0
14	7.039999999999999	34.0	26220.0	-0.0005683031949129971	132086647.0	142536680.0	69656.0
14	7.039999999999999	35.0	25849.0	-0.0005602619864723899	136265542.0	146728920.0	71720.0
14	7.039999999999999	36.0	26164.0	-0.0005670894276012074	140444241.0	150921200.0	73744.0
14	7.039999999999999	37.0	25826.0	-0.0005597634748979049	144622998.0	155113370.0	75878.0
14	7.039999999999999	38.0	25742.0	-0.0005579428239302201	148802063.0	159305642.0	77910.0
14	7.039999999999999	39.0	25580.0	-0.0005544315684925426	152981114.0	163497882.0	79974.0
14	7.039999999999999	40.0	26060.0	-0.0005648352883078835	157159927.0	167690184.0	81976.0
14	7.039999999999999	41.0	25819.0	-0.0005596117539839311	161338936.0	171882427.0	84037.0
14	7.039999999999999	42.0	25740.0	-0.0005578994750976562	165517989.0	176074650.0	86118.0
14	7.039999999999999	43.0	25938.0	-0.0005621910095214844	169696853.0	180266855.0	88217.0
14	7.039999999999999	44.0	26048.0	-0.0005645751953125	173875689.0	184459177.0	90199.0
14	7.039999999999999	45.0	25901.0	-0.0005613890561190518	178054561.0	188651432.0	92248.0
14	7.039999999999999	46.0	26071.0	-0.0005650737068869851	182233374.0	192843680.0	94304.0
14	7.039999999999999	47.0	25979.0	-0.0005630796605890447	186412147.0	197035897.0	96391.0
14	7.039999999999999	48.0	26107.0	-0.0005658539858731357	190590903.0	201228076.0	98516.0
14	7.039999999999999	49.0	26279.0	-0.0005695819854736328	194769593.0	205420394.0	100502.0
14	7.039999999999999	50.0	26172.0	-0.0005672628229314631	198948315.0	209612689.0	102511.0
14	7.039999999999999	51.0	26207.0	-0.0005680214275013317	203126831.0	213804965.0	104539.0
14	7.039999999999999	52.0	26216.0	-0.0005682164972478694	207305514.0	217997249.0	106559.0
14	7.039999999999999	53.0	25989.0	-0.0005632964047518643	211484469.0	222189556.0	108556.0
14	7.039999999999999	54.0	26097.0	-0.0005656372417103161	215663310.0	226381810.0	110606.0
14	7.039999999999999	55.0	26154.0	-0.0005668726834383878	219841912.0	230574038.0	112682.0
14	7.039999999999999	56.0	25988.0	-0.0005632747303355824	224020501.0	234766284.0	114740.0
14	7.039999999999999	57.0	26038.0	-0.0005643584511496804	228199118.0	238958497.0	116831.0
14	7.039999999999999	58.0	25691.0	-0.0005568374286998402	232377831.0	243150720.0	118912.0
14	7.039999999999999	59.0	25841.0	-0.0005600885911421342	236556582.0	247342907.0	121029.0
14	7.039999999999999	60.0	26007.0	-0.0005636865442449397	240735257.0	251535229.0	123011.0
14	7.039999999999999	61.0	26166.0	-0.0005671327764337713	244914039.0	255727537.0	125007.0
14	7.039999999999999	62.0	25949.0	-0.0005624294281005859	249092961.0	259919819.0	127029.0
14	7.039999999999999	63.0	25791.0	-0.0005590048703280362	253271870.0	264112079.0	129073.0
14	7.039999999999999	64.0	25962.0	-0.0005627111955122514	257450834.0	268304335.0	131121.0
14	7.039999999999999	65.0	26184.0	-0.0005675229159268466	261629819.0	272496577.0	133183.0
14	7.039999999999999	66.0	25836.0	-0.0005599802190607244	265808720.0	276688784.0	135280.0
14	7.039999999999999	67.0	25723.0	-0.0005575310100208629	269987568.0	280881052.0	137316.0
14	7.039999999999999	68.0	26078.0	-0.0005652254278009588	274166526.0	285073368.0	139304.0
14	7.039999999999999	69.0	25928.0	-0.0005619742653586648	278345352.0	289265635.0	141341.0
14	7.039999999999999	70.0	26220.0	-0.0005683031949129971	282523930.0	293457889.0	143391.0
14	7.039999999999999	71.0	25906.0	-0.0005614974282004616	286702680.0	297650174.0	145410.0
14	7.039999999999999	72.0	25813.0	-0.0005594817074862393	290881355.0	301842387.0	147501.0
14	7.039999999999999	73.0	26022.0	-0.000564011660489169	295060129.0	306034654.0	149538.0
14	7.039999999999999	74.0	26088.0	-0.0005654421719637784	299238854.0	310226889.0	151607.0
14	7.039999999999999	75.0	26164.0	-0.0005670894276012074	303417820.0	314419137.0	153663.0
14	7.039999999999999	76.0	25681.0	-0.0005566206845370206	307596716.0	318611368.0	155736.0
14	7.039999999999999	77.0	26008.0	-0.0005637082186612216	311775398.0	322803608.0	157800.0
14	7.039999999999999	78.0	26134.0	-0.0005664391951127486	315954134.0	326995853.0	159859.0
14	7.039999999999999	79.0	26062.0	-0.0005648786371404475	320132915.0	331188125.0	161891.0
14	7.039999999999999	80.0	25972.0	-0.000562927939675071	324311826.0	335380421.0	163899.0
14	7.039999999999999	81.0	26301.0	-0.0005700588226318359	328490551.0	339572687.0	165937.0
14	7.039999999999999	82.0	25671.0	-0.0005564039403742009	332669465.0	343764948.0	167980.0
14	7.039999999999999	83.0	26033.0	-0.0005642500790682706	336848229.0	347957195.0	170037.0
14	7.039999999999999	84.0	25958.0	-0.0005626244978471236	341026888.0	352149424.0	172112.0
14	7.039999999999999	85.0	26030.0	-0.0005641850558194247	345205757.0	356341788.0	174052.0
14	7.039999999999999	86.0	26036.0	-0.0005643151023171165	349384679.0	360534115.0	176029.0
14	7.039999999999999	87.0	26049.0	-0.0005645968697287819	353563564.0	364726431.0	178017.0
14	7.039999999999999	88.0	25918.0	-0.0005617575211958451	357742431.0	368918711.0	180041.0
14	7.039999999999999	89.0	26001.0	-0.0005635564977472478	361921650.0	373110981.0	182075.0
14	7.039999999999999	90.0	25878.0	-0.0005608905445445668	366100534.0	377303230.0	184130.0
14	7.039999999999999	91.0	26061.0	-0.0005648569627241654	370279546.0	381495514.0	186150.0
14	7.039999999999999	92.0	25828.0	-0.0005598068237304688	374458291.0	385687727.0	188241.0
14	7.039999999999999	93.0	25870.0	-0.0005607171492143111	378637201.0	389879996.0	190276.0
14	7.039999999999999	94.0	26035.0	-0.0005642934279008346	382815917.0	394072359.0	192217.0
14	7.039999999999999	95.0	26072.0	-0.000565095381303267	386994669.0	398264634.0	194246.0
14	7.039999999999999	96.0	25839.0	-0.0005600452423095703	391173543.0	402456851.0	196333.0
14	7.039999999999999	97.0	25816.0	-0.0005595467307350852	395352310.0	406649099.0	198389.0
14	7.039999999999999	98.0	25817.0	-0.0005595684051513672	399531392.0	410841359.0	200433.0
14	7.039999999999999	99.0	26216.0	-0.0005682164972478694	403710215.0	415033596.0	202500.0
14	7.039999999999999	100.0	25954.0	-0.0005625378001819957	407888928.0	419225799.0	204601.0
15	6.8999999999999995	1.0	18337048.0	-0.3974448117342862	288480.0	4192245.0	2059.0
15	6.8999999999999995	2.0	11530891.0	-0.24992533163590866	1045569.0	8384539.0	4069.0
15	6.8999999999999995	3.0	4113081.0	-0.08914862979542125	2926434.0	12576807.0	6105.0
15	6.8999999999999995	4.0	530314.0	-0.011494246396151457	6348344.0	16768978.0	8238.0
15	6.8999999999999995	5.0	51818.0	-0.0011231249028986151	10445291.0	20961213.0	10307.0
15	6.8999999999999995	6.0	27031.0	-0.0005858811465176669	14620133.0	25153564.0	12260.0
15	6.8999999999999995	7.0	26060.0	-0.0005648352883078835	18798548.0	29345845.0	14283.0
15	6.8999999999999995	8.0	25970.0	-0.0005628845908425071	22976993.0	33537975.0	16457.0
15	6.8999999999999995	9.0	26026.0	-0.0005640983581542969	27155446.0	37730209.0	18527.0
15	6.8999999999999995	10.0	25834.0	-0.0005599368702281605	31333727.0	41922482.0	20558.0
15	6.8999999999999995	11.0	26061.0	-0.0005648569627241654	35512295.0	46114745.0	22599.0
15	6.8999999999999995	12.0	26186.0	-0.0005675662647594105	39690859.0	50306997.0	24651.0
15	6.8999999999999995	13.0	25864.0	-0.0005605871027166194	43869411.0	54499171.0	26781.0
15	6.8999999999999995	14.0	25961.0	-0.0005626895210959694	48047798.0	58691375.0	28881.0
15	6.8999999999999995	15.0	26022.0	-0.000564011660489169	52226192.0	62883570.0	30990.0
15	6.8999999999999995	16.0	25936.0	-0.0005621476606889205	56404711.0	67075760.0	33104.0
15	6.8999999999999995	17.0	25766.0	-0.0005584630099209872	60583110.0	71268035.0	35133.0
15	6.8999999999999995	18.0	25613.0	-0.0005551468242298473	64761916.0	75460308.0	37164.0
15	6.8999999999999995	19.0	25828.0	-0.0005598068237304688	68940415.0	79652580.0	39196.0
15	6.8999999999999995	20.0	26325.0	-0.0005705790086226029	73118709.0	83844877.0	41203.0
15	6.8999999999999995	21.0	25821.0	-0.0005596551028164951	77297189.0	88037188.0	43196.0
15	6.8999999999999995	22.0	25873.0	-0.0005607821724631569	81475924.0	92229531.0	45157.0
15	6.8999999999999995	23.0	25867.0	-0.0005606521259654652	85654695.0	96421829.0	47163.0
15	6.8999999999999995	24.0	25952.0	-0.0005624944513494319	89833381.0	100614093.0	49203.0
15	6.8999999999999995	25.0	26157.0	-0.0005669377066872337	94011659.0	104806322.0	51278.0
15	6.8999999999999995	26.0	26048.0	-0.0005645751953125	98190133.0	108998650.0	53254.0
15	6.8999999999999995	27.0	26065.0	-0.0005649436603892933	102368796.0	113190891.0	55317.0
15	6.8999999999999995	28.0	25956.0	-0.0005625811490145596	106547282.0	117383164.0	57348.0
15	6.8999999999999995	29.0	25990.0	-0.0005633180791681463	110725760.0	121575444.0	59372.0
15	6.8999999999999995	30.0	26279.0	-0.0005695819854736328	114904291.0	125767705.0	61415.0
15	6.8999999999999995	31.0	26142.0	-0.0005666125904430043	119082684.0	129959986.0	63438.0
15	6.8999999999999995	32.0	26165.0	-0.0005671111020174893	123261193.0	134152260.0	65468.0
15	6.8999999999999995	33.0	26078.0	-0.0005652254278009588	127439784.0	138344496.0	67536.0
15	6.8999999999999995	34.0	26066.0	-0.0005649653348055753	131618118.0	142536789.0	69547.0
15	6.8999999999999995	35.0	25984.0	-0.0005631880326704545	135796676.0	146729024.0	71616.0
15	6.8999999999999995	36.0	26045.0	-0.0005645101720636541	139974917.0	150921285.0	73659.0
15	6.8999999999999995	37.0	26205.0	-0.0005679780786687678	144153478.0	155113570.0	75678.0
15	6.8999999999999995	38.0	26431.0	-0.0005728764967484908	148332098.0	159305823.0	77729.0
15	6.8999999999999995	39.0	26349.0	-0.0005710991946133701	152510504.0	163498084.0	79772.0
15	6.8999999999999995	40.0	26048.0	-0.0005645751953125	156689218.0	167690416.0	81744.0
15	6.8999999999999995	41.0	26342.0	-0.0005709474736993963	160867684.0	171882637.0	83827.0
15	6.8999999999999995	42.0	25855.0	-0.0005603920329700817	165046284.0	176074949.0	85819.0
15	6.8999999999999995	43.0	26103.0	-0.0005657672882080078	169224652.0	180267179.0	87893.0
15	6.8999999999999995	44.0	26204.0	-0.0005679564042524858	173403196.0	184459485.0	89891.0
15	6.8999999999999995	45.0	26263.0	-0.0005692351948131214	177581542.0	188651790.0	91890.0
15	6.8999999999999995	46.0	26017.0	-0.0005639032884077592	181760114.0	192844093.0	93891.0
15	6.8999999999999995	47.0	25904.0	-0.0005614540793678977	185938524.0	197036377.0	95911.0
15	6.8999999999999995	48.0	25667.0	-0.0005563172427090732	190117349.0	201228656.0	97936.0
15	6.8999999999999995	49.0	25821.0	-0.0005596551028164951	194295895.0	205420902.0	99994.0
15	6.8999999999999995	50.0	26129.0	-0.0005663308230313388	198474582.0	209613187.0	102013.0
15	6.8999999999999995	51.0	26145.0	-0.0005666776136918502	202653217.0	213805513.0	103991.0
15	6.8999999999999995	52.0	26334.0	-0.0005707740783691406	206831547.0	217997739.0	106069.0
15	6.8999999999999995	53.0	26066.0	-0.0005649653348055753	211009923.0	222189996.0	108116.0
15	6.8999999999999995	54.0	25881.0	-0.0005609555677934127	215188527.0	226382195.0	110221.0
15	6.8999999999999995	55.0	25998.0	-0.000563491474498402	219367159.0	230574440.0	112280.0
15	6.8999999999999995	56.0	26015.0	-0.0005638599395751953	223545730.0	234766622.0	114402.0
15	6.8999999999999995	57.0	26102.0	-0.0005657456137917259	227724268.0	238958883.0	116445.0
15	6.8999999999999995	58.0	25792.0	-0.0005590265447443181	231903011.0	243151174.0	118458.0
15	6.8999999999999995	59.0	26132.0	-0.0005663958462801846	236081521.0	247343425.0	120511.0
15	6.8999999999999995	60.0	26236.0	-0.0005686499855735085	240259951.0	251535665.0	122575.0
15	6.8999999999999995	61.0	26396.0	-0.0005721178921786221	244438232.0	255727974.0	124570.0
15	6.8999999999999995	62.0	26010.0	-0.0005637515674937855	248616613.0	259920260.0	126588.0
15	6.8999999999999995	63.0	25798.0	-0.00055915659124201	252795279.0	264112616.0	128536.0
15	6.8999999999999995	64.0	26199.0	-0.0005678480321710759	256974045.0	268305006.0	130450.0
15	6.8999999999999995	65.0	26039.0	-0.0005643801255659623	261152652.0	272497326.0	132434.0
15	6.8999999999999995	66.0	26080.0	-0.0005652687766335227	265330935.0	276689598.0	134466.0
15	6.8999999999999995	67.0	26093.0	-0.0005655505440451882	269509496.0	280881823.0	136545.0
15	6.8999999999999995	68.0	25898.0	-0.000561324032870206	273688110.0	285074108.0	138564.0
15	6.8999999999999995	69.0	26048.0	-0.0005645751953125	277866372.0	289266309.0	140667.0
15	6.8999999999999995	70.0	26011.0	-0.0005637732419100674	282044992.0	293458566.0	142714.0
15	6.8999999999999995	71.0	25678.0	-0.0005565556612881747	286223294.0	297650816.0	144768.0
15	6.8999999999999995	72.0	26059.0	-0.0005648136138916016	290401837.0	301843015.0	146873.0
15	6.8999999999999995	73.0	25811.0	-0.0005594383586536754	294580255.0	306035171.0	149021.0
15	6.8999999999999995	74.0	25996.0	-0.0005634481256658381	298758736.0	310227397.0	151099.0
15	6.8999999999999995	75.0	26076.0	-0.0005651820789683949	302937023.0	314419568.0	153232.0
15	6.8999999999999995	76.0	26290.0	-0.0005698204040527344	307115573.0	318611882.0	155222.0
15	6.8999999999999995	77.0	26171.0	-0.0005672411485151811	311294171.0	322804119.0	157289.0
15	6.8999999999999995	78.0	25956.0	-0.0005625811490145596	315472612.0	326996393.0	159319.0
15	6.8999999999999995	79.0	25856.0	-0.0005604137073863636	319651204.0	331188667.0	161349.0
15	6.8999999999999995	80.0	26201.0	-0.0005678913810036399	323829812.0	335380953.0	163367.0
15	6.8999999999999995	81.0	25880.0	-0.0005609338933771306	328008500.0	339573244.0	165380.0
15	6.8999999999999995	82.0	26158.0	-0.0005669593811035156	332187094.0	343765513.0	167415.0
15	6.8999999999999995	83.0	26156.0	-0.0005669160322709517	336365456.0	347957615.0	169617.0
15	6.8999999999999995	84.0	25992.0	-0.0005633614280007102	340543844.0	352149823.0	171713.0
15	6.8999999999999995	85.0	25906.0	-0.0005614974282004616	344722421.0	356342035.0	173805.0
15	6.8999999999999995	86.0	26294.0	-0.0005699071017178622	348900941.0	360534266.0	175878.0
15	6.8999999999999995	87.0	26038.0	-0.0005643584511496804	353079437.0	364726505.0	177943.0
15	6.8999999999999995	88.0	25822.0	-0.000559676777232777	357257701.0	368918699.0	180053.0
15	6.8999999999999995	89.0	25979.0	-0.0005630796605890447	361436179.0	373110899.0	182157.0
15	6.8999999999999995	90.0	25981.0	-0.0005631230094216087	365614609.0	377303181.0	184179.0
15	6.8999999999999995	91.0	26078.0	-0.0005652254278009588	369793033.0	381495471.0	186193.0
15	6.8999999999999995	92.0	26248.0	-0.000568910078568892	373971362.0	385687770.0	188198.0
15	6.8999999999999995	93.0	26007.0	-0.0005636865442449397	378149915.0	389880067.0	190205.0
15	6.8999999999999995	94.0	26175.0	-0.0005673278461803089	382328207.0	394072294.0	192282.0
15	6.8999999999999995	95.0	25825.0	-0.0005597418004816228	386506638.0	398264511.0	194369.0
15	6.8999999999999995	96.0	25773.0	-0.0005586147308349609	390685372.0	402456811.0	196373.0
15	6.8999999999999995	97.0	26120.0	-0.0005661357532848011	394863780.0	406649041.0	198447.0
15	6.8999999999999995	98.0	26009.0	-0.0005637298930775036	399042226.0	410841270.0	200522.0
15	6.8999999999999995	99.0	25825.0	-0.0005597418004816228	403220743.0	415033525.0	202571.0
15	6.8999999999999995	100.0	26256.0	-0.0005690834738991477	407399372.0	419225746.0	204654.0
16	6.760000000000001	1.0	18638252.0	-0.40397323261607776	266956.0	4192323.0	1981.0
16	6.760000000000001	2.0	12247684.0	-0.26546140150590375	949772.0	8384580.0	4028.0
16	6.760000000000001	3.0	4897361.0	-0.10614744099703702	2641601.0	12576889.0	6023.0
16	6.760000000000001	4.0	743850.0	-0.016122514551336117	5882113.0	16769105.0	8111.0
16	6.760000000000001	5.0	65985.0	-0.0014301863583651457	9941006.0	20961394.0	10126.0
16	6.760000000000001	6.0	27409.0	-0.0005940740758722478	14112798.0	25153595.0	12229.0
16	6.760000000000001	7.0	26144.0	-0.0005666559392755681	18290936.0	29345888.0	14240.0
16	6.760000000000001	8.0	25934.0	-0.0005621043118563565	22469075.0	33538144.0	16288.0
16	6.760000000000001	9.0	26101.0	-0.0005657239393754439	26647298.0	37730391.0	18345.0
16	6.760000000000001	10.0	26074.0	-0.000565138730135831	30825546.0	41922669.0	20371.0
16	6.760000000000001	11.0	26373.0	-0.0005716193806041371	35003677.0	46114975.0	22369.0
16	6.760000000000001	12.0	26366.0	-0.0005714676596901634	39181985.0	50307256.0	24392.0
16	6.760000000000001	13.0	26327.0	-0.0005706223574551669	43360157.0	54499532.0	26420.0
16	6.760000000000001	14.0	26101.0	-0.0005657239393754439	47538146.0	58691781.0	28475.0
16	6.760000000000001	15.0	25803.0	-0.0005592649633234197	51716289.0	62884050.0	30510.0
16	6.760000000000001	16.0	25873.0	-0.0005607821724631569	55894575.0	67076259.0	32605.0
16	6.760000000000001	17.0	26237.0	-0.0005686716599897904	60073128.0	71268562.0	34606.0
16	6.760000000000001	18.0	26106.0	-0.0005658323114568537	64251273.0	75460770.0	36702.0
16	6.760000000000001	19.0	26212.0	-0.0005681297995827415	68429255.0	79653008.0	38768.0
16	6.760000000000001	20.0	25825.0	-0.0005597418004816228	72607632.0	83845306.0	40774.0
16	6.760000000000001	21.0	26061.0	-0.0005648569627241654	76785999.0	88037538.0	42846.0
16	6.760000000000001	22.0	26009.0	-0.0005637298930775036	80964438.0	92229813.0	44875.0
16	6.760000000000001	23.0	26033.0	-0.0005642500790682706	85142902.0	96422062.0	46930.0
16	6.760000000000001	24.0	26294.0	-0.0005699071017178622	89320998.0	100614311.0	48985.0
16	6.760000000000001	25.0	26535.0	-0.0005751306360418147	93499268.0	104806539.0	51061.0
16	6.760000000000001	26.0	26228.0	-0.0005684765902432529	97677278.0	108998802.0	53102.0
16	6.760000000000001	27.0	26077.0	-0.0005652037533846768	101855425.0	113191080.0	55128.0
16	6.760000000000001	28.0	25996.0	-0.0005634481256658381	106033930.0	117383324.0	57188.0
16	6.760000000000001	29.0	26433.0	-0.0005729198455810547	110212250.0	121575542.0	59274.0
16	6.760000000000001	30.0	26233.0	-0.0005685849623246627	114390330.0	125767809.0	61311.0
16	6.760000000000001	31.0	26030.0	-0.0005641850558194247	118568708.0	129960044.0	63380.0
16	6.760000000000001	32.0	25958.0	-0.0005626244978471236	122746951.0	134152294.0	65434.0
16	6.760000000000001	33.0	26199.0	-0.0005678480321710759	126925330.0	138344564.0	67468.0
16	6.760000000000001	34.0	26189.0	-0.0005676312880082564	131103499.0	142536840.0	69496.0
16	6.760000000000001	35.0	26205.0	-0.0005679780786687678	135281576.0	146729087.0	71553.0
16	6.760000000000001	36.0	25902.0	-0.0005614107305353338	139459503.0	150921333.0	73611.0
16	6.760000000000001	37.0	26174.0	-0.000567306171764027	143637508.0	155113566.0	75682.0
16	6.760000000000001	38.0	26115.0	-0.0005660273812033913	147815661.0	159305819.0	77733.0
16	6.760000000000001	39.0	26038.0	-0.0005643584511496804	151993948.0	163498075.0	79781.0
16	6.760000000000001	40.0	26025.0	-0.0005640766837380149	156172314.0	167690347.0	81813.0
16	6.760000000000001	41.0	26134.0	-0.0005664391951127486	160350677.0	171882482.0	83982.0
16	6.760000000000001	42.0	26136.0	-0.0005664825439453125	164528738.0	176074745.0	86023.0
16	6.760000000000001	43.0	25934.0	-0.0005621043118563565	168707030.0	180266956.0	88116.0
16	6.760000000000001	44.0	26193.0	-0.0005677179856733842	172885057.0	184459171.0	90205.0
16	6.760000000000001	45.0	26220.0	-0.0005683031949129971	177063072.0	188651436.0	92244.0
16	6.760000000000001	46.0	26291.0	-0.0005698420784690163	181241239.0	192843677.0	94307.0
16	6.760000000000001	47.0	26181.0	-0.0005674578926780007	185419403.0	197035967.0	96321.0
16	6.760000000000001	48.0	25873.0	-0.0005607821724631569	189597692.0	201228197.0	98395.0
16	6.760000000000001	49.0	26198.0	-0.000567826357754794	193776100.0	205420432.0	100464.0
16	6.760000000000001	50.0	26026.0	-0.0005640983581542969	197954430.0	209612723.0	102477.0
16	6.760000000000001	51.0	26172.0	-0.0005672628229314631	202132624.0	213805026.0	104478.0
16	6.760000000000001	52.0	26078.0	-0.0005652254278009588	206310760.0	217997239.0	106569.0
16	6.760000000000001	53.0	26085.0	-0.0005653771487149326	210488974.0	222189407.0	108705.0
16	6.760000000000001	54.0	25972.0	-0.000562927939675071	214667187.0	226381606.0	110810.0
16	6.760000000000001	55.0	25811.0	-0.0005594383586536754	218845381.0	230573907.0	112813.0
16	6.760000000000001	56.0	26136.0	-0.0005664825439453125	223023444.0	234766060.0	114964.0
16	6.760000000000001	57.0	26190.0	-0.0005676529624245384	227201420.0	238958316.0	117012.0
16	6.760000000000001	58.0	26096.0	-0.0005656155672940341	231379556.0	243150613.0	119019.0
16	6.760000000000001	59.0	25844.0	-0.0005601536143909801	235558015.0	247342875.0	121061.0
16	6.760000000000001	60.0	25987.0	-0.0005632530559193004	239736367.0	251535159.0	123081.0
16	6.760000000000001	61.0	26211.0	-0.0005681081251664596	243914576.0	255727366.0	125178.0
16	6.760000000000001	62.0	26000.0	-0.0005635348233309659	248092660.0	259919629.0	127219.0
16	6.760000000000001	63.0	25822.0	-0.000559676777232777	252270680.0	264111828.0	129324.0
16	6.760000000000001	64.0	26131.0	-0.0005663741718639027	256448708.0	268304093.0	131363.0
16	6.760000000000001	65.0	26120.0	-0.0005661357532848011	260626862.0	272496414.0	133346.0
16	6.760000000000001	66.0	26249.0	-0.0005689317529851741	264805173.0	276688670.0	135394.0
16	6.760000000000001	67.0	26218.0	-0.0005682598460804332	268983468.0	280880991.0	137377.0
16	6.760000000000001	68.0	25837.0	-0.0005600018934770064	273161663.0	285073256.0	139416.0
16	6.760000000000001	69.0	25967.0	-0.0005628195675936612	277340188.0	289265555.0	141421.0
16	6.760000000000001	70.0	25947.0	-0.0005623860792680221	281518345.0	293457844.0	143436.0
16	6.760000000000001	71.0	25832.0	-0.0005598935213955966	285696796.0	297650150.0	145434.0
16	6.760000000000001	72.0	26353.0	-0.0005711858922784978	289875115.0	301842437.0	147451.0
16	6.760000000000001	73.0	26250.0	-0.000568953427401456	294053078.0	306034627.0	149565.0
16	6.760000000000001	74.0	26049.0	-0.0005645968697287819	298231537.0	310226874.0	151622.0
16	6.760000000000001	75.0	26099.0	-0.0005656805905428799	302409714.0	314419112.0	153688.0
16	6.760000000000001	76.0	26164.0	-0.0005670894276012074	306588040.0	318611338.0	155766.0
16	6.760000000000001	77.0	26238.0	-0.0005686933344060725	310766306.0	322803609.0	157799.0
16	6.760000000000001	78.0	25894.0	-0.0005612373352050781	314944380.0	326995806.0	159906.0
16	6.760000000000001	79.0	25703.0	-0.0005570975216952237	319122498.0	331188034.0	161982.0
16	6.760000000000001	80.0	26153.0	-0.0005668510090221058	323300938.0	335380349.0	163971.0
16	6.760000000000001	81.0	26151.0	-0.0005668076601895419	327479086.0	339572574.0	166050.0
16	6.760000000000001	82.0	26066.0	-0.0005649653348055753	331657384.0	343764783.0	168145.0
16	6.760000000000001	83.0	26062.0	-0.0005648786371404475	335835843.0	347957008.0	170224.0
16	6.760000000000001	84.0	26073.0	-0.0005651170557195491	340014212.0	352149311.0	172225.0
16	6.760000000000001	85.0	26080.0	-0.0005652687766335227	344192245.0	356341563.0	174277.0
16	6.760000000000001	86.0	26131.0	-0.0005663741718639027	348370486.0	360533738.0	176406.0
16	6.760000000000001	87.0	25986.0	-0.0005632313815030185	352548851.0	364725987.0	178461.0
16	6.760000000000001	88.0	26230.0	-0.0005685199390758168	356726906.0	368918138.0	180614.0
16	6.760000000000001	89.0	26148.0	-0.000566742636940696	360905091.0	373110440.0	182616.0
16	6.760000000000001	90.0	26074.0	-0.000565138730135831	365083478.0	377302695.0	184665.0
16	6.760000000000001	91.0	25802.0	-0.0005592432889071378	369261525.0	381494937.0	186727.0
16	6.760000000000001	92.0	25760.0	-0.0005583329634232955	373439845.0	385687267.0	188701.0
16	6.760000000000001	93.0	26300.0	-0.000570037148215554	377618084.0	389879570.0	190702.0
16	6.760000000000001	94.0	26228.0	-0.0005684765902432529	381796356.0	394071845.0	192731.0
16	6.760000000000001	95.0	26231.0	-0.0005685416134920987	385974481.0	398264140.0	194740.0
16	6.760000000000001	96.0	26148.0	-0.000566742636940696	390152720.0	402456435.0	196749.0
16	6.760000000000001	97.0	26170.0	-0.0005672194740988991	394330909.0	406648608.0	198880.0
16	6.760000000000001	98.0	26259.0	-0.0005691484971479936	398509229.0	410840826.0	200966.0
16	6.760000000000001	99.0	26028.0	-0.0005641417069868608	402687458.0	415033078.0	203018.0
16	6.760000000000001	100.0	26001.0	-0.0005635564977472478	406865734.0	419225275.0	205125.0
17	6.62	1.0	18973819.0	-0.41124645146456634	243451.0	4192245.0	2059.0
17	6.62	2.0	13055127.0	-0.2829622572118586	848281.0	8384457.0	4151.0
17	6.62	3.0	5856507.0	-0.12693637067621405	2343992.0	12576755.0	6157.0
17	6.62	4.0	1072588.0	-0.023247718811035156	5354275.0	16768986.0	8230.0
17	6.62	5.0	94245.0	-0.0020427053624933415	9348463.0	20961279.0	10241.0
17	6.62	6.0	28679.0	-0.0006216005845503373	13515646.0	25153642.0	12182.0
17	6.62	7.0	26292.0	-0.0005698637528852983	17693175.0	29345942.0	14186.0
17	6.62	8.0	25811.0	-0.0005594383586536754	21871137.0	33538159.0	16273.0
17	6.62	9.0	26134.0	-0.0005664391951127486	26049080.0	37730339.0	18397.0
17	6.62	10.0	26103.0	-0.0005657672882080078	30227075.0	41922665.0	20375.0
17	6.62	11.0	26326.0	-0.000570600683038885	34404773.0	46114939.0	22405.0
17	6.62	12.0	26004.0	-0.0005636215209960938	38582604.0	50307270.0	24378.0
17	6.62	13.0	26245.0	-0.0005688450553200462	42760517.0	54499541.0	26411.0
17	6.62	14.0	26230.0	-0.0005685199390758168	46938431.0	58691786.0	28470.0
17	6.62	15.0	26144.0	-0.0005666559392755681	51116222.0	62884067.0	30493.0
17	6.62	16.0	26241.0	-0.0005687583576549183	55294168.0	67076376.0	32488.0
17	6.62	17.0	25892.0	-0.0005611939863725142	59472146.0	71268619.0	34549.0
17	6.62	18.0	26270.0	-0.0005693869157270951	63650028.0	75460815.0	36657.0
17	6.62	19.0	26066.0	-0.0005649653348055753	67827796.0	79653049.0	38727.0
17	6.62	20.0	26377.0	-0.0005717060782692649	72005614.0	83845316.0	40764.0
17	6.62	21.0	26259.0	-0.0005691484971479936	76183443.0	88037531.0	42853.0
17	6.62	22.0	26240.0	-0.0005687366832386364	80361268.0	92229710.0	44978.0
17	6.62	23.0	25929.0	-0.0005619959397749467	84539234.0	96421889.0	47103.0
17	6.62	24.0	26112.0	-0.0005659623579545455	88717222.0	100614092.0	49204.0
17	6.62	25.0	26009.0	-0.0005637298930775036	92895227.0	104806403.0	51197.0
17	6.62	26.0	26076.0	-0.0005651820789683949	97073196.0	108998707.0	53197.0
17	6.62	27.0	26376.0	-0.000571684403852983	101251042.0	113190919.0	55289.0
17	6.62	28.0	25918.0	-0.0005617575211958451	105429156.0	117383153.0	57359.0
17	6.62	29.0	26099.0	-0.0005656805905428799	109607155.0	121575403.0	59413.0
17	6.62	30.0	26169.0	-0.0005671977996826172	113785142.0	125767621.0	61499.0
17	6.62	31.0	26039.0	-0.0005643801255659623	117963189.0	129959938.0	63486.0
17	6.62	32.0	26055.0	-0.0005647269162264737	122141283.0	134152248.0	65480.0
17	6.62	33.0	26406.0	-0.0005723346363414418	126319080.0	138344540.0	67492.0
17	6.62	34.0	26259.0	-0.0005691484971479936	130496688.0	142536749.0	69587.0
17	6.62	35.0	26236.0	-0.0005686499855735085	134674627.0	146728970.0	71670.0
17	6.62	36.0	26296.0	-0.0005699504505504261	138852564.0	150921106.0	73838.0
17	6.62	37.0	26102.0	-0.0005657456137917259	143030392.0	155113305.0	75943.0
17	6.62	38.0	26331.0	-0.0005707090551202947	147208294.0	159305593.0	77959.0
17	6.62	39.0	26075.0	-0.0005651604045521129	151386357.0	163497815.0	80041.0
17	6.62	40.0	26313.0	-0.0005703189156272194	155564177.0	167690046.0	82114.0
17	6.62	41.0	26019.0	-0.0005639466372403232	159742001.0	171882272.0	84192.0
17	6.62	42.0	25886.0	-0.0005610639398748225	163919938.0	176074481.0	86287.0
17	6.62	43.0	26394.0	-0.0005720745433460582	168097887.0	180266626.0	88446.0
17	6.62	44.0	26335.0	-0.0005707957527854226	172275647.0	184458864.0	90512.0
17	6.62	45.0	26392.0	-0.0005720311945134944	176453504.0	188651125.0	92555.0
17	6.62	46.0	26227.0	-0.0005684549158269709	180631233.0	192843275.0	94709.0
17	6.62	47.0	26143.0	-0.0005666342648592862	184809384.0	197035517.0	96771.0
17	6.62	48.0	26437.0	-0.0005730065432461826	188987246.0	201227758.0	98834.0
17	6.62	49.0	26465.0	-0.0005736134269020774	193165223.0	205419962.0	100934.0
17	6.62	50.0	26222.0	-0.0005683465437455611	197343053.0	209612253.0	102947.0
17	6.62	51.0	26377.0	-0.0005717060782692649	201520891.0	213804544.0	104960.0
17	6.62	52.0	26160.0	-0.0005670027299360795	205698741.0	217996810.0	106998.0
17	6.62	53.0	26128.0	-0.0005663091486150569	209876746.0	222189098.0	109014.0
17	6.62	54.0	26015.0	-0.0005638599395751953	214054891.0	226381338.0	111078.0
17	6.62	55.0	25941.0	-0.0005622560327703303	218232784.0	230573594.0	113126.0
17	6.62	56.0	25945.0	-0.0005623427304354581	222410900.0	234765864.0	115160.0
17	6.62	57.0	26388.0	-0.0005719444968483665	226588743.0	238958115.0	117213.0
17	6.62	58.0	26209.0	-0.0005680647763338956	230766338.0	243150361.0	119271.0
17	6.62	59.0	26436.0	-0.0005729848688299006	234944252.0	247342612.0	121324.0
17	6.62	60.0	26028.0	-0.0005641417069868608	239122049.0	251534926.0	123314.0
17	6.62	61.0	26144.0	-0.0005666559392755681	243299786.0	255727174.0	125370.0
17	6.62	62.0	26355.0	-0.0005712292411110618	247477639.0	259919355.0	127493.0
17	6.62	63.0	26233.0	-0.0005685849623246627	251655517.0	264111634.0	129518.0
17	6.62	64.0	26356.0	-0.0005712509155273438	255833327.0	268303869.0	131587.0
17	6.62	65.0	26159.0	-0.0005669810555197976	260011315.0	272496140.0	133620.0
17	6.62	66.0	26160.0	-0.0005670027299360795	264188914.0	276688340.0	135724.0
17	6.62	67.0	26306.0	-0.0005701671947132457	268366995.0	280880727.0	137641.0
17	6.62	68.0	26377.0	-0.0005717060782692649	272544517.0	285072901.0	139771.0
17	6.62	69.0	26094.0	-0.0005655722184614701	276722316.0	289265093.0	141883.0
17	6.62	70.0	26099.0	-0.0005656805905428799	280900315.0	293457385.0	143895.0
17	6.62	71.0	26262.0	-0.0005692135203968395	285078123.0	297649632.0	145952.0
17	6.62	72.0	26113.0	-0.0005659840323708274	289256147.0	301841833.0	148055.0
17	6.62	73.0	26403.0	-0.0005722696130925959	293433954.0	306034093.0	150099.0
17	6.62	74.0	25975.0	-0.0005629929629239169	297611947.0	310226348.0	152148.0
17	6.62	75.0	25992.0	-0.0005633614280007102	301790017.0	314418573.0	154227.0
17	6.62	76.0	26137.0	-0.0005665042183615944	305967831.0	318610775.0	156329.0
17	6.62	77.0	26333.0	-0.0005707524039528587	310145860.0	322803025.0	158383.0
17	6.62	78.0	26207.0	-0.0005680214275013317	314323657.0	326995342.0	160370.0
17	6.62	79.0	26320.0	-0.0005704706365411931	318501430.0	331187581.0	162435.0
17	6.62	80.0	26013.0	-0.0005638165907426314	322679402.0	335379811.0	164509.0
17	6.62	81.0	26150.0	-0.00056678598577326	326857105.0	339572105.0	166519.0
17	6.62	82.0	26107.0	-0.0005658539858731357	331034974.0	343764279.0	168649.0
17	6.62	83.0	26218.0	-0.0005682598460804332	335212607.0	347956566.0	170666.0
17	6.62	84.0	26157.0	-0.0005669377066872337	339390681.0	352148870.0	172666.0
17	6.62	85.0	26213.0	-0.0005681514739990234	343568508.0	356341051.0	174789.0
17	6.62	86.0	26113.0	-0.0005659840323708274	347746487.0	360533240.0	176904.0
17	6.62	87.0	26313.0	-0.0005703189156272194	351924275.0	364725461.0	178987.0
17	6.62	88.0	26383.0	-0.0005718361247669567	356102101.0	368917687.0	181065.0
17	6.62	89.0	26211.0	-0.0005681081251664596	360280058.0	373109947.0	183109.0
17	6.62	90.0	26024.0	-0.000564055009321733	364457971.0	377302200.0	185160.0
17	6.62	91.0	26105.0	-0.0005658106370405717	368636009.0	381494467.0	187197.0
17	6.62	92.0	26031.0	-0.0005642067302357067	372814057.0	385686739.0	189229.0
17	6.62	93.0	26062.0	-0.0005648786371404475	376992159.0	389878971.0	191301.0
17	6.62	94.0	26448.0	-0.0005732449618252841	381170136.0	394071187.0	193389.0
17	6.62	95.0	25923.0	-0.0005618658932772549	385348028.0	398263504.0	195376.0
17	6.62	96.0	26415.0	-0.0005725297060879794	389526009.0	402455752.0	197432.0
17	6.62	97.0	26278.0	-0.0005695603110573509	393704266.0	406648042.0	199446.0
17	6.62	98.0	26292.0	-0.0005698637528852983	397882062.0	410840353.0	201439.0
17	6.62	99.0	26213.0	-0.0005681514739990234	402059892.0	415032574.0	203522.0
17	6.62	100.0	25751.0	-0.0005581378936767578	406238084.0	419224887.0	205513.0
18	6.48	1.0	19271133.0	-0.41769055886702106	223070.0	4192190.0	2114.0
18	6.48	2.0	13762444.0	-0.29829294031316583	764174.0	8384470.0	4138.0
18	6.48	3.0	6826181.0	-0.14795348861000754	2081666.0	12576735.0	6177.0
18	6.48	4.0	1512230.0	-0.03277670253406872	4842445.0	16769031.0	8185.0
18	6.48	5.0	140472.0	-0.003044648603959517	8747548.0	20961287.0	10233.0
18	6.48	6.0	30804.0	-0.0006676587191495029	12906126.0	25153562.0	12262.0
18	6.48	7.0	26330.0	-0.0005706873807040128	17083016.0	29345793.0	14335.0
18	6.48	8.0	26210.0	-0.0005680864507501775	21260615.0	33538102.0	16330.0
18	6.48	9.0	26324.0	-0.000570557334206321	25438093.0	37730396.0	18340.0
18	6.48	10.0	26197.0	-0.0005678046833385121	29615767.0	41922684.0	20356.0
18	6.48	11.0	26291.0	-0.0005698420784690163	33793537.0	46114933.0	22411.0
18	6.48	12.0	26208.0	-0.0005680431019176136	37971249.0	50307194.0	24454.0
18	6.48	13.0	26476.0	-0.000573851845481179	42148776.0	54499468.0	26484.0
18	6.48	14.0	26336.0	-0.0005708174272017045	46326390.0	58691739.0	28517.0
18	6.48	15.0	26323.0	-0.0005705356597900391	50503792.0	62883884.0	30676.0
18	6.48	16.0	26248.0	-0.000568910078568892	54681273.0	67076152.0	32712.0
18	6.48	17.0	26383.0	-0.0005718361247669567	58858753.0	71268388.0	34780.0
18	6.48	18.0	26421.0	-0.0005726597525856712	63036260.0	75460591.0	36881.0
18	6.48	19.0	26224.0	-0.000568389892578125	67214038.0	79652782.0	38994.0
18	6.48	20.0	25918.0	-0.0005617575211958451	71391564.0	83845051.0	41029.0
18	6.48	21.0	26282.0	-0.0005696470087224787	75569182.0	88037325.0	43059.0
18	6.48	22.0	26049.0	-0.0005645968697287819	79746705.0	92229499.0	45189.0
18	6.48	23.0	26254.0	-0.0005690401250665838	83924324.0	96421765.0	47227.0
18	6.48	24.0	26120.0	-0.0005661357532848011	88101847.0	100614031.0	49265.0
18	6.48	25.0	26195.0	-0.0005677613345059482	92279381.0	104806333.0	51267.0
18	6.48	26.0	26308.0	-0.0005702105435458096	96457019.0	108998627.0	53277.0
18	6.48	27.0	26375.0	-0.0005716627294367009	100634618.0	113190837.0	55371.0
18	6.48	28.0	26304.0	-0.0005701238458806819	104812046.0	117382991.0	57521.0
18	6.48	29.0	26276.0	-0.0005695169622247869	108989627.0	121575274.0	59542.0
18	6.48	30.0	26337.0	-0.0005708391016179866	113167242.0	125767526.0	61594.0
18	6.48	31.0	26198.0	-0.000567826357754794	117344778.0	129959726.0	63698.0
18	6.48	32.0	26202.0	-0.0005679130554199219	121522228.0	134152018.0	65710.0
18	6.48	33.0	26183.0	-0.0005675012415105647	125699793.0	138344311.0	67721.0
18	6.48	34.0	26558.0	-0.0005756291476162997	129877506.0	142536572.0	69764.0
18	6.48	35.0	26707.0	-0.0005788586356423118	134054780.0	146728831.0	71809.0
18	6.48	36.0	26124.0	-0.000566222450949929	138232385.0	150921177.0	73767.0
18	6.48	37.0	26347.0	-0.0005710558457808061	142409951.0	155113442.0	75806.0
18	6.48	38.0	26412.0	-0.0005724646828391335	146587439.0	159305665.0	77887.0
18	6.48	39.0	26067.0	-0.0005649870092218572	150765053.0	163497881.0	79975.0
18	6.48	40.0	26111.0	-0.0005659406835382634	154942910.0	167690125.0	82035.0
18	6.48	41.0	26546.0	-0.0005753690546209162	159120434.0	171882340.0	84124.0
18	6.48	42.0	26059.0	-0.0005648136138916016	163297789.0	176074495.0	86273.0
18	6.48	43.0	26234.0	-0.0005686066367409446	167475663.0	180266756.0	88316.0
18	6.48	44.0	26567.0	-0.0005758242173628373	171653242.0	184459111.0	90265.0
18	6.48	45.0	25928.0	-0.0005619742653586648	175830818.0	188651306.0	92374.0
18	6.48	46.0	26350.0	-0.000571120869029652	180008339.0	192843572.0	94412.0
18	6.48	47.0	26323.0	-0.0005705356597900391	184186074.0	197035866.0	96422.0
18	6.48	48.0	26262.0	-0.0005692135203968395	188363675.0	201228122.0	98470.0
18	6.48	49.0	26554.0	-0.0005755424499511719	192541256.0	205420407.0	100489.0
18	6.48	50.0	26172.0	-0.0005672628229314631	196718842.0	209612689.0	102511.0
18	6.48	51.0	26276.0	-0.0005695169622247869	200896278.0	213805006.0	104498.0
18	6.48	52.0	26699.0	-0.0005786852403120561	205073905.0	217997281.0	106527.0
18	6.48	53.0	26391.0	-0.0005720095200972123	209251370.0	222189488.0	108624.0
18	6.48	54.0	26483.0	-0.0005740035663951527	213428782.0	226381682.0	110734.0
18	6.48	55.0	26002.0	-0.0005635781721635299	217606564.0	230573899.0	112821.0
18	6.48	56.0	26453.0	-0.0005733533339066939	221784028.0	234766080.0	114944.0
18	6.48	57.0	26371.0	-0.0005715760317715732	225961572.0	238958426.0	116902.0
18	6.48	58.0	26252.0	-0.0005689967762340199	230139143.0	243150680.0	118952.0
18	6.48	59.0	26409.0	-0.0005723996595902877	234316834.0	247343013.0	120923.0
18	6.48	60.0	26123.0	-0.0005662007765336471	238494639.0	251535214.0	123026.0
18	6.48	61.0	26330.0	-0.0005706873807040128	242672230.0	255727447.0	125097.0
18	6.48	62.0	26487.0	-0.0005740902640602806	246849712.0	259919687.0	127161.0
18	6.48	63.0	26648.0	-0.0005775798450816761	251027244.0	264111929.0	129223.0
18	6.48	64.0	26276.0	-0.0005695169622247869	255204780.0	268304166.0	131290.0
18	6.48	65.0	26296.0	-0.0005699504505504261	259382396.0	272496382.0	133378.0
18	6.48	66.0	26467.0	-0.0005736567757346413	263559644.0	276688601.0	135463.0
18	6.48	67.0	26239.0	-0.0005687150088223544	267737103.0	280880850.0	137518.0
18	6.48	68.0	26615.0	-0.0005768645893443714	271914397.0	285073062.0	139610.0
18	6.48	69.0	26342.0	-0.0005709474736993963	276091913.0	289265228.0	141748.0
18	6.48	70.0	26226.0	-0.0005684332414106889	280269389.0	293457402.0	143878.0
18	6.48	71.0	26107.0	-0.0005658539858731357	284447109.0	297649729.0	145855.0
18	6.48	72.0	26508.0	-0.0005745454268022017	288624701.0	301842004.0	147884.0
18	6.48	73.0	26426.0	-0.000572768124667081	292802080.0	306034270.0	149922.0
18	6.48	74.0	26377.0	-0.0005717060782692649	296979505.0	310226524.0	151972.0
18	6.48	75.0	26209.0	-0.0005680647763338956	301157131.0	314418810.0	153990.0
18	6.48	76.0	26075.0	-0.0005651604045521129	305334727.0	318611125.0	155979.0
18	6.48	77.0	26478.0	-0.0005738951943137429	309512362.0	322803412.0	157996.0
18	6.48	78.0	26221.0	-0.0005683248693292791	313689713.0	326995662.0	160050.0
18	6.48	79.0	26185.0	-0.0005675445903431286	317866999.0	331187913.0	162103.0
18	6.48	80.0	26183.0	-0.0005675012415105647	322044478.0	335380179.0	164141.0
18	6.48	81.0	26189.0	-0.0005676312880082564	326222275.0	339572458.0	166166.0
18	6.48	82.0	26178.0	-0.0005673928694291549	330399835.0	343764737.0	168191.0
18	6.48	83.0	26269.0	-0.0005693652413108132	334577213.0	347956980.0	170252.0
18	6.48	84.0	26413.0	-0.0005724863572554154	338754815.0	352149269.0	172267.0
18	6.48	85.0	26300.0	-0.000570037148215554	342932401.0	356341492.0	174348.0
18	6.48	86.0	26312.0	-0.0005702972412109375	347109967.0	360533733.0	176411.0
18	6.48	87.0	26224.0	-0.000568389892578125	351287609.0	364725911.0	178537.0
18	6.48	88.0	26201.0	-0.0005678913810036399	355465200.0	368918244.0	180508.0
18	6.48	89.0	26318.0	-0.0005704272877086293	359642808.0	373110504.0	182552.0
18	6.48	90.0	26313.0	-0.0005703189156272194	363820478.0	377302774.0	184586.0
18	6.48	91.0	26072.0	-0.000565095381303267	367998225.0	381495057.0	186607.0
18	6.48	92.0	26105.0	-0.0005658106370405717	372175970.0	385687329.0	188639.0
18	6.48	93.0	26282.0	-0.0005696470087224787	376353363.0	389879560.0	190712.0
18	6.48	94.0	26151.0	-0.0005668076601895419	380530761.0	394071743.0	192833.0
18	6.48	95.0	26220.0	-0.0005683031949129971	384708290.0	398263945.0	194935.0
18	6.48	96.0	26482.0	-0.0005739818919788707	388885807.0	402456244.0	196940.0
18	6.48	97.0	26350.0	-0.000571120869029652	393063369.0	406648480.0	199008.0
18	6.48	98.0	26167.0	-0.0005671544508500533	397241083.0	410840859.0	200933.0
18	6.48	99.0	26097.0	-0.0005656372417103161	401418611.0	415033146.0	202950.0
18	6.48	100.0	26274.0	-0.000569473613392223	405596148.0	419225409.0	204991.0
19	6.34	1.0	19548823.0	-0.4237093275243586	204689.0	4192283.0	2021.0
19	6.34	2.0	14471482.0	-0.31366092508489435	684941.0	8384489.0	4119.0
19	6.34	3.0	7852242.0	-0.17019276185469193	1838400.0	12576770.0	6142.0
19	6.34	4.0	2102165.0	-0.04556319930336692	4329924.0	16768988.0	8228.0
19	6.34	5.0	218559.0	-0.004737138748168945	8107283.0	20961282.0	10238.0
19	6.34	6.0	35004.0	-0.0007586912675337358	12251338.0	25153537.0	12287.0
19	6.34	7.0	26676.0	-0.000578186728737571	16426830.0	29345763.0	14365.0
19	6.34	8.0	26225.0	-0.0005684115669944069	20603873.0	33537977.0	16455.0
19	6.34	9.0	26404.0	-0.0005722912875088779	24781074.0	37730266.0	18470.0
19	6.34	10.0	26103.0	-0.0005657672882080078	28958315.0	41922556.0	20484.0
19	6.34	11.0	26551.0	-0.0005754774267023259	33135444.0	46114864.0	22480.0
19	6.34	12.0	26771.0	-0.0005802457982843572	37312800.0	50307172.0	24476.0
19	6.34	13.0	26415.0	-0.0005725297060879794	41489918.0	54499366.0	26586.0
19	6.34	14.0	26375.0	-0.0005716627294367009	45667239.0	58691603.0	28653.0
19	6.34	15.0	26572.0	-0.0005759325894442471	49844311.0	62883803.0	30757.0
19	6.34	16.0	26396.0	-0.0005721178921786221	54021402.0	67076077.0	32787.0
19	6.34	17.0	26419.0	-0.0005726164037531072	58198584.0	71268327.0	34841.0
19	6.34	18.0	26488.0	-0.0005741119384765625	62375822.0	75460658.0	36814.0
19	6.34	19.0	26205.0	-0.0005679780786687678	66552893.0	79652862.0	38914.0
19	6.34	20.0	26235.0	-0.0005686283111572266	70730271.0	83845127.0	40953.0
19	6.34	21.0	26867.0	-0.0005823265422474254	74907342.0	88037398.0	42986.0
19	6.34	22.0	26492.0	-0.0005741986361416904	79084374.0	92229649.0	45039.0
19	6.34	23.0	26266.0	-0.0005693002180619674	83261756.0	96421881.0	47111.0
19	6.34	24.0	26317.0	-0.0005704056132923473	87438967.0	100614094.0	49202.0
19	6.34	25.0	26235.0	-0.0005686283111572266	91616128.0	104806367.0	51233.0
19	6.34	26.0	26357.0	-0.0005712725899436257	95793324.0	108998562.0	53342.0
19	6.34	27.0	26335.0	-0.0005707957527854226	99970568.0	113190796.0	55412.0
19	6.34	28.0	26463.0	-0.0005735700780695134	104147876.0	117383020.0	57492.0
19	6.34	29.0	26372.0	-0.0005715977061878551	108325154.0	121575311.0	59505.0
19	6.34	30.0	26368.0	-0.0005715110085227273	112502392.0	125767661.0	61459.0
19	6.34	31.0	26158.0	-0.0005669593811035156	116679629.0	129959931.0	63493.0
19	6.34	32.0	26248.0	-0.000568910078568892	120856890.0	134152219.0	65509.0
19	6.34	33.0	26374.0	-0.000571641055020419	125034139.0	138344443.0	67589.0
19	6.34	34.0	26580.0	-0.0005761059847745029	129211329.0	142536638.0	69698.0
19	6.34	35.0	26470.0	-0.0005737217989834872	133388623.0	146728934.0	71706.0
19	6.34	36.0	26146.0	-0.0005666992881081321	137566048.0	150921203.0	73741.0
19	6.34	37.0	26248.0	-0.000568910078568892	141743087.0	155113431.0	75817.0
19	6.34	38.0	26480.0	-0.0005739385431463069	145920346.0	159305673.0	77879.0
19	6.34	39.0	26475.0	-0.0005738301710648971	150097636.0	163497876.0	79980.0
19	6.34	40.0	26373.0	-0.0005716193806041371	154274821.0	167690161.0	81999.0
19	6.34	41.0	26392.0	-0.0005720311945134944	158451881.0	171882417.0	84047.0
19	6.34	42.0	26468.0	-0.0005736784501509233	162629024.0	176074648.0	86120.0
19	6.34	43.0	26342.0	-0.0005709474736993963	166806196.0	180266929.0	88143.0
19	6.34	44.0	26221.0	-0.0005683248693292791	170983303.0	184459198.0	90178.0
19	6.34	45.0	26348.0	-0.0005710775201970881	175160624.0	188651426.0	92254.0
19	6.34	46.0	26527.0	-0.0005749572407115589	179337689.0	192843533.0	94451.0
19	6.34	47.0	26083.0	-0.0005653337998823686	183514954.0	197035749.0	96539.0
19	6.34	48.0	26688.0	-0.0005784468217329545	187692217.0	201228023.0	98569.0
19	6.34	49.0	26365.0	-0.0005714459852738814	191869184.0	205420208.0	100688.0
19	6.34	50.0	26763.0	-0.0005800724029541016	196046478.0	209612480.0	102720.0
19	6.34	51.0	26501.0	-0.0005743937058882279	200223471.0	213804736.0	104768.0
19	6.34	52.0	26249.0	-0.0005689317529851741	204400551.0	217996922.0	106886.0
19	6.34	53.0	26096.0	-0.0005656155672940341	208578018.0	222189118.0	108994.0
19	6.34	54.0	26433.0	-0.0005729198455810547	212755191.0	226381385.0	111031.0
19	6.34	55.0	26022.0	-0.000564011660489169	216932451.0	230573612.0	113108.0
19	6.34	56.0	26581.0	-0.0005761276591907848	221109702.0	234765844.0	115180.0
19	6.34	57.0	26290.0	-0.0005698204040527344	225286639.0	238958027.0	117301.0
19	6.34	58.0	26343.0	-0.0005709691481156783	229463701.0	243150303.0	119329.0
19	6.34	59.0	26626.0	-0.000577103007923473	233640821.0	247342536.0	121400.0
19	6.34	60.0	26339.0	-0.0005708824504505504	237818157.0	251534776.0	123464.0
19	6.34	61.0	26212.0	-0.0005681297995827415	241995390.0	255727066.0	125478.0
19	6.34	62.0	26418.0	-0.0005725947293368253	246172586.0	259919265.0	127583.0
19	6.34	63.0	26455.0	-0.0005733966827392578	250349844.0	264111565.0	129587.0
19	6.34	64.0	25940.0	-0.0005622343583540483	254527236.0	268303853.0	131603.0
19	6.34	65.0	26224.0	-0.000568389892578125	258704493.0	272496026.0	133734.0
19	6.34	66.0	26288.0	-0.0005697770552201705	262881837.0	276688408.0	135656.0
19	6.34	67.0	26537.0	-0.0005751739848743786	267058894.0	280880589.0	137779.0
19	6.34	68.0	26409.0	-0.0005723996595902877	271235770.0	285072850.0	139822.0
19	6.34	69.0	26627.0	-0.0005771246823397549	275412784.0	289265104.0	141872.0
19	6.34	70.0	26280.0	-0.0005696036598899148	279590100.0	293457404.0	143876.0
19	6.34	71.0	26551.0	-0.0005754774267023259	283767119.0	297649661.0	145923.0
19	6.34	72.0	26151.0	-0.0005668076601895419	287944464.0	301841877.0	148011.0
19	6.34	73.0	26372.0	-0.0005715977061878551	292121757.0	306034192.0	150000.0
19	6.34	74.0	26279.0	-0.0005695819854736328	296298700.0	310226453.0	152043.0
19	6.34	75.0	26411.0	-0.0005724430084228516	300475954.0	314418684.0	154116.0
19	6.34	76.0	26389.0	-0.0005719661712646484	304653206.0	318611003.0	156101.0
19	6.34	77.0	26341.0	-0.0005709257992831143	308830336.0	322803274.0	158134.0
19	6.34	78.0	26624.0	-0.0005770596590909091	313007559.0	326995574.0	160138.0
19	6.34	79.0	26200.0	-0.000567869706587358	317184770.0	331187899.0	162117.0
19	6.34	80.0	26414.0	-0.0005725080316716975	321362105.0	335380123.0	164197.0
19	6.34	81.0	26267.0	-0.0005693218924782493	325539315.0	339572313.0	166311.0
19	6.34	82.0	26156.0	-0.0005669160322709517	329716586.0	343764639.0	168289.0
19	6.34	83.0	26198.0	-0.000567826357754794	333893856.0	347956906.0	170326.0
19	6.34	84.0	26550.0	-0.000575455752286044	338071049.0	352149157.0	172379.0
19	6.34	85.0	26376.0	-0.000571684403852983	342248266.0	356341371.0	174469.0
19	6.34	86.0	26500.0	-0.000574372031471946	346425348.0	360533699.0	176445.0
19	6.34	87.0	26517.0	-0.0005747404965487393	350602443.0	364725875.0	178573.0
19	6.34	88.0	26415.0	-0.0005725297060879794	354779465.0	368918111.0	180641.0
19	6.34	89.0	26232.0	-0.0005685632879083806	358956448.0	373110392.0	182664.0
19	6.34	90.0	26477.0	-0.0005738735198974609	363133633.0	377302607.0	184753.0
19	6.34	91.0	26474.0	-0.000573808496648615	367310675.0	381494850.0	186814.0
19	6.34	92.0	26190.0	-0.0005676529624245384	371487966.0	385687108.0	188860.0
19	6.34	93.0	26533.0	-0.0005750872872092507	375665060.0	389879331.0	190941.0
19	6.34	94.0	26388.0	-0.0005719444968483665	379842382.0	394071636.0	192940.0
19	6.34	95.0	26456.0	-0.0005734183571555398	384019613.0	398263987.0	194893.0
19	6.34	96.0	26682.0	-0.0005783167752352628	388196725.0	402456275.0	196909.0
19	6.34	97.0	26497.0	-0.0005743070082231002	392373630.0	406648474.0	199014.0
19	6.34	98.0	26310.0	-0.0005702538923783736	396550941.0	410840720.0	201072.0
19	6.34	99.0	26262.0	-0.0005692135203968395	400728347.0	415033001.0	203095.0
19	6.34	100.0	26637.0	-0.0005773414265025746	404905505.0	419225264.0	205136.0
20	6.2	1.0	19825541.0	-0.42970702864907007	185956.0	4192260.0	2044.0
20	6.2	2.0	15146550.0	-0.32829262993552466	612341.0	8384525.0	4083.0
20	6.2	3.0	8942271.0	-0.19381850416010077	1608164.0	12576753.0	6159.0
20	6.2	4.0	2889560.0	-0.06262952631170099	3808784.0	16769009.0	8207.0
20	6.2	5.0	356327.0	-0.007723179730502042	7404063.0	20961283.0	10237.0
20	6.2	6.0	43601.0	-0.0009450262243097478	11521905.0	25153557.0	12267.0
20	6.2	7.0	26724.0	-0.0005792271007191051	15695993.0	29345817.0	14311.0
20	6.2	8.0	26338.0	-0.0005708607760342685	19872740.0	33538118.0	16314.0
20	6.2	9.0	26643.0	-0.0005774714730002663	24049545.0	37730304.0	18432.0
20	6.2	10.0	26307.0	-0.0005701888691295277	28226347.0	41922581.0	20459.0
20	6.2	11.0	26553.0	-0.0005755207755348899	32402931.0	46114785.0	22559.0
20	6.2	12.0	26718.0	-0.0005790970542214134	36579888.0	50307087.0	24561.0
20	6.2	13.0	26219.0	-0.0005682815204967152	40756849.0	54499389.0	26563.0
20	6.2	14.0	26613.0	-0.0005768212405118076	44933827.0	58691679.0	28577.0
20	6.2	15.0	26409.0	-0.0005723996595902877	49110404.0	62883856.0	30704.0
20	6.2	16.0	26484.0	-0.0005740252408114346	53287494.0	67076148.0	32716.0
20	6.2	17.0	26549.0	-0.0005754340778697621	57464108.0	71268336.0	34832.0
20	6.2	18.0	26526.0	-0.000574935566295277	61641018.0	75460610.0	36862.0
20	6.2	19.0	26230.0	-0.0005685199390758168	65817787.0	79652919.0	38857.0
20	6.2	20.0	26405.0	-0.0005723129619251598	69994599.0	83845217.0	40863.0
20	6.2	21.0	26456.0	-0.0005734183571555398	74171368.0	88037468.0	42916.0
20	6.2	22.0	26439.0	-0.0005730498920787464	78348186.0	92229798.0	44890.0
20	6.2	23.0	26410.0	-0.0005724213340065696	82525154.0	96422010.0	46982.0
20	6.2	24.0	26590.0	-0.0005763227289373225	86701994.0	100614334.0	48962.0
20	6.2	25.0	26352.0	-0.0005711642178622159	90878795.0	104806575.0	51025.0
20	6.2	26.0	26216.0	-0.0005682164972478694	95055816.0	108998838.0	53066.0
20	6.2	27.0	26346.0	-0.0005710341713645241	99232918.0	113191111.0	55097.0
20	6.2	28.0	26634.0	-0.0005772764032537287	103409470.0	117383308.0	57204.0
20	6.2	29.0	26232.0	-0.0005685632879083806	107586634.0	121575547.0	59269.0
20	6.2	30.0	26303.0	-0.0005701021714643998	111763433.0	125767787.0	61333.0
20	6.2	31.0	26583.0	-0.0005761710080233487	115940179.0	129960022.0	63402.0
20	6.2	32.0	26415.0	-0.0005725297060879794	120116921.0	134152284.0	65444.0
20	6.2	33.0	26532.0	-0.0005750656127929688	124293777.0	138344542.0	67490.0
20	6.2	34.0	26564.0	-0.0005757591941139915	128470518.0	142536824.0	69512.0
20	6.2	35.0	26487.0	-0.0005740902640602806	132647478.0	146729050.0	71590.0
20	6.2	36.0	26592.0	-0.0005763660777698864	136824280.0	150921297.0	73647.0
20	6.2	37.0	26495.0	-0.0005742636593905362	141000924.0	155113522.0	75726.0
20	6.2	38.0	26545.0	-0.0005753473802046342	145177712.0	159305825.0	77727.0
20	6.2	39.0	26397.0	-0.0005721395665949041	149354556.0	163498048.0	79808.0
20	6.2	40.0	26198.0	-0.000567826357754794	153531514.0	167690337.0	81823.0
20	6.2	41.0	26447.0	-0.0005732232874090022	157708370.0	171882598.0	83866.0
20	6.2	42.0	26502.0	-0.00057441538030451	161885133.0	176074828.0	85940.0
20	6.2	43.0	26424.0	-0.000572724775834517	166061910.0	180267047.0	88025.0
20	6.2	44.0	26354.0	-0.0005712075666947799	170238738.0	184459341.0	90035.0
20	6.2	45.0	26620.0	-0.0005769729614257812	174415502.0	188651556.0	92124.0
20	6.2	46.0	27047.0	-0.0005862279371781783	178592136.0	192843785.0	94199.0
20	6.2	47.0	26487.0	-0.0005740902640602806	182768980.0	197035962.0	96326.0
20	6.2	48.0	26577.0	-0.0005760409615256569	186945684.0	201228182.0	98410.0
20	6.2	49.0	26468.0	-0.0005736784501509233	191122904.0	205420449.0	100447.0
20	6.2	50.0	26389.0	-0.0005719661712646484	195299603.0	209612753.0	102447.0
20	6.2	51.0	26533.0	-0.0005750872872092507	199476579.0	213804967.0	104537.0
20	6.2	52.0	26686.0	-0.0005784034729003906	203653523.0	217997237.0	106571.0
20	6.2	53.0	26381.0	-0.0005717927759343928	207830560.0	222189499.0	108613.0
20	6.2	54.0	26703.0	-0.0005787719379771839	212007291.0	226381761.0	110655.0
20	6.2	55.0	26529.0	-0.0005750005895441228	216184015.0	230574091.0	112629.0
20	6.2	56.0	26370.0	-0.0005715543573552912	220360893.0	234766280.0	114744.0
20	6.2	57.0	26394.0	-0.0005720745433460582	224538067.0	238958661.0	116667.0
20	6.2	58.0	26447.0	-0.0005732232874090022	228714811.0	243150954.0	118678.0
20	6.2	59.0	26374.0	-0.000571641055020419	232891612.0	247343194.0	120742.0
20	6.2	60.0	26422.0	-0.0005726814270019531	237068590.0	251535391.0	122849.0
20	6.2	61.0	26478.0	-0.0005738951943137429	241245458.0	255727636.0	124908.0
20	6.2	62.0	26301.0	-0.0005700588226318359	245422363.0	259919894.0	126954.0
20	6.2	63.0	26570.0	-0.0005758892406116832	249599560.0	264112105.0	129047.0
20	6.2	64.0	26415.0	-0.0005725297060879794	253776465.0	268304427.0	131029.0
20	6.2	65.0	26434.0	-0.0005729415199973366	257953410.0	272496574.0	133186.0
20	6.2	66.0	26460.0	-0.0005735050548206676	262130432.0	276688842.0	135222.0
20	6.2	67.0	26707.0	-0.0005788586356423118	266307225.0	280881050.0	137318.0
20	6.2	68.0	26583.0	-0.0005761710080233487	270483851.0	285073305.0	139367.0
20	6.2	69.0	26420.0	-0.0005726380781693892	274660668.0	289265607.0	141369.0
20	6.2	70.0	26404.0	-0.0005722912875088779	278837361.0	293457870.0	143410.0
20	6.2	71.0	26224.0	-0.000568389892578125	283014316.0	297650146.0	145438.0
20	6.2	72.0	26690.0	-0.0005784901705655185	287191241.0	301842421.0	147467.0
20	6.2	73.0	26505.0	-0.0005744804035533558	291367896.0	306034692.0	149500.0
20	6.2	74.0	26562.0	-0.0005757158452814275	295544742.0	310226923.0	151573.0
20	6.2	75.0	26492.0	-0.0005741986361416904	299721589.0	314419275.0	153525.0
20	6.2	76.0	26497.0	-0.0005743070082231002	303898630.0	318611561.0	155543.0
20	6.2	77.0	26691.0	-0.0005785118449818004	308075458.0	322803776.0	157632.0
20	6.2	78.0	26791.0	-0.0005806792866099964	312252328.0	326995973.0	159739.0
20	6.2	79.0	26297.0	-0.0005699721249667081	316429092.0	331188349.0	161667.0
20	6.2	80.0	26487.0	-0.0005740902640602806	320605861.0	335380647.0	163673.0
20	6.2	81.0	26580.0	-0.0005761059847745029	324782620.0	339572821.0	165803.0
20	6.2	82.0	26454.0	-0.0005733750083229759	328959569.0	343765050.0	167878.0
20	6.2	83.0	26534.0	-0.0005751089616255326	333136483.0	347957373.0	169859.0
20	6.2	84.0	26725.0	-0.0005792487751353871	337313206.0	352149609.0	171927.0
20	6.2	85.0	26202.0	-0.0005679130554199219	341489805.0	356341770.0	174070.0
20	6.2	86.0	26631.0	-0.0005772113800048828	345666526.0	360533995.0	176149.0
20	6.2	87.0	26372.0	-0.0005715977061878551	349843507.0	364726293.0	178155.0
20	6.2	88.0	26332.0	-0.0005707307295365767	354020348.0	368918510.0	180242.0
20	6.2	89.0	26309.0	-0.0005702322179620916	358197250.0	373110753.0	182303.0
20	6.2	90.0	26475.0	-0.0005738301710648971	362373968.0	377303015.0	184345.0
20	6.2	91.0	26478.0	-0.0005738951943137429	366550663.0	381495257.0	186407.0
20	6.2	92.0	26404.0	-0.0005722912875088779	370727409.0	385687534.0	188434.0
20	6.2	93.0	26320.0	-0.0005704706365411931	374904201.0	389879757.0	190515.0
20	6.2	94.0	26438.0	-0.0005730282176624645	379081146.0	394072046.0	192530.0
20	6.2	95.0	26519.0	-0.0005747838453813033	383258023.0	398264358.0	194522.0
20	6.2	96.0	26387.0	-0.0005719228224320846	387435083.0	402456633.0	196551.0
20	6.2	97.0	26712.0	-0.0005789670077237216	391611617.0	406648853.0	198635.0
20	6.2	98.0	26566.0	-0.0005758025429465554	395788228.0	410841067.0	200725.0
20	6.2	99.0	26387.0	-0.0005719228224320846	399965069.0	415033294.0	202802.0
20	6.2	100.0	26432.0	-0.0005728981711647727	404141884.0	419225483.0	204917.0
21	6.06	1.0	20122337.0	-0.4361399087038907	167056.0	4192234.0	2070.0
21	6.06	2.0	15899270.0	-0.3446073965592818	535808.0	8384435.0	4173.0
21	6.06	3.0	10147441.0	-0.21993986043063077	1381402.0	12576590.0	6322.0
21	6.06	4.0	3945005.0	-0.0855056806044145	3270451.0	16768830.0	8386.0
21	6.06	5.0	613623.0	-0.01329992034218528	6606160.0	20961109.0	10411.0
21	6.06	6.0	62090.0	-0.0013457645069469106	10672575.0	25153330.0	12494.0
21	6.06	7.0	28131.0	-0.0006097230044278232	14842802.0	29345643.0	14485.0
21	6.06	8.0	27014.0	-0.0005855126814408736	19018954.0	33537905.0	16527.0
21	6.06	9.0	26668.0	-0.0005780133334073154	23195374.0	37730191.0	18545.0
21	6.06	10.0	26745.0	-0.0005796822634610263	27371774.0	41922484.0	20556.0
21	6.06	11.0	26525.0	-0.0005749138918789951	31548539.0	46114820.0	22524.0
21	6.06	12.0	26570.0	-0.0005758892406116832	35724952.0	50306994.0	24654.0
21	6.06	13.0	26615.0	-0.0005768645893443714	39901456.0	54499283.0	26669.0
21	6.06	14.0	26461.0	-0.0005735267292369496	44077785.0	58691489.0	28767.0
21	6.06	15.0	26455.0	-0.0005733966827392578	48254161.0	62883740.0	30820.0
21	6.06	16.0	26446.0	-0.0005732016129927201	52430643.0	67075926.0	32938.0
21	6.06	17.0	26559.0	-0.0005756508220325817	56607160.0	71268221.0	34947.0
21	6.06	18.0	26590.0	-0.0005763227289373225	60783381.0	75460446.0	37026.0
21	6.06	19.0	26701.0	-0.0005787285891446201	64959960.0	79652790.0	38986.0
21	6.06	20.0	26472.0	-0.0005737651478160511	69136492.0	83845101.0	40979.0
21	6.06	21.0	26663.0	-0.0005779049613259056	73312857.0	88037312.0	43072.0
21	6.06	22.0	26668.0	-0.0005780133334073154	77489277.0	92229541.0	45147.0
21	6.06	23.0	26502.0	-0.00057441538030451	81665588.0	96421815.0	47177.0
21	6.06	24.0	26413.0	-0.0005724863572554154	85842124.0	100614108.0	49188.0
21	6.06	25.0	26310.0	-0.0005702538923783736	90018636.0	104806280.0	51320.0
21	6.06	26.0	26572.0	-0.0005759325894442471	94195080.0	108998522.0	53382.0
21	6.06	27.0	26507.0	-0.0005745237523859197	98371597.0	113190828.0	55380.0
21	6.06	28.0	26347.0	-0.0005710558457808061	102548176.0	117383112.0	57400.0
21	6.06	29.0	26354.0	-0.0005712075666947799	106724846.0	121575366.0	59450.0
21	6.06	30.0	26299.0	-0.0005700154737992721	110901435.0	125767639.0	61481.0
21	6.06	31.0	26687.0	-0.0005784251473166726	115077692.0	129959883.0	63541.0
21	6.06	32.0	26456.0	-0.0005734183571555398	119254257.0	134152216.0	65512.0
21	6.06	33.0	26066.0	-0.0005649653348055753	123430903.0	138344478.0	67554.0
21	6.06	34.0	26716.0	-0.0005790537053888494	127607502.0	142536773.0	69563.0
21	6.06	35.0	26540.0	-0.0005752390081232244	131783831.0	146729029.0	71611.0
21	6.06	36.0	26680.0	-0.0005782734264026989	135960385.0	150921343.0	73601.0
21	6.06	37.0	26485.0	-0.0005740469152277166	140136969.0	155113636.0	75612.0
21	6.06	38.0	26792.0	-0.0005807009610262784	144313356.0	159305845.0	77707.0
21	6.06	39.0	26333.0	-0.0005707524039528587	148489862.0	163498142.0	79714.0
21	6.06	40.0	26815.0	-0.0005811994726007634	152666325.0	167690467.0	81693.0
21	6.06	41.0	26917.0	-0.0005834102630615234	156842539.0	171882743.0	83721.0
21	6.06	42.0	26634.0	-0.0005772764032537287	161019138.0	176075051.0	85717.0
21	6.06	43.0	26276.0	-0.0005695169622247869	165195821.0	180267336.0	87736.0
21	6.06	44.0	26472.0	-0.0005737651478160511	169372581.0	184459609.0	89767.0
21	6.06	45.0	26858.0	-0.0005821314725008878	173549232.0	188651852.0	91828.0
21	6.06	46.0	26608.0	-0.0005767128684303977	177725659.0	192844086.0	93898.0
21	6.06	47.0	26627.0	-0.0005771246823397549	181902040.0	197036324.0	95964.0
21	6.06	48.0	26459.0	-0.0005734833804043857	186078574.0	201228608.0	97984.0
21	6.06	49.0	26458.0	-0.0005734617059881037	190255055.0	205420896.0	100000.0
21	6.06	50.0	26493.0	-0.0005742203105579723	194431549.0	209613193.0	102007.0
21	6.06	51.0	26588.0	-0.0005762793801047585	198608042.0	213805419.0	104085.0
21	6.06	52.0	26491.0	-0.0005741769617254084	202784541.0	217997603.0	106205.0
21	6.06	53.0	26619.0	-0.0005769512870094993	206961051.0	222189818.0	108294.0
21	6.06	54.0	26327.0	-0.0005706223574551669	211137347.0	226382125.0	110291.0
21	6.06	55.0	26601.0	-0.0005765611475164241	215313590.0	230574296.0	112424.0
21	6.06	56.0	26625.0	-0.0005770813335071911	219490075.0	234766587.0	114437.0
21	6.06	57.0	26505.0	-0.0005744804035533558	223666352.0	238958834.0	116494.0
21	6.06	58.0	26460.0	-0.0005735050548206676	227842803.0	243151086.0	118546.0
21	6.06	59.0	26383.0	-0.0005718361247669567	232019304.0	247343430.0	120506.0
21	6.06	60.0	26418.0	-0.0005725947293368253	236195795.0	251535655.0	122585.0
21	6.06	61.0	26729.0	-0.0005793354728005149	240372255.0	255727864.0	124680.0
21	6.06	62.0	26396.0	-0.0005721178921786221	244548870.0	259920172.0	126676.0
21	6.06	63.0	26515.0	-0.0005746971477161754	248725483.0	264112433.0	128719.0
21	6.06	64.0	26621.0	-0.0005769946358420632	252901969.0	268304666.0	130790.0
21	6.06	65.0	26423.0	-0.0005727031014182351	257078429.0	272496892.0	132868.0
21	6.06	66.0	26509.0	-0.0005745671012184837	261254885.0	276689143.0	134921.0
21	6.06	67.0	26653.0	-0.0005776882171630859	265431274.0	280881370.0	136998.0
21	6.06	68.0	26632.0	-0.0005772330544211648	269607800.0	285073668.0	139004.0
21	6.06	69.0	26433.0	-0.0005729198455810547	273784630.0	289265995.0	140981.0
21	6.06	70.0	26562.0	-0.0005757158452814275	277961124.0	293458166.0	143114.0
21	6.06	71.0	26395.0	-0.0005720962177623402	282137634.0	297650369.0	145215.0
21	6.06	72.0	26502.0	-0.00057441538030451	286314137.0	301842630.0	147258.0
21	6.06	73.0	26532.0	-0.0005750656127929688	290490808.0	306034847.0	149345.0
21	6.06	74.0	26790.0	-0.0005806576121937145	294667349.0	310227147.0	151349.0
21	6.06	75.0	26329.0	-0.0005706657062877308	298843998.0	314419401.0	153399.0
21	6.06	76.0	26539.0	-0.0005752173337069424	303020556.0	318611640.0	155464.0
21	6.06	77.0	26411.0	-0.0005724430084228516	307196920.0	322803876.0	157532.0
21	6.06	78.0	26519.0	-0.0005747838453813033	311373520.0	326996152.0	159560.0
21	6.06	79.0	26571.0	-0.0005759109150279652	315549802.0	331188393.0	161623.0
21	6.06	80.0	26440.0	-0.0005730715664950284	319726187.0	335380625.0	163695.0
21	6.06	81.0	26310.0	-0.0005702538923783736	323903047.0	339572864.0	165760.0
21	6.06	82.0	26621.0	-0.0005769946358420632	328079556.0	343765099.0	167829.0
21	6.06	83.0	26958.0	-0.0005842989141290838	332255998.0	347957368.0	169864.0
21	6.06	84.0	26530.0	-0.0005750222639604049	336432353.0	352149683.0	171853.0
21	6.06	85.0	26755.0	-0.0005798990076238459	340608890.0	356341876.0	173964.0
21	6.06	86.0	26596.0	-0.0005764527754350142	344785403.0	360534113.0	176031.0
21	6.06	87.0	26116.0	-0.0005660490556196733	348962096.0	364726409.0	178039.0
21	6.06	88.0	26623.0	-0.0005770379846746272	353138727.0	368918711.0	180041.0
21	6.06	89.0	26677.0	-0.0005782084031538529	357315032.0	373110993.0	182063.0
21	6.06	90.0	26391.0	-0.0005720095200972123	361491246.0	377303208.0	184152.0
21	6.06	91.0	26649.0	-0.0005776015194979581	365667804.0	381495489.0	186175.0
21	6.06	92.0	26745.0	-0.0005796822634610263	369844567.0	385687730.0	188238.0
21	6.06	93.0	26556.0	-0.0005755857987837358	374020890.0	389879956.0	190316.0
21	6.06	94.0	26364.0	-0.0005714243108575994	378197495.0	394072270.0	192306.0
21	6.06	95.0	26649.0	-0.0005776015194979581	382374087.0	398264465.0	194415.0
21	6.06	96.0	26730.0	-0.0005793571472167969	386550540.0	402456762.0	196422.0
21	6.06	97.0	26731.0	-0.0005793788216330788	390727194.0	406649006.0	198482.0
21	6.06	98.0	26173.0	-0.0005672844973477451	394903774.0	410841256.0	200536.0
21	6.06	99.0	26480.0	-0.0005739385431463069	399080530.0	415033547.0	202549.0
21	6.06	100.0	26415.0	-0.0005725297060879794	403256953.0	419225794.0	204606.0
22	5.92	1.0	20370648.0	-0.4415219046852805	151235.0	4192187.0	2117.0
22	5.92	2.0	16522261.0	-0.35811036283319647	475578.0	8384496.0	4112.0
22	5.92	3.0	11252904.0	-0.24390012567693536	1196832.0	12576667.0	6245.0
22	5.92	4.0	5126940.0	-0.11112343181263316	2803588.0	16768870.0	8346.0
22	5.92	5.0	1026404.0	-0.022246707569469105	5831268.0	20961154.0	10366.0
22	5.92	6.0	99530.0	-0.0021572546525435014	9809470.0	25153381.0	12443.0
22	5.92	7.0	29700.0	-0.0006437301635742188	13972053.0	29345572.0	14556.0
22	5.92	8.0	26552.0	-0.000575499101118608	18147769.0	33537932.0	16500.0
22	5.92	9.0	26538.0	-0.0005751956592906605	22324012.0	37730210.0	18526.0
22	5.92	10.0	26865.0	-0.0005822831934148616	26500089.0	41922501.0	20539.0
22	5.92	11.0	26815.0	-0.0005811994726007634	30676085.0	46114730.0	22614.0
22	5.92	12.0	26469.0	-0.0005737001245672053	34852190.0	50306981.0	24667.0
22	5.92	13.0	26537.0	-0.0005751739848743786	39028344.0	54499182.0	26770.0
22	5.92	14.0	26937.0	-0.0005838437513871627	43204257.0	58691438.0	28818.0
22	5.92	15.0	26622.0	-0.0005770163102583451	47380526.0	62883705.0	30855.0
22	5.92	16.0	26656.0	-0.0005777532404119319	51556712.0	67075960.0	32904.0
22	5.92	17.0	26542.0	-0.0005752823569557884	55732714.0	71268253.0	34915.0
22	5.92	18.0	26652.0	-0.000577666542746804	59908672.0	75460445.0	37027.0
22	5.92	19.0	26700.0	-0.0005787069147283381	64084663.0	79652728.0	39048.0
22	5.92	20.0	26490.0	-0.0005741552873091264	68260563.0	83844942.0	41138.0
22	5.92	21.0	26502.0	-0.00057441538030451	72436623.0	88037156.0	43228.0
22	5.92	22.0	26639.0	-0.0005773847753351384	76612570.0	92229292.0	45396.0
22	5.92	23.0	26513.0	-0.0005746537988836116	80788733.0	96421534.0	47458.0
22	5.92	24.0	26494.0	-0.0005742419849742543	84964820.0	100613828.0	49468.0
22	5.92	25.0	26791.0	-0.0005806792866099964	89141113.0	104806118.0	51482.0
22	5.92	26.0	26949.0	-0.0005841038443825462	93317139.0	108998313.0	53591.0
22	5.92	27.0	26459.0	-0.0005734833804043857	97493010.0	113190537.0	55671.0
22	5.92	28.0	26730.0	-0.0005793571472167969	101668805.0	117382742.0	57770.0
22	5.92	29.0	26564.0	-0.0005757591941139915	105845023.0	121574938.0	59878.0
22	5.92	30.0	26455.0	-0.0005733966827392578	110021169.0	125767240.0	61880.0
22	5.92	31.0	26392.0	-0.0005720311945134944	114197378.0	129959508.0	63916.0
22	5.92	32.0	26747.0	-0.0005797256122935902	118373437.0	134151806.0	65922.0
22	5.92	33.0	26705.0	-0.0005788152868097478	122549209.0	138344007.0	68025.0
22	5.92	34.0	26801.0	-0.0005808960307728161	126725426.0	142536318.0	70018.0
22	5.92	35.0	26644.0	-0.0005774931474165483	130901586.0	146728553.0	72087.0
22	5.92	36.0	26811.0	-0.0005811127749356357	135077656.0	150920742.0	74202.0
22	5.92	37.0	26572.0	-0.0005759325894442471	139253709.0	155112939.0	76309.0
22	5.92	38.0	26825.0	-0.0005814162167635831	143429941.0	159305219.0	78333.0
22	5.92	39.0	26616.0	-0.0005768862637606534	147605915.0	163497437.0	80419.0
22	5.92	40.0	26723.0	-0.0005792054263028232	151782178.0	167689778.0	82382.0
22	5.92	41.0	26913.0	-0.0005833235653963956	155958312.0	171882105.0	84359.0
22	5.92	42.0	26735.0	-0.0005794655192982067	160134299.0	176074311.0	86457.0
22	5.92	43.0	26719.0	-0.0005791187286376953	164310506.0	180266516.0	88556.0
22	5.92	44.0	26408.0	-0.0005723779851740056	168486526.0	184458701.0	90675.0
22	5.92	45.0	26684.0	-0.0005783601240678267	172662614.0	188650991.0	92689.0
22	5.92	46.0	26650.0	-0.00057762319391424	176838777.0	192843264.0	94720.0
22	5.92	47.0	26310.0	-0.0005702538923783736	181014932.0	197035474.0	96814.0
22	5.92	48.0	26914.0	-0.0005833452398126775	185190790.0	201227683.0	98909.0
22	5.92	49.0	26668.0	-0.0005780133334073154	189366647.0	205419947.0	100949.0
22	5.92	50.0	27064.0	-0.0005865964022549716	193542730.0	209612293.0	102907.0
22	5.92	51.0	26931.0	-0.0005837137048894709	197718390.0	213804479.0	105025.0
22	5.92	52.0	26846.0	-0.0005818713795055043	201894438.0	217996784.0	107024.0
22	5.92	53.0	26911.0	-0.0005832802165638317	206070396.0	222189021.0	109091.0
22	5.92	54.0	26932.0	-0.0005837353793057529	210246518.0	226381326.0	111090.0
22	5.92	55.0	26861.0	-0.0005821964957497337	214422440.0	230573556.0	113164.0
22	5.92	56.0	26605.0	-0.0005766478451815518	218598345.0	234765722.0	115302.0
22	5.92	57.0	26597.0	-0.0005764744498512962	222774429.0	238958061.0	117267.0
22	5.92	58.0	26317.0	-0.0005704056132923473	226950833.0	243150292.0	119340.0
22	5.92	59.0	26675.0	-0.0005781650543212891	231126704.0	247342516.0	121420.0
22	5.92	60.0	26408.0	-0.0005723779851740056	235302776.0	251534740.0	123500.0
22	5.92	61.0	27004.0	-0.000585295937278054	239478970.0	255727015.0	125529.0
22	5.92	62.0	26745.0	-0.0005796822634610263	243654939.0	259919314.0	127534.0
22	5.92	63.0	26609.0	-0.0005767345428466797	247831181.0	264111622.0	129530.0
22	5.92	64.0	26698.0	-0.0005786635658957741	252007231.0	268303894.0	131562.0
22	5.92	65.0	26771.0	-0.0005802457982843572	256183246.0	272496169.0	133591.0
22	5.92	66.0	26606.0	-0.0005766695195978338	260359378.0	276688397.0	135667.0
22	5.92	67.0	26465.0	-0.0005736134269020774	264535471.0	280880644.0	137724.0
22	5.92	68.0	26636.0	-0.0005773197520862926	268711646.0	285072854.0	139818.0
22	5.92	69.0	26471.0	-0.0005737434733997692	272887733.0	289265145.0	141831.0
22	5.92	70.0	26626.0	-0.000577103007923473	277063810.0	293457396.0	143884.0
22	5.92	71.0	26765.0	-0.0005801157517866654	281239781.0	297649706.0	145878.0
22	5.92	72.0	26658.0	-0.0005777965892444957	285415736.0	301841960.0	147928.0
22	5.92	73.0	26658.0	-0.0005777965892444957	289591883.0	306034194.0	149998.0
22	5.92	74.0	26808.0	-0.0005810477516867898	293767662.0	310226415.0	152081.0
22	5.92	75.0	26902.0	-0.000583085146817294	297943621.0	314418728.0	154072.0
22	5.92	76.0	26538.0	-0.0005751956592906605	302119874.0	318610958.0	156146.0
22	5.92	77.0	26649.0	-0.0005776015194979581	306296105.0	322803166.0	158242.0
22	5.92	78.0	26612.0	-0.0005767995660955256	310472102.0	326995425.0	160287.0
22	5.92	79.0	26729.0	-0.0005793354728005149	314648417.0	331187826.0	162190.0
22	5.92	80.0	26757.0	-0.0005799423564564098	318824299.0	335379973.0	164347.0
22	5.92	81.0	26595.0	-0.0005764311010187322	323000565.0	339572295.0	166329.0
22	5.92	82.0	26725.0	-0.0005792487751353871	327176584.0	343764562.0	168366.0
22	5.92	83.0	26449.0	-0.0005732666362415661	331352660.0	347956765.0	170467.0
22	5.92	84.0	26948.0	-0.0005840821699662642	335528833.0	352149014.0	172522.0
22	5.92	85.0	26646.0	-0.0005775364962491122	339704992.0	356341225.0	174615.0
22	5.92	86.0	26536.0	-0.0005751523104580966	343881130.0	360533433.0	176711.0
22	5.92	87.0	26544.0	-0.0005753257057883523	348057437.0	364725751.0	178697.0
22	5.92	88.0	26867.0	-0.0005823265422474254	352233604.0	368917978.0	180774.0
22	5.92	89.0	26669.0	-0.0005780350078235973	356409462.0	373110292.0	182764.0
22	5.92	90.0	26738.0	-0.0005795305425470525	360585303.0	377302489.0	184871.0
22	5.92	91.0	26845.0	-0.0005818497050892223	364761331.0	381494688.0	186976.0
22	5.92	92.0	26753.0	-0.0005798556587912819	368937429.0	385686960.0	189008.0
22	5.92	93.0	26540.0	-0.0005752390081232244	373113520.0	389879234.0	191038.0
22	5.92	94.0	26631.0	-0.0005772113800048828	377289613.0	394071471.0	193105.0
22	5.92	95.0	26783.0	-0.0005805058912797408	381465603.0	398263780.0	195100.0
22	5.92	96.0	26826.0	-0.000581437891179865	385641676.0	402456076.0	197108.0
22	5.92	97.0	26500.0	-0.000574372031471946	389817599.0	406648358.0	199130.0
22	5.92	98.0	26593.0	-0.0005763877521861683	393993596.0	410840588.0	201204.0
22	5.92	99.0	26695.0	-0.0005785985426469283	398169811.0	415032857.0	203239.0
22	5.92	100.0	26853.0	-0.0005820231004194779	402345812.0	419225097.0	205303.0
23	5.779999999999999	1.0	20638325.0	-0.4473236474123868	134424.0	4192228.0	2076.0
23	5.779999999999999	2.0	17193638.0	-0.3726620674133301	413802.0	8384436.0	4172.0
23	5.779999999999999	3.0	12434207.0	-0.26950417865406384	1016725.0	12576635.0	6277.0
23	5.779999999999999	4.0	6557160.0	-0.14212261546741833	2344614.0	16768919.0	8297.0
23	5.779999999999999	5.0	1739637.0	-0.03770561651750044	4983570.0	20961164.0	10356.0
23	5.779999999999999	6.0	192105.0	-0.004163763739845969	8797382.0	25153477.0	12347.0
23	5.779999999999999	7.0	35106.0	-0.0007609020579944957	12941229.0	29345670.0	14458.0
23	5.779999999999999	8.0	26934.0	-0.0005837787281383168	17115419.0	33538005.0	16427.0
23	5.779999999999999	9.0	26537.0	-0.0005751739848743786	21291330.0	37730258.0	18478.0
23	5.779999999999999	10.0	26913.0	-0.0005833235653963956	25466961.0	41922552.0	20488.0
23	5.779999999999999	11.0	26910.0	-0.0005832585421475497	29642302.0	46114766.0	22578.0
23	5.779999999999999	12.0	26745.0	-0.0005796822634610263	33818028.0	50307032.0	24616.0
23	5.779999999999999	13.0	26872.0	-0.0005824349143288352	37993553.0	54499219.0	26733.0
23	5.779999999999999	14.0	26753.0	-0.0005798556587912819	42169466.0	58691516.0	28740.0
23	5.779999999999999	15.0	27072.0	-0.0005867697975852273	46344898.0	62883696.0	30864.0
23	5.779999999999999	16.0	27057.0	-0.0005864446813409978	50520325.0	67075979.0	32885.0
23	5.779999999999999	17.0	26633.0	-0.0005772547288374467	54695893.0	71268280.0	34888.0
23	5.779999999999999	18.0	26952.0	-0.000584168867631392	58871612.0	75460565.0	36907.0
23	5.779999999999999	19.0	26570.0	-0.0005758892406116832	63047126.0	79652845.0	38931.0
23	5.779999999999999	20.0	26772.0	-0.0005802674727006392	67222890.0	83845117.0	40963.0
23	5.779999999999999	21.0	26521.0	-0.0005748271942138672	71398904.0	88037403.0	42981.0
23	5.779999999999999	22.0	26784.0	-0.0005805275656960227	75574732.0	92229682.0	45006.0
23	5.779999999999999	23.0	26703.0	-0.0005787719379771839	79750330.0	96421935.0	47057.0
23	5.779999999999999	24.0	26743.0	-0.0005796389146284623	83925964.0	100614095.0	49201.0
23	5.779999999999999	25.0	26721.0	-0.0005791620774702592	88101463.0	104806308.0	51292.0
23	5.779999999999999	26.0	26862.0	-0.0005822181701660156	92277135.0	108998566.0	53338.0
23	5.779999999999999	27.0	26602.0	-0.000576582821932706	96452902.0	113190863.0	55345.0
23	5.779999999999999	28.0	26982.0	-0.0005848191001198509	100628571.0	117383083.0	57429.0
23	5.779999999999999	29.0	26701.0	-0.0005787285891446201	104803998.0	121575252.0	59564.0
23	5.779999999999999	30.0	27313.0	-0.0005919933319091797	108979567.0	125767475.0	61645.0
23	5.779999999999999	31.0	26839.0	-0.0005817196585915306	113155323.0	129959751.0	63673.0
23	5.779999999999999	32.0	26937.0	-0.0005838437513871627	117330983.0	134151967.0	65761.0
23	5.779999999999999	33.0	26510.0	-0.0005745887756347656	121506609.0	138344209.0	67823.0
23	5.779999999999999	34.0	26600.0	-0.000576539473100142	125682543.0	142536494.0	69842.0
23	5.779999999999999	35.0	26795.0	-0.0005807659842751243	129858296.0	146728741.0	71899.0
23	5.779999999999999	36.0	26725.0	-0.0005792487751353871	134033962.0	150921029.0	73915.0
23	5.779999999999999	37.0	26856.0	-0.0005820881236683239	138209570.0	155113221.0	76027.0
23	5.779999999999999	38.0	26630.0	-0.0005771897055886009	142385293.0	159305490.0	78062.0
23	5.779999999999999	39.0	26636.0	-0.0005773197520862926	146561151.0	163497759.0	80097.0
23	5.779999999999999	40.0	26527.0	-0.0005749572407115589	150736799.0	167690006.0	82154.0
23	5.779999999999999	41.0	26772.0	-0.0005802674727006392	154912763.0	171882283.0	84181.0
23	5.779999999999999	42.0	26891.0	-0.0005828467282381924	159088714.0	176074612.0	86156.0
23	5.779999999999999	43.0	26700.0	-0.0005787069147283381	163264370.0	180266909.0	88163.0
23	5.779999999999999	44.0	26580.0	-0.0005761059847745029	167439804.0	184459126.0	90250.0
23	5.779999999999999	45.0	26778.0	-0.000580397519198331	171615437.0	188651437.0	92243.0
23	5.779999999999999	46.0	26843.0	-0.0005818063562566584	175791093.0	192843652.0	94332.0
23	5.779999999999999	47.0	26800.0	-0.0005808743563565341	179966924.0	197035964.0	96324.0
23	5.779999999999999	48.0	26644.0	-0.0005774931474165483	184142491.0	201228221.0	98371.0
23	5.779999999999999	49.0	26783.0	-0.0005805058912797408	188318257.0	205420481.0	100415.0
23	5.779999999999999	50.0	26534.0	-0.0005751089616255326	192493793.0	209612779.0	102421.0
23	5.779999999999999	51.0	26765.0	-0.0005801157517866654	196669220.0	213805064.0	104440.0
23	5.779999999999999	52.0	26406.0	-0.0005723346363414418	200844850.0	217997250.0	106558.0
23	5.779999999999999	53.0	26630.0	-0.0005771897055886009	205020617.0	222189411.0	108701.0
23	5.779999999999999	54.0	26942.0	-0.0005839521234685725	209196552.0	226381749.0	110667.0
23	5.779999999999999	55.0	26675.0	-0.0005781650543212891	213372171.0	230573986.0	112734.0
23	5.779999999999999	56.0	26790.0	-0.0005806576121937145	217548056.0	234766251.0	114773.0
23	5.779999999999999	57.0	26596.0	-0.0005764527754350142	221723261.0	238958524.0	116804.0
23	5.779999999999999	58.0	26537.0	-0.0005751739848743786	225899000.0	243150756.0	118876.0
23	5.779999999999999	59.0	26853.0	-0.0005820231004194779	230074572.0	247342960.0	120976.0
23	5.779999999999999	60.0	26878.0	-0.000582564960826527	234250343.0	251535190.0	123050.0
23	5.779999999999999	61.0	26828.0	-0.000581481240012429	238425783.0	255727395.0	125149.0
23	5.779999999999999	62.0	26592.0	-0.0005763660777698864	242601352.0	259919678.0	127170.0
23	5.779999999999999	63.0	27013.0	-0.0005854910070245916	246777025.0	264111940.0	129212.0
23	5.779999999999999	64.0	26870.0	-0.0005823915654962713	250952570.0	268304190.0	131266.0
23	5.779999999999999	65.0	26777.0	-0.0005803758447820491	255128148.0	272496459.0	133301.0
23	5.779999999999999	66.0	26931.0	-0.0005837137048894709	259303957.0	276688778.0	135286.0
23	5.779999999999999	67.0	26874.0	-0.0005824782631613991	263479574.0	280881021.0	137347.0
23	5.779999999999999	68.0	26706.0	-0.0005788369612260299	267655184.0	285073258.0	139414.0
23	5.779999999999999	69.0	27014.0	-0.0005855126814408736	271831037.0	289265504.0	141472.0
23	5.779999999999999	70.0	26869.0	-0.0005823698910799893	276006788.0	293457694.0	143586.0
23	5.779999999999999	71.0	26555.0	-0.0005755641243674538	280182393.0	297649971.0	145613.0
23	5.779999999999999	72.0	26820.0	-0.0005813078446821733	284357964.0	301842265.0	147623.0
23	5.779999999999999	73.0	26608.0	-0.0005767128684303977	288533774.0	306034540.0	149652.0
23	5.779999999999999	74.0	26928.0	-0.000583648681640625	292709535.0	310226899.0	151597.0
23	5.779999999999999	75.0	26831.0	-0.0005815462632612748	296884933.0	314419149.0	153651.0
23	5.779999999999999	76.0	26792.0	-0.0005807009610262784	301060701.0	318611403.0	155701.0
23	5.779999999999999	77.0	26770.0	-0.0005802241238680753	305236336.0	322803686.0	157722.0
23	5.779999999999999	78.0	26542.0	-0.0005752823569557884	309411771.0	326995923.0	159789.0
23	5.779999999999999	79.0	26607.0	-0.0005766911940141158	313587195.0	331188112.0	161904.0
23	5.779999999999999	80.0	26673.0	-0.0005781217054887252	317762866.0	335380363.0	163957.0
23	5.779999999999999	81.0	26434.0	-0.0005729415199973366	321938566.0	339572680.0	165944.0
23	5.779999999999999	82.0	26533.0	-0.0005750872872092507	326114273.0	343764920.0	168008.0
23	5.779999999999999	83.0	27144.0	-0.0005883303555575284	330289826.0	347957205.0	170027.0
23	5.779999999999999	84.0	26884.0	-0.0005826950073242188	334465487.0	352149417.0	172119.0
23	5.779999999999999	85.0	26931.0	-0.0005837137048894709	338641026.0	356341639.0	174201.0
23	5.779999999999999	86.0	26422.0	-0.0005726814270019531	342816498.0	360533870.0	176274.0
23	5.779999999999999	87.0	26763.0	-0.0005800724029541016	346992326.0	364726073.0	178375.0
23	5.779999999999999	88.0	26772.0	-0.0005802674727006392	351168164.0	368918396.0	180356.0
23	5.779999999999999	89.0	27019.0	-0.0005856210535222834	355343706.0	373110651.0	182405.0
23	5.779999999999999	90.0	26618.0	-0.0005769296125932174	359519200.0	377302921.0	184439.0
23	5.779999999999999	91.0	26859.0	-0.0005821531469171697	363694579.0	381495156.0	186508.0
23	5.779999999999999	92.0	27028.0	-0.000585816123268821	367869854.0	385687386.0	188582.0
23	5.779999999999999	93.0	26732.0	-0.0005794004960493608	372045636.0	389879643.0	190629.0
23	5.779999999999999	94.0	26716.0	-0.0005790537053888494	376221327.0	394071904.0	192672.0
23	5.779999999999999	95.0	26708.0	-0.0005788803100585938	380396867.0	398264147.0	194733.0
23	5.779999999999999	96.0	26816.0	-0.0005812211470170455	384572536.0	402456415.0	196769.0
23	5.779999999999999	97.0	26643.0	-0.0005774714730002663	388748283.0	406648697.0	198791.0
23	5.779999999999999	98.0	26856.0	-0.0005820881236683239	392923746.0	410840991.0	200801.0
23	5.779999999999999	99.0	26627.0	-0.0005771246823397549	397099354.0	415033288.0	202808.0
23	5.779999999999999	100.0	26889.0	-0.0005828033794056286	401274915.0	419225564.0	204836.0
24	5.64	1.0	20844304.0	-0.4517881220037287	121854.0	4192267.0	2037.0
24	5.64	2.0	17749366.0	-0.3847071474248713	365619.0	8384490.0	4118.0
24	5.64	3.0	13487698.0	-0.29233798113736237	872124.0	12576730.0	6182.0
24	5.64	4.0	7994058.0	-0.1732665408741344	1965045.0	16769043.0	8173.0
24	5.64	5.0	2726122.0	-0.05908710306340998	4206208.0	20961336.0	10184.0
24	5.64	6.0	379326.0	-0.008221669630570845	7771296.0	25153583.0	12241.0
24	5.64	7.0	47655.0	-0.0010328943079168146	11875065.0	29345860.0	14268.0
24	5.64	8.0	27852.0	-0.0006036758422851562	16046453.0	33538127.0	16305.0
24	5.64	9.0	26949.0	-0.0005841038443825462	20221314.0	37730338.0	18398.0
24	5.64	10.0	26835.0	-0.0005816329609264027	24396131.0	41922546.0	20494.0
24	5.64	11.0	26881.0	-0.0005826299840753728	28571106.0	46114816.0	22528.0
24	5.64	12.0	27241.0	-0.0005904327739368786	32746305.0	50307103.0	24545.0
24	5.64	13.0	26853.0	-0.0005820231004194779	36921636.0	54499357.0	26595.0
24	5.64	14.0	26830.0	-0.0005815245888449929	41096644.0	58691635.0	28621.0
24	5.64	15.0	26937.0	-0.0005838437513871627	45271940.0	62883909.0	30651.0
24	5.64	16.0	26940.0	-0.0005839087746360085	49446994.0	67076086.0	32778.0
24	5.64	17.0	26914.0	-0.0005833452398126775	53622139.0	71268313.0	34855.0
24	5.64	18.0	26970.0	-0.0005845590071244674	57797154.0	75460611.0	36861.0
24	5.64	19.0	26714.0	-0.0005790103565562855	61972332.0	79652850.0	38926.0
24	5.64	20.0	26638.0	-0.0005773631009188565	66147546.0	83845051.0	41029.0
24	5.64	21.0	27329.0	-0.0005923401225696911	70322667.0	88037256.0	43128.0
24	5.64	22.0	27042.0	-0.0005861195650967685	74497551.0	92229545.0	45143.0
24	5.64	23.0	26871.0	-0.0005824132399125533	78672757.0	96421856.0	47136.0
24	5.64	24.0	26883.0	-0.0005826733329079368	82847564.0	100614125.0	49171.0
24	5.64	25.0	27358.0	-0.0005929686806418679	87022838.0	104806405.0	51195.0
24	5.64	26.0	26890.0	-0.0005828250538219105	91197840.0	108998612.0	53292.0
24	5.64	27.0	26940.0	-0.0005839087746360085	95373268.0	113190853.0	55355.0
24	5.64	28.0	26653.0	-0.0005776882171630859	99548652.0	117383146.0	57366.0
24	5.64	29.0	26869.0	-0.0005823698910799893	103723984.0	121575434.0	59382.0
24	5.64	30.0	26937.0	-0.0005838437513871627	107899058.0	125767694.0	61426.0
24	5.64	31.0	26970.0	-0.0005845590071244674	112074182.0	129959979.0	63445.0
24	5.64	32.0	27199.0	-0.0005895224484530362	116249237.0	134152254.0	65474.0
24	5.64	33.0	26843.0	-0.0005818063562566584	120424608.0	138344534.0	67498.0
24	5.64	34.0	26932.0	-0.0005837353793057529	124599484.0	142536754.0	69582.0
24	5.64	35.0	26786.0	-0.0005805709145285866	128774399.0	146728979.0	71661.0
24	5.64	36.0	26791.0	-0.0005806792866099964	132949554.0	150921301.0	73643.0
24	5.64	37.0	26786.0	-0.0005805709145285866	137124726.0	155113567.0	75681.0
24	5.64	38.0	26347.0	-0.0005710558457808061	141300134.0	159305872.0	77680.0
24	5.64	39.0	27071.0	-0.0005867481231689453	145475221.0	163498070.0	79786.0
24	5.64	40.0	26489.0	-0.0005741336128928444	149650457.0	167690364.0	81796.0
24	5.64	41.0	27142.0	-0.0005882870067249645	153825627.0	171882636.0	83828.0
24	5.64	42.0	26854.0	-0.00058204477483576	158000933.0	176074885.0	85883.0
24	5.64	43.0	27094.0	-0.0005872466347434304	162176064.0	180267169.0	87903.0
24	5.64	44.0	26826.0	-0.000581437891179865	166351226.0	184459458.0	89918.0
24	5.64	45.0	27071.0	-0.0005867481231689453	170526264.0	188651688.0	91992.0
24	5.64	46.0	26761.0	-0.0005800290541215377	174701366.0	192843935.0	94049.0
24	5.64	47.0	26801.0	-0.0005808960307728161	178876600.0	197036259.0	96029.0
24	5.64	48.0	27115.0	-0.0005877017974853516	183051653.0	201228485.0	98107.0
24	5.64	49.0	26915.0	-0.0005833669142289596	187226975.0	205420746.0	100150.0
24	5.64	50.0	26938.0	-0.0005838654258034446	191402193.0	209612988.0	102212.0
24	5.64	51.0	26768.0	-0.0005801807750355114	195577308.0	213805289.0	104215.0
24	5.64	52.0	26762.0	-0.0005800507285378196	199752743.0	217997647.0	106161.0
24	5.64	53.0	26642.0	-0.0005774497985839844	203928092.0	222189897.0	108215.0
24	5.64	54.0	26684.0	-0.0005783601240678267	208103322.0	226382153.0	110263.0
24	5.64	55.0	27039.0	-0.0005860545418479226	212278870.0	230574485.0	112235.0
24	5.64	56.0	26782.0	-0.0005804842168634588	216453963.0	234766751.0	114273.0
24	5.64	57.0	26804.0	-0.0005809610540216619	220629126.0	238959108.0	116220.0
24	5.64	58.0	26831.0	-0.0005815462632612748	224804113.0	243151358.0	118274.0
24	5.64	59.0	26731.0	-0.0005793788216330788	228979199.0	247343628.0	120308.0
24	5.64	60.0	26948.0	-0.0005840821699662642	233154523.0	251535898.0	122342.0
24	5.64	61.0	26823.0	-0.0005813728679310192	237329711.0	255728111.0	124433.0
24	5.64	62.0	26830.0	-0.0005815245888449929	241504839.0	259920382.0	126466.0
24	5.64	63.0	26852.0	-0.000582001426003196	245680002.0	264112613.0	128539.0
24	5.64	64.0	27107.0	-0.0005875284021550959	249854875.0	268304799.0	130657.0
24	5.64	65.0	26898.0	-0.0005829984491521662	254030053.0	272497106.0	132654.0
24	5.64	66.0	26728.0	-0.000579313798384233	258205467.0	276689311.0	134753.0
24	5.64	67.0	26922.0	-0.0005835186351429332	262380567.0	280881580.0	136788.0
24	5.64	68.0	27045.0	-0.0005861845883456143	266555699.0	285073810.0	138862.0
24	5.64	69.0	26623.0	-0.0005770379846746272	270731141.0	289266123.0	140853.0
24	5.64	70.0	26750.0	-0.0005797906355424361	274906381.0	293458396.0	142884.0
24	5.64	71.0	26687.0	-0.0005784251473166726	279081750.0	297650685.0	144899.0
24	5.64	72.0	27059.0	-0.0005864880301735618	283256985.0	301842920.0	146968.0
24	5.64	73.0	26453.0	-0.0005733533339066939	287432091.0	306035159.0	149033.0
24	5.64	74.0	26852.0	-0.000582001426003196	291607393.0	310227490.0	151006.0
24	5.64	75.0	26791.0	-0.0005806792866099964	295782609.0	314419791.0	153009.0
24	5.64	76.0	27023.0	-0.0005857077511874112	299957965.0	318612040.0	155064.0
24	5.64	77.0	26745.0	-0.0005796822634610263	304133295.0	322804335.0	157073.0
24	5.64	78.0	26719.0	-0.0005791187286376953	308308734.0	326996547.0	159165.0
24	5.64	79.0	26730.0	-0.0005793571472167969	312483597.0	331188769.0	161247.0
24	5.64	80.0	26448.0	-0.0005732449618252841	316658985.0	335381079.0	163241.0
24	5.64	81.0	26979.0	-0.0005847540768710049	320834336.0	339573354.0	165270.0
24	5.64	82.0	26817.0	-0.0005812428214333274	325009549.0	343765585.0	167343.0
24	5.64	83.0	26928.0	-0.000583648681640625	329184737.0	347957908.0	169324.0
24	5.64	84.0	27053.0	-0.0005863579836758701	333359911.0	352150198.0	171338.0
24	5.64	85.0	26832.0	-0.0005815679376775569	337535159.0	356342448.0	173392.0
24	5.64	86.0	26689.0	-0.0005784684961492366	341710581.0	360534746.0	175398.0
24	5.64	87.0	27083.0	-0.0005870082161643288	345885750.0	364726960.0	177488.0
24	5.64	88.0	26664.0	-0.0005779266357421875	350061097.0	368919241.0	179511.0
24	5.64	89.0	26680.0	-0.0005782734264026989	354236444.0	373111566.0	181490.0
24	5.64	90.0	26813.0	-0.0005811561237681996	358411804.0	377303785.0	183575.0
24	5.64	91.0	27218.0	-0.0005899342623623935	362586737.0	381496064.0	185600.0
24	5.64	92.0	26973.0	-0.0005846240303733132	366761831.0	385688303.0	187665.0
24	5.64	93.0	26682.0	-0.0005783167752352628	370937045.0	389880515.0	189757.0
24	5.64	94.0	26871.0	-0.0005824132399125533	375112497.0	394072829.0	191747.0
24	5.64	95.0	26671.0	-0.0005780783566561612	379287517.0	398265028.0	193852.0
24	5.64	96.0	26709.0	-0.0005789019844748757	383462935.0	402457285.0	195899.0
24	5.64	97.0	27004.0	-0.000585295937278054	387637817.0	406649491.0	197997.0
24	5.64	98.0	26579.0	-0.0005760843103582209	391813151.0	410841777.0	200015.0
24	5.64	99.0	26788.0	-0.0005806142633611506	395988622.0	415034120.0	201976.0
24	5.64	100.0	27238.0	-0.0005903677506880326	400164135.0	419226448.0	203952.0
25	5.5	1.0	21068273.0	-0.45664251934398303	108298.0	4192313.0	1991.0
25	5.5	2.0	18301866.0	-0.3966822624206543	319083.0	8384571.0	4037.0
25	5.5	3.0	14492928.0	-0.3141257546164773	743566.0	12576795.0	6117.0
25	5.5	4.0	9498629.0	-0.2058772390538996	1628677.0	16769083.0	8133.0
25	5.5	5.0	4072774.0	-0.08827499909834428	3464150.0	20961370.0	10150.0
25	5.5	6.0	778478.0	-0.016873056238347835	6664404.0	25153647.0	12177.0
25	5.5	7.0	82469.0	-0.001787467436356978	10678854.0	29345930.0	14198.0
25	5.5	8.0	29751.0	-0.0006448355588045987	14842655.0	33538213.0	16219.0
25	5.5	9.0	27249.0	-0.0005906061692671342	19016881.0	37730467.0	18269.0
25	5.5	10.0	27047.0	-0.0005862279371781783	23191687.0	41922699.0	20341.0
25	5.5	11.0	26865.0	-0.0005822831934148616	27366406.0	46114968.0	22376.0
25	5.5	12.0	27205.0	-0.0005896524949507279	31541130.0	50307262.0	24386.0
25	5.5	13.0	26905.0	-0.0005831501700661399	35715800.0	54499527.0	26425.0
25	5.5	14.0	27050.0	-0.0005862929604270241	39890256.0	58691757.0	28499.0
25	5.5	15.0	27180.0	-0.000589110634543679	44064763.0	62883908.0	30652.0
25	5.5	16.0	26944.0	-0.0005839954723011364	48239554.0	67076203.0	32661.0
25	5.5	17.0	27041.0	-0.0005860978906804866	52414377.0	71268421.0	34747.0
25	5.5	18.0	27343.0	-0.0005926435643976384	56588936.0	75460713.0	36759.0
25	5.5	19.0	26917.0	-0.0005834102630615234	60763674.0	79652999.0	38777.0
25	5.5	20.0	27184.0	-0.0005891973322088069	64938529.0	83845272.0	40808.0
25	5.5	21.0	26891.0	-0.0005828467282381924	69113336.0	88037486.0	42898.0
25	5.5	22.0	26920.0	-0.0005834752863103694	73288100.0	92229773.0	44915.0
25	5.5	23.0	26690.0	-0.0005784901705655185	77462927.0	96422025.0	46967.0
25	5.5	24.0	26996.0	-0.0005851225419477983	81637617.0	100614262.0	49034.0
25	5.5	25.0	26844.0	-0.0005818280306729404	85812468.0	104806519.0	51081.0
25	5.5	26.0	26739.0	-0.0005795522169633346	89987253.0	108998720.0	53184.0
25	5.5	27.0	26872.0	-0.0005824349143288352	94162248.0	113191009.0	55199.0
25	5.5	28.0	27045.0	-0.0005861845883456143	98337247.0	117383343.0	57169.0
25	5.5	29.0	27176.0	-0.0005890239368785511	102512087.0	121575575.0	59241.0
25	5.5	30.0	26801.0	-0.0005808960307728161	106686754.0	125767856.0	61264.0
25	5.5	31.0	26898.0	-0.0005829984491521662	110861758.0	129960108.0	63316.0
25	5.5	32.0	27158.0	-0.0005886337973854759	115036549.0	134152365.0	65363.0
25	5.5	33.0	27075.0	-0.0005868348208340732	119211411.0	138344673.0	67359.0
25	5.5	34.0	27074.0	-0.0005868131464177912	123385966.0	142536854.0	69482.0
25	5.5	35.0	26739.0	-0.0005795522169633346	127560630.0	146729130.0	71510.0
25	5.5	36.0	27026.0	-0.0005857727744362571	131735237.0	150921301.0	73643.0
25	5.5	37.0	27198.0	-0.0005895007740367543	135909862.0	155113520.0	75728.0
25	5.5	38.0	27133.0	-0.0005880919369784268	140084480.0	159305789.0	77763.0
25	5.5	39.0	26999.0	-0.0005851875651966442	144259327.0	163498036.0	79820.0
25	5.5	40.0	27004.0	-0.000585295937278054	148434185.0	167690279.0	81881.0
25	5.5	41.0	27028.0	-0.000585816123268821	152608940.0	171882605.0	83859.0
25	5.5	42.0	26844.0	-0.0005818280306729404	156783862.0	176074915.0	85853.0
25	5.5	43.0	26863.0	-0.0005822398445822976	160958794.0	180267143.0	87929.0
25	5.5	44.0	27204.0	-0.000589630820534446	165133580.0	184459413.0	89963.0
25	5.5	45.0	26796.0	-0.0005807876586914062	169308384.0	188651715.0	91965.0
25	5.5	46.0	27114.0	-0.0005876801230690696	173482959.0	192843976.0	94008.0
25	5.5	47.0	27236.0	-0.0005903244018554688	177657695.0	197036167.0	96121.0
25	5.5	48.0	27001.0	-0.0005852309140292081	181832441.0	201228430.0	98162.0
25	5.5	49.0	26727.0	-0.0005792921239679509	186007379.0	205420627.0	100269.0
25	5.5	50.0	26875.0	-0.0005824999375776811	190182180.0	209612910.0	102290.0
25	5.5	51.0	27199.0	-0.0005895224484530362	194356743.0	213805085.0	104419.0
25	5.5	52.0	27066.0	-0.0005866397510875355	198531480.0	217997360.0	106448.0
25	5.5	53.0	26864.0	-0.0005822615189985795	202706227.0	222189626.0	108486.0
25	5.5	54.0	26846.0	-0.0005818713795055043	206880960.0	226381813.0	110603.0
25	5.5	55.0	27045.0	-0.0005861845883456143	211055702.0	230574017.0	112703.0
25	5.5	56.0	27069.0	-0.0005867047743363814	215230650.0	234766251.0	114773.0
25	5.5	57.0	27414.0	-0.0005941824479536576	219405149.0	238958502.0	116826.0
25	5.5	58.0	27149.0	-0.0005884387276389382	223579823.0	243150807.0	118825.0
25	5.5	59.0	26738.0	-0.0005795305425470525	227754615.0	247343090.0	120846.0
25	5.5	60.0	27100.0	-0.0005873766812411221	231929401.0	251535258.0	122982.0
25	5.5	61.0	26790.0	-0.0005806576121937145	236103883.0	255727462.0	125082.0
25	5.5	62.0	27128.0	-0.000587983564897017	240278611.0	259919737.0	127111.0
25	5.5	63.0	26858.0	-0.0005821314725008878	244453260.0	264112026.0	129126.0
25	5.5	64.0	26935.0	-0.0005838004025545987	248627984.0	268304335.0	131121.0
25	5.5	65.0	27035.0	-0.0005859678441827947	252802535.0	272496536.0	133224.0
25	5.5	66.0	27255.0	-0.0005907362157648259	256977031.0	276688811.0	135253.0
25	5.5	67.0	26869.0	-0.0005823698910799893	261151843.0	280880999.0	137369.0
25	5.5	68.0	26844.0	-0.0005818280306729404	265326716.0	285073271.0	139401.0
25	5.5	69.0	27099.0	-0.0005873550068248402	269501397.0	289265485.0	141491.0
25	5.5	70.0	26870.0	-0.0005823915654962713	273676418.0	293457771.0	143509.0
25	5.5	71.0	27031.0	-0.0005858811465176669	277851355.0	297650057.0	145527.0
25	5.5	72.0	26806.0	-0.0005810044028542259	282025996.0	301842284.0	147604.0
25	5.5	73.0	27273.0	-0.0005911263552579013	286200616.0	306034553.0	149639.0
25	5.5	74.0	27028.0	-0.000585816123268821	290375255.0	310226722.0	151774.0
25	5.5	75.0	26970.0	-0.0005845590071244674	294549696.0	314419036.0	153764.0
25	5.5	76.0	27059.0	-0.0005864880301735618	298724292.0	318611290.0	155814.0
25	5.5	77.0	26938.0	-0.0005838654258034446	302898879.0	322803478.0	157930.0
25	5.5	78.0	26892.0	-0.0005828684026544744	307073635.0	326995643.0	160069.0
25	5.5	79.0	27098.0	-0.0005873333324085582	311248135.0	331187884.0	162132.0
25	5.5	80.0	27054.0	-0.000586379658092152	315422732.0	335380174.0	164146.0
25	5.5	81.0	26902.0	-0.000583085146817294	319597299.0	339572349.0	166275.0
25	5.5	82.0	26943.0	-0.0005839737978848544	323772092.0	343764627.0	168301.0
25	5.5	83.0	26885.0	-0.0005827166817405007	327946929.0	347956889.0	170343.0
25	5.5	84.0	27198.0	-0.0005895007740367543	332121798.0	352149120.0	172416.0
25	5.5	85.0	26921.0	-0.0005834969607266513	336296275.0	356341350.0	174490.0
25	5.5	86.0	26960.0	-0.0005843422629616477	340470968.0	360533609.0	176535.0
25	5.5	87.0	26800.0	-0.0005808743563565341	344646044.0	364725895.0	178553.0
25	5.5	88.0	27025.0	-0.0005857511000199752	348820530.0	368918144.0	180608.0
25	5.5	89.0	27282.0	-0.0005913214250044389	352995338.0	373110332.0	182724.0
25	5.5	90.0	26977.0	-0.0005847107280384411	357170198.0	377302603.0	184757.0
25	5.5	91.0	26684.0	-0.0005783601240678267	361344908.0	381494828.0	186836.0
25	5.5	92.0	27138.0	-0.0005882003090598366	365519449.0	385687129.0	188839.0
25	5.5	93.0	27225.0	-0.0005900859832763672	369694130.0	389879444.0	190828.0
25	5.5	94.0	26942.0	-0.0005839521234685725	373868782.0	394071755.0	192821.0
25	5.5	95.0	26941.0	-0.0005839304490522904	378043767.0	398264065.0	194815.0
25	5.5	96.0	26777.0	-0.0005803758447820491	382218537.0	402456307.0	196877.0
25	5.5	97.0	27108.0	-0.0005875500765713779	386393269.0	406648551.0	198937.0
25	5.5	98.0	27103.0	-0.0005874417044899681	390567980.0	410840774.0	201018.0
25	5.5	99.0	27025.0	-0.0005857511000199752	394742459.0	415032998.0	203098.0
25	5.5	100.0	26884.0	-0.0005826950073242188	398917462.0	419225305.0	205095.0
26	5.36	1.0	21293468.0	-0.46152348951859906	95091.0	4192343.0	1961.0
26	5.36	2.0	18875852.0	-0.4091230739246715	273035.0	8384612.0	3996.0
26	5.36	3.0	15580209.0	-0.3376919356259433	616913.0	12576784.0	6128.0
26	5.36	4.0	11171499.0	-0.2421357198195024	1308563.0	16769018.0	8198.0
26	5.36	5.0	5898031.0	-0.12783637913790616	2731300.0	20961328.0	10192.0
26	5.36	6.0	1629835.0	-0.035325722260908646	5414089.0	25153606.0	12218.0
26	5.36	7.0	195218.0	-0.004231236197731711	9218825.0	29345866.0	14262.0
26	5.36	8.0	35652.0	-0.000772736289284446	13358408.0	33538064.0	16368.0
26	5.36	9.0	27303.0	-0.0005917765877463601	17530980.0	37730393.0	18343.0
26	5.36	10.0	27213.0	-0.0005898258902809837	21705157.0	41922730.0	20310.0
26	5.36	11.0	26789.0	-0.0005806359377774326	25879205.0	46114950.0	22394.0
26	5.36	12.0	27419.0	-0.0005942908200350674	30053473.0	50307281.0	24367.0
26	5.36	13.0	27172.0	-0.0005889372392134233	34227809.0	54499593.0	26359.0
26	5.36	14.0	27272.0	-0.0005911046808416194	38402104.0	58691896.0	28360.0
26	5.36	15.0	26943.0	-0.0005839737978848544	42576383.0	62884134.0	30426.0
26	5.36	16.0	27306.0	-0.000591841610995206	46750472.0	67076363.0	32501.0
26	5.36	17.0	26963.0	-0.0005844072862104936	50924680.0	71268639.0	34529.0
26	5.36	18.0	27077.0	-0.0005868781696666371	55099178.0	75460916.0	36556.0
26	5.36	19.0	27045.0	-0.0005861845883456143	59273335.0	79653100.0	38676.0
26	5.36	20.0	27385.0	-0.0005935538898814808	63447774.0	83845346.0	40734.0
26	5.36	21.0	27276.0	-0.0005911913785067471	67621802.0	88037706.0	42678.0
26	5.36	22.0	26809.0	-0.0005810694261030717	71796081.0	92230012.0	44676.0
26	5.36	23.0	26858.0	-0.0005821314725008878	75970113.0	96422292.0	46700.0
26	5.36	24.0	27426.0	-0.0005944425409490412	80144461.0	100614530.0	48766.0
26	5.36	25.0	26903.0	-0.0005831068212335759	84318964.0	104806855.0	50745.0
26	5.36	26.0	27353.0	-0.0005928603085604581	88493180.0	108999090.0	52814.0
26	5.36	27.0	27027.0	-0.0005857944488525391	92667447.0	113191328.0	54880.0
26	5.36	28.0	27095.0	-0.0005872683091597123	96841668.0	117383604.0	56908.0
26	5.36	29.0	26995.0	-0.0005851008675315163	101016042.0	121575825.0	58991.0
26	5.36	30.0	26986.0	-0.0005849057977849787	105190345.0	125768152.0	60968.0
26	5.36	31.0	27191.0	-0.0005893490531227806	109364617.0	129960385.0	63039.0
26	5.36	32.0	27135.0	-0.0005881352858109908	113538736.0	134152665.0	65063.0
26	5.36	33.0	27161.0	-0.0005886988206343217	117713001.0	138344850.0	67182.0
26	5.36	34.0	27214.0	-0.0005898475646972656	121887454.0	142537193.0	69143.0
26	5.36	35.0	27159.0	-0.0005886554718017578	126061639.0	146729499.0	71141.0
26	5.36	36.0	27244.0	-0.0005904977971857244	130235664.0	150921684.0	73260.0
26	5.36	37.0	27034.0	-0.0005859461697665128	134409852.0	155113977.0	75271.0
26	5.36	38.0	27319.0	-0.0005921233784068714	138584071.0	159306165.0	77387.0
26	5.36	39.0	27129.0	-0.0005880052393132991	142758250.0	163498289.0	79567.0
26	5.36	40.0	27324.0	-0.0005922317504882812	146932282.0	167690505.0	81655.0
26	5.36	41.0	27028.0	-0.000585816123268821	151106215.0	171882810.0	83654.0
26	5.36	42.0	27035.0	-0.0005859678441827947	155280127.0	176075078.0	85690.0
26	5.36	43.0	27100.0	-0.0005873766812411221	159454362.0	180267340.0	87732.0
26	5.36	44.0	27496.0	-0.0005959597500887784	163628617.0	184459586.0	89790.0
26	5.36	45.0	27157.0	-0.0005886121229691939	167802752.0	188651814.0	91866.0
26	5.36	46.0	27377.0	-0.0005933804945512252	171976861.0	192843996.0	93988.0
26	5.36	47.0	27183.0	-0.0005891756577925248	176151097.0	197036275.0	96013.0
26	5.36	48.0	27348.0	-0.0005927519364790483	180325284.0	201228476.0	98116.0
26	5.36	49.0	26962.0	-0.0005843856117942116	184499441.0	205420712.0	100184.0
26	5.36	50.0	27047.0	-0.0005862279371781783	188673632.0	209612923.0	102277.0
26	5.36	51.0	27339.0	-0.0005925568667325107	192847846.0	213805192.0	104312.0
26	5.36	52.0	27067.0	-0.0005866614255038174	197022043.0	217997442.0	106366.0
26	5.36	53.0	26980.0	-0.0005847757512872869	201196048.0	222189745.0	108367.0
26	5.36	54.0	27055.0	-0.0005864013325084339	205370310.0	226381964.0	110452.0
26	5.36	55.0	26891.0	-0.0005828467282381924	209544436.0	230574208.0	112512.0
26	5.36	56.0	27362.0	-0.0005930553783069957	213718497.0	234766408.0	114616.0
26	5.36	57.0	27163.0	-0.0005887421694668857	217892905.0	238958581.0	116747.0
26	5.36	58.0	27026.0	-0.0005857727744362571	222067092.0	243150871.0	118761.0
26	5.36	59.0	27319.0	-0.0005921233784068714	226241146.0	247343190.0	120746.0
26	5.36	60.0	26956.0	-0.0005842555652965199	230415237.0	251535456.0	122784.0
26	5.36	61.0	27001.0	-0.0005852309140292081	234589454.0	255727730.0	124814.0
26	5.36	62.0	27084.0	-0.0005870298905806108	238763924.0	259920027.0	126821.0
26	5.36	63.0	26826.0	-0.000581437891179865	242938246.0	264112267.0	128885.0
26	5.36	64.0	27244.0	-0.0005904977971857244	247112678.0	268304629.0	130827.0
26	5.36	65.0	27279.0	-0.0005912564017555931	251286933.0	272496885.0	132875.0
26	5.36	66.0	27053.0	-0.0005863579836758701	255460845.0	276689138.0	134926.0
26	5.36	67.0	27114.0	-0.0005876801230690696	259635171.0	280881396.0	136972.0
26	5.36	68.0	26958.0	-0.0005842989141290838	263809351.0	285073656.0	139016.0
26	5.36	69.0	26953.0	-0.0005841905420476741	267983524.0	289265919.0	141057.0
26	5.36	70.0	27059.0	-0.0005864880301735618	272157954.0	293458235.0	143045.0
26	5.36	71.0	27022.0	-0.0005856860767711293	276332110.0	297650485.0	145099.0
26	5.36	72.0	27202.0	-0.0005895874717018821	280506541.0	301842772.0	147116.0
26	5.36	73.0	27024.0	-0.0005857294256036931	284680897.0	306035067.0	149125.0
26	5.36	74.0	27078.0	-0.000586899844082919	288855055.0	310227288.0	151208.0
26	5.36	75.0	27264.0	-0.0005909312855113636	293029231.0	314419484.0	153316.0
26	5.36	76.0	26975.0	-0.0005846673792058772	297203438.0	318611838.0	155266.0
26	5.36	77.0	26979.0	-0.0005847540768710049	301377836.0	322804108.0	157300.0
26	5.36	78.0	27049.0	-0.0005862712860107422	305552122.0	326996328.0	159384.0
26	5.36	79.0	27070.0	-0.0005867264487526634	309726327.0	331188601.0	161415.0
26	5.36	80.0	27050.0	-0.0005862929604270241	313900446.0	335380902.0	163418.0
26	5.36	81.0	27157.0	-0.0005886121229691939	318074705.0	339573227.0	165397.0
26	5.36	82.0	27021.0	-0.0005856644023548473	322249047.0	343765444.0	167484.0
26	5.36	83.0	26878.0	-0.000582564960826527	326423202.0	347957755.0	169477.0
26	5.36	84.0	27116.0	-0.0005877234719016335	330597531.0	352150056.0	171480.0
26	5.36	85.0	27244.0	-0.0005904977971857244	334771832.0	356342387.0	173453.0
26	5.36	86.0	26794.0	-0.0005807443098588424	338946209.0	360534633.0	175511.0
26	5.36	87.0	27181.0	-0.0005891323089599609	343120565.0	364726875.0	177573.0
26	5.36	88.0	27144.0	-0.0005883303555575284	347294873.0	368919184.0	179568.0
26	5.36	89.0	26888.0	-0.0005827817049893466	351468973.0	373111385.0	181671.0
26	5.36	90.0	27021.0	-0.0005856644023548473	355643252.0	377303653.0	183707.0
26	5.36	91.0	27141.0	-0.0005882653323086826	359817092.0	381495876.0	185788.0
26	5.36	92.0	27483.0	-0.0005956779826771129	363991333.0	385688136.0	187832.0
26	5.36	93.0	27435.0	-0.0005946376106955788	368165276.0	389880418.0	189854.0
26	5.36	94.0	27110.0	-0.0005875934254039418	372339452.0	394072722.0	191854.0
26	5.36	95.0	27240.0	-0.0005904110995205966	376513738.0	398264967.0	193913.0
26	5.36	96.0	26929.0	-0.0005836703560569069	380687991.0	402457280.0	195904.0
26	5.36	97.0	27175.0	-0.0005890022624622692	384862254.0	406649449.0	198039.0
26	5.36	98.0	27174.0	-0.0005889805880459872	389036483.0	410841714.0	200078.0
26	5.36	99.0	27524.0	-0.0005965666337446733	393210785.0	415033948.0	202148.0
26	5.36	100.0	27056.0	-0.0005864230069247159	397384986.0	419226206.0	204194.0
27	5.220000000000001	1.0	21474443.0	-0.4654460170052268	84470.0	4192191.0	2113.0
27	5.220000000000001	2.0	19336194.0	-0.41910071806474164	236903.0	8384414.0	4194.0
27	5.220000000000001	3.0	16467347.0	-0.3569201339374889	520202.0	12576690.0	6222.0
27	5.220000000000001	4.0	12614662.0	-0.273415435444225	1069673.0	16768937.0	8279.0
27	5.220000000000001	5.0	7763005.0	-0.16825860196893866	2169121.0	20961217.0	10303.0
27	5.220000000000001	6.0	2949439.0	-0.06392736868424849	4320259.0	25153401.0	12423.0
27	5.220000000000001	7.0	491245.0	-0.010647448626431551	7765182.0	29345586.0	14542.0
27	5.220000000000001	8.0	58968.0	-0.0012780969793146307	11836212.0	33537821.0	16611.0
27	5.220000000000001	9.0	28737.0	-0.0006228577006946911	16003260.0	37730056.0	18680.0
27	5.220000000000001	10.0	27579.0	-0.0005977587266401811	20176516.0	41922262.0	20778.0
27	5.220000000000001	11.0	27262.0	-0.0005908879366787997	24350212.0	46114584.0	22760.0
27	5.220000000000001	12.0	27157.0	-0.0005886121229691939	28523893.0	50306769.0	24879.0
27	5.220000000000001	13.0	27058.0	-0.0005864663557572799	32697704.0	54499104.0	26848.0
27	5.220000000000001	14.0	27259.0	-0.0005908229134299538	36871360.0	58691370.0	28886.0
27	5.220000000000001	15.0	27463.0	-0.0005952444943514737	41045008.0	62883660.0	30900.0
27	5.220000000000001	16.0	27256.0	-0.000590757890181108	45218323.0	67075850.0	33014.0
27	5.220000000000001	17.0	27306.0	-0.000591841610995206	49392191.0	71268151.0	35017.0
27	5.220000000000001	18.0	27208.0	-0.0005897175181995739	53565611.0	75460426.0	37046.0
27	5.220000000000001	19.0	27610.0	-0.0005984306335449219	57739271.0	79652730.0	39046.0
27	5.220000000000001	20.0	27238.0	-0.0005903677506880326	61912782.0	83844995.0	41085.0
27	5.220000000000001	21.0	27310.0	-0.0005919283086603338	66086201.0	88037242.0	43142.0
27	5.220000000000001	22.0	27277.0	-0.0005912130529230291	70259786.0	92229503.0	45185.0
27	5.220000000000001	23.0	27241.0	-0.0005904327739368786	74433539.0	96421858.0	47134.0
27	5.220000000000001	24.0	27036.0	-0.0005859895185990767	78607135.0	100614056.0	49240.0
27	5.220000000000001	25.0	27294.0	-0.0005915815179998225	82780570.0	104806265.0	51335.0
27	5.220000000000001	26.0	27189.0	-0.0005893057042902166	86954285.0	108998481.0	53423.0
27	5.220000000000001	27.0	26898.0	-0.0005829984491521662	91128386.0	113190809.0	55399.0
27	5.220000000000001	28.0	27523.0	-0.0005965449593283913	95302049.0	117382982.0	57530.0
27	5.220000000000001	29.0	27248.0	-0.0005905844948508523	99475559.0	121575286.0	59530.0
27	5.220000000000001	30.0	27520.0	-0.0005964799360795455	103649451.0	125767586.0	61534.0
27	5.220000000000001	31.0	27169.0	-0.0005888722159645774	107822778.0	129959760.0	63664.0
27	5.220000000000001	32.0	27329.0	-0.0005923401225696911	111996644.0	134151956.0	65772.0
27	5.220000000000001	33.0	27058.0	-0.0005864663557572799	116170235.0	138344211.0	67821.0
27	5.220000000000001	34.0	27328.0	-0.0005923184481534091	120343987.0	142536430.0	69906.0
27	5.220000000000001	35.0	27488.0	-0.0005957863547585227	124517613.0	146728705.0	71935.0
27	5.220000000000001	36.0	27098.0	-0.0005873333324085582	128691238.0	150920944.0	74000.0
27	5.220000000000001	37.0	27327.0	-0.0005922967737371272	132864807.0	155113219.0	76029.0
27	5.220000000000001	38.0	27344.0	-0.0005926652388139205	137038219.0	159305505.0	78047.0
27	5.220000000000001	39.0	27175.0	-0.0005890022624622692	141211839.0	163497726.0	80130.0
27	5.220000000000001	40.0	27173.0	-0.0005889589136297053	145385718.0	167690032.0	82128.0
27	5.220000000000001	41.0	27380.0	-0.000593445517800071	149559573.0	171882325.0	84139.0
27	5.220000000000001	42.0	26981.0	-0.0005847974257035689	153733527.0	176074565.0	86203.0
27	5.220000000000001	43.0	27314.0	-0.0005920150063254616	157907287.0	180266763.0	88309.0
27	5.220000000000001	44.0	27043.0	-0.0005861412395130504	162081237.0	184459091.0	90285.0
27	5.220000000000001	45.0	27202.0	-0.0005895874717018821	166255209.0	188651386.0	92294.0
27	5.220000000000001	46.0	27237.0	-0.0005903460762717507	170428650.0	192843572.0	94412.0
27	5.220000000000001	47.0	27023.0	-0.0005857077511874112	174602369.0	197035806.0	96482.0
27	5.220000000000001	48.0	27308.0	-0.0005918849598277699	178776319.0	201228089.0	98503.0
27	5.220000000000001	49.0	27404.0	-0.0005939657037908381	182950107.0	205420381.0	100515.0
27	5.220000000000001	50.0	27022.0	-0.0005856860767711293	187123503.0	209612698.0	102502.0
27	5.220000000000001	51.0	27126.0	-0.0005879402160644531	191297295.0	213804919.0	104585.0
27	5.220000000000001	52.0	27194.0	-0.0005894140763716264	195471032.0	217997211.0	106597.0
27	5.220000000000001	53.0	27246.0	-0.0005905411460182884	199644500.0	222189526.0	108586.0
27	5.220000000000001	54.0	27605.0	-0.0005983222614635121	203818290.0	226381815.0	110601.0
27	5.220000000000001	55.0	27182.0	-0.0005891539833762429	207991930.0	230574036.0	112684.0
27	5.220000000000001	56.0	27337.0	-0.0005925135178999467	212165682.0	234766219.0	114805.0
27	5.220000000000001	57.0	27200.0	-0.0005895441228693181	216339264.0	238958499.0	116829.0
27	5.220000000000001	58.0	27337.0	-0.0005925135178999467	220512970.0	243150814.0	118818.0
27	5.220000000000001	59.0	27111.0	-0.0005876150998202237	224686696.0	247343070.0	120866.0
27	5.220000000000001	60.0	27103.0	-0.0005874417044899681	228860364.0	251535334.0	122906.0
27	5.220000000000001	61.0	27303.0	-0.0005917765877463601	233033861.0	255727571.0	124973.0
27	5.220000000000001	62.0	27500.0	-0.0005960464477539062	237207673.0	259919843.0	127005.0
27	5.220000000000001	63.0	27251.0	-0.0005906495180996982	241381314.0	264112093.0	129059.0
27	5.220000000000001	64.0	27281.0	-0.0005912997505881569	245554991.0	268304291.0	131165.0
27	5.220000000000001	65.0	27195.0	-0.0005894357507879084	249728848.0	272496482.0	133278.0
27	5.220000000000001	66.0	27227.0	-0.0005901293321089311	253902457.0	276688811.0	135253.0
27	5.220000000000001	67.0	27368.0	-0.0005931854248046875	258076021.0	280880946.0	137422.0
27	5.220000000000001	68.0	27333.0	-0.0005924268202348189	262249648.0	285073069.0	139603.0
27	5.220000000000001	69.0	27278.0	-0.0005912347273393111	266423198.0	289265310.0	141666.0
27	5.220000000000001	70.0	27243.0	-0.0005904761227694424	270596961.0	293457556.0	143724.0
27	5.220000000000001	71.0	27180.0	-0.000589110634543679	274770987.0	297649842.0	145742.0
27	5.220000000000001	72.0	27465.0	-0.0005952878431840377	278944682.0	301842046.0	147842.0
27	5.220000000000001	73.0	27444.0	-0.0005948326804421165	283118215.0	306034257.0	149935.0
27	5.220000000000001	74.0	27113.0	-0.0005876584486527877	287291916.0	310226512.0	151984.0
27	5.220000000000001	75.0	27208.0	-0.0005897175181995739	291465592.0	314418711.0	154089.0
27	5.220000000000001	76.0	27281.0	-0.0005912997505881569	295639214.0	318610947.0	156157.0
27	5.220000000000001	77.0	27305.0	-0.0005918199365789241	299812738.0	322803190.0	158218.0
27	5.220000000000001	78.0	27326.0	-0.0005922750993208451	303986247.0	326995437.0	160275.0
27	5.220000000000001	79.0	27188.0	-0.0005892840298739346	308159834.0	331187701.0	162315.0
27	5.220000000000001	80.0	27260.0	-0.0005908445878462358	312333488.0	335379915.0	164405.0
27	5.220000000000001	81.0	26970.0	-0.0005845590071244674	316507188.0	339572179.0	166445.0
27	5.220000000000001	82.0	27212.0	-0.0005898042158647017	320681092.0	343764428.0	168500.0
27	5.220000000000001	83.0	27161.0	-0.0005886988206343217	324854869.0	347956649.0	170583.0
27	5.220000000000001	84.0	27321.0	-0.0005921667272394353	329028588.0	352148879.0	172657.0
27	5.220000000000001	85.0	27413.0	-0.0005941607735373757	333202063.0	356341129.0	174711.0
27	5.220000000000001	86.0	27448.0	-0.0005949193781072444	337375713.0	360533461.0	176683.0
27	5.220000000000001	87.0	27281.0	-0.0005912997505881569	341549459.0	364725743.0	178705.0
27	5.220000000000001	88.0	27573.0	-0.0005976286801424893	345722964.0	368918004.0	180748.0
27	5.220000000000001	89.0	27235.0	-0.0005903027274391868	349896597.0	373110232.0	182824.0
27	5.220000000000001	90.0	27204.0	-0.000589630820534446	354070120.0	377302478.0	184882.0
27	5.220000000000001	91.0	27099.0	-0.0005873550068248402	358243890.0	381494741.0	186923.0
27	5.220000000000001	92.0	27402.0	-0.0005939223549582741	362417463.0	385687005.0	188963.0
27	5.220000000000001	93.0	27513.0	-0.0005963282151655717	366591109.0	389879334.0	190938.0
27	5.220000000000001	94.0	27394.0	-0.0005937489596280185	370764712.0	394071521.0	193055.0
27	5.220000000000001	95.0	27432.0	-0.000594572587446733	374938421.0	398263802.0	195078.0
27	5.220000000000001	96.0	27315.0	-0.0005920366807417436	379112085.0	402456034.0	197150.0
27	5.220000000000001	97.0	27139.0	-0.0005882219834761186	383285939.0	406648344.0	199144.0
27	5.220000000000001	98.0	27353.0	-0.0005928603085604581	387459991.0	410840620.0	201172.0
27	5.220000000000001	99.0	27398.0	-0.0005938356572931463	391633633.0	415032821.0	203275.0
27	5.220000000000001	100.0	27310.0	-0.0005919283086603338	395807094.0	419225113.0	205287.0
28	5.08	1.0	21664918.0	-0.4695744514465332	73736.0	4192343.0	1961.0
28	5.08	2.0	19813526.0	-0.4294466105374423	201881.0	8384628.0	3980.0
28	5.08	3.0	17331895.0	-0.37565870718522504	432425.0	12576939.0	5973.0
28	5.08	4.0	14022845.0	-0.30393697998740454	862097.0	16769144.0	8072.0
28	5.08	5.0	9735535.0	-0.21101203831759366	1691937.0	20961471.0	10049.0
28	5.08	6.0	4861880.0	-0.10537841103293678	3318814.0	25153719.0	12105.0
28	5.08	7.0	1241914.0	-0.026917761022394352	6204675.0	29346022.0	14106.0
28	5.08	8.0	150074.0	-0.0032527663490988993	10086066.0	33538314.0	16118.0
28	5.08	9.0	34357.0	-0.0007446679201993076	14232839.0	37730566.0	18170.0
28	5.08	10.0	27814.0	-0.0006028522144664418	18404575.0	41922769.0	20271.0
28	5.08	11.0	27266.0	-0.0005909746343439275	22577839.0	46114998.0	22346.0
28	5.08	12.0	27139.0	-0.0005882219834761186	26751250.0	50307199.0	24449.0
28	5.08	13.0	27245.0	-0.0005905194716020064	30924146.0	54499396.0	26556.0
28	5.08	14.0	27579.0	-0.0005977587266401811	35097248.0	58691738.0	28518.0
28	5.08	15.0	27068.0	-0.0005866830999200994	39269964.0	62883941.0	30619.0
28	5.08	16.0	27567.0	-0.0005974986336447976	43443186.0	67076244.0	32620.0
28	5.08	17.0	27433.0	-0.0005945942618630149	47616116.0	71268545.0	34623.0
28	5.08	18.0	27657.0	-0.0005994493311101741	51788829.0	75460699.0	36773.0
28	5.08	19.0	27011.0	-0.0005854476581920277	55962028.0	79652922.0	38854.0
28	5.08	20.0	27630.0	-0.0005988641218705611	60135281.0	83845185.0	40895.0
28	5.08	21.0	27260.0	-0.0005908445878462358	64308312.0	88037427.0	42957.0
28	5.08	22.0	27166.0	-0.0005888071927157315	68481338.0	92229624.0	45064.0
28	5.08	23.0	27651.0	-0.0005993192846124822	72654398.0	96421892.0	47100.0
28	5.08	24.0	27350.0	-0.0005927952853116122	76827507.0	100614095.0	49201.0
28	5.08	25.0	27256.0	-0.000590757890181108	81000837.0	104806332.0	51268.0
28	5.08	26.0	27325.0	-0.0005922534249045632	85174110.0	108998494.0	53410.0
28	5.08	27.0	27347.0	-0.0005927302620627663	89347261.0	113190781.0	55427.0
28	5.08	28.0	27470.0	-0.0005953962152654475	93520373.0	117383069.0	57443.0
28	5.08	29.0	27616.0	-0.0005985606800426136	97693545.0	121575301.0	59515.0
28	5.08	30.0	27475.0	-0.0005955045873468572	101866654.0	125767495.0	61625.0
28	5.08	31.0	27460.0	-0.0005951794711026279	106039695.0	129959725.0	63699.0
28	5.08	32.0	27695.0	-0.0006002729589288884	110212484.0	134151983.0	65745.0
28	5.08	33.0	27588.0	-0.0005979537963867188	114385279.0	138344277.0	67755.0
28	5.08	34.0	27621.0	-0.0005986690521240234	118558261.0	142536599.0	69737.0
28	5.08	35.0	27310.0	-0.0005919283086603338	122731329.0	146728930.0	71710.0
28	5.08	36.0	27140.0	-0.0005882436578924006	126904635.0	150921184.0	73760.0
28	5.08	37.0	27582.0	-0.000597823749889027	131077775.0	155113447.0	75801.0
28	5.08	38.0	27253.0	-0.0005906928669322621	135250805.0	159305615.0	77937.0
28	5.08	39.0	27249.0	-0.0005906061692671342	139424035.0	163497856.0	80000.0
28	5.08	40.0	27429.0	-0.0005945075641978871	143597093.0	167690111.0	82049.0
28	5.08	41.0	26913.0	-0.0005833235653963956	147770115.0	171882347.0	84117.0
28	5.08	42.0	27390.0	-0.0005936622619628906	151943426.0	176074667.0	86101.0
28	5.08	43.0	27150.0	-0.0005884604020552201	156116702.0	180266950.0	88122.0
28	5.08	44.0	27347.0	-0.0005927302620627663	160289986.0	184459165.0	90211.0
28	5.08	45.0	27631.0	-0.0005988857962868431	164463113.0	188651467.0	92213.0
28	5.08	46.0	27547.0	-0.0005970651453191584	168636130.0	192843620.0	94364.0
28	5.08	47.0	27584.0	-0.0005978670987215909	172809651.0	197035984.0	96304.0
28	5.08	48.0	27177.0	-0.0005890456112948331	176982765.0	201228196.0	98396.0
28	5.08	49.0	27660.0	-0.0005995143543590199	181156004.0	205420428.0	100468.0
28	5.08	50.0	27325.0	-0.0005922534249045632	185329189.0	209612611.0	102589.0
28	5.08	51.0	27387.0	-0.0005935972387140447	189502421.0	213804938.0	104566.0
28	5.08	52.0	27395.0	-0.0005937706340443004	193675763.0	217997164.0	106644.0
28	5.08	53.0	27495.0	-0.0005959380756724964	197849131.0	222189412.0	108700.0
28	5.08	54.0	27442.0	-0.0005947893316095525	202022247.0	226381671.0	110745.0
28	5.08	55.0	27380.0	-0.000593445517800071	206195570.0	230573935.0	112785.0
28	5.08	56.0	27087.0	-0.0005870949138294567	210368764.0	234766222.0	114802.0
28	5.08	57.0	27349.0	-0.0005927736108953303	214541884.0	238958448.0	116880.0
28	5.08	58.0	27131.0	-0.0005880485881458629	218715202.0	243150709.0	118923.0
28	5.08	59.0	27262.0	-0.0005908879366787997	222888617.0	247342982.0	120954.0
28	5.08	60.0	27790.0	-0.0006023320284756747	227061314.0	251535201.0	123039.0
28	5.08	61.0	27461.0	-0.0005952011455189098	231234249.0	255727506.0	125038.0
28	5.08	62.0	27825.0	-0.0006030906330455433	235407229.0	259919723.0	127125.0
28	5.08	63.0	27246.0	-0.0005905411460182884	239580314.0	264111965.0	129187.0
28	5.08	64.0	27365.0	-0.0005931204015558416	243753550.0	268304178.0	131278.0
28	5.08	65.0	27030.0	-0.000585859472101385	247926435.0	272496447.0	133313.0
28	5.08	66.0	27169.0	-0.0005888722159645774	252099462.0	276688733.0	135331.0
28	5.08	67.0	27140.0	-0.0005882436578924006	256272286.0	280880957.0	137411.0
28	5.08	68.0	27677.0	-0.0005998828194358132	260445427.0	285073181.0	139491.0
28	5.08	69.0	27423.0	-0.0005943775177001953	264618726.0	289265506.0	141470.0
28	5.08	70.0	27395.0	-0.0005937706340443004	268791743.0	293457763.0	143517.0
28	5.08	71.0	27350.0	-0.0005927952853116122	272964982.0	297649983.0	145601.0
28	5.08	72.0	27441.0	-0.0005947676571932706	277138232.0	301842207.0	147681.0
28	5.08	73.0	27545.0	-0.0005970217964865944	281311278.0	306034484.0	149708.0
28	5.08	74.0	27612.0	-0.0005984739823774858	285484111.0	310226827.0	151669.0
28	5.08	75.0	27010.0	-0.0005854259837757457	289657438.0	314419145.0	153655.0
28	5.08	76.0	27483.0	-0.0005956779826771129	293830401.0	318611443.0	155661.0
28	5.08	77.0	27445.0	-0.0005948543548583984	298003494.0	322803547.0	157861.0
28	5.08	78.0	27221.0	-0.0005899992856112393	302176467.0	326995840.0	159872.0
28	5.08	79.0	27468.0	-0.0005953528664328835	306349539.0	331188096.0	161920.0
28	5.08	80.0	27573.0	-0.0005976286801424893	310522676.0	335380387.0	163933.0
28	5.08	81.0	27405.0	-0.0005939873782071201	314695664.0	339572674.0	165950.0
28	5.08	82.0	27504.0	-0.0005961331454190341	318868552.0	343764931.0	167997.0
28	5.08	83.0	27283.0	-0.0005913430994207209	323041680.0	347957237.0	169995.0
28	5.08	84.0	27306.0	-0.000591841610995206	327214822.0	352149542.0	171994.0
28	5.08	85.0	27876.0	-0.0006041960282759233	331388174.0	356341847.0	173993.0
28	5.08	86.0	27436.0	-0.0005946592851118608	335561293.0	360534154.0	175990.0
28	5.08	87.0	27321.0	-0.0005921667272394353	339734584.0	364726414.0	178034.0
28	5.08	88.0	27013.0	-0.0005854910070245916	343908086.0	368918673.0	180079.0
28	5.08	89.0	27280.0	-0.000591278076171875	348081012.0	373110923.0	182133.0
28	5.08	90.0	27431.0	-0.0005945509130304509	352254228.0	377303199.0	184161.0
28	5.08	91.0	27425.0	-0.0005944208665327592	356427425.0	381495416.0	186248.0
28	5.08	92.0	27367.0	-0.0005931637503884056	360600358.0	385687638.0	188330.0
28	5.08	93.0	27343.0	-0.0005926435643976384	364773502.0	389879920.0	190352.0
28	5.08	94.0	27506.0	-0.000596176494251598	368946945.0	394072193.0	192383.0
28	5.08	95.0	27457.0	-0.0005951144478537819	373119903.0	398264471.0	194409.0
28	5.08	96.0	27074.0	-0.0005868131464177912	377293070.0	402456763.0	196421.0
28	5.08	97.0	27607.0	-0.0005983656102960759	381466307.0	406649062.0	198426.0
28	5.08	98.0	27495.0	-0.0005959380756724964	385639531.0	410841352.0	200440.0
28	5.08	99.0	27236.0	-0.0005903244018554688	389812792.0	415033572.0	202524.0
28	5.08	100.0	27405.0	-0.0005939873782071201	393986037.0	419225874.0	204526.0
29	4.9399999999999995	1.0	21831675.0	-0.47318881208246405	64257.0	4192274.0	2030.0
29	4.9399999999999995	2.0	20215053.0	-0.4381494738838889	172793.0	8384560.0	4048.0
29	4.9399999999999995	3.0	18105867.0	-0.3924340985038064	359431.0	12576851.0	6061.0
29	4.9399999999999995	4.0	15298735.0	-0.3315911509773948	693798.0	16769120.0	8096.0
29	4.9399999999999995	5.0	11635501.0	-0.2521926923231645	1311615.0	20961378.0	10142.0
29	4.9399999999999995	6.0	7119613.0	-0.1543134559284557	2496245.0	25153674.0	12150.0
29	4.9399999999999995	7.0	2741003.0	-0.05940964005210183	4712303.0	29345964.0	14164.0
29	4.9399999999999995	8.0	480579.0	-0.010416269302368164	8167685.0	33538252.0	16180.0
29	4.9399999999999995	9.0	60927.0	-0.0013205571608109908	12233338.0	37730573.0	18163.0
29	4.9399999999999995	10.0	29252.0	-0.0006340200250799006	16398401.0	41922836.0	20204.0
29	4.9399999999999995	11.0	27775.0	-0.0006020069122314453	20570551.0	46115080.0	22264.0
29	4.9399999999999995	12.0	27643.0	-0.0005991458892822266	24742773.0	50307303.0	24345.0
29	4.9399999999999995	13.0	27661.0	-0.0005995360287753018	28914980.0	54499606.0	26346.0
29	4.9399999999999995	14.0	27729.0	-0.0006010098890824752	33087470.0	58691819.0	28437.0
29	4.9399999999999995	15.0	27480.0	-0.000595612959428267	37259868.0	62884087.0	30473.0
29	4.9399999999999995	16.0	27723.0	-0.0006008798425847834	41432379.0	67076380.0	32484.0
29	4.9399999999999995	17.0	27597.0	-0.0005981488661332564	45604835.0	71268610.0	34558.0
29	4.9399999999999995	18.0	27606.0	-0.000598343935879794	49777396.0	75460886.0	36586.0
29	4.9399999999999995	19.0	27677.0	-0.0005998828194358132	53950134.0	79653199.0	38577.0
29	4.9399999999999995	20.0	27473.0	-0.0005954612385142933	58122872.0	83845434.0	40646.0
29	4.9399999999999995	21.0	27368.0	-0.0005931854248046875	62295635.0	88037726.0	42658.0
29	4.9399999999999995	22.0	27571.0	-0.0005975853313099254	66467766.0	92229938.0	44750.0
29	4.9399999999999995	23.0	27724.0	-0.0006009015170010654	70640363.0	96422200.0	46792.0
29	4.9399999999999995	24.0	27357.0	-0.0005929470062255859	74812940.0	100614425.0	48871.0
29	4.9399999999999995	25.0	27630.0	-0.0005988641218705611	78985632.0	104806579.0	51021.0
29	4.9399999999999995	26.0	27595.0	-0.0005981055173006924	83158016.0	108998863.0	53041.0
29	4.9399999999999995	27.0	27747.0	-0.0006014000285755504	87330511.0	113191019.0	55189.0
29	4.9399999999999995	28.0	27627.0	-0.0005987990986217152	91503225.0	117383300.0	57212.0
29	4.9399999999999995	29.0	27397.0	-0.0005938139828768643	95675809.0	121575518.0	59298.0
29	4.9399999999999995	30.0	27318.0	-0.0005921017039905895	99848269.0	125767785.0	61335.0
29	4.9399999999999995	31.0	27519.0	-0.0005964582616632634	104020884.0	129960094.0	63330.0
29	4.9399999999999995	32.0	27649.0	-0.0005992759357799183	108193402.0	134152367.0	65361.0
29	4.9399999999999995	33.0	27534.0	-0.0005967833779074929	112366073.0	138344629.0	67403.0
29	4.9399999999999995	34.0	27392.0	-0.0005937056107954545	116538612.0	142536890.0	69446.0
29	4.9399999999999995	35.0	27669.0	-0.0005997094241055576	120711128.0	146729192.0	71448.0
29	4.9399999999999995	36.0	27669.0	-0.0005997094241055576	124883702.0	150921488.0	73456.0
29	4.9399999999999995	37.0	27362.0	-0.0005930553783069957	129056327.0	155113702.0	75546.0
29	4.9399999999999995	38.0	27827.0	-0.0006031339818781072	133228981.0	159306027.0	77525.0
29	4.9399999999999995	39.0	27566.0	-0.0005974769592285156	137401294.0	163498285.0	79571.0
29	4.9399999999999995	40.0	27602.0	-0.0005982572382146662	141573659.0	167690558.0	81602.0
29	4.9399999999999995	41.0	27749.0	-0.0006014433774081143	145746175.0	171882838.0	83626.0
29	4.9399999999999995	42.0	27590.0	-0.0005979971452192826	149918880.0	176075058.0	85710.0
29	4.9399999999999995	43.0	27522.0	-0.0005965232849121094	154091652.0	180267305.0	87767.0
29	4.9399999999999995	44.0	27692.0	-0.0006002079356800426	158264118.0	184459536.0	89840.0
29	4.9399999999999995	45.0	27602.0	-0.0005982572382146662	162436724.0	188651769.0	91911.0
29	4.9399999999999995	46.0	27620.0	-0.0005986473777077415	166608915.0	192843971.0	94013.0
29	4.9399999999999995	47.0	27591.0	-0.0005980188196355647	170781573.0	197036218.0	96070.0
29	4.9399999999999995	48.0	27529.0	-0.0005966750058260831	174953909.0	201228475.0	98117.0
29	4.9399999999999995	49.0	27596.0	-0.0005981271917169744	179126656.0	205420746.0	100150.0
29	4.9399999999999995	50.0	27520.0	-0.0005964799360795455	183298870.0	209612938.0	102262.0
29	4.9399999999999995	51.0	27352.0	-0.0005928386341441761	187471088.0	213805151.0	104353.0
29	4.9399999999999995	52.0	27570.0	-0.0005975636568936435	191643550.0	217997439.0	106369.0
29	4.9399999999999995	53.0	27671.0	-0.0005997527729381214	195816001.0	222189797.0	108315.0
29	4.9399999999999995	54.0	27500.0	-0.0005960464477539062	199988349.0	226382084.0	110332.0
29	4.9399999999999995	55.0	27575.0	-0.0005976720289750533	204160787.0	230574359.0	112361.0
29	4.9399999999999995	56.0	27511.0	-0.0005962848663330078	208333289.0	234766633.0	114391.0
29	4.9399999999999995	57.0	27621.0	-0.0005986690521240234	212505781.0	238958872.0	116456.0
29	4.9399999999999995	58.0	27674.0	-0.0005998177961869674	216678421.0	243151262.0	118370.0
29	4.9399999999999995	59.0	27394.0	-0.0005937489596280185	220851083.0	247343482.0	120454.0
29	4.9399999999999995	60.0	27766.0	-0.0006018118424849076	225023806.0	251535683.0	122557.0
29	4.9399999999999995	61.0	27531.0	-0.0005967183546586471	229196393.0	255727960.0	124584.0
29	4.9399999999999995	62.0	27345.0	-0.0005926869132302024	233368667.0	259920227.0	126621.0
29	4.9399999999999995	63.0	27765.0	-0.0006017901680686257	237541033.0	264112438.0	128714.0
29	4.9399999999999995	64.0	27578.0	-0.0005977370522238991	241713232.0	268304657.0	130799.0
29	4.9399999999999995	65.0	27627.0	-0.0005987990986217152	245885715.0	272496888.0	132872.0
29	4.9399999999999995	66.0	27853.0	-0.0006036975167014382	250058248.0	276689112.0	134952.0
29	4.9399999999999995	67.0	27595.0	-0.0005981055173006924	254230836.0	280881367.0	137001.0
29	4.9399999999999995	68.0	27393.0	-0.0005937272852117366	258403344.0	285073584.0	139088.0
29	4.9399999999999995	69.0	27681.0	-0.0005999695171009411	262575874.0	289265786.0	141190.0
29	4.9399999999999995	70.0	27948.0	-0.0006057565862482244	266748353.0	293458010.0	143270.0
29	4.9399999999999995	71.0	27417.0	-0.0005942474712025036	270920940.0	297650323.0	145261.0
29	4.9399999999999995	72.0	27676.0	-0.0005998611450195312	275093485.0	301842583.0	147305.0
29	4.9399999999999995	73.0	27903.0	-0.0006047812375155362	279265845.0	306034793.0	149399.0
29	4.9399999999999995	74.0	27630.0	-0.0005988641218705611	283438295.0	310227065.0	151431.0
29	4.9399999999999995	75.0	27469.0	-0.0005953745408491654	287610912.0	314419316.0	153484.0
29	4.9399999999999995	76.0	27551.0	-0.0005971518429842862	291783263.0	318611481.0	155623.0
29	4.9399999999999995	77.0	27662.0	-0.0005995577031915838	295955894.0	322803792.0	157616.0
29	4.9399999999999995	78.0	27324.0	-0.0005922317504882812	300128525.0	326996098.0	159614.0
29	4.9399999999999995	79.0	27724.0	-0.0006009015170010654	304301260.0	331188401.0	161615.0
29	4.9399999999999995	80.0	27557.0	-0.0005972818894819779	308473732.0	335380691.0	163629.0
29	4.9399999999999995	81.0	27749.0	-0.0006014433774081143	312646165.0	339572928.0	165696.0
29	4.9399999999999995	82.0	27408.0	-0.0005940524014559659	316818826.0	343765205.0	167723.0
29	4.9399999999999995	83.0	27305.0	-0.0005918199365789241	320991011.0	347957432.0	169800.0
29	4.9399999999999995	84.0	27478.0	-0.0005955696105957031	325163692.0	352149696.0	171840.0
29	4.9399999999999995	85.0	27680.0	-0.0005999478426846591	329336398.0	356342039.0	173801.0
29	4.9399999999999995	86.0	27541.0	-0.0005969350988214666	333508919.0	360534314.0	175830.0
29	4.9399999999999995	87.0	27389.0	-0.0005936405875466087	337681549.0	364726555.0	177893.0
29	4.9399999999999995	88.0	27433.0	-0.0005945942618630149	341853749.0	368918700.0	180052.0
29	4.9399999999999995	89.0	27468.0	-0.0005953528664328835	346026223.0	373110983.0	182073.0
29	4.9399999999999995	90.0	27519.0	-0.0005964582616632634	350198650.0	377303228.0	184132.0
29	4.9399999999999995	91.0	27591.0	-0.0005980188196355647	354371224.0	381495469.0	186195.0
29	4.9399999999999995	92.0	27571.0	-0.0005975853313099254	358543771.0	385687706.0	188262.0
29	4.9399999999999995	93.0	27459.0	-0.0005951577966863459	362716189.0	389879891.0	190381.0
29	4.9399999999999995	94.0	27281.0	-0.0005912997505881569	366889021.0	394072104.0	192472.0
29	4.9399999999999995	95.0	27536.0	-0.0005968267267400569	371061795.0	398264388.0	194492.0
29	4.9399999999999995	96.0	27677.0	-0.0005998828194358132	375234285.0	402456644.0	196540.0
29	4.9399999999999995	97.0	27423.0	-0.0005943775177001953	379406817.0	406648871.0	198617.0
29	4.9399999999999995	98.0	27587.0	-0.0005979321219704368	383579474.0	410841126.0	200666.0
29	4.9399999999999995	99.0	27453.0	-0.0005950277501886541	387751873.0	415033407.0	202689.0
29	4.9399999999999995	100.0	27917.0	-0.0006050846793434837	391924395.0	419225635.0	204765.0
30	4.8	1.0	22006154.0	-0.4769705425609242	54572.0	4192297.0	2007.0
30	4.8	2.0	20644044.0	-0.44744760339910333	143226.0	8384552.0	4056.0
30	4.8	3.0	18867551.0	-0.408943154595115	291327.0	12576845.0	6067.0
30	4.8	4.0	16553546.0	-0.3587884469465776	543512.0	16769078.0	8138.0
30	4.8	5.0	13532735.0	-0.29331413182345306	989469.0	20961417.0	10103.0
30	4.8	6.0	9653234.0	-0.20922821218317206	1811093.0	25153647.0	12177.0
30	4.8	7.0	5201560.0	-0.11274077675559303	3350115.0	29345932.0	14196.0
30	4.8	8.0	1571880.0	-0.03406958146528764	6056431.0	33538197.0	16235.0
30	4.8	9.0	219919.0	-0.004766615954312411	9823760.0	37730423.0	18313.0
30	4.8	10.0	40153.0	-0.0008702928369695491	13950760.0	41922664.0	20376.0
30	4.8	11.0	28002.0	-0.0006069270047274503	18119948.0	46114988.0	22356.0
30	4.8	12.0	27894.0	-0.0006045861677689986	22291538.0	50307115.0	24533.0
30	4.8	13.0	27793.0	-0.0006023970517245206	26463320.0	54499434.0	26518.0
30	4.8	14.0	27654.0	-0.0005993843078613281	30635023.0	58691646.0	28610.0
30	4.8	15.0	27535.0	-0.0005968050523237748	34807083.0	62883913.0	30647.0
30	4.8	16.0	27583.0	-0.0005978454243053089	38978965.0	67076140.0	32724.0
30	4.8	17.0	27497.0	-0.0005959814245050603	43151101.0	71268403.0	34765.0
30	4.8	18.0	27601.0	-0.0005982355637983842	47323028.0	75460652.0	36820.0
30	4.8	19.0	27946.0	-0.0006057132374156605	51494918.0	79652846.0	38930.0
30	4.8	20.0	27633.0	-0.0005989291451194069	55666601.0	83845113.0	40967.0
30	4.8	21.0	27550.0	-0.0005971301685680043	59838558.0	88037363.0	43021.0
30	4.8	22.0	27881.0	-0.0006043044003573331	64010628.0	92229649.0	45039.0
30	4.8	23.0	27416.0	-0.0005942257967862216	68182450.0	96421907.0	47085.0
30	4.8	24.0	27749.0	-0.0006014433774081143	72354292.0	100614138.0	49158.0
30	4.8	25.0	27506.0	-0.000596176494251598	76525982.0	104806432.0	51168.0
30	4.8	26.0	27584.0	-0.0005978670987215909	80697979.0	108998648.0	53256.0
30	4.8	27.0	27737.0	-0.0006011832844127308	84869767.0	113190924.0	55284.0
30	4.8	28.0	27664.0	-0.0005996010520241477	89041691.0	117383165.0	57347.0
30	4.8	29.0	27592.0	-0.0005980404940518466	93213471.0	121575400.0	59416.0
30	4.8	30.0	27676.0	-0.0005998611450195312	97385356.0	125767598.0	61522.0
30	4.8	31.0	27896.0	-0.0006046295166015625	101557344.0	129959836.0	63588.0
30	4.8	32.0	27626.0	-0.0005987774242054332	105728912.0	134152091.0	65637.0
30	4.8	33.0	27631.0	-0.0005988857962868431	109900881.0	138344424.0	67608.0
30	4.8	34.0	27676.0	-0.0005998611450195312	114072929.0	142536650.0	69686.0
30	4.8	35.0	27908.0	-0.000604889609596946	118244656.0	146728855.0	71785.0
30	4.8	36.0	27614.0	-0.0005985173312100497	122416122.0	150921075.0	73869.0
30	4.8	37.0	28005.0	-0.0006069920279762962	126587913.0	155113374.0	75874.0
30	4.8	38.0	27391.0	-0.0005936839363791726	130760090.0	159305668.0	77884.0
30	4.8	39.0	27872.0	-0.0006041093306107955	134932408.0	163497933.0	79923.0
30	4.8	40.0	27586.0	-0.0005979104475541549	139104442.0	167690226.0	81934.0
30	4.8	41.0	27680.0	-0.0005999478426846591	143276227.0	171882417.0	84047.0
30	4.8	42.0	27719.0	-0.0006007931449196556	147448161.0	176074689.0	86079.0
30	4.8	43.0	27674.0	-0.0005998177961869674	151620181.0	180266860.0	88212.0
30	4.8	44.0	27601.0	-0.0005982355637983842	155792277.0	184459085.0	90291.0
30	4.8	45.0	27406.0	-0.000594009052623402	159964194.0	188651362.0	92318.0
30	4.8	46.0	27612.0	-0.0005984739823774858	164136446.0	192843689.0	94295.0
30	4.8	47.0	27769.0	-0.0006018768657337536	168308335.0	197035994.0	96294.0
30	4.8	48.0	27912.0	-0.0006049763072620739	172480198.0	201228263.0	98329.0
30	4.8	49.0	27660.0	-0.0005995143543590199	176652352.0	205420538.0	100358.0
30	4.8	50.0	27800.0	-0.0006025487726384944	180824199.0	209612797.0	102403.0
30	4.8	51.0	27566.0	-0.0005974769592285156	184996070.0	213805121.0	104383.0
30	4.8	52.0	27883.0	-0.0006043477491898971	189168081.0	217997395.0	106413.0
30	4.8	53.0	27718.0	-0.0006007714705033736	193339987.0	222189724.0	108388.0
30	4.8	54.0	27786.0	-0.0006022453308105469	197511862.0	226381980.0	110436.0
30	4.8	55.0	27604.0	-0.0005983005870472301	201683751.0	230574320.0	112400.0
30	4.8	56.0	27912.0	-0.0006049763072620739	205855418.0	234766570.0	114454.0
30	4.8	57.0	27585.0	-0.0005978887731378728	210027401.0	238958847.0	116481.0
30	4.8	58.0	27608.0	-0.000598387284712358	214199435.0	243151110.0	118522.0
30	4.8	59.0	28071.0	-0.0006084225394509056	218371188.0	247343330.0	120606.0
30	4.8	60.0	27766.0	-0.0006018118424849076	222542816.0	251535600.0	122640.0
30	4.8	61.0	27776.0	-0.0006020285866477273	226714638.0	255727830.0	124714.0
30	4.8	62.0	27692.0	-0.0006002079356800426	230886420.0	259920102.0	126746.0
30	4.8	63.0	27570.0	-0.0005975636568936435	235058136.0	264112316.0	128836.0
30	4.8	64.0	27607.0	-0.0005983656102960759	239230416.0	268304551.0	130905.0
30	4.8	65.0	27584.0	-0.0005978670987215909	243402346.0	272496834.0	132926.0
30	4.8	66.0	27853.0	-0.0006036975167014382	247574185.0	276689121.0	134943.0
30	4.8	67.0	27756.0	-0.0006015950983220881	251745925.0	280881371.0	136997.0
30	4.8	68.0	27339.0	-0.0005925568667325107	255918166.0	285073597.0	139075.0
30	4.8	69.0	27711.0	-0.0006006197495893998	260089873.0	289265786.0	141190.0
30	4.8	70.0	27591.0	-0.0005980188196355647	264261855.0	293458003.0	143277.0
30	4.8	71.0	27832.0	-0.000603242353959517	268433698.0	297650190.0	145394.0
30	4.8	72.0	27520.0	-0.0005964799360795455	272605957.0	301842570.0	147318.0
30	4.8	73.0	27783.0	-0.0006021803075617009	276777807.0	306034759.0	149433.0
30	4.8	74.0	27553.0	-0.0005971951918168502	280949594.0	310226975.0	151521.0
30	4.8	75.0	27742.0	-0.0006012916564941406	285121393.0	314419235.0	153565.0
30	4.8	76.0	27517.0	-0.0005964149128306996	289293427.0	318611491.0	155613.0
30	4.8	77.0	27937.0	-0.0006055181676691228	293465133.0	322803678.0	157730.0
30	4.8	78.0	27693.0	-0.0006002296100963246	297637110.0	326995969.0	159743.0
30	4.8	79.0	27672.0	-0.0005997744473544034	301809349.0	331188217.0	161799.0
30	4.8	80.0	27756.0	-0.0006015950983220881	305980898.0	335380393.0	163927.0
30	4.8	81.0	27633.0	-0.0005989291451194069	310152740.0	339572605.0	166019.0
30	4.8	82.0	27743.0	-0.0006013133309104226	314324949.0	343764883.0	168045.0
30	4.8	83.0	27403.0	-0.0005939440293745561	318496862.0	347957120.0	170112.0
30	4.8	84.0	27358.0	-0.0005929686806418679	322668944.0	352149310.0	172226.0
30	4.8	85.0	27702.0	-0.0006004246798428622	326840589.0	356341543.0	174297.0
30	4.8	86.0	27586.0	-0.0005979104475541549	331012773.0	360533792.0	176352.0
30	4.8	87.0	27901.0	-0.0006047378886829723	335184628.0	364726108.0	178340.0
30	4.8	88.0	28079.0	-0.0006085959347811612	339356479.0	368918398.0	180354.0
30	4.8	89.0	27899.0	-0.0006046945398504084	343528217.0	373110678.0	182378.0
30	4.8	90.0	27720.0	-0.0006008148193359375	347699673.0	377302924.0	184436.0
30	4.8	91.0	27474.0	-0.0005954829129305753	351871505.0	381495190.0	186474.0
30	4.8	92.0	27927.0	-0.0006053014235063033	356043357.0	385687439.0	188529.0
30	4.8	93.0	27544.0	-0.0005970001220703125	360215334.0	389879638.0	190634.0
30	4.8	94.0	27843.0	-0.0006034807725386186	364387600.0	394071898.0	192678.0
30	4.8	95.0	27755.0	-0.0006015734239058061	368559397.0	398264105.0	194775.0
30	4.8	96.0	27645.0	-0.0005991892381147904	372731309.0	402456426.0	196758.0
30	4.8	97.0	27799.0	-0.0006025270982222123	376902926.0	406648609.0	198879.0
30	4.8	98.0	27874.0	-0.0006041526794433594	381074638.0	410840939.0	200853.0
30	4.8	99.0	27856.0	-0.0006037625399502841	385246314.0	415033204.0	202892.0
30	4.8	100.0	27679.0	-0.0005999261682683772	389418220.0	419225546.0	204854.0
31	4.66	1.0	22137557.0	-0.4798186258836226	47427.0	4192278.0	2026.0
31	4.66	2.0	20975907.0	-0.45464054020968353	121250.0	8384607.0	4001.0
31	4.66	3.0	19488023.0	-0.4223915230144154	239752.0	12576825.0	6087.0
31	4.66	4.0	17578085.0	-0.38099473172968085	433753.0	16769054.0	8162.0
31	4.66	5.0	15105635.0	-0.32740582119334827	761196.0	20961320.0	10200.0
31	4.66	6.0	11919258.0	-0.2583429596640847	1332476.0	25153635.0	12189.0
31	4.66	7.0	7973248.0	-0.17281549627130682	2367555.0	29345937.0	14191.0
31	4.66	8.0	3755613.0	-0.0814007195559415	4259333.0	33538201.0	16231.0
31	4.66	9.0	917803.0	-0.019892844286831943	7353224.0	37730535.0	18201.0
31	4.66	10.0	117554.0	-0.0025479143316095524	11291947.0	41922867.0	20173.0
31	4.66	11.0	33095.0	-0.0007173148068514737	15441570.0	46115166.0	22178.0
31	4.66	12.0	28239.0	-0.0006120638413862748	19611072.0	50307418.0	24230.0
31	4.66	13.0	27901.0	-0.0006047378886829723	23782229.0	54499637.0	26315.0
31	4.66	14.0	27905.0	-0.0006048245863481002	27953657.0	58691964.0	28292.0
31	4.66	15.0	28194.0	-0.0006110884926535866	32124878.0	62884242.0	30318.0
31	4.66	16.0	27771.0	-0.0006019202145663174	36296267.0	67076526.0	32338.0
31	4.66	17.0	28380.0	-0.0006151199340820312	40467403.0	71268771.0	34397.0
31	4.66	18.0	27813.0	-0.0006028305400501598	44638435.0	75461034.0	36438.0
31	4.66	19.0	27940.0	-0.0006055831909179688	48809894.0	79653265.0	38511.0
31	4.66	20.0	28043.0	-0.0006078156557950107	52981162.0	83845491.0	40589.0
31	4.66	21.0	27847.0	-0.0006035674702037464	57152438.0	88037793.0	42591.0
31	4.66	22.0	28015.0	-0.0006072087721391158	61323539.0	92230080.0	44608.0
31	4.66	23.0	27955.0	-0.0006059083071621982	65494691.0	96422284.0	46708.0
31	4.66	24.0	27802.0	-0.0006025921214710582	69665812.0	100614587.0	48709.0
31	4.66	25.0	27796.0	-0.0006024620749733665	73837056.0	104806856.0	50744.0
31	4.66	26.0	27956.0	-0.0006059299815784801	78008044.0	108999154.0	52750.0
31	4.66	27.0	27603.0	-0.0005982789126309482	82179598.0	113191450.0	54758.0
31	4.66	28.0	27960.0	-0.000606016679243608	86350907.0	117383759.0	56753.0
31	4.66	29.0	27751.0	-0.0006014867262406783	90521889.0	121575975.0	58841.0
31	4.66	30.0	27715.0	-0.0006007064472545277	94692771.0	125768240.0	60880.0
31	4.66	31.0	28004.0	-0.0006069703535600142	98863973.0	129960465.0	62959.0
31	4.66	32.0	27754.0	-0.0006015517494895241	103035073.0	134152668.0	65060.0
31	4.66	33.0	27754.0	-0.0006015517494895241	107206172.0	138344896.0	67136.0
31	4.66	34.0	28102.0	-0.0006090944463556463	111377445.0	142537118.0	69218.0
31	4.66	35.0	27716.0	-0.0006007281216708096	115548577.0	146729398.0	71242.0
31	4.66	36.0	27792.0	-0.0006023753773082386	119719731.0	150921751.0	73193.0
31	4.66	37.0	27741.0	-0.0006012699820778587	123890792.0	155114008.0	75240.0
31	4.66	38.0	28042.0	-0.0006077939813787287	128062180.0	159306253.0	77299.0
31	4.66	39.0	27663.0	-0.0005995793776078658	132233373.0	163498486.0	79370.0
31	4.66	40.0	27917.0	-0.0006050846793434837	136404307.0	167690761.0	81399.0
31	4.66	41.0	27958.0	-0.000605973330411044	140575502.0	171883058.0	83406.0
31	4.66	42.0	27571.0	-0.0005975853313099254	144747029.0	176075330.0	85438.0
31	4.66	43.0	27908.0	-0.000604889609596946	148918443.0	180267632.0	87440.0
31	4.66	44.0	27832.0	-0.000603242353959517	153089865.0	184459896.0	89480.0
31	4.66	45.0	28051.0	-0.0006079890511252663	157260936.0	188652120.0	91560.0
31	4.66	46.0	28094.0	-0.0006089210510253906	161432256.0	192844367.0	93617.0
31	4.66	47.0	27679.0	-0.0005999261682683772	165603470.0	197036569.0	95719.0
31	4.66	48.0	27960.0	-0.000606016679243608	169774576.0	201228807.0	97785.0
31	4.66	49.0	27902.0	-0.0006047595630992543	173945628.0	205421137.0	99759.0
31	4.66	50.0	27615.0	-0.0005985390056263317	178116781.0	209613360.0	101840.0
31	4.66	51.0	28378.0	-0.0006150765852494674	182287862.0	213805600.0	103904.0
31	4.66	52.0	28068.0	-0.0006083575162020596	186458816.0	217997863.0	105945.0
31	4.66	53.0	28063.0	-0.0006082491441206498	190630179.0	222190145.0	107967.0
31	4.66	54.0	27569.0	-0.0005975419824773616	194801080.0	226382414.0	110002.0
31	4.66	55.0	27831.0	-0.0006032206795432351	198972577.0	230574655.0	112065.0
31	4.66	56.0	27919.0	-0.0006051280281760476	203143966.0	234766871.0	114153.0
31	4.66	57.0	27681.0	-0.0005999695171009411	207315324.0	238959085.0	116243.0
31	4.66	58.0	27835.0	-0.0006033073772083629	211486559.0	243151309.0	118323.0
31	4.66	59.0	27952.0	-0.0006058432839133523	215657821.0	247343557.0	120379.0
31	4.66	60.0	27849.0	-0.0006036108190363103	219828889.0	251535756.0	122484.0
31	4.66	61.0	27886.0	-0.0006044127724387429	224000177.0	255727983.0	124561.0
31	4.66	62.0	27910.0	-0.00060493295842951	228171644.0	259920312.0	126536.0
31	4.66	63.0	28271.0	-0.0006127574227072976	232342777.0	264112628.0	128524.0
31	4.66	64.0	27724.0	-0.0006009015170010654	236513882.0	268304822.0	130634.0
31	4.66	65.0	27791.0	-0.0006023537028919567	240685450.0	272497069.0	132691.0
31	4.66	66.0	27839.0	-0.0006033940748734908	244856765.0	276689288.0	134776.0
31	4.66	67.0	27800.0	-0.0006025487726384944	249028026.0	280881540.0	136828.0
31	4.66	68.0	27770.0	-0.0006018985401500355	253199220.0	285073818.0	138854.0
31	4.66	69.0	28043.0	-0.0006078156557950107	257370497.0	289266098.0	140878.0
31	4.66	70.0	27666.0	-0.0005996444008567116	261541672.0	293458316.0	142964.0
31	4.66	71.0	28220.0	-0.0006116520274769176	265712845.0	297650574.0	145010.0
31	4.66	72.0	27910.0	-0.00060493295842951	269884058.0	301842824.0	147064.0
31	4.66	73.0	28052.0	-0.0006080107255415483	274055139.0	306035089.0	149103.0
31	4.66	74.0	27930.0	-0.0006053664467551491	278226222.0	310227362.0	151134.0
31	4.66	75.0	27963.0	-0.0006060817024924538	282397443.0	314419663.0	153137.0
31	4.66	76.0	27607.0	-0.0005983656102960759	286568703.0	318611970.0	155134.0
31	4.66	77.0	27901.0	-0.0006047378886829723	290739527.0	322804154.0	157254.0
31	4.66	78.0	27898.0	-0.0006046728654341264	294910740.0	326996390.0	159322.0
31	4.66	79.0	27514.0	-0.0005963498895818537	299081894.0	331188683.0	161333.0
31	4.66	80.0	27956.0	-0.0006059299815784801	303253405.0	335380964.0	163356.0
31	4.66	81.0	27915.0	-0.0006050413305109197	307424728.0	339573183.0	165441.0
31	4.66	82.0	27744.0	-0.0006013350053267045	311595724.0	343765478.0	167450.0
31	4.66	83.0	27937.0	-0.0006055181676691228	315766764.0	347957721.0	169511.0
31	4.66	84.0	27781.0	-0.0006021369587291371	319938161.0	352150012.0	171524.0
31	4.66	85.0	27784.0	-0.000602201981977983	324109501.0	356342295.0	173545.0
31	4.66	86.0	27570.0	-0.0005975636568936435	328280736.0	360534532.0	175612.0
31	4.66	87.0	27788.0	-0.0006022886796431108	332452045.0	364726784.0	177664.0
31	4.66	88.0	28207.0	-0.0006113702600652522	336623209.0	368918999.0	179753.0
31	4.66	89.0	28004.0	-0.0006069703535600142	340794393.0	373111244.0	181812.0
31	4.66	90.0	27968.0	-0.0006061900745738636	344965706.0	377303498.0	183862.0
31	4.66	91.0	27792.0	-0.0006023753773082386	349136930.0	381495769.0	185895.0
31	4.66	92.0	28128.0	-0.0006096579811789773	353307841.0	385688039.0	187929.0
31	4.66	93.0	27748.0	-0.0006014217029918324	357479052.0	389880348.0	189924.0
31	4.66	94.0	27928.0	-0.0006053230979225852	361650290.0	394072624.0	191952.0
31	4.66	95.0	28108.0	-0.0006092244928533381	365821154.0	398264915.0	193965.0
31	4.66	96.0	27961.0	-0.0006060383536598899	369992571.0	402457148.0	196036.0
31	4.66	97.0	27765.0	-0.0006017901680686257	374163775.0	406649379.0	198109.0
31	4.66	98.0	27905.0	-0.0006048245863481002	378335013.0	410841595.0	200197.0
31	4.66	99.0	27548.0	-0.0005970868197354404	382506458.0	415033885.0	202211.0
31	4.66	100.0	27942.0	-0.0006056265397505326	386677567.0	419226089.0	204311.0
32	4.5200000000000005	1.0	22282970.0	-0.4829703677784313	39618.0	4192225.0	2079.0
32	4.5200000000000005	2.0	21304102.0	-0.46175397526134143	99971.0	8384500.0	4108.0
32	4.5200000000000005	3.0	20079366.0	-0.4352085373618386	192804.0	12576770.0	6142.0
32	4.5200000000000005	4.0	18536484.0	-0.40176747061989526	338497.0	16769060.0	8156.0
32	4.5200000000000005	5.0	16556067.0	-0.3588430881500244	574053.0	20961343.0	10177.0
32	4.5200000000000005	6.0	14021729.0	-0.3039127913388339	964690.0	25153705.0	12119.0
32	4.5200000000000005	7.0	10795437.0	-0.23398479548367587	1636340.0	29345972.0	14156.0
32	4.5200000000000005	8.0	6895243.0	-0.14945036714727228	2834416.0	33538233.0	16199.0
32	4.5200000000000005	9.0	2988224.0	-0.06476801091974432	4958722.0	37730471.0	18265.0
32	4.5200000000000005	10.0	653117.0	-0.014155929738825018	8257629.0	41922661.0	20379.0
32	4.5200000000000005	11.0	86315.0	-0.001870827241377397	12261501.0	46114902.0	22442.0
32	4.5200000000000005	12.0	31262.0	-0.0006775856018066406	16417882.0	50307144.0	24504.0
32	4.5200000000000005	13.0	28233.0	-0.0006119337948885831	20587582.0	54499415.0	26537.0
32	4.5200000000000005	14.0	28136.0	-0.000609831376509233	24757653.0	58691644.0	28612.0
32	4.5200000000000005	15.0	28058.0	-0.00060814077203924	28928206.0	62883925.0	30635.0
32	4.5200000000000005	16.0	28182.0	-0.0006108283996582031	33098637.0	67076220.0	32644.0
32	4.5200000000000005	17.0	28181.0	-0.0006108067252419212	37269307.0	71268471.0	34697.0
32	4.5200000000000005	18.0	28190.0	-0.0006110017949884588	41439686.0	75460653.0	36819.0
32	4.5200000000000005	19.0	28122.0	-0.0006095279346812855	45609910.0	79652859.0	38917.0
32	4.5200000000000005	20.0	28117.0	-0.0006094195625998757	49780492.0	83845121.0	40959.0
32	4.5200000000000005	21.0	27714.0	-0.0006006847728382457	53951101.0	88037413.0	42971.0
32	4.5200000000000005	22.0	28058.0	-0.00060814077203924	58121623.0	92229637.0	45051.0
32	4.5200000000000005	23.0	28037.0	-0.0006076856092973189	62291861.0	96421885.0	47107.0
32	4.5200000000000005	24.0	28098.0	-0.0006090077486905185	66462469.0	100614178.0	49118.0
32	4.5200000000000005	25.0	28214.0	-0.0006115219809792259	70633032.0	104806409.0	51191.0
32	4.5200000000000005	26.0	27979.0	-0.0006064284931529652	74803361.0	108998599.0	53305.0
32	4.5200000000000005	27.0	28126.0	-0.0006096146323464134	78973945.0	113190931.0	55277.0
32	4.5200000000000005	28.0	28016.0	-0.0006072304465553977	83144577.0	117383214.0	57298.0
32	4.5200000000000005	29.0	27965.0	-0.0006061250513250178	87315311.0	121575415.0	59401.0
32	4.5200000000000005	30.0	28138.0	-0.0006098747253417969	91485967.0	125767698.0	61422.0
32	4.5200000000000005	31.0	28071.0	-0.0006084225394509056	95656560.0	129959966.0	63458.0
32	4.5200000000000005	32.0	28168.0	-0.0006105249578302556	99827125.0	134152280.0	65448.0
32	4.5200000000000005	33.0	27719.0	-0.0006007931449196556	103997448.0	138344516.0	67516.0
32	4.5200000000000005	34.0	27965.0	-0.0006061250513250178	108168185.0	142536756.0	69580.0
32	4.5200000000000005	35.0	27983.0	-0.0006065151908180931	112338836.0	146729012.0	71628.0
32	4.5200000000000005	36.0	28216.0	-0.0006115653298117898	116509229.0	150921219.0	73725.0
32	4.5200000000000005	37.0	28063.0	-0.0006082491441206498	120679556.0	155113420.0	75828.0
32	4.5200000000000005	38.0	27815.0	-0.0006028738888827237	124850056.0	159305697.0	77855.0
32	4.5200000000000005	39.0	28050.0	-0.0006079673767089844	129020384.0	163497909.0	79947.0
32	4.5200000000000005	40.0	27729.0	-0.0006010098890824752	133191100.0	167690133.0	82027.0
32	4.5200000000000005	41.0	27635.0	-0.0005989724939519709	137361943.0	171882348.0	84116.0
32	4.5200000000000005	42.0	27996.0	-0.0006067969582297585	141532461.0	176074594.0	86174.0
32	4.5200000000000005	43.0	28038.0	-0.0006077072837136009	145702971.0	180266827.0	88245.0
32	4.5200000000000005	44.0	28224.0	-0.0006117387251420455	149873253.0	184459097.0	90279.0
32	4.5200000000000005	45.0	28183.0	-0.0006108500740744851	154043626.0	188651336.0	92344.0
32	4.5200000000000005	46.0	27888.0	-0.0006044561212713069	158214213.0	192843553.0	94431.0
32	4.5200000000000005	47.0	28245.0	-0.0006121938878839666	162384279.0	197035860.0	96428.0
32	4.5200000000000005	48.0	27994.0	-0.0006067536093971946	166554762.0	201228120.0	98472.0
32	4.5200000000000005	49.0	27887.0	-0.0006044344468550248	170725101.0	205420321.0	100575.0
32	4.5200000000000005	50.0	27992.0	-0.0006067102605646306	174895882.0	209612607.0	102593.0
32	4.5200000000000005	51.0	28101.0	-0.0006090727719393643	179066608.0	213804905.0	104599.0
32	4.5200000000000005	52.0	27974.0	-0.0006063201210715554	183237118.0	217997110.0	106698.0
32	4.5200000000000005	53.0	28084.0	-0.000608704306862571	187407525.0	222189417.0	108695.0
32	4.5200000000000005	54.0	28065.0	-0.0006082924929532138	191577891.0	226381655.0	110761.0
32	4.5200000000000005	55.0	27947.0	-0.0006057349118319424	195748424.0	230573892.0	112828.0
32	4.5200000000000005	56.0	27850.0	-0.0006036324934525924	199919131.0	234766215.0	114809.0
32	4.5200000000000005	57.0	28268.0	-0.0006126923994584517	204089489.0	238958487.0	116841.0
32	4.5200000000000005	58.0	28236.0	-0.000611998818137429	208259806.0	243150724.0	118908.0
32	4.5200000000000005	59.0	27927.0	-0.0006053014235063033	212430178.0	247342964.0	120972.0
32	4.5200000000000005	60.0	28247.0	-0.0006122372367165306	216600657.0	251535277.0	122963.0
32	4.5200000000000005	61.0	28206.0	-0.0006113485856489701	220770954.0	255727534.0	125010.0
32	4.5200000000000005	62.0	27949.0	-0.0006057782606645064	224941357.0	259919764.0	127084.0
32	4.5200000000000005	63.0	27970.0	-0.0006062334234064275	229111619.0	264111992.0	129160.0
32	4.5200000000000005	64.0	28348.0	-0.0006144263527610085	233282328.0	268304244.0	131212.0
32	4.5200000000000005	65.0	28273.0	-0.0006128007715398616	237452859.0	272496514.0	133246.0
32	4.5200000000000005	66.0	28141.0	-0.0006099397485906428	241623062.0	276688708.0	135356.0
32	4.5200000000000005	67.0	28071.0	-0.0006084225394509056	245793800.0	280880934.0	137434.0
32	4.5200000000000005	68.0	27711.0	-0.0006006197495893998	249964487.0	285073134.0	139538.0
32	4.5200000000000005	69.0	28077.0	-0.0006085525859485973	254134970.0	289265434.0	141542.0
32	4.5200000000000005	70.0	27956.0	-0.0006059299815784801	258305316.0	293457693.0	143587.0
32	4.5200000000000005	71.0	28362.0	-0.000614729794588956	262475650.0	297649960.0	145624.0
32	4.5200000000000005	72.0	28270.0	-0.0006127357482910156	266646064.0	301842270.0	147618.0
32	4.5200000000000005	73.0	28149.0	-0.0006101131439208984	270816667.0	306034490.0	149702.0
32	4.5200000000000005	74.0	27984.0	-0.000606536865234375	274987143.0	310226760.0	151736.0
32	4.5200000000000005	75.0	28286.0	-0.000613082538951527	279157361.0	314418914.0	153886.0
32	4.5200000000000005	76.0	27924.0	-0.0006052364002574574	283327875.0	318611135.0	155969.0
32	4.5200000000000005	77.0	28303.0	-0.0006134510040283203	287498667.0	322803398.0	158010.0
32	4.5200000000000005	78.0	28099.0	-0.0006090294231068004	291669093.0	326995670.0	160042.0
32	4.5200000000000005	79.0	28051.0	-0.0006079890511252663	295839612.0	331187946.0	162070.0
32	4.5200000000000005	80.0	27917.0	-0.0006050846793434837	300009989.0	335380222.0	164098.0
32	4.5200000000000005	81.0	28516.0	-0.0006180676546963779	304180168.0	339572444.0	166180.0
32	4.5200000000000005	82.0	27905.0	-0.0006048245863481002	308350547.0	343764785.0	168143.0
32	4.5200000000000005	83.0	28199.0	-0.0006111968647349964	312520683.0	347957033.0	170199.0
32	4.5200000000000005	84.0	27853.0	-0.0006036975167014382	316691137.0	352149297.0	172239.0
32	4.5200000000000005	85.0	28086.0	-0.000608747655695135	320861570.0	356341619.0	174221.0
32	4.5200000000000005	86.0	27838.0	-0.0006033724004572088	325032096.0	360533829.0	176315.0
32	4.5200000000000005	87.0	28030.0	-0.0006075338883833451	329202563.0	364726134.0	178314.0
32	4.5200000000000005	88.0	28258.0	-0.0006124756552956321	333373025.0	368918385.0	180367.0
32	4.5200000000000005	89.0	28472.0	-0.0006171139803799716	337543388.0	373110570.0	182486.0
32	4.5200000000000005	90.0	27942.0	-0.0006056265397505326	341714127.0	377302859.0	184501.0
32	4.5200000000000005	91.0	28232.0	-0.0006119121204723011	345884672.0	381495079.0	186585.0
32	4.5200000000000005	92.0	28310.0	-0.000613602724942294	350055225.0	385687302.0	188666.0
32	4.5200000000000005	93.0	28127.0	-0.0006096363067626953	354225551.0	389879549.0	190723.0
32	4.5200000000000005	94.0	27959.0	-0.0006059950048273259	358395989.0	394071873.0	192703.0
32	4.5200000000000005	95.0	27857.0	-0.0006037842143665661	362566297.0	398264129.0	194751.0
32	4.5200000000000005	96.0	27973.0	-0.0006062984466552734	366737082.0	402456378.0	196806.0
32	4.5200000000000005	97.0	28271.0	-0.0006127574227072976	370907643.0	406648614.0	198874.0
32	4.5200000000000005	98.0	28550.0	-0.0006188045848499645	375077849.0	410840845.0	200947.0
32	4.5200000000000005	99.0	28034.0	-0.000607620586048473	379248339.0	415033134.0	202962.0
32	4.5200000000000005	100.0	28342.0	-0.0006142963062633168	383418824.0	419225360.0	205040.0
33	4.38	1.0	22398683.0	-0.48547837950966577	33538.0	4192260.0	2044.0
33	4.38	2.0	21576245.0	-0.46765251593156293	82995.0	8384516.0	4092.0
33	4.38	3.0	20559071.0	-0.44560586322437634	156854.0	12576806.0	6106.0
33	4.38	4.0	19301351.0	-0.4183455163782293	268167.0	16769079.0	8137.0
33	4.38	5.0	17733532.0	-0.3843639547174627	438910.0	20961257.0	10263.0
33	4.38	6.0	15754351.0	-0.3414663618261164	708396.0	25153466.0	12358.0
33	4.38	7.0	13241207.0	-0.2869954325936057	1147376.0	29345771.0	14357.0
33	4.38	8.0	10070821.0	-0.21827916665510697	1889777.0	33537964.0	16468.0
33	4.38	9.0	6317531.0	-0.13692879676818848	3183647.0	37730162.0	18574.0
33	4.38	10.0	2670539.0	-0.057882373983209785	5416581.0	41922381.0	20659.0
33	4.38	11.0	572923.0	-0.012417771599509499	8786994.0	46114683.0	22661.0
33	4.38	12.0	78444.0	-0.001700227910822088	12808146.0	50306951.0	24697.0
33	4.38	13.0	31047.0	-0.0006729256023060192	16965244.0	54499240.0	26712.0
33	4.38	14.0	28354.0	-0.0006145563992587003	21134517.0	58691531.0	28725.0
33	4.38	15.0	28081.0	-0.0006086392836137252	25304246.0	62883788.0	30772.0
33	4.38	16.0	28110.0	-0.000609267841685902	29474140.0	67076015.0	32849.0
33	4.38	17.0	28137.0	-0.0006098530509255149	33643765.0	71268240.0	34928.0
33	4.38	18.0	28229.0	-0.0006118470972234553	37813525.0	75460458.0	37014.0
33	4.38	19.0	28208.0	-0.0006113919344815341	41983346.0	79652691.0	39085.0
33	4.38	20.0	28327.0	-0.0006139711900190873	46153068.0	83844928.0	41152.0
33	4.38	21.0	28397.0	-0.0006154883991588246	50322749.0	88037171.0	43213.0
33	4.38	22.0	28550.0	-0.0006188045848499645	54492404.0	92229477.0	45211.0
33	4.38	23.0	28233.0	-0.0006119337948885831	58661862.0	96421790.0	47202.0
33	4.38	24.0	28194.0	-0.0006110884926535866	62831340.0	100614019.0	49277.0
33	4.38	25.0	28247.0	-0.0006122372367165306	67001000.0	104806240.0	51360.0
33	4.38	26.0	28352.0	-0.0006145130504261364	71170553.0	108998447.0	53457.0
33	4.38	27.0	28136.0	-0.000609831376509233	75340171.0	113190665.0	55543.0
33	4.38	28.0	28272.0	-0.0006127790971235795	79510309.0	117382901.0	57611.0
33	4.38	29.0	28304.0	-0.0006134726784446023	83680248.0	121575139.0	59677.0
33	4.38	30.0	28297.0	-0.0006133209575306286	87850055.0	125767347.0	61773.0
33	4.38	31.0	28531.0	-0.0006183927709406072	92019639.0	129959552.0	63872.0
33	4.38	32.0	28205.0	-0.0006113269112326882	96189218.0	134151863.0	65865.0
33	4.38	33.0	28387.0	-0.0006152716549960049	100359051.0	138344038.0	67994.0
33	4.38	34.0	28031.0	-0.0006075555627996272	104528915.0	142536294.0	70042.0
33	4.38	35.0	28302.0	-0.0006134293296120384	108698619.0	146728516.0	72124.0
33	4.38	36.0	28119.0	-0.0006094629114324397	112868395.0	150920793.0	74151.0
33	4.38	37.0	28138.0	-0.0006098747253417969	117038449.0	155113049.0	76199.0
33	4.38	38.0	28287.0	-0.0006131042133678089	121208121.0	159305227.0	78325.0
33	4.38	39.0	28320.0	-0.0006138194691051136	125377872.0	163497461.0	80395.0
33	4.38	40.0	28211.0	-0.0006114569577303799	129547769.0	167689778.0	82382.0
33	4.38	41.0	28444.0	-0.0006165070967240767	133717381.0	171881968.0	84496.0
33	4.38	42.0	28058.0	-0.00060814077203924	137886986.0	176074152.0	86616.0
33	4.38	43.0	28359.0	-0.0006146647713401101	142056813.0	180266358.0	88714.0
33	4.38	44.0	28537.0	-0.0006185228174382991	146226663.0	184458595.0	90781.0
33	4.38	45.0	28470.0	-0.0006170706315474076	150396282.0	188650763.0	92917.0
33	4.38	46.0	28091.0	-0.0006088560277765447	154566035.0	192843062.0	94922.0
33	4.38	47.0	28319.0	-0.0006137977946888317	158735886.0	197035289.0	96999.0
33	4.38	48.0	28109.0	-0.0006092461672696201	162905624.0	201227554.0	99038.0
33	4.38	49.0	27993.0	-0.0006067319349809127	167075329.0	205419785.0	101111.0
33	4.38	50.0	28282.0	-0.0006129958412863991	171245133.0	209612102.0	103098.0
33	4.38	51.0	28318.0	-0.0006137761202725497	175414768.0	213804319.0	105185.0
33	4.38	52.0	28542.0	-0.0006186311895197088	179584586.0	217996598.0	107210.0
33	4.38	53.0	28465.0	-0.0006169622594659978	183754453.0	222188855.0	109257.0
33	4.38	54.0	28459.0	-0.0006168322129683061	187924186.0	226381138.0	111278.0
33	4.38	55.0	28657.0	-0.0006211237473921342	192093581.0	230573445.0	113275.0
33	4.38	56.0	28082.0	-0.0006086609580300071	196263207.0	234765635.0	115389.0
33	4.38	57.0	28234.0	-0.000611955469304865	200432816.0	238957882.0	117446.0
33	4.38	58.0	28255.0	-0.0006124106320467862	204602795.0	243150183.0	119449.0
33	4.38	59.0	28254.0	-0.0006123889576305043	208772406.0	247342503.0	121433.0
33	4.38	60.0	28284.0	-0.0006130391901189631	212942163.0	251534715.0	123525.0
33	4.38	61.0	28123.0	-0.0006095496090975674	217112119.0	255727012.0	125532.0
33	4.38	62.0	28312.0	-0.000613646073774858	221281834.0	259919247.0	127601.0
33	4.38	63.0	27994.0	-0.0006067536093971946	225451523.0	264111492.0	129660.0
33	4.38	64.0	28424.0	-0.0006160736083984375	229621274.0	268303739.0	131717.0
33	4.38	65.0	28358.0	-0.0006146430969238281	233790884.0	272495961.0	133799.0
33	4.38	66.0	28130.0	-0.0006097013300115412	237960733.0	276688163.0	135901.0
33	4.38	67.0	28229.0	-0.0006118470972234553	242130565.0	280880415.0	137953.0
33	4.38	68.0	28481.0	-0.0006173090501265092	246300513.0	285072654.0	140018.0
33	4.38	69.0	28565.0	-0.0006191297010941939	250470226.0	289264959.0	142017.0
33	4.38	70.0	28206.0	-0.0006113485856489701	254639870.0	293457211.0	144069.0
33	4.38	71.0	28241.0	-0.0006121071902188388	258809700.0	297649521.0	146063.0
33	4.38	72.0	28059.0	-0.0006081624464555221	262979318.0	301841808.0	148080.0
33	4.38	73.0	28347.0	-0.0006144046783447266	267148940.0	306033988.0	150204.0
33	4.38	74.0	28116.0	-0.0006093978881835938	271318552.0	310226223.0	152273.0
33	4.38	75.0	28247.0	-0.0006122372367165306	275488488.0	314418464.0	154336.0
33	4.38	76.0	28266.0	-0.0006126490506258878	279658166.0	318610768.0	156336.0
33	4.38	77.0	28094.0	-0.0006089210510253906	283827978.0	322803082.0	158326.0
33	4.38	78.0	28317.0	-0.0006137544458562678	287997701.0	326995395.0	160317.0
33	4.38	79.0	28522.0	-0.0006181977011940696	292167429.0	331187631.0	162385.0
33	4.38	80.0	28146.0	-0.0006100481206720525	296337438.0	335379879.0	164441.0
33	4.38	81.0	28011.0	-0.0006071220744739879	300507089.0	339572149.0	166475.0
33	4.38	82.0	28249.0	-0.0006122805855490944	304676885.0	343764431.0	168497.0
33	4.38	83.0	28503.0	-0.0006177858872847123	308846447.0	347956612.0	170620.0
33	4.38	84.0	28303.0	-0.0006134510040283203	313016165.0	352148865.0	172671.0
33	4.38	85.0	28419.0	-0.0006159652363170277	317186153.0	356341086.0	174754.0
33	4.38	86.0	28210.0	-0.000611435283314098	321356145.0	360533395.0	176749.0
33	4.38	87.0	28282.0	-0.0006129958412863991	325526057.0	364725688.0	178760.0
33	4.38	88.0	28140.0	-0.0006099180741743608	329696018.0	368918047.0	180705.0
33	4.38	89.0	28298.0	-0.0006133426319469105	333865847.0	373110290.0	182766.0
33	4.38	90.0	28264.0	-0.0006126057017933239	338035540.0	377302521.0	184839.0
33	4.38	91.0	28516.0	-0.0006180676546963779	342205069.0	381494723.0	186941.0
33	4.38	92.0	28172.0	-0.0006106116554953835	346374761.0	385687050.0	188918.0
33	4.38	93.0	28399.0	-0.0006155317479913884	350544507.0	389879380.0	190892.0
33	4.38	94.0	28159.0	-0.0006103298880837181	354714426.0	394071685.0	192891.0
33	4.38	95.0	28249.0	-0.0006122805855490944	358884432.0	398263920.0	194960.0
33	4.38	96.0	28187.0	-0.0006109367717396129	363053817.0	402456130.0	197054.0
33	4.38	97.0	28176.0	-0.0006106983531605114	367223486.0	406648370.0	199118.0
33	4.38	98.0	28443.0	-0.0006164854223077947	371393245.0	410840598.0	201194.0
33	4.38	99.0	28256.0	-0.0006124323064630681	375562790.0	415032813.0	203283.0
33	4.38	100.0	28325.0	-0.0006139278411865234	379732547.0	419225099.0	205301.0
34	4.24	1.0	22502073.0	-0.4877192974090576	28117.0	4192317.0	1987.0
34	4.24	2.0	21820744.0	-0.47295188903808594	68144.0	8384505.0	4103.0
34	4.24	3.0	20994690.0	-0.4550476507707076	125695.0	12576804.0	6108.0
34	4.24	4.0	19994565.0	-0.4333705251867121	209231.0	16769070.0	8146.0
34	4.24	5.0	18766536.0	-0.40675371343439276	332212.0	20961344.0	10176.0
34	4.24	6.0	17237065.0	-0.3736033222892068	517726.0	25153654.0	12170.0
34	4.24	7.0	15326557.0	-0.33219417658719147	803839.0	29345854.0	14274.0
34	4.24	8.0	12945235.0	-0.2805804122578014	1256109.0	33538091.0	16341.0
34	4.24	9.0	9964660.0	-0.21597818894819779	2000906.0	37730416.0	18320.0
34	4.24	10.0	6436042.0	-0.13949745351617987	3265305.0	41922758.0	20282.0
34	4.24	11.0	2910696.0	-0.06308763677423651	5408569.0	46115074.0	22270.0
34	4.24	12.0	700022.0	-0.015172568234530363	8669143.0	50307387.0	24261.0
34	4.24	13.0	100847.0	-0.002185799858786843	12643943.0	54499672.0	26280.0
34	4.24	14.0	32759.0	-0.0007100322029807351	16793538.0	58691953.0	28303.0
34	4.24	15.0	28887.0	-0.0006261088631369851	20961327.0	62884224.0	30336.0
34	4.24	16.0	28499.0	-0.0006176991896195846	25129929.0	67076438.0	32426.0
34	4.24	17.0	28536.0	-0.000618501143022017	29298891.0	71268682.0	34486.0
34	4.24	18.0	28507.0	-0.0006178725849498402	33467682.0	75460917.0	36555.0
34	4.24	19.0	28490.0	-0.0006175041198730469	37636512.0	79653229.0	38547.0
34	4.24	20.0	28466.0	-0.0006169839338822799	41805330.0	83845442.0	40638.0
34	4.24	21.0	28306.0	-0.0006135160272771662	45974484.0	88037726.0	42658.0
34	4.24	22.0	28564.0	-0.0006191080266779119	50143240.0	92229960.0	44728.0
34	4.24	23.0	28433.0	-0.0006162686781449752	54312228.0	96422181.0	46811.0
34	4.24	24.0	28409.0	-0.0006157484921542081	58480866.0	100614406.0	48890.0
34	4.24	25.0	28485.0	-0.0006173957477916371	62650092.0	104806717.0	50883.0
34	4.24	26.0	28473.0	-0.0006171356547962536	66818798.0	108998924.0	52980.0
34	4.24	27.0	28712.0	-0.000622315840287642	70988243.0	113191189.0	55019.0
34	4.24	28.0	28538.0	-0.000618544491854581	75157102.0	117383434.0	57078.0
34	4.24	29.0	28279.0	-0.0006129308180375533	79326048.0	121575685.0	59131.0
34	4.24	30.0	28433.0	-0.0006162686781449752	83494872.0	125767922.0	61198.0
34	4.24	31.0	28562.0	-0.000619064677845348	87663538.0	129960147.0	63277.0
34	4.24	32.0	28475.0	-0.0006171790036288174	91832609.0	134152459.0	65269.0
34	4.24	33.0	28524.0	-0.0006182410500266335	96001497.0	138344693.0	67339.0
34	4.24	34.0	28608.0	-0.0006200617009943181	100170215.0	142536914.0	69422.0
34	4.24	35.0	28389.0	-0.0006153150038285689	104338788.0	146729125.0	71515.0
34	4.24	36.0	28492.0	-0.0006175474687056108	108507518.0	150921376.0	73568.0
34	4.24	37.0	28440.0	-0.0006164203990589489	112676294.0	155113587.0	75661.0
34	4.24	38.0	28421.0	-0.0006160085851495916	116845205.0	159305829.0	77723.0
34	4.24	39.0	28177.0	-0.0006107200275767933	121014068.0	163498049.0	79807.0
34	4.24	40.0	28447.0	-0.0006165721199729226	125182804.0	167690266.0	81894.0
34	4.24	41.0	28441.0	-0.0006164420734752308	129351904.0	171882556.0	83908.0
34	4.24	42.0	28657.0	-0.0006211237473921342	133520795.0	176074842.0	85926.0
34	4.24	43.0	28378.0	-0.0006150765852494674	137689647.0	180267097.0	87975.0
34	4.24	44.0	28274.0	-0.0006128224459561435	141858768.0	184459288.0	90088.0
34	4.24	45.0	28285.0	-0.0006130608645352451	146027814.0	188651564.0	92116.0
34	4.24	46.0	28359.0	-0.0006146647713401101	150196913.0	192843856.0	94128.0
34	4.24	47.0	28897.0	-0.0006263256072998047	154365653.0	197036120.0	96168.0
34	4.24	48.0	28360.0	-0.000614686445756392	158534309.0	201228363.0	98229.0
34	4.24	49.0	28591.0	-0.0006196932359175248	162702913.0	205420553.0	100343.0
34	4.24	50.0	29197.0	-0.0006328279321843928	166871792.0	209612893.0	102307.0
34	4.24	51.0	28415.0	-0.0006158785386518998	171040543.0	213805191.0	104313.0
34	4.24	52.0	28137.0	-0.0006098530509255149	175209874.0	217997465.0	106343.0
34	4.24	53.0	28404.0	-0.0006156401200727983	179378948.0	222189694.0	108418.0
34	4.24	54.0	28160.0	-0.0006103515625	183547881.0	226381967.0	110449.0
34	4.24	55.0	28521.0	-0.0006181760267777877	187716490.0	230574202.0	112518.0
34	4.24	56.0	28544.0	-0.0006186745383522727	191885319.0	234766451.0	114573.0
34	4.24	57.0	28302.0	-0.0006134293296120384	196054173.0	238958658.0	116670.0
34	4.24	58.0	28231.0	-0.0006118904460560192	200223204.0	243150824.0	118808.0
34	4.24	59.0	28279.0	-0.0006129308180375533	204392328.0	247343073.0	120863.0
34	4.24	60.0	28450.0	-0.0006166371432217685	208561262.0	251535291.0	122949.0
34	4.24	61.0	28737.0	-0.0006228577006946911	212730105.0	255727585.0	124959.0
34	4.24	62.0	28671.0	-0.0006214271892200817	216898768.0	259919822.0	127026.0
34	4.24	63.0	28686.0	-0.0006217523054643111	221067571.0	264112097.0	129055.0
34	4.24	64.0	28738.0	-0.000622879375110973	225236235.0	268304403.0	131053.0
34	4.24	65.0	28412.0	-0.000615813515403054	229404894.0	272496614.0	133146.0
34	4.24	66.0	28271.0	-0.0006127574227072976	233573459.0	276688835.0	135229.0
34	4.24	67.0	28508.0	-0.0006178942593661221	237742189.0	280881071.0	137297.0
34	4.24	68.0	28444.0	-0.0006165070967240767	241911270.0	285073262.0	139410.0
34	4.24	69.0	28715.0	-0.0006223808635364879	246079868.0	289265475.0	141501.0
34	4.24	70.0	28630.0	-0.0006205385381525213	250248587.0	293457724.0	143556.0
34	4.24	71.0	28398.0	-0.0006155100735751065	254417102.0	297649908.0	145676.0
34	4.24	72.0	28262.0	-0.00061256235296076	258586031.0	301842174.0	147714.0
34	4.24	73.0	28332.0	-0.0006140795621004971	262755046.0	306034401.0	149791.0
34	4.24	74.0	28370.0	-0.0006149031899192116	266924033.0	310226589.0	151907.0
34	4.24	75.0	28566.0	-0.0006191513755104759	271092968.0	314418887.0	153913.0
34	4.24	76.0	28512.0	-0.00061798095703125	275262086.0	318611181.0	155923.0
34	4.24	77.0	28764.0	-0.000623442909934304	279430811.0	322803442.0	157966.0
34	4.24	78.0	28495.0	-0.0006176124919544567	283599579.0	326995711.0	160001.0
34	4.24	79.0	28681.0	-0.0006216439333829013	287768307.0	331187975.0	162041.0
34	4.24	80.0	28603.0	-0.0006199533289129084	291937043.0	335380276.0	164044.0
34	4.24	81.0	28366.0	-0.0006148164922540838	296105805.0	339572499.0	166125.0
34	4.24	82.0	28604.0	-0.0006199750033291904	300274454.0	343764785.0	168143.0
34	4.24	83.0	28426.0	-0.0006161169572310014	304443329.0	347957087.0	170145.0
34	4.24	84.0	28319.0	-0.0006137977946888317	308612358.0	352149382.0	172154.0
34	4.24	85.0	28637.0	-0.0006206902590664951	312781057.0	356341584.0	174256.0
34	4.24	86.0	28591.0	-0.0006196932359175248	316949929.0	360533841.0	176303.0
34	4.24	87.0	28451.0	-0.0006166588176380504	321118986.0	364726126.0	178322.0
34	4.24	88.0	28203.0	-0.0006112835624001243	325287896.0	368918385.0	180367.0
34	4.24	89.0	28398.0	-0.0006155100735751065	329456887.0	373110649.0	182407.0
34	4.24	90.0	28547.0	-0.0006187395616011186	333625924.0	377302916.0	184444.0
34	4.24	91.0	28399.0	-0.0006155317479913884	337794577.0	381495077.0	186587.0
34	4.24	92.0	28334.0	-0.0006141229109330611	341963639.0	385687358.0	188610.0
34	4.24	93.0	28618.0	-0.0006202784451571378	346132624.0	389879606.0	190666.0
34	4.24	94.0	28365.0	-0.0006147948178378018	350301634.0	394071915.0	192661.0
34	4.24	95.0	28404.0	-0.0006156401200727983	354470497.0	398264177.0	194703.0
34	4.24	96.0	28731.0	-0.0006227276541969993	358639328.0	402456436.0	196748.0
34	4.24	97.0	28406.0	-0.0006156834689053622	362808078.0	406648721.0	198767.0
34	4.24	98.0	28474.0	-0.0006171573292125355	366977044.0	410841010.0	200782.0
34	4.24	99.0	28857.0	-0.0006254586306485263	371145892.0	415033279.0	202817.0
34	4.24	100.0	28422.0	-0.0006160302595658736	375314968.0	419225519.0	204881.0
35	4.1	1.0	22604261.0	-0.48993416266007855	22808.0	4192290.0	2014.0
35	4.1	2.0	22049858.0	-0.47791780125011096	54575.0	8384539.0	4069.0
35	4.1	3.0	21389155.0	-0.46359744938937103	98667.0	12576798.0	6114.0
35	4.1	4.0	20596975.0	-0.44642741029912775	160563.0	16769117.0	8099.0
35	4.1	5.0	19650059.0	-0.4259035587310791	248073.0	20961364.0	10156.0
35	4.1	6.0	18503874.0	-0.4010606679049405	373529.0	25153554.0	12270.0
35	4.1	7.0	17096861.0	-0.3705644824288108	556654.0	29345904.0	14224.0
35	4.1	8.0	15366260.0	-0.33305471593683417	830597.0	33538179.0	16253.0
35	4.1	9.0	13207096.0	-0.28625609657981177	1252785.0	37730397.0	18339.0
35	4.1	10.0	10536608.0	-0.2283748279918324	1923420.0	41922756.0	20284.0
35	4.1	11.0	7335403.0	-0.1589905782179399	3022953.0	46114991.0	22353.0
35	4.1	12.0	3889060.0	-0.08429310538552025	4860324.0	50307243.0	24405.0
35	4.1	13.0	1230475.0	-0.02666982737454501	7753244.0	54499542.0	26410.0
35	4.1	14.0	203600.0	-0.004412911155007102	11548312.0	58691780.0	28476.0
35	4.1	15.0	42150.0	-0.0009135766462846236	15666281.0	62883997.0	30563.0
35	4.1	16.0	29277.0	-0.0006345618854869496	19830834.0	67076279.0	32585.0
35	4.1	17.0	28432.0	-0.0006162470037286931	23998427.0	71268481.0	34687.0
35	4.1	18.0	28677.0	-0.0006215572357177734	28166601.0	75460692.0	36780.0
35	4.1	19.0	29170.0	-0.0006322427229447799	32334554.0	79652968.0	38808.0
35	4.1	20.0	28862.0	-0.0006255670027299361	36502467.0	83845230.0	40850.0
35	4.1	21.0	28594.0	-0.0006197582591663707	40670178.0	88037445.0	42939.0
35	4.1	22.0	28716.0	-0.0006224025379527699	44837931.0	92229734.0	44954.0
35	4.1	23.0	28711.0	-0.0006222941658713601	49006245.0	96421975.0	47017.0
35	4.1	24.0	28791.0	-0.0006240281191739169	53174286.0	100614237.0	49059.0
35	4.1	25.0	28910.0	-0.0006266073747114701	57342112.0	104806490.0	51110.0
35	4.1	26.0	28805.0	-0.0006243315610018643	61510080.0	108998755.0	53149.0
35	4.1	27.0	28611.0	-0.0006201267242431641	65677899.0	113191054.0	55154.0
35	4.1	28.0	28605.0	-0.0006199966777454723	69845918.0	117383242.0	57270.0
35	4.1	29.0	28983.0	-0.0006281896071000533	74013638.0	121575475.0	59341.0
35	4.1	30.0	28452.0	-0.0006166804920543324	78181796.0	125767772.0	61348.0
35	4.1	31.0	28648.0	-0.0006209286776455966	82349992.0	129960046.0	63378.0
35	4.1	32.0	28810.0	-0.0006244399330832741	86518219.0	134152299.0	65429.0
35	4.1	33.0	28474.0	-0.0006171573292125355	90685829.0	138344513.0	67519.0
35	4.1	34.0	28629.0	-0.0006205168637362393	94854165.0	142536860.0	69476.0
35	4.1	35.0	28816.0	-0.0006245699795809659	99022197.0	146729102.0	71538.0
35	4.1	36.0	28601.0	-0.0006199099800803444	103190188.0	150921314.0	73630.0
35	4.1	37.0	28784.0	-0.0006238763982599431	107358347.0	155113640.0	75608.0
35	4.1	38.0	28875.0	-0.0006258487701416016	111526148.0	159305898.0	77654.0
35	4.1	39.0	28724.0	-0.0006225759332830256	115694223.0	163498152.0	79704.0
35	4.1	40.0	28673.0	-0.0006214705380526456	119861956.0	167690336.0	81824.0
35	4.1	41.0	28872.0	-0.0006257837468927556	124029989.0	171882587.0	83877.0
35	4.1	42.0	28479.0	-0.0006172657012939453	128197946.0	176074843.0	85925.0
35	4.1	43.0	28913.0	-0.0006266723979603161	132366077.0	180267173.0	87899.0
35	4.1	44.0	28696.0	-0.0006219690496271306	136533753.0	184459379.0	89997.0
35	4.1	45.0	28819.0	-0.0006246350028298118	140701807.0	188651643.0	92037.0
35	4.1	46.0	28521.0	-0.0006181760267777877	144869770.0	192843878.0	94106.0
35	4.1	47.0	28880.0	-0.0006259571422230114	149037702.0	197036111.0	96177.0
35	4.1	48.0	28720.0	-0.0006224892356178977	153205779.0	201228463.0	98129.0
35	4.1	49.0	28623.0	-0.0006203868172385476	157373739.0	205420693.0	100203.0
35	4.1	50.0	28546.0	-0.0006187178871848366	161541764.0	209613026.0	102174.0
35	4.1	51.0	28823.0	-0.0006247217004949397	165709939.0	213805255.0	104249.0
35	4.1	52.0	29044.0	-0.0006295117464932529	169877463.0	217997482.0	106326.0
35	4.1	53.0	28852.0	-0.0006253502585671165	174045248.0	222189775.0	108337.0
35	4.1	54.0	28604.0	-0.0006199750033291904	178213144.0	226382059.0	110357.0
35	4.1	55.0	28617.0	-0.0006202567707408558	182380979.0	230574335.0	112385.0
35	4.1	56.0	28489.0	-0.0006174824454567649	186548877.0	234766587.0	114437.0
35	4.1	57.0	28834.0	-0.0006249601190740412	190717198.0	238958888.0	116440.0
35	4.1	58.0	28505.0	-0.0006178292361172763	194885261.0	243151218.0	118414.0
35	4.1	59.0	28681.0	-0.0006216439333829013	199053329.0	247343497.0	120439.0
35	4.1	60.0	28837.0	-0.0006250251423228871	203221304.0	251535778.0	122462.0
35	4.1	61.0	28715.0	-0.0006223808635364879	207389082.0	255728023.0	124521.0
35	4.1	62.0	28743.0	-0.0006229877471923828	211557033.0	259920239.0	126609.0
35	4.1	63.0	28484.0	-0.0006173740733753551	215725391.0	264112558.0	128594.0
35	4.1	64.0	28749.0	-0.0006231177936900746	219893346.0	268304839.0	130617.0
35	4.1	65.0	29120.0	-0.0006311590021306819	224061103.0	272497114.0	132646.0
35	4.1	66.0	28410.0	-0.00061577016657049	228228987.0	276689380.0	134684.0
35	4.1	67.0	28725.0	-0.0006225976076993076	232396928.0	280881666.0	136702.0
35	4.1	68.0	28652.0	-0.0006210153753107244	236565141.0	285073903.0	138769.0
35	4.1	69.0	29097.0	-0.0006306604905561967	240733162.0	289266151.0	140825.0
35	4.1	70.0	28702.0	-0.0006220990961248225	244901295.0	293458432.0	142848.0
35	4.1	71.0	28617.0	-0.0006202567707408558	249069367.0	297650772.0	144812.0
35	4.1	72.0	28889.0	-0.0006261522119695491	253237327.0	301842991.0	146897.0
35	4.1	73.0	28697.0	-0.0006219907240434127	257405433.0	306035258.0	148934.0
35	4.1	74.0	28513.0	-0.0006180026314475319	261573484.0	310227498.0	150998.0
35	4.1	75.0	28393.0	-0.0006154017014936967	265741595.0	314419842.0	152958.0
35	4.1	76.0	28873.0	-0.0006258054213090377	269909602.0	318612126.0	154978.0
35	4.1	77.0	28999.0	-0.0006285363977605647	274077166.0	322804330.0	157078.0
35	4.1	78.0	28757.0	-0.0006232911890203303	278245065.0	326996569.0	159143.0
35	4.1	79.0	28504.0	-0.0006178075617009944	282413099.0	331188779.0	161237.0
35	4.1	80.0	28796.0	-0.0006241364912553267	286581323.0	335381074.0	163246.0
35	4.1	81.0	28588.0	-0.000619628212668679	290749133.0	339573290.0	165334.0
35	4.1	82.0	29013.0	-0.0006288398395885121	294916760.0	343765538.0	167390.0
35	4.1	83.0	28798.0	-0.0006241798400878906	299084473.0	347957787.0	169445.0
35	4.1	84.0	28537.0	-0.0006185228174382991	303252287.0	352150054.0	171482.0
35	4.1	85.0	28679.0	-0.0006216005845503373	307420461.0	356342321.0	173519.0
35	4.1	86.0	28958.0	-0.0006276477466930043	311588581.0	360534646.0	175498.0
35	4.1	87.0	28874.0	-0.0006258270957253196	315756307.0	364726928.0	177520.0
35	4.1	88.0	28856.0	-0.0006254369562322444	319924076.0	368919162.0	179590.0
35	4.1	89.0	28984.0	-0.0006282112815163352	324091881.0	373111486.0	181570.0
35	4.1	90.0	28721.0	-0.0006225109100341797	328259796.0	377303787.0	183573.0
35	4.1	91.0	28616.0	-0.0006202350963245739	332427877.0	381496059.0	185605.0
35	4.1	92.0	28869.0	-0.0006257187236439098	336595610.0	385688294.0	187674.0
35	4.1	93.0	28495.0	-0.0006176124919544567	340763859.0	389880629.0	189643.0
35	4.1	94.0	29017.0	-0.0006289265372536399	344931600.0	394072876.0	191700.0
35	4.1	95.0	28545.0	-0.0006186962127685547	349099277.0	398265137.0	193743.0
35	4.1	96.0	28687.0	-0.0006217739798805931	353267214.0	402457397.0	195787.0
35	4.1	97.0	28681.0	-0.0006216439333829013	357435128.0	406649640.0	197848.0
35	4.1	98.0	28621.0	-0.0006203434684059837	361602943.0	410841874.0	199918.0
35	4.1	99.0	29076.0	-0.0006302053278142756	365770709.0	415034111.0	201985.0
35	4.1	100.0	28996.0	-0.0006284713745117188	369938523.0	419226351.0	204049.0
36	3.96	1.0	22684366.0	-0.491670391776345	18742.0	4192263.0	2041.0
36	3.96	2.0	22234303.0	-0.4819155389612371	43985.0	8384553.0	4055.0
36	3.96	3.0	21710189.0	-0.4705556739460338	77771.0	12576833.0	6079.0
36	3.96	4.0	21092978.0	-0.4571779857982289	123414.0	16769173.0	8043.0
36	3.96	5.0	20364208.0	-0.44138232144442474	185829.0	20961408.0	10112.0
36	3.96	6.0	19498747.0	-0.4226239594546231	272102.0	25153647.0	12177.0
36	3.96	7.0	18470208.0	-0.40033097700639203	391734.0	29345924.0	14204.0
36	3.96	8.0	17221788.0	-0.37327220223166724	562059.0	33538211.0	16221.0
36	3.96	9.0	15711798.0	-0.34054405039007013	807636.0	37730513.0	18223.0
36	3.96	10.0	13857299.0	-0.3003488670695912	1171491.0	41922808.0	20232.0
36	3.96	11.0	11568340.0	-0.25073701685125177	1725853.0	46115060.0	22284.0
36	3.96	12.0	8795731.0	-0.1906423351981423	2598399.0	50307402.0	24246.0
36	3.96	13.0	5591396.0	-0.12119024450128729	4016397.0	54499683.0	26269.0
36	3.96	14.0	2507057.0	-0.05433899706060236	6305587.0	58692002.0	28254.0
36	3.96	15.0	624397.0	-0.01353344050320712	9635065.0	62884324.0	30236.0
36	3.96	16.0	97024.0	-0.002102938565340909	13617676.0	67076582.0	32282.0
36	3.96	17.0	33789.0	-0.0007323568517511541	17765283.0	71268812.0	34356.0
36	3.96	18.0	29655.0	-0.0006427548148415306	21930925.0	75461067.0	36405.0
36	3.96	19.0	29047.0	-0.0006295767697420987	26097782.0	79653310.0	38466.0
36	3.96	20.0	29227.0	-0.0006334781646728516	30264175.0	83845512.0	40568.0
36	3.96	21.0	28856.0	-0.0006254369562322444	34430900.0	88037807.0	42577.0
36	3.96	22.0	28746.0	-0.0006230527704412287	38598290.0	92230013.0	44675.0
36	3.96	23.0	29068.0	-0.0006300319324840199	42765095.0	96422240.0	46752.0
36	3.96	24.0	28896.0	-0.0006263039328835227	46931822.0	100614459.0	48837.0
36	3.96	25.0	28949.0	-0.0006274526769464666	51098902.0	104806676.0	50924.0
36	3.96	26.0	29314.0	-0.0006353638388893821	55265665.0	108998967.0	52937.0
36	3.96	27.0	29095.0	-0.0006306171417236328	59432603.0	113191265.0	54943.0
36	3.96	28.0	28967.0	-0.0006278428164395419	63600096.0	117383569.0	56943.0
36	3.96	29.0	28825.0	-0.0006247650493275036	67767229.0	121575888.0	58928.0
36	3.96	30.0	29057.0	-0.0006297935139049183	71934385.0	125768209.0	60911.0
36	3.96	31.0	29121.0	-0.0006311806765469638	76101460.0	129960434.0	62990.0
36	3.96	32.0	29135.0	-0.0006314841183749112	80268458.0	134152656.0	65072.0
36	3.96	33.0	28919.0	-0.0006268024444580078	84435350.0	138345005.0	67027.0
36	3.96	34.0	28736.0	-0.0006228360262784091	88602563.0	142537254.0	69082.0
36	3.96	35.0	28833.0	-0.0006249384446577592	92769639.0	146729506.0	71134.0
36	3.96	36.0	29123.0	-0.0006312240253795277	96936484.0	150921815.0	73129.0
36	3.96	37.0	28980.0	-0.0006281245838512074	101103424.0	155114122.0	75126.0
36	3.96	38.0	28896.0	-0.0006263039328835227	105270389.0	159306400.0	77152.0
36	3.96	39.0	28818.0	-0.0006246133284135299	109437319.0	163498719.0	79137.0
36	3.96	40.0	29155.0	-0.0006319176067005504	113604449.0	167691008.0	81152.0
36	3.96	41.0	29043.0	-0.0006294900720769709	117771622.0	171883275.0	83189.0
36	3.96	42.0	28994.0	-0.0006284280256791549	121938240.0	176075591.0	85177.0
36	3.96	43.0	28999.0	-0.0006285363977605647	126105171.0	180267906.0	87166.0
36	3.96	44.0	29098.0	-0.0006306821649724787	130272155.0	184460153.0	89223.0
36	3.96	45.0	29145.0	-0.0006317008625377308	134439064.0	188652435.0	91245.0
36	3.96	46.0	29126.0	-0.0006312890486283736	138606267.0	192844649.0	93335.0
36	3.96	47.0	28985.0	-0.0006282329559326172	142773298.0	197036802.0	95486.0
36	3.96	48.0	29247.0	-0.0006339116529984908	146940403.0	201229117.0	97475.0
36	3.96	49.0	29094.0	-0.0006305954673073509	151107286.0	205421408.0	99488.0
36	3.96	50.0	29122.0	-0.0006312023509632457	155273977.0	209613683.0	101517.0
36	3.96	51.0	29175.0	-0.0006323510950261897	159440492.0	213805892.0	103612.0
36	3.96	52.0	29069.0	-0.0006300536069003018	163606930.0	217998138.0	105670.0
36	3.96	53.0	28980.0	-0.0006281245838512074	167773970.0	222190389.0	107723.0
36	3.96	54.0	28796.0	-0.0006241364912553267	171941219.0	226382620.0	109796.0
36	3.96	55.0	28950.0	-0.0006274743513627486	176108271.0	230574934.0	111786.0
36	3.96	56.0	29159.0	-0.0006320043043656783	180275142.0	234767218.0	113806.0
36	3.96	57.0	28651.0	-0.0006209937008944424	184442131.0	238959485.0	115843.0
36	3.96	58.0	28834.0	-0.0006249601190740412	188609453.0	243151728.0	117904.0
36	3.96	59.0	28898.0	-0.0006263472817160866	192776452.0	247343928.0	120008.0
36	3.96	60.0	28989.0	-0.0006283196535977451	196943179.0	251536137.0	122103.0
36	3.96	61.0	29202.0	-0.0006329363042658025	201110254.0	255728398.0	124146.0
36	3.96	62.0	28780.0	-0.0006237897005948154	205276992.0	259920626.0	126222.0
36	3.96	63.0	29091.0	-0.0006305304440585049	209443965.0	264112841.0	128311.0
36	3.96	64.0	28916.0	-0.0006267374212091619	213610928.0	268305045.0	130411.0
36	3.96	65.0	28966.0	-0.00062782114202326	217778096.0	272497265.0	132495.0
36	3.96	66.0	28928.0	-0.0006269975142045455	221945370.0	276689514.0	134550.0
36	3.96	67.0	28616.0	-0.0006202350963245739	226112329.0	280881702.0	136666.0
36	3.96	68.0	28645.0	-0.0006208636543967507	230279730.0	285073994.0	138678.0
36	3.96	69.0	29084.0	-0.0006303787231445312	234446927.0	289266294.0	140682.0
36	3.96	70.0	29037.0	-0.0006293600255792791	238613716.0	293458533.0	142747.0
36	3.96	71.0	29094.0	-0.0006305954673073509	242780661.0	297650818.0	144766.0
36	3.96	72.0	29314.0	-0.0006353638388893821	246947640.0	301843080.0	146808.0
36	3.96	73.0	29191.0	-0.0006326978856867009	251114216.0	306035349.0	148843.0
36	3.96	74.0	28944.0	-0.0006273443048650569	255281169.0	310227701.0	150795.0
36	3.96	75.0	28657.0	-0.0006211237473921342	259448509.0	314419990.0	152810.0
36	3.96	76.0	28839.0	-0.0006250684911554509	263615620.0	318612279.0	154825.0
36	3.96	77.0	28955.0	-0.0006275827234441584	267782748.0	322804496.0	156912.0
36	3.96	78.0	28979.0	-0.0006281029094349254	271949648.0	326996813.0	158899.0
36	3.96	79.0	28884.0	-0.0006260438398881392	276116495.0	331189007.0	161009.0
36	3.96	80.0	29155.0	-0.0006319176067005504	280283503.0	335381306.0	163014.0
36	3.96	81.0	28784.0	-0.0006238763982599431	284450569.0	339573607.0	165017.0
36	3.96	82.0	29083.0	-0.0006303570487282493	288617918.0	343765892.0	167036.0
36	3.96	83.0	29022.0	-0.0006290349093350497	292784616.0	347958101.0	169131.0
36	3.96	84.0	29267.0	-0.0006343451413241299	296951339.0	352150367.0	171169.0
36	3.96	85.0	29001.0	-0.0006285797465931286	301118260.0	356342586.0	173254.0
36	3.96	86.0	29219.0	-0.0006333047693425959	305285170.0	360534895.0	175249.0
36	3.96	87.0	29176.0	-0.0006323727694424716	309452279.0	364727158.0	177290.0
36	3.96	88.0	28987.0	-0.0006282763047651811	313619345.0	368919430.0	179322.0
36	3.96	89.0	29026.0	-0.0006291216070001775	317786237.0	373111623.0	181433.0
36	3.96	90.0	29311.0	-0.0006352988156405362	321953383.0	377303854.0	183506.0
36	3.96	91.0	28846.0	-0.0006252202120694247	326120373.0	381496146.0	185518.0
36	3.96	92.0	28999.0	-0.0006285363977605647	330287302.0	385688383.0	187585.0
36	3.96	93.0	28934.0	-0.0006271275607022372	334454312.0	389880538.0	189734.0
36	3.96	94.0	28881.0	-0.0006259788166392933	338621216.0	394072749.0	191827.0
36	3.96	95.0	28924.0	-0.0006269108165394176	342788372.0	398265019.0	193861.0
36	3.96	96.0	29032.0	-0.0006292516534978694	346955483.0	402457306.0	195878.0
36	3.96	97.0	28997.0	-0.0006284930489280007	351122314.0	406649565.0	197923.0
36	3.96	98.0	28904.0	-0.0006264773282137784	355289394.0	410841840.0	199952.0
36	3.96	99.0	28841.0	-0.0006251118399880149	359456665.0	415034076.0	202020.0
36	3.96	100.0	29127.0	-0.0006313107230446556	363623857.0	419226297.0	204103.0
37	3.8200000000000003	1.0	22755227.0	-0.493206262588501	15226.0	4192228.0	2076.0
37	3.8200000000000003	2.0	22395920.0	-0.4854184930974787	34933.0	8384509.0	4099.0
37	3.8200000000000003	3.0	21985577.0	-0.4765245480970903	60399.0	12576769.0	6143.0
37	3.8200000000000003	4.0	21517400.0	-0.466377084905451	93292.0	16769056.0	8160.0
37	3.8200000000000003	5.0	20965276.0	-0.45441011949019	137368.0	20961291.0	10229.0
37	3.8200000000000003	6.0	20323394.0	-0.4404977018182928	195783.0	25153529.0	12295.0
37	3.8200000000000003	7.0	19580250.0	-0.42439048940485175	273059.0	29345802.0	14326.0
37	3.8200000000000003	8.0	18699736.0	-0.4053058624267578	378209.0	33538050.0	16382.0
37	3.8200000000000003	9.0	17660096.0	-0.3827722722833807	521971.0	37730309.0	18427.0
37	3.8200000000000003	10.0	16408953.0	-0.3556544780731201	721990.0	41922621.0	20419.0
37	3.8200000000000003	11.0	14900564.0	-0.3229610269719904	1006599.0	46114951.0	22393.0
37	3.8200000000000003	12.0	13064448.0	-0.2831642844460227	1421324.0	50307238.0	24410.0
37	3.8200000000000003	13.0	10817961.0	-0.23447299003601074	2042118.0	54499524.0	26428.0
37	3.8200000000000003	14.0	8131332.0	-0.17624187469482422	3001103.0	58691729.0	28527.0
37	3.8200000000000003	15.0	5098454.0	-0.11050601439042525	4521297.0	62883931.0	30629.0
37	3.8200000000000003	16.0	2251419.0	-0.048798192631114616	6914655.0	67076234.0	32630.0
37	3.8200000000000003	17.0	560706.0	-0.012152975255792791	10305780.0	71268492.0	34676.0
37	3.8200000000000003	18.0	90365.0	-0.001958608627319336	14301255.0	75460778.0	36694.0
37	3.8200000000000003	19.0	33430.0	-0.0007245757363059304	18449103.0	79653097.0	38679.0
37	3.8200000000000003	20.0	29279.0	-0.0006346052343195134	22613964.0	83845305.0	40775.0
37	3.8200000000000003	21.0	29311.0	-0.0006352988156405362	26780188.0	88037622.0	42762.0
37	3.8200000000000003	22.0	29039.0	-0.0006294033744118431	30946042.0	92229834.0	44854.0
37	3.8200000000000003	23.0	29171.0	-0.0006322643973610618	35112145.0	96422145.0	46847.0
37	3.8200000000000003	24.0	29353.0	-0.0006362091411243786	39277736.0	100614373.0	48923.0
37	3.8200000000000003	25.0	29083.0	-0.0006303570487282493	43443432.0	104806625.0	50975.0
37	3.8200000000000003	26.0	29213.0	-0.0006331747228449041	47609723.0	108998799.0	53105.0
37	3.8200000000000003	27.0	29382.0	-0.0006368376991965554	51775641.0	113191013.0	55195.0
37	3.8200000000000003	28.0	29165.0	-0.0006321343508633701	55941714.0	117383388.0	57124.0
37	3.8200000000000003	29.0	28985.0	-0.0006282329559326172	60107979.0	121575653.0	59163.0
37	3.8200000000000003	30.0	29276.0	-0.0006345402110706676	64273885.0	125768006.0	61114.0
37	3.8200000000000003	31.0	29386.0	-0.0006369243968616832	68440057.0	129960232.0	63192.0
37	3.8200000000000003	32.0	29565.0	-0.0006408041173761541	72606241.0	134152418.0	65310.0
37	3.8200000000000003	33.0	29591.0	-0.0006413676521994851	76772116.0	138344591.0	67441.0
37	3.8200000000000003	34.0	29323.0	-0.0006355589086359197	80937648.0	142536794.0	69542.0
37	3.8200000000000003	35.0	29296.0	-0.0006349736993963069	85103340.0	146729023.0	71617.0
37	3.8200000000000003	36.0	29264.0	-0.0006342801180752841	89269358.0	150921309.0	73635.0
37	3.8200000000000003	37.0	29031.0	-0.0006292299790815873	93435230.0	155113509.0	75739.0
37	3.8200000000000003	38.0	29119.0	-0.0006311373277143998	97601173.0	159305747.0	77805.0
37	3.8200000000000003	39.0	29387.0	-0.0006369460712779652	101767188.0	163497982.0	79874.0
37	3.8200000000000003	40.0	29196.0	-0.0006328062577681108	105933159.0	167690227.0	81933.0
37	3.8200000000000003	41.0	29184.0	-0.0006325461647727273	110098790.0	171882438.0	84026.0
37	3.8200000000000003	42.0	29336.0	-0.0006358406760475852	114264616.0	176074721.0	86047.0
37	3.8200000000000003	43.0	29160.0	-0.0006320259787819602	118430693.0	180266987.0	88085.0
37	3.8200000000000003	44.0	29454.0	-0.0006383982571688565	122596387.0	184459195.0	90181.0
37	3.8200000000000003	45.0	29216.0	-0.00063323974609375	126762264.0	188651378.0	92302.0
37	3.8200000000000003	46.0	29149.0	-0.0006317875602028587	130928626.0	192843591.0	94393.0
37	3.8200000000000003	47.0	29095.0	-0.0006306171417236328	135094850.0	197035855.0	96433.0
37	3.8200000000000003	48.0	29432.0	-0.0006379214200106534	139260913.0	201228145.0	98447.0
37	3.8200000000000003	49.0	29443.0	-0.0006381598385897549	143426646.0	205420453.0	100443.0
37	3.8200000000000003	50.0	29325.0	-0.0006356022574684837	147592618.0	209612656.0	102544.0
37	3.8200000000000003	51.0	29014.0	-0.000628861514004794	151758616.0	213804947.0	104557.0
37	3.8200000000000003	52.0	29366.0	-0.000636490908536044	155924577.0	217997181.0	106627.0
37	3.8200000000000003	53.0	29226.0	-0.0006334564902565696	160090532.0	222189357.0	108755.0
37	3.8200000000000003	54.0	29267.0	-0.0006343451413241299	164256648.0	226381593.0	110823.0
37	3.8200000000000003	55.0	29294.0	-0.0006349303505637429	168422521.0	230573854.0	112866.0
37	3.8200000000000003	56.0	29335.0	-0.0006358190016313033	172588364.0	234766142.0	114882.0
37	3.8200000000000003	57.0	29284.0	-0.0006347136064009233	176753747.0	238958385.0	116943.0
37	3.8200000000000003	58.0	29249.0	-0.0006339550018310547	180919848.0	243150654.0	118978.0
37	3.8200000000000003	59.0	29059.0	-0.0006298368627374822	185085879.0	247342893.0	121043.0
37	3.8200000000000003	60.0	29295.0	-0.0006349520249800248	189251708.0	251535100.0	123140.0
37	3.8200000000000003	61.0	29162.0	-0.0006320693276145241	193417610.0	255727433.0	125111.0
37	3.8200000000000003	62.0	29159.0	-0.0006320043043656783	197583725.0	259919677.0	127171.0
37	3.8200000000000003	63.0	29238.0	-0.0006337165832519531	201749583.0	264111984.0	129168.0
37	3.8200000000000003	64.0	28986.0	-0.0006282546303488991	205915503.0	268304191.0	131265.0
37	3.8200000000000003	65.0	29291.0	-0.0006348653273148971	210081662.0	272496406.0	133354.0
37	3.8200000000000003	66.0	29182.0	-0.0006325028159401634	214247664.0	276688738.0	135326.0
37	3.8200000000000003	67.0	29378.0	-0.0006367510015314275	218413325.0	280880974.0	137394.0
37	3.8200000000000003	68.0	29412.0	-0.0006374879316850142	222579509.0	285073216.0	139456.0
37	3.8200000000000003	69.0	29455.0	-0.0006384199315851384	226745065.0	289265427.0	141549.0
37	3.8200000000000003	70.0	29412.0	-0.0006374879316850142	230911176.0	293457692.0	143588.0
37	3.8200000000000003	71.0	29410.0	-0.0006374445828524503	235077033.0	297650021.0	145563.0
37	3.8200000000000003	72.0	28982.0	-0.0006281679326837713	239243077.0	301842244.0	147644.0
37	3.8200000000000003	73.0	29291.0	-0.0006348653273148971	243409262.0	306034461.0	149731.0
37	3.8200000000000003	74.0	29320.0	-0.0006354938853870739	247575131.0	310226766.0	151730.0
37	3.8200000000000003	75.0	29316.0	-0.000635407187721946	251741122.0	314419002.0	153798.0
37	3.8200000000000003	76.0	29172.0	-0.0006322860717773438	255906942.0	318611250.0	155854.0
37	3.8200000000000003	77.0	29401.0	-0.0006372495131059127	260072961.0	322803545.0	157863.0
37	3.8200000000000003	78.0	29309.0	-0.0006352554668079723	264238698.0	326995700.0	160012.0
37	3.8200000000000003	79.0	29264.0	-0.0006342801180752841	268404298.0	331187967.0	162049.0
37	3.8200000000000003	80.0	29251.0	-0.0006339983506636186	272570362.0	335380355.0	163965.0
37	3.8200000000000003	81.0	28802.0	-0.0006242665377530185	276736216.0	339572610.0	166014.0
37	3.8200000000000003	82.0	29312.0	-0.0006353204900568181	280902390.0	343764865.0	168063.0
37	3.8200000000000003	83.0	29222.0	-0.0006333697925914418	285068664.0	347957161.0	170071.0
37	3.8200000000000003	84.0	29263.0	-0.0006342584436590022	289234959.0	352149407.0	172129.0
37	3.8200000000000003	85.0	29434.0	-0.0006379647688432174	293400877.0	356341677.0	174163.0
37	3.8200000000000003	86.0	29255.0	-0.0006340850483287464	297566583.0	360533938.0	176206.0
37	3.8200000000000003	87.0	29255.0	-0.0006340850483287464	301732595.0	364726218.0	178230.0
37	3.8200000000000003	88.0	29445.0	-0.0006382031874223189	305898354.0	368918465.0	180287.0
37	3.8200000000000003	89.0	29153.0	-0.0006318742578679866	310064145.0	373110713.0	182343.0
37	3.8200000000000003	90.0	29356.0	-0.0006362741643732244	314230160.0	377302929.0	184431.0
37	3.8200000000000003	91.0	29220.0	-0.0006333264437588779	318395959.0	381495197.0	186467.0
37	3.8200000000000003	92.0	29360.0	-0.0006363608620383523	322561819.0	385687517.0	188451.0
37	3.8200000000000003	93.0	29280.0	-0.0006346269087357955	326727825.0	389879782.0	190490.0
37	3.8200000000000003	94.0	29278.0	-0.0006345835599032315	330893434.0	394071993.0	192583.0
37	3.8200000000000003	95.0	29028.0	-0.0006291649558327415	335059462.0	398264277.0	194603.0
37	3.8200000000000003	96.0	28993.0	-0.0006284063512628728	339225545.0	402456488.0	196696.0
37	3.8200000000000003	97.0	29410.0	-0.0006374445828524503	343391367.0	406648731.0	198757.0
37	3.8200000000000003	98.0	29232.0	-0.0006335865367542614	347557270.0	410841026.0	200766.0
37	3.8200000000000003	99.0	29243.0	-0.0006338249553333629	351723329.0	415033284.0	202812.0
37	3.8200000000000003	100.0	29383.0	-0.0006368593736128373	355889192.0	419225517.0	204883.0
38	3.6799999999999997	1.0	22818547.0	-0.4945786866274747	12032.0	4192263.0	2041.0
38	3.6799999999999997	2.0	22540759.0	-0.48855779387734155	26979.0	8384551.0	4057.0
38	3.6799999999999997	3.0	22223205.0	-0.4816749962893399	46071.0	12576739.0	6173.0
38	3.6799999999999997	4.0	21863980.0	-0.47388900410045276	70123.0	16768964.0	8252.0
38	3.6799999999999997	5.0	21455408.0	-0.46503344449129974	100641.0	20961294.0	10226.0
38	3.6799999999999997	6.0	20984120.0	-0.45481855219060724	140113.0	25153486.0	12338.0
38	3.6799999999999997	7.0	20447436.0	-0.4431862397627397	190546.0	29345775.0	14353.0
38	3.6799999999999997	8.0	19829498.0	-0.4297927943142978	256292.0	33537967.0	16465.0
38	3.6799999999999997	9.0	19114247.0	-0.4142901463942094	341743.0	37730186.0	18550.0
38	3.6799999999999997	10.0	18284618.0	-0.39630842208862305	454459.0	41922396.0	20644.0
38	3.6799999999999997	11.0	17312954.0	-0.37524817206642846	605457.0	46114676.0	22668.0
38	3.6799999999999997	12.0	16155939.0	-0.35017054731195624	810022.0	50307009.0	24639.0
38	3.6799999999999997	13.0	14783955.0	-0.32043359496376733	1091952.0	54499212.0	26740.0
38	3.6799999999999997	14.0	13130988.0	-0.2846065001054244	1490135.0	58691474.0	28782.0
38	3.6799999999999997	15.0	11135585.0	-0.24135730483315207	2066692.0	62883775.0	30785.0
38	3.6799999999999997	16.0	8745770.0	-0.1895594596862793	2927736.0	67076073.0	32791.0
38	3.6799999999999997	17.0	5975255.0	-0.12951016426086426	4252813.0	71268355.0	34813.0
38	3.6799999999999997	18.0	3153279.0	-0.06834548169916327	6310861.0	75460631.0	36841.0
38	3.6799999999999997	19.0	1045178.0	-0.022653623060746628	9332133.0	79652898.0	38878.0
38	3.6799999999999997	20.0	196835.0	-0.004266283728859641	13140910.0	83845116.0	40964.0
38	3.6799999999999997	21.0	44437.0	-0.0009631460363214666	17252198.0	88037471.0	42913.0
38	3.6799999999999997	22.0	30440.0	-0.0006597692316228694	21412743.0	92229760.0	44928.0
38	3.6799999999999997	23.0	29887.0	-0.0006477832794189453	25577149.0	96421940.0	47052.0
38	3.6799999999999997	24.0	29600.0	-0.0006415627219460227	29741859.0	100614223.0	49073.0
38	3.6799999999999997	25.0	29764.0	-0.0006451173262162642	33906999.0	104806522.0	51078.0
38	3.6799999999999997	26.0	29899.0	-0.0006480433724143288	38071412.0	108998756.0	53148.0
38	3.6799999999999997	27.0	29780.0	-0.0006454641168767756	42236188.0	113190995.0	55213.0
38	3.6799999999999997	28.0	29580.0	-0.0006411292336203835	46401238.0	117383257.0	57255.0
38	3.6799999999999997	29.0	29655.0	-0.0006427548148415306	50565680.0	121575502.0	59314.0
38	3.6799999999999997	30.0	29577.0	-0.0006410642103715377	54730389.0	125767749.0	61371.0
38	3.6799999999999997	31.0	29585.0	-0.0006412376057017933	58895245.0	129960093.0	63331.0
38	3.6799999999999997	32.0	29109.0	-0.0006309205835515803	63059893.0	134152277.0	65451.0
38	3.6799999999999997	33.0	29275.0	-0.0006345185366543857	67225066.0	138344588.0	67444.0
38	3.6799999999999997	34.0	29775.0	-0.0006453557447953658	71389773.0	142536805.0	69531.0
38	3.6799999999999997	35.0	29462.0	-0.0006385716524991122	75554475.0	146729014.0	71626.0
38	3.6799999999999997	36.0	29275.0	-0.0006345185366543857	79719522.0	150921290.0	73654.0
38	3.6799999999999997	37.0	29433.0	-0.0006379430944269353	83884198.0	155113576.0	75672.0
38	3.6799999999999997	38.0	29421.0	-0.0006376830014315518	88049207.0	159305792.0	77760.0
38	3.6799999999999997	39.0	29524.0	-0.0006399154663085938	92214026.0	163497980.0	79876.0
38	3.6799999999999997	40.0	29730.0	-0.0006443803960626775	96378910.0	167690243.0	81917.0
38	3.6799999999999997	41.0	29572.0	-0.0006409558382901279	100543791.0	171882453.0	84011.0
38	3.6799999999999997	42.0	29651.0	-0.0006426681171764027	104708774.0	176074731.0	86037.0
38	3.6799999999999997	43.0	29675.0	-0.0006431883031671697	108873417.0	180266988.0	88084.0
38	3.6799999999999997	44.0	29448.0	-0.0006382682106711648	113038227.0	184459182.0	90194.0
38	3.6799999999999997	45.0	29343.0	-0.0006359923969615589	117203441.0	188651372.0	92308.0
38	3.6799999999999997	46.0	29374.0	-0.0006366643038662997	121368327.0	192843585.0	94399.0
38	3.6799999999999997	47.0	29408.0	-0.0006374012340198864	125533314.0	197035820.0	96468.0
38	3.6799999999999997	48.0	29514.0	-0.0006396987221457741	129698307.0	201228088.0	98504.0
38	3.6799999999999997	49.0	29531.0	-0.0006400671872225674	133863218.0	205420332.0	100564.0
38	3.6799999999999997	50.0	29327.0	-0.0006356456063010476	138027950.0	209612561.0	102639.0
38	3.6799999999999997	51.0	29704.0	-0.0006438168612393466	142192795.0	213804780.0	104724.0
38	3.6799999999999997	52.0	29432.0	-0.0006379214200106534	146357282.0	217997043.0	106765.0
38	3.6799999999999997	53.0	29759.0	-0.0006450089541348544	150522005.0	222189283.0	108829.0
38	3.6799999999999997	54.0	29572.0	-0.0006409558382901279	154686630.0	226381608.0	110808.0
38	3.6799999999999997	55.0	29501.0	-0.0006394169547341087	158851549.0	230573869.0	112851.0
38	3.6799999999999997	56.0	29478.0	-0.0006389184431596236	163016632.0	234766118.0	114906.0
38	3.6799999999999997	57.0	29628.0	-0.0006421696056019176	167181154.0	238958422.0	116906.0
38	3.6799999999999997	58.0	29521.0	-0.0006398504430597478	171345853.0	243150663.0	118969.0
38	3.6799999999999997	59.0	29497.0	-0.0006393302570689808	175510739.0	247342899.0	121037.0
38	3.6799999999999997	60.0	29730.0	-0.0006443803960626775	179675566.0	251535197.0	123043.0
38	3.6799999999999997	61.0	29801.0	-0.0006459192796186967	183840273.0	255727478.0	125066.0
38	3.6799999999999997	62.0	29460.0	-0.0006385283036665483	188005150.0	259919813.0	127035.0
38	3.6799999999999997	63.0	29224.0	-0.0006334131414240056	192170268.0	264112076.0	129076.0
38	3.6799999999999997	64.0	29274.0	-0.0006344968622381037	196335295.0	268304263.0	131193.0
38	3.6799999999999997	65.0	29597.0	-0.0006414976986971768	200499801.0	272496533.0	133227.0
38	3.6799999999999997	66.0	29198.0	-0.0006328496066006747	204664895.0	276688824.0	135240.0
38	3.6799999999999997	67.0	29541.0	-0.0006402839313853871	208829605.0	280881171.0	137197.0
38	3.6799999999999997	68.0	29406.0	-0.0006373578851873225	212994623.0	285073451.0	139221.0
38	3.6799999999999997	69.0	29626.0	-0.0006421262567693537	217159450.0	289265643.0	141333.0
38	3.6799999999999997	70.0	29681.0	-0.0006433183496648616	221324462.0	293457873.0	143407.0
38	3.6799999999999997	71.0	29704.0	-0.0006438168612393466	225489086.0	297650080.0	145504.0
38	3.6799999999999997	72.0	29603.0	-0.0006416277451948686	229653953.0	301842385.0	147503.0
38	3.6799999999999997	73.0	29744.0	-0.000644683837890625	233818909.0	306034703.0	149489.0
38	3.6799999999999997	74.0	29384.0	-0.0006368810480291194	237983713.0	310227042.0	151454.0
38	3.6799999999999997	75.0	29462.0	-0.0006385716524991122	242148687.0	314419322.0	153478.0
38	3.6799999999999997	76.0	29480.0	-0.0006389617919921875	246313725.0	318611582.0	155522.0
38	3.6799999999999997	77.0	29582.0	-0.0006411725824529475	250478883.0	322803861.0	157547.0
38	3.6799999999999997	78.0	29362.0	-0.0006364042108709162	254643673.0	326996143.0	159569.0
38	3.6799999999999997	79.0	29548.0	-0.0006404356522993608	258808366.0	331188368.0	161648.0
38	3.6799999999999997	80.0	29582.0	-0.0006411725824529475	262973160.0	335380608.0	163712.0
38	3.6799999999999997	81.0	29283.0	-0.0006346919319846413	267137962.0	339572858.0	165766.0
38	3.6799999999999997	82.0	29408.0	-0.0006374012340198864	271303142.0	343765078.0	167850.0
38	3.6799999999999997	83.0	29207.0	-0.0006330446763472123	275468011.0	347957333.0	169899.0
38	3.6799999999999997	84.0	29831.0	-0.0006465695121071556	279633260.0	352149627.0	171909.0
38	3.6799999999999997	85.0	29646.0	-0.0006425597450949929	283797991.0	356341923.0	173917.0
38	3.6799999999999997	86.0	29888.0	-0.0006478049538352273	287962794.0	360534115.0	176029.0
38	3.6799999999999997	87.0	29833.0	-0.0006466128609397194	292127245.0	364726317.0	178131.0
38	3.6799999999999997	88.0	29770.0	-0.000645247372713956	296292097.0	368918624.0	180128.0
38	3.6799999999999997	89.0	29504.0	-0.0006394819779829545	300457104.0	373110879.0	182177.0
38	3.6799999999999997	90.0	29585.0	-0.0006412376057017933	304622197.0	377303134.0	184226.0
38	3.6799999999999997	91.0	29622.0	-0.0006420395591042259	308787214.0	381495353.0	186311.0
38	3.6799999999999997	92.0	29254.0	-0.0006340633739124645	312952523.0	385687706.0	188262.0
38	3.6799999999999997	93.0	29387.0	-0.0006369460712779652	317117265.0	389879884.0	190388.0
38	3.6799999999999997	94.0	29525.0	-0.0006399371407248757	321282053.0	394072141.0	192435.0
38	3.6799999999999997	95.0	29881.0	-0.0006476532329212536	325446890.0	398264468.0	194412.0
38	3.6799999999999997	96.0	29619.0	-0.0006419745358553799	329611679.0	402456694.0	196490.0
38	3.6799999999999997	97.0	29499.0	-0.0006393736059015447	333776438.0	406648971.0	198517.0
38	3.6799999999999997	98.0	29510.0	-0.0006396120244806463	337940935.0	410841221.0	200571.0
38	3.6799999999999997	99.0	29645.0	-0.0006425380706787109	342105542.0	415033464.0	202632.0
38	3.6799999999999997	100.0	29675.0	-0.0006431883031671697	346270063.0	419225750.0	204650.0
39	3.54	1.0	22870964.0	-0.4957147945057262	9431.0	4192213.0	2091.0
39	3.54	2.0	22652494.0	-0.4909795847806064	20929.0	8384508.0	4100.0
39	3.54	3.0	22408360.0	-0.4856881228360263	35087.0	12576735.0	6177.0
39	3.54	4.0	22137305.0	-0.47981316393071954	52511.0	16769031.0	8185.0
39	3.54	5.0	21829192.0	-0.47313499450683594	74137.0	20961390.0	10130.0
39	3.54	6.0	21487924.0	-0.46573820981112396	100846.0	25153628.0	12196.0
39	3.54	7.0	21106606.0	-0.4574733647433194	134163.0	29345969.0	14159.0
39	3.54	8.0	20670147.0	-0.44801337068731134	175654.0	33538265.0	16167.0
39	3.54	9.0	20175792.0	-0.4372985146262429	227936.0	37730476.0	18260.0
39	3.54	10.0	19614600.0	-0.4251350056041371	294237.0	41922750.0	20290.0
39	3.54	11.0	18974915.0	-0.41127020662481134	378427.0	46115024.0	22320.0
39	3.54	12.0	18240753.0	-0.39535767381841486	485977.0	50307268.0	24380.0
39	3.54	13.0	17386710.0	-0.3768467903137207	626550.0	54499559.0	26393.0
39	3.54	14.0	16392644.0	-0.3553009900179776	811171.0	58691884.0	28372.0
39	3.54	15.0	15225012.0	-0.32999324798583984	1058347.0	62884148.0	30412.0
39	3.54	16.0	13844634.0	-0.30007436058738013	1394072.0	67076441.0	32423.0
39	3.54	17.0	12190701.0	-0.2642263282429088	1859930.0	71268724.0	34444.0
39	3.54	18.0	10220207.0	-0.2215170210058039	2524553.0	75460937.0	36535.0
39	3.54	19.0	7884483.0	-0.1708915667100386	3503246.0	79653155.0	38621.0
39	3.54	20.0	5255765.0	-0.11391563849015669	4977521.0	83845379.0	40701.0
39	3.54	21.0	2665748.0	-0.05777853185480291	7205415.0	88037635.0	42749.0
39	3.54	22.0	848531.0	-0.018391414122147995	10366730.0	92229858.0	44830.0
39	3.54	23.0	162382.0	-0.0035195350646972656	14234428.0	96422189.0	46803.0
39	3.54	24.0	42197.0	-0.0009145953438498757	18353616.0	100614434.0	48862.0
39	3.54	25.0	30888.0	-0.0006694793701171875	22512993.0	104806705.0	50895.0
39	3.54	26.0	29816.0	-0.0006462443958629261	26676281.0	108998902.0	53002.0
39	3.54	27.0	29976.0	-0.0006497123024680398	30839712.0	113191219.0	54989.0
39	3.54	28.0	29783.0	-0.0006455291401256214	35003620.0	117383484.0	57028.0
39	3.54	29.0	29813.0	-0.0006461793726140803	39167441.0	121575756.0	59060.0
39	3.54	30.0	29754.0	-0.0006449005820534446	43331199.0	125767963.0	61157.0
39	3.54	31.0	29641.0	-0.0006424513730135831	47494781.0	129960166.0	63258.0
39	3.54	32.0	29862.0	-0.0006472414190118963	51658653.0	134152507.0	65221.0
39	3.54	33.0	29754.0	-0.0006449005820534446	55822497.0	138344725.0	67307.0
39	3.54	34.0	30074.0	-0.0006518363952636719	59986286.0	142537025.0	69311.0
39	3.54	35.0	30261.0	-0.0006558895111083984	64149955.0	146729276.0	71364.0
39	3.54	36.0	30325.0	-0.0006572766737504439	68313180.0	150921608.0	73336.0
39	3.54	37.0	29883.0	-0.0006476965817538174	72476624.0	155113927.0	75321.0
39	3.54	38.0	29979.0	-0.0006497773257168857	76639776.0	159306218.0	77334.0
39	3.54	39.0	29699.0	-0.0006437084891579368	80803408.0	163498492.0	79364.0
39	3.54	40.0	29940.0	-0.0006489320234818892	84967350.0	167690783.0	81377.0
39	3.54	41.0	29626.0	-0.0006421262567693537	89130983.0	171883033.0	83431.0
39	3.54	42.0	29949.0	-0.0006491270932284268	93294318.0	176075279.0	85489.0
39	3.54	43.0	30026.0	-0.0006507960232821378	97457912.0	180267589.0	87483.0
39	3.54	44.0	29921.0	-0.0006485202095725319	101621973.0	184459819.0	89557.0
39	3.54	45.0	29708.0	-0.0006439035589044744	105785623.0	188652081.0	91599.0
39	3.54	46.0	29840.0	-0.0006467645818536931	109949137.0	192844316.0	93668.0
39	3.54	47.0	29670.0	-0.00064307993108576	114112663.0	197036510.0	95778.0
39	3.54	48.0	29763.0	-0.0006450956517999822	118276435.0	201228745.0	97847.0
39	3.54	49.0	30065.0	-0.0006516413255171342	122439992.0	205421067.0	99829.0
39	3.54	50.0	29990.0	-0.0006500157442959872	126603148.0	209613302.0	101898.0
39	3.54	51.0	30052.0	-0.0006513595581054688	130766703.0	213805483.0	104021.0
39	3.54	52.0	29773.0	-0.0006453123959628018	134930406.0	217997702.0	106106.0
39	3.54	53.0	30156.0	-0.0006536136973987926	139093904.0	222189927.0	108185.0
39	3.54	54.0	29760.0	-0.0006450306285511364	143257231.0	226382175.0	110241.0
39	3.54	55.0	30017.0	-0.0006506009535356002	147420832.0	230574336.0	112384.0
39	3.54	56.0	30077.0	-0.0006519014185125178	151584467.0	234766564.0	114460.0
39	3.54	57.0	29892.0	-0.0006478916515003551	155747808.0	238958868.0	116460.0
39	3.54	58.0	29516.0	-0.0006397420709783381	159911588.0	243151209.0	118423.0
39	3.54	59.0	30054.0	-0.0006514029069380326	164074890.0	247343552.0	120384.0
39	3.54	60.0	29963.0	-0.0006494305350563743	168238073.0	251535849.0	122391.0
39	3.54	61.0	29910.0	-0.0006482817909934304	172401575.0	255728145.0	124399.0
39	3.54	62.0	30112.0	-0.0006526600230823864	176564996.0	259920408.0	126440.0
39	3.54	63.0	29539.0	-0.0006402405825528232	180728642.0	264112683.0	128469.0
39	3.54	64.0	29893.0	-0.0006479133259166371	184892463.0	268304966.0	130490.0
39	3.54	65.0	29765.0	-0.0006451390006325462	189056307.0	272497265.0	132495.0
39	3.54	66.0	29888.0	-0.0006478049538352273	193219689.0	276689473.0	134591.0
39	3.54	67.0	29944.0	-0.000649018721147017	197383011.0	280881728.0	136640.0
39	3.54	68.0	29939.0	-0.0006489103490656072	201546546.0	285073940.0	138732.0
39	3.54	69.0	29649.0	-0.0006426247683438388	205710147.0	289266167.0	140809.0
39	3.54	70.0	30029.0	-0.0006508610465309837	209873628.0	293458358.0	142922.0
39	3.54	71.0	29585.0	-0.0006412376057017933	214037451.0	297650583.0	145001.0
39	3.54	72.0	29537.0	-0.0006401972337202592	218201194.0	301842862.0	147026.0
39	3.54	73.0	29812.0	-0.0006461576981977983	222364290.0	306035071.0	149121.0
39	3.54	74.0	29929.0	-0.0006486936049027877	226527810.0	310227278.0	151218.0
39	3.54	75.0	30157.0	-0.0006536353718150746	230691052.0	314419475.0	153325.0
39	3.54	76.0	29845.0	-0.0006468729539351029	234854392.0	318611759.0	155345.0
39	3.54	77.0	29765.0	-0.0006451390006325462	239018073.0	322803989.0	157419.0
39	3.54	78.0	29640.0	-0.0006424296985973011	243181720.0	326996278.0	159434.0
39	3.54	79.0	30144.0	-0.0006533536044034091	247345313.0	331188497.0	161519.0
39	3.54	80.0	29522.0	-0.0006398721174760299	251508678.0	335380745.0	163575.0
39	3.54	81.0	29830.0	-0.0006465478376908736	255672181.0	339573032.0	165592.0
39	3.54	82.0	29591.0	-0.0006413676521994851	259836062.0	343765333.0	167595.0
39	3.54	83.0	29741.0	-0.0006446188146417791	263999752.0	347957611.0	169621.0
39	3.54	84.0	29866.0	-0.0006473281166770241	268163565.0	352149875.0	171661.0
39	3.54	85.0	29646.0	-0.0006425597450949929	272327077.0	356342105.0	173735.0
39	3.54	86.0	30123.0	-0.0006528984416614879	276490622.0	360534434.0	175710.0
39	3.54	87.0	29766.0	-0.0006451606750488281	280653792.0	364726697.0	177751.0
39	3.54	88.0	29737.0	-0.0006445321169766513	284817547.0	368918961.0	179791.0
39	3.54	89.0	29900.0	-0.0006480650468306108	288981458.0	373111235.0	181821.0
39	3.54	90.0	29800.0	-0.0006458976052024148	293145215.0	377303552.0	183808.0
39	3.54	91.0	29775.0	-0.0006453557447953658	297308649.0	381495774.0	185890.0
39	3.54	92.0	29702.0	-0.0006437735124067826	301472229.0	385688053.0	187915.0
39	3.54	93.0	30062.0	-0.0006515763022682884	305635732.0	389880357.0	189915.0
39	3.54	94.0	29638.0	-0.0006423863497647372	309799035.0	394072611.0	191965.0
39	3.54	95.0	29821.0	-0.0006463527679443359	313963065.0	398264867.0	194013.0
39	3.54	96.0	29780.0	-0.0006454641168767756	318126929.0	402457132.0	196052.0
39	3.54	97.0	29925.0	-0.0006486069072376598	322290287.0	406649376.0	198112.0
39	3.54	98.0	29650.0	-0.0006426464427601207	326453490.0	410841655.0	200137.0
39	3.54	99.0	29855.0	-0.0006470896980979226	330617445.0	415033834.0	202262.0
39	3.54	100.0	29717.0	-0.0006440986286510121	334781097.0	419226019.0	204381.0
40	3.4000000000000004	1.0	22917930.0	-0.49673275514082477	7161.0	4192293.0	2011.0
40	3.4000000000000004	2.0	22753701.0	-0.4931731874292547	15662.0	8384564.0	4044.0
40	3.4000000000000004	3.0	22568310.0	-0.4891549457203258	26037.0	12576805.0	6107.0
40	3.4000000000000004	4.0	22367634.0	-0.48480541055852716	38346.0	16768966.0	8250.0
40	3.4000000000000004	5.0	22146654.0	-0.4800157980485396	53068.0	20961177.0	10343.0
40	3.4000000000000004	6.0	21903933.0	-0.47475496205416595	70755.0	25153421.0	12403.0
40	3.4000000000000004	7.0	21634441.0	-0.4689138802615079	92068.0	29345768.0	14360.0
40	3.4000000000000004	8.0	21338449.0	-0.46249842643737793	117746.0	33538008.0	16424.0
40	3.4000000000000004	9.0	21007922.0	-0.45533444664695044	149043.0	37730246.0	18490.0
40	3.4000000000000004	10.0	20633447.0	-0.4472179196097634	187486.0	41922508.0	20532.0
40	3.4000000000000004	11.0	20218967.0	-0.43823430754921655	234414.0	46114736.0	22608.0
40	3.4000000000000004	12.0	19754587.0	-0.42816914211619983	291842.0	50307043.0	24605.0
40	3.4000000000000004	13.0	19230064.0	-0.41680041226473724	363555.0	54499313.0	26639.0
40	3.4000000000000004	14.0	18638368.0	-0.40397574684836646	452628.0	58691522.0	28734.0
40	3.4000000000000004	15.0	17961143.0	-0.389297290281816	564761.0	62883785.0	30775.0
40	3.4000000000000004	16.0	17181752.0	-0.3724044453014027	706777.0	67075960.0	32904.0
40	3.4000000000000004	17.0	16288602.0	-0.3530459403991699	889262.0	71268194.0	34974.0
40	3.4000000000000004	18.0	15256715.0	-0.3306803920052268	1126108.0	75460468.0	37004.0
40	3.4000000000000004	19.0	14054912.0	-0.3046320134943182	1437549.0	79652692.0	39084.0
40	3.4000000000000004	20.0	12639612.0	-0.2739562121304599	1855713.0	83844997.0	41083.0
40	3.4000000000000004	21.0	10972028.0	-0.23781230232932352	2429437.0	88037198.0	43186.0
40	3.4000000000000004	22.0	9006332.0	-0.19520698894153943	3236266.0	92229443.0	45245.0
40	3.4000000000000004	23.0	6722351.0	-0.14570303396745163	4402919.0	96421690.0	47302.0
40	3.4000000000000004	24.0	4230608.0	-0.0916959589177912	6129047.0	100613903.0	49393.0
40	3.4000000000000004	25.0	1963606.0	-0.04256001385775479	8653069.0	104806197.0	51403.0
40	3.4000000000000004	26.0	563957.0	-0.012223438783125444	12054941.0	108998441.0	53463.0
40	3.4000000000000004	27.0	108947.0	-0.002361362630670721	16018180.0	113190657.0	55551.0
40	3.4000000000000004	28.0	36883.0	-0.0007994174957275391	20153290.0	117382990.0	57522.0
40	3.4000000000000004	29.0	30535.0	-0.0006618283011696556	24313428.0	121575206.0	59610.0
40	3.4000000000000004	30.0	30043.0	-0.0006511644883589311	28475845.0	125767502.0	61618.0
40	3.4000000000000004	31.0	30167.0	-0.0006538521159778942	32637957.0	129959702.0	63722.0
40	3.4000000000000004	32.0	30328.0	-0.0006573416969992898	36799815.0	134151899.0	65829.0
40	3.4000000000000004	33.0	30247.0	-0.0006555860692804509	40961888.0	138344156.0	67876.0
40	3.4000000000000004	34.0	30245.0	-0.0006555427204478871	45123992.0	142536384.0	69952.0
40	3.4000000000000004	35.0	30156.0	-0.0006536136973987926	49285893.0	146728708.0	71932.0
40	3.4000000000000004	36.0	30281.0	-0.0006563229994340377	53447727.0	150921027.0	73917.0
40	3.4000000000000004	37.0	30492.0	-0.0006608963012695312	57609839.0	155113209.0	76039.0
40	3.4000000000000004	38.0	30166.0	-0.0006538304415616122	61771724.0	159305477.0	78075.0
40	3.4000000000000004	39.0	30167.0	-0.0006538521159778942	65933894.0	163497702.0	80154.0
40	3.4000000000000004	40.0	30211.0	-0.0006548057902943004	70096401.0	167690039.0	82121.0
40	3.4000000000000004	41.0	30021.0	-0.0006506876512007279	74259043.0	171882250.0	84214.0
40	3.4000000000000004	42.0	30397.0	-0.0006588372317227451	78421170.0	176074492.0	86276.0
40	3.4000000000000004	43.0	29988.0	-0.0006499723954634233	82583259.0	180266773.0	88299.0
40	3.4000000000000004	44.0	30432.0	-0.0006595958362926136	86745857.0	184459069.0	90307.0
40	3.4000000000000004	45.0	29975.0	-0.0006496906280517578	90907978.0	188651255.0	92425.0
40	3.4000000000000004	46.0	30388.0	-0.0006586421619762074	95070078.0	192843477.0	94507.0
40	3.4000000000000004	47.0	30330.0	-0.0006573850458318537	99232251.0	197035697.0	96591.0
40	3.4000000000000004	48.0	30137.0	-0.0006532018834894353	103394224.0	201227795.0	98797.0
40	3.4000000000000004	49.0	30169.0	-0.0006538954648104581	107556367.0	205420077.0	100819.0
40	3.4000000000000004	50.0	30302.0	-0.0006567781621759588	111718679.0	209612347.0	102853.0
40	3.4000000000000004	51.0	30500.0	-0.0006610696965997869	115880680.0	213804584.0	104920.0
40	3.4000000000000004	52.0	29787.0	-0.0006456158377907493	120042991.0	217996853.0	106955.0
40	3.4000000000000004	53.0	30241.0	-0.0006554560227827592	124205154.0	222189126.0	108986.0
40	3.4000000000000004	54.0	30088.0	-0.0006521398370916194	128367307.0	226381333.0	111083.0
40	3.4000000000000004	55.0	30342.0	-0.0006576451388272372	132529596.0	230573504.0	113216.0
40	3.4000000000000004	56.0	30452.0	-0.0006600293246182529	136691757.0	234765769.0	115255.0
40	3.4000000000000004	57.0	30307.0	-0.0006568865342573686	140854246.0	238958065.0	117263.0
40	3.4000000000000004	58.0	30026.0	-0.0006507960232821378	145016281.0	243150273.0	119359.0
40	3.4000000000000004	59.0	30151.0	-0.0006535053253173828	149178589.0	247342557.0	121379.0
40	3.4000000000000004	60.0	29861.0	-0.0006472197445956143	153340745.0	251534836.0	123404.0
40	3.4000000000000004	61.0	30224.0	-0.0006550875577059659	157502810.0	255727054.0	125490.0
40	3.4000000000000004	62.0	30059.0	-0.0006515112790194424	161665125.0	259919299.0	127549.0
40	3.4000000000000004	63.0	30039.0	-0.0006510777906938033	165826914.0	264111578.0	129574.0
40	3.4000000000000004	64.0	30089.0	-0.0006521615115079013	169989253.0	268303870.0	131586.0
40	3.4000000000000004	65.0	30079.0	-0.0006519447673450817	174151364.0	272496135.0	133625.0
40	3.4000000000000004	66.0	30407.0	-0.0006590539758855647	178313787.0	276688450.0	135614.0
40	3.4000000000000004	67.0	29837.0	-0.0006466995586048473	182475844.0	280880673.0	137695.0
40	3.4000000000000004	68.0	30126.0	-0.0006529634649103338	186638299.0	285072881.0	139791.0
40	3.4000000000000004	69.0	30357.0	-0.0006579702550714666	190800735.0	289265167.0	141809.0
40	3.4000000000000004	70.0	30341.0	-0.0006576234644109553	194962830.0	293457455.0	143825.0
40	3.4000000000000004	71.0	30187.0	-0.0006542856043035334	199125546.0	297649741.0	145843.0
40	3.4000000000000004	72.0	30241.0	-0.0006554560227827592	203287545.0	301841888.0	148000.0
40	3.4000000000000004	73.0	30182.0	-0.0006541772322221236	207449675.0	306034203.0	149989.0
40	3.4000000000000004	74.0	30095.0	-0.0006522915580055931	211611996.0	310226503.0	151993.0
40	3.4000000000000004	75.0	30375.0	-0.0006583603945645419	215774251.0	314418764.0	154036.0
40	3.4000000000000004	76.0	30173.0	-0.0006539821624755859	219936199.0	318610913.0	156191.0
40	3.4000000000000004	77.0	30616.0	-0.0006635839288884944	224098259.0	322803192.0	158216.0
40	3.4000000000000004	78.0	30316.0	-0.0006570816040039062	228260719.0	326995488.0	160224.0
40	3.4000000000000004	79.0	30136.0	-0.0006531802090731534	232423166.0	331187772.0	162244.0
40	3.4000000000000004	80.0	30240.0	-0.0006554343483664773	236585489.0	335379995.0	164325.0
40	3.4000000000000004	81.0	30242.0	-0.0006554776971990412	240747860.0	339572241.0	166383.0
40	3.4000000000000004	82.0	30183.0	-0.0006541989066384056	244910268.0	343764573.0	168355.0
40	3.4000000000000004	83.0	30296.0	-0.000656648115678267	249072604.0	347956863.0	170369.0
40	3.4000000000000004	84.0	30282.0	-0.0006563446738503196	253234467.0	352149073.0	172463.0
40	3.4000000000000004	85.0	30272.0	-0.0006561279296875	257396787.0	356341324.0	174516.0
40	3.4000000000000004	86.0	30289.0	-0.0006564963947642933	261559067.0	360533566.0	176578.0
40	3.4000000000000004	87.0	29927.0	-0.0006486502560702237	265721276.0	364725856.0	178592.0
40	3.4000000000000004	88.0	30293.0	-0.0006565830924294212	269883574.0	368918088.0	180664.0
40	3.4000000000000004	89.0	30106.0	-0.0006525299765846946	274045739.0	373110364.0	182692.0
40	3.4000000000000004	90.0	30216.0	-0.0006549141623757102	278207727.0	377302597.0	184763.0
40	3.4000000000000004	91.0	30045.0	-0.0006512078371914951	282369923.0	381494885.0	186779.0
40	3.4000000000000004	92.0	30410.0	-0.0006591189991344105	286532295.0	385687104.0	188864.0
40	3.4000000000000004	93.0	30175.0	-0.0006540255113081498	290694632.0	389879343.0	190929.0
40	3.4000000000000004	94.0	29862.0	-0.0006472414190118963	294856617.0	394071587.0	192989.0
40	3.4000000000000004	95.0	29962.0	-0.0006494088606400924	299018837.0	398263863.0	195017.0
40	3.4000000000000004	96.0	30072.0	-0.000651793046431108	303181312.0	402456148.0	197036.0
40	3.4000000000000004	97.0	30342.0	-0.0006576451388272372	307343397.0	406648334.0	199154.0
40	3.4000000000000004	98.0	30184.0	-0.0006542205810546875	311505556.0	410840534.0	201258.0
40	3.4000000000000004	99.0	30307.0	-0.0006568865342573686	315668003.0	415032741.0	203355.0
40	3.4000000000000004	100.0	30219.0	-0.0006549791856245561	319830120.0	419224993.0	205407.0
41	3.2600000000000002	1.0	22954729.0	-0.4975303519855846	5377.0	4192220.0	2084.0
41	3.2600000000000002	2.0	22830213.0	-0.49483154036782007	11663.0	8384397.0	4211.0
41	3.2600000000000002	3.0	22698964.0	-0.49198679490522906	18887.0	12576648.0	6264.0
41	3.2600000000000002	4.0	22556670.0	-0.4889026555148038	27306.0	16768900.0	8316.0
41	3.2600000000000002	5.0	22398066.0	-0.48546500639481976	37366.0	20961167.0	10353.0
41	3.2600000000000002	6.0	22230351.0	-0.4818298816680908	48862.0	25153381.0	12443.0
41	3.2600000000000002	7.0	22041971.0	-0.47774685512889514	62759.0	29345571.0	14557.0
41	3.2600000000000002	8.0	21838348.0	-0.47333344546231354	78937.0	33537754.0	16678.0
41	3.2600000000000002	9.0	21615512.0	-0.46850360523570667	97928.0	37730043.0	18693.0
41	3.2600000000000002	10.0	21371432.0	-0.46321331370960583	120562.0	41922264.0	20776.0
41	3.2600000000000002	11.0	21105727.0	-0.4574543129314076	146962.0	46114528.0	22816.0
41	3.2600000000000002	12.0	20810736.0	-0.45106055519797583	178456.0	50306824.0	24824.0
41	3.2600000000000002	13.0	20488666.0	-0.4440798759460449	215724.0	54499005.0	26947.0
41	3.2600000000000002	14.0	20131823.0	-0.4363455122167414	260653.0	58691278.0	28978.0
41	3.2600000000000002	15.0	19735762.0	-0.42776112122969195	314577.0	62883501.0	31059.0
41	3.2600000000000002	16.0	19299260.0	-0.41830019517378375	379439.0	67075817.0	33047.0
41	3.2600000000000002	17.0	18809384.0	-0.4076824188232422	457801.0	71268035.0	35133.0
41	3.2600000000000002	18.0	18263971.0	-0.3958609104156494	553292.0	75460343.0	37129.0
41	3.2600000000000002	19.0	17651888.0	-0.38259436867453833	670665.0	79652606.0	39170.0
41	3.2600000000000002	20.0	16952067.0	-0.36742615699768066	816133.0	83844829.0	41251.0
41	3.2600000000000002	21.0	16156624.0	-0.3501853942871094	998293.0	88037032.0	43352.0
41	3.2600000000000002	22.0	15250762.0	-0.33055136420510034	1227826.0	92229306.0	45382.0
41	3.2600000000000002	23.0	14203758.0	-0.30785816366022284	1521717.0	96421616.0	47376.0
41	3.2600000000000002	24.0	12987858.0	-0.28150424090298737	1903255.0	100613942.0	49354.0
41	3.2600000000000002	25.0	11574711.0	-0.25087510455738415	2407190.0	104806190.0	51410.0
41	3.2600000000000002	26.0	9920041.0	-0.215011098168113	3090408.0	108998438.0	53466.0
41	3.2600000000000002	27.0	7993411.0	-0.1732525175268	4036185.0	113190789.0	55419.0
41	3.2600000000000002	28.0	5810602.0	-0.12594140659679065	5378630.0	117383101.0	57411.0
41	3.2600000000000002	29.0	3514842.0	-0.07618214867331764	7314818.0	121575323.0	59493.0
41	3.2600000000000002	30.0	1545440.0	-0.03349650989879261	10051549.0	125767522.0	61598.0
41	3.2600000000000002	31.0	425234.0	-0.009216698733243074	13593490.0	129959827.0	63597.0
41	3.2600000000000002	32.0	87098.0	-0.0018877983093261719	17602251.0	134152070.0	65658.0
41	3.2600000000000002	33.0	35757.0	-0.0007750121029940518	21742033.0	138344282.0	67750.0
41	3.2600000000000002	34.0	30876.0	-0.000669219277121804	25900627.0	142536567.0	69769.0
41	3.2600000000000002	35.0	30603.0	-0.0006633021614768288	30061421.0	146728795.0	71845.0
41	3.2600000000000002	36.0	30525.0	-0.0006616115570068359	34222129.0	150921036.0	73908.0
41	3.2600000000000002	37.0	30481.0	-0.0006606578826904297	38382956.0	155113312.0	75936.0
41	3.2600000000000002	38.0	30883.0	-0.0006693709980357777	42543579.0	159305627.0	77925.0
41	3.2600000000000002	39.0	30421.0	-0.0006593574177135121	46704617.0	163497926.0	79930.0
41	3.2600000000000002	40.0	30678.0	-0.0006649277426979759	50865242.0	167690160.0	82000.0
41	3.2600000000000002	41.0	30815.0	-0.0006678971377286044	55026074.0	171882419.0	84045.0
41	3.2600000000000002	42.0	30511.0	-0.0006613081151788884	59186791.0	176074647.0	86121.0
41	3.2600000000000002	43.0	30555.0	-0.0006622617894952947	63347664.0	180266843.0	88229.0
41	3.2600000000000002	44.0	30621.0	-0.0006636923009699041	67508179.0	184459079.0	90297.0
41	3.2600000000000002	45.0	30665.0	-0.0006646459752863103	71668752.0	188651302.0	92378.0
41	3.2600000000000002	46.0	30534.0	-0.0006618066267533736	75829472.0	192843584.0	94400.0
41	3.2600000000000002	47.0	30826.0	-0.000668135556307706	79989769.0	197035871.0	96417.0
41	3.2600000000000002	48.0	30803.0	-0.0006676370447332209	84150152.0	201228032.0	98560.0
41	3.2600000000000002	49.0	30738.0	-0.0006662282076748935	88310522.0	205420188.0	100708.0
41	3.2600000000000002	50.0	30529.0	-0.0006616982546719638	92471393.0	209612574.0	102626.0
41	3.2600000000000002	51.0	30390.0	-0.0006586855108087713	96631951.0	213804784.0	104720.0
41	3.2600000000000002	52.0	30485.0	-0.0006607445803555576	100792511.0	217997052.0	106756.0
41	3.2600000000000002	53.0	30426.0	-0.0006594657897949219	104953401.0	222189377.0	108735.0
41	3.2600000000000002	54.0	30666.0	-0.0006646676497025924	109114079.0	226381559.0	110857.0
41	3.2600000000000002	55.0	30694.0	-0.0006652745333584872	113274867.0	230573811.0	112909.0
41	3.2600000000000002	56.0	30453.0	-0.0006600509990345348	117435951.0	234766109.0	114915.0
41	3.2600000000000002	57.0	30523.0	-0.0006615682081742721	121597124.0	238958420.0	116908.0
41	3.2600000000000002	58.0	30527.0	-0.0006616549058393998	125757466.0	243150682.0	118950.0
41	3.2600000000000002	59.0	30727.0	-0.0006659897890957919	129918179.0	247342945.0	120991.0
41	3.2600000000000002	60.0	30997.0	-0.0006718418814919212	134078630.0	251535248.0	122992.0
41	3.2600000000000002	61.0	31110.0	-0.0006742910905317826	138239105.0	255727591.0	124953.0
41	3.2600000000000002	62.0	30534.0	-0.0006618066267533736	142399888.0	259919939.0	126909.0
41	3.2600000000000002	63.0	30134.0	-0.0006531368602405895	146560734.0	264112117.0	129035.0
41	3.2600000000000002	64.0	30932.0	-0.0006704330444335938	150721560.0	268304325.0	131131.0
41	3.2600000000000002	65.0	30870.0	-0.0006690892306241122	154881738.0	272496512.0	133248.0
41	3.2600000000000002	66.0	30539.0	-0.0006619149988347834	159042261.0	276688772.0	135292.0
41	3.2600000000000002	67.0	30594.0	-0.0006631070917302912	163203249.0	280881110.0	137258.0
41	3.2600000000000002	68.0	30724.0	-0.000665924765846946	167363850.0	285073385.0	139287.0
41	3.2600000000000002	69.0	30440.0	-0.0006597692316228694	171524509.0	289265619.0	141357.0
41	3.2600000000000002	70.0	30427.0	-0.0006594874642112038	175685288.0	293457854.0	143426.0
41	3.2600000000000002	71.0	30409.0	-0.0006590973247181286	179846237.0	297650037.0	145547.0
41	3.2600000000000002	72.0	30629.0	-0.0006638656963001598	184006928.0	301842341.0	147547.0
41	3.2600000000000002	73.0	30701.0	-0.0006654262542724609	188167702.0	306034596.0	149596.0
41	3.2600000000000002	74.0	30755.0	-0.0006665966727516868	192328424.0	310226869.0	151627.0
41	3.2600000000000002	75.0	30916.0	-0.0006700862537730824	196488962.0	314419116.0	153684.0
41	3.2600000000000002	76.0	30431.0	-0.0006595741618763317	200649358.0	318611353.0	155751.0
41	3.2600000000000002	77.0	30539.0	-0.0006619149988347834	204810271.0	322803620.0	157788.0
41	3.2600000000000002	78.0	30594.0	-0.0006631070917302912	208970872.0	326995896.0	159816.0
41	3.2600000000000002	79.0	30474.0	-0.000660506161776456	213131741.0	331188136.0	161880.0
41	3.2600000000000002	80.0	30741.0	-0.0006662932309237393	217292360.0	335380413.0	163907.0
41	3.2600000000000002	81.0	30684.0	-0.0006650577891956676	221453032.0	339572601.0	166023.0
41	3.2600000000000002	82.0	30773.0	-0.0006669868122447621	225613706.0	343764821.0	168107.0
41	3.2600000000000002	83.0	30631.0	-0.0006639090451327237	229774042.0	347957145.0	170087.0
41	3.2600000000000002	84.0	30803.0	-0.0006676370447332209	233934829.0	352149372.0	172164.0
41	3.2600000000000002	85.0	30575.0	-0.0006626952778209339	238094965.0	356341575.0	174265.0
41	3.2600000000000002	86.0	30649.0	-0.0006642991846257991	242255685.0	360533905.0	176239.0
41	3.2600000000000002	87.0	30889.0	-0.0006695010445334694	246416360.0	364726278.0	178170.0
41	3.2600000000000002	88.0	30638.0	-0.0006640607660466975	250577022.0	368918531.0	180221.0
41	3.2600000000000002	89.0	30727.0	-0.0006659897890957919	254737195.0	373110807.0	182249.0
41	3.2600000000000002	90.0	30541.0	-0.0006619583476673473	258898367.0	377303083.0	184277.0
41	3.2600000000000002	91.0	30439.0	-0.0006597475572065873	263059363.0	381495244.0	186420.0
41	3.2600000000000002	92.0	30547.0	-0.0006620883941650391	267220427.0	385687546.0	188422.0
41	3.2600000000000002	93.0	30821.0	-0.0006680271842262962	271380755.0	389879749.0	190523.0
41	3.2600000000000002	94.0	30506.0	-0.0006611997430974787	275541690.0	394072076.0	192500.0
41	3.2600000000000002	95.0	30482.0	-0.0006606795571067116	279702415.0	398264331.0	194549.0
41	3.2600000000000002	96.0	30657.0	-0.0006644725799560547	283863548.0	402456588.0	196596.0
41	3.2600000000000002	97.0	30635.0	-0.0006639957427978516	288024207.0	406648825.0	198663.0
41	3.2600000000000002	98.0	30213.0	-0.0006548491391268643	292184996.0	410841092.0	200700.0
41	3.2600000000000002	99.0	30591.0	-0.0006630420684814453	296346213.0	415033292.0	202804.0
41	3.2600000000000002	100.0	30694.0	-0.0006652745333584872	300507037.0	419225491.0	204909.0
42	3.12	1.0	22985690.0	-0.4982014135880904	3915.0	4192206.0	2098.0
42	3.12	2.0	22896307.0	-0.49626408923755994	8372.0	8384519.0	4089.0
42	3.12	3.0	22801437.0	-0.4942078373648904	13472.0	12576754.0	6158.0
42	3.12	4.0	22701139.0	-0.49203393676064233	19152.0	16768970.0	8246.0
42	3.12	5.0	22591187.0	-0.4896507913416082	25842.0	20961238.0	10282.0
42	3.12	6.0	22475666.0	-0.48714694109829987	33293.0	25153525.0	12299.0
42	3.12	7.0	22347007.0	-0.48435833237387915	42039.0	29345788.0	14340.0
42	3.12	8.0	22212314.0	-0.4814389402216131	52000.0	33538148.0	16284.0
42	3.12	9.0	22063951.0	-0.47822325879877264	63573.0	37730334.0	18402.0
42	3.12	10.0	21908722.0	-0.47485876083374023	76456.0	41922549.0	20491.0
42	3.12	11.0	21736984.0	-0.47113643993030896	91586.0	46114858.0	22486.0
42	3.12	12.0	21551933.0	-0.46712556752291595	109002.0	50307120.0	24528.0
42	3.12	13.0	21352384.0	-0.46280045942826703	128987.0	54499459.0	26493.0
42	3.12	14.0	21136259.0	-0.45811607620932837	152083.0	58691690.0	28566.0
42	3.12	15.0	20900631.0	-0.45300897684964264	178974.0	62883930.0	30630.0
42	3.12	16.0	20646956.0	-0.4475107192993164	210041.0	67076151.0	32713.0
42	3.12	17.0	20371155.0	-0.4415328936143355	246070.0	71268368.0	34800.0
42	3.12	18.0	20070114.0	-0.4350080056623979	288235.0	75460624.0	36848.0
42	3.12	19.0	19740345.0	-0.42786045507951215	337720.0	79652911.0	38865.0
42	3.12	20.0	19378916.0	-0.4200266924771396	396330.0	83845159.0	40921.0
42	3.12	21.0	18983495.0	-0.41145617311651056	464684.0	88037325.0	43059.0
42	3.12	22.0	18548480.0	-0.40202747691761365	545545.0	92229507.0	45181.0
42	3.12	23.0	18062322.0	-0.3914902860468084	642285.0	96421759.0	47233.0
42	3.12	24.0	17521201.0	-0.3797618042338978	758476.0	100614054.0	49242.0
42	3.12	25.0	16921445.0	-0.3667624430222945	898421.0	104806337.0	51263.0
42	3.12	26.0	16242943.0	-0.3520563082261519	1068585.0	108998622.0	53282.0
42	3.12	27.0	15479216.0	-0.33550297130237927	1277183.0	113190843.0	55365.0
42	3.12	28.0	14607269.0	-0.3166040290485729	1536618.0	117383045.0	57467.0
42	3.12	29.0	13619628.0	-0.2951974868774414	1862734.0	121575333.0	59483.0
42	3.12	30.0	12482586.0	-0.2705527652393688	2276447.0	125767633.0	61487.0
42	3.12	31.0	11169665.0	-0.2420959689400413	2811529.0	129959850.0	63574.0
42	3.12	32.0	9645778.0	-0.20906660773537375	3517724.0	134152176.0	65552.0
42	3.12	33.0	7888127.0	-0.1709705482829701	4471025.0	138344465.0	67567.0
42	3.12	34.0	5904951.0	-0.12798636609857733	5788045.0	142536640.0	69696.0
42	3.12	35.0	3787113.0	-0.08208346366882324	7641636.0	146728882.0	71758.0
42	3.12	36.0	1864475.0	-0.04041140729730779	10221117.0	150921229.0	73715.0
42	3.12	37.0	609563.0	-0.013211922212080522	13594213.0	155113512.0	75736.0
42	3.12	38.0	135770.0	-0.00294273549860174	17515251.0	159305720.0	77832.0
42	3.12	39.0	42337.0	-0.0009176297621293502	21634011.0	163497972.0	79884.0
42	3.12	40.0	31907.0	-0.0006915656003085049	25788866.0	167690209.0	81951.0
42	3.12	41.0	30838.0	-0.0006683956493030895	29947475.0	171882439.0	84025.0
42	3.12	42.0	30909.0	-0.0006699345328591087	34106563.0	176074686.0	86082.0
42	3.12	43.0	31059.0	-0.0006731856953014027	38265698.0	180266943.0	88129.0
42	3.12	44.0	31414.0	-0.0006808801130814986	42424587.0	184459194.0	90182.0
42	3.12	45.0	31172.0	-0.0006756349043412642	46583506.0	188651555.0	92125.0
42	3.12	46.0	31194.0	-0.0006761117414994674	50742664.0	192843816.0	94168.0
42	3.12	47.0	31341.0	-0.0006792978806929154	54901682.0	197036014.0	96274.0
42	3.12	48.0	30868.0	-0.0006690458817915483	59060628.0	201228251.0	98341.0
42	3.12	49.0	30785.0	-0.0006672469052401456	63219575.0	205420549.0	100347.0
42	3.12	50.0	31291.0	-0.0006782141598788174	67378536.0	209612783.0	102417.0
42	3.12	51.0	31191.0	-0.0006760467182506214	71537438.0	213804977.0	104527.0
42	3.12	52.0	31171.0	-0.0006756132299249822	75696598.0	217997257.0	106551.0
42	3.12	53.0	30965.0	-0.0006711483001708984	79855667.0	222189544.0	108568.0
42	3.12	54.0	31118.0	-0.0006744644858620384	84014775.0	226381755.0	110661.0
42	3.12	55.0	31060.0	-0.0006732073697176846	88173464.0	230574001.0	112719.0
42	3.12	56.0	30726.0	-0.00066596811467951	92332708.0	234766251.0	114773.0
42	3.12	57.0	31350.0	-0.0006794929504394531	96491955.0	238958522.0	116806.0
42	3.12	58.0	31255.0	-0.0006774338808926669	100650758.0	243150754.0	118878.0
42	3.12	59.0	31153.0	-0.0006752230904319069	104809229.0	247342978.0	120958.0
42	3.12	60.0	31051.0	-0.0006730122999711471	108968338.0	251535304.0	122936.0
42	3.12	61.0	31038.0	-0.0006727305325594815	113127301.0	255727540.0	125004.0
42	3.12	62.0	31299.0	-0.0006783875552090732	117286166.0	259919812.0	127036.0
42	3.12	63.0	31332.0	-0.0006791028109463779	121445314.0	264112083.0	129069.0
42	3.12	64.0	31115.0	-0.0006743994626131924	125604201.0	268304284.0	131172.0
42	3.12	65.0	31140.0	-0.0006749413230202415	129763192.0	272496462.0	133298.0
42	3.12	66.0	31284.0	-0.0006780624389648438	133922238.0	276688726.0	135338.0
42	3.12	67.0	30906.0	-0.0006698695096102628	138080629.0	280880992.0	137376.0
42	3.12	68.0	31098.0	-0.0006740309975363991	142239684.0	285073256.0	139416.0
42	3.12	69.0	31087.0	-0.0006737925789572976	146399069.0	289265584.0	141392.0
42	3.12	70.0	31319.0	-0.0006788210435347123	150557943.0	293457794.0	143486.0
42	3.12	71.0	30992.0	-0.0006717335094105114	154716449.0	297650032.0	145552.0
42	3.12	72.0	31165.0	-0.0006754831834272904	158875610.0	301842208.0	147680.0
42	3.12	73.0	31286.0	-0.0006781057877974076	163034453.0	306034317.0	149875.0
42	3.12	74.0	30932.0	-0.0006704330444335938	167193582.0	310226490.0	152006.0
42	3.12	75.0	31199.0	-0.0006762201135808772	171352445.0	314418706.0	154094.0
42	3.12	76.0	30925.0	-0.0006702813235196201	175511346.0	318610885.0	156219.0
42	3.12	77.0	30916.0	-0.0006700862537730824	179670659.0	322803131.0	158277.0
42	3.12	78.0	30601.0	-0.0006632588126442649	183830102.0	326995433.0	160279.0
42	3.12	79.0	31001.0	-0.0006719285791570491	187989157.0	331187733.0	162283.0
42	3.12	80.0	30897.0	-0.0006696744398637252	192148541.0	335380022.0	164298.0
42	3.12	81.0	31100.0	-0.0006740743463689631	196307632.0	339572265.0	166359.0
42	3.12	82.0	31163.0	-0.0006754398345947266	200466869.0	343764437.0	168491.0
42	3.12	83.0	30853.0	-0.0006687207655473189	204625844.0	347956630.0	170602.0
42	3.12	84.0	31108.0	-0.0006742477416992188	208785166.0	352148846.0	172690.0
42	3.12	85.0	31064.0	-0.0006732940673828125	212944282.0	356341059.0	174781.0
42	3.12	86.0	30926.0	-0.000670302997935902	217103270.0	360533352.0	176792.0
42	3.12	87.0	30846.0	-0.0006685690446333451	221261924.0	364725640.0	178808.0
42	3.12	88.0	31240.0	-0.0006771087646484375	225420689.0	368918002.0	180750.0
42	3.12	89.0	30864.0	-0.0006689591841264205	229579930.0	373110320.0	182736.0
42	3.12	90.0	30860.0	-0.0006688724864612926	233739141.0	377302595.0	184765.0
42	3.12	91.0	30860.0	-0.0006688724864612926	237898238.0	381494902.0	186762.0
42	3.12	92.0	30924.0	-0.0006702596491033381	242057344.0	385687109.0	188859.0
42	3.12	93.0	30958.0	-0.0006709965792569247	246216769.0	389879324.0	190948.0
42	3.12	94.0	31030.0	-0.0006725571372292259	250375358.0	394071541.0	193035.0
42	3.12	95.0	31105.0	-0.0006741827184503728	254534850.0	398263930.0	194950.0
42	3.12	96.0	30980.0	-0.0006714734164151279	258693858.0	402456190.0	196994.0
42	3.12	97.0	30791.0	-0.0006673769517378373	262853235.0	406648468.0	199020.0
42	3.12	98.0	31044.0	-0.0006728605790571733	267012433.0	410840758.0	201034.0
42	3.12	99.0	31066.0	-0.0006733374162153764	271171243.0	415032994.0	203102.0
42	3.12	100.0	31263.0	-0.0006776072762229226	275330690.0	419225301.0	205099.0
43	2.98	1.0	23010397.0	-0.49873692339116876	2729.0	4192262.0	2042.0
43	2.98	2.0	22947142.0	-0.49736590818925336	5848.0	8384537.0	4071.0
43	2.98	3.0	22882249.0	-0.49595939029346814	9232.0	12576790.0	6122.0
43	2.98	4.0	22811632.0	-0.49442880803888495	13108.0	16769038.0	8178.0
43	2.98	5.0	22737268.0	-0.4928170117464932	17407.0	20961255.0	10265.0
43	2.98	6.0	22657205.0	-0.4910816929557107	22266.0	25153517.0	12307.0
43	2.98	7.0	22574196.0	-0.48928252133456146	27593.0	29345757.0	14371.0
43	2.98	8.0	22482638.0	-0.48729805512861774	33798.0	33537978.0	16454.0
43	2.98	9.0	22387901.0	-0.48524468595331366	40611.0	37730210.0	18526.0
43	2.98	10.0	22287493.0	-0.4830684011632746	48171.0	41922387.0	20653.0
43	2.98	11.0	22178645.0	-0.4807091842998158	56833.0	46114591.0	22753.0
43	2.98	12.0	22064406.0	-0.4782331206581809	66449.0	50306884.0	24764.0
43	2.98	13.0	21944163.0	-0.4756269238211892	77118.0	54499112.0	26840.0
43	2.98	14.0	21812940.0	-0.4727827418934215	89368.0	58691332.0	28924.0
43	2.98	15.0	21672449.0	-0.46973768147555267	103266.0	62883580.0	30980.0
43	2.98	16.0	21524092.0	-0.4665221300992099	118787.0	67075803.0	33061.0
43	2.98	17.0	21368430.0	-0.46314824711192737	135907.0	71268067.0	35101.0
43	2.98	18.0	21199493.0	-0.4594866362485019	155346.0	75460318.0	37154.0
43	2.98	19.0	21016984.0	-0.4555308602072976	177593.0	79652516.0	39260.0
43	2.98	20.0	20821139.0	-0.45128603415055707	202779.0	83844837.0	41243.0
43	2.98	21.0	20612194.0	-0.4467572732405229	231333.0	88037057.0	43327.0
43	2.98	22.0	20387389.0	-0.44188475608825684	264134.0	92229319.0	45369.0
43	2.98	23.0	20145213.0	-0.43663573265075684	301371.0	96421503.0	47489.0
43	2.98	24.0	19882669.0	-0.43094524470242584	344031.0	100613760.0	49536.0
43	2.98	25.0	19600646.0	-0.4248325607993386	392667.0	104806004.0	51596.0
43	2.98	26.0	19294215.0	-0.41819084774364124	449128.0	108998288.0	53616.0
43	2.98	27.0	18959410.0	-0.41093414480035956	513799.0	113190571.0	55637.0
43	2.98	28.0	18594768.0	-0.403030742298473	589104.0	117382777.0	57735.0
43	2.98	29.0	18199818.0	-0.39447043158791284	675676.0	121575055.0	59761.0
43	2.98	30.0	17763264.0	-0.38500837846235797	777502.0	125767287.0	61833.0
43	2.98	31.0	17286424.0	-0.374673149802468	896904.0	129959633.0	63791.0
43	2.98	32.0	16756951.0	-0.3631971315904097	1037766.0	134151886.0	65842.0
43	2.98	33.0	16168361.0	-0.35043978691101074	1205172.0	138344157.0	67875.0
43	2.98	34.0	15510485.0	-0.33618070862509986	1405564.0	142536367.0	69969.0
43	2.98	35.0	14771213.0	-0.32015741955150256	1647694.0	146728719.0	71921.0
43	2.98	36.0	13939117.0	-0.3021222244609486	1942429.0	150921021.0	73923.0
43	2.98	37.0	12999646.0	-0.28175973892211914	2306179.0	155113263.0	75985.0
43	2.98	38.0	11933757.0	-0.25865721702575684	2758435.0	159305546.0	78006.0
43	2.98	39.0	10708232.0	-0.23209467801180753	3332750.0	163497798.0	80058.0
43	2.98	40.0	9302776.0	-0.20163223960182883	4075938.0	167690100.0	82060.0
43	2.98	41.0	7699574.0	-0.16688377206975763	5052776.0	171882431.0	84033.0
43	2.98	42.0	5895514.0	-0.12778182463212448	6367990.0	176074670.0	86098.0
43	2.98	43.0	3974508.0	-0.08614514090798119	8164693.0	180266954.0	88118.0
43	2.98	44.0	2155743.0	-0.046724471178921784	10617701.0	184459238.0	90138.0
43	2.98	45.0	825520.0	-0.017892664129083805	13823864.0	188651528.0	92152.0
43	2.98	46.0	213503.0	-0.004627552899447354	17629964.0	192843732.0	94252.0
43	2.98	47.0	56171.0	-0.0012174736369739878	21711926.0	197035983.0	96305.0
43	2.98	48.0	33560.0	-0.0007273934104225852	25859431.0	201228200.0	98392.0
43	2.98	49.0	31937.0	-0.0006922158327969638	30015782.0	205420495.0	100401.0
43	2.98	50.0	31527.0	-0.0006833293221213601	34173040.0	209612814.0	102386.0
43	2.98	51.0	31513.0	-0.0006830258802934127	38330300.0	213805064.0	104440.0
43	2.98	52.0	31491.0	-0.0006825490431352096	42487818.0	217997354.0	106454.0
43	2.98	53.0	31578.0	-0.00068443471735174	46644998.0	222189633.0	108479.0
43	2.98	54.0	31453.0	-0.0006817254153164951	50801995.0	226381872.0	110544.0
43	2.98	55.0	31406.0	-0.0006807067177512429	54959360.0	230574070.0	112650.0
43	2.98	56.0	31528.0	-0.000683350996537642	59116486.0	234766299.0	114725.0
43	2.98	57.0	31510.0	-0.0006829608570445668	63274098.0	238958590.0	116738.0
43	2.98	58.0	30851.0	-0.0006686774167147549	67430998.0	243150865.0	118767.0
43	2.98	59.0	31404.0	-0.000680663368918679	71588594.0	247343071.0	120865.0
43	2.98	60.0	31322.0	-0.0006788860667835582	75746188.0	251535336.0	122904.0
43	2.98	61.0	31534.0	-0.0006834810430353338	79903669.0	255727561.0	124983.0
43	2.98	62.0	31258.0	-0.0006774989041415128	84060755.0	259919738.0	127110.0
43	2.98	63.0	31511.0	-0.0006829825314608487	88218452.0	264111974.0	129178.0
43	2.98	64.0	31333.0	-0.0006791244853626598	92375577.0	268304175.0	131281.0
43	2.98	65.0	31270.0	-0.0006777589971368963	96532853.0	272496523.0	133237.0
43	2.98	66.0	31280.0	-0.0006779757412997159	100690526.0	276688785.0	135279.0
43	2.98	67.0	31272.0	-0.0006778023459694602	104847674.0	280881081.0	137287.0
43	2.98	68.0	31313.0	-0.0006786909970370206	109004984.0	285073276.0	139396.0
43	2.98	69.0	31337.0	-0.0006792111830277877	113162402.0	289265420.0	141556.0
43	2.98	70.0	31690.0	-0.0006868622519753196	117319547.0	293457650.0	143630.0
43	2.98	71.0	31435.0	-0.0006813352758234197	121476889.0	297649898.0	145686.0
43	2.98	72.0	31764.0	-0.0006884661587801846	125633562.0	301842132.0	147756.0
43	2.98	73.0	31560.0	-0.0006840445778586648	129790476.0	306034377.0	149815.0
43	2.98	74.0	31062.0	-0.0006732507185502486	133947968.0	310226588.0	151908.0
43	2.98	75.0	31760.0	-0.0006883794611150569	138105081.0	314418858.0	153942.0
43	2.98	76.0	31549.0	-0.0006838061592795632	142262093.0	318611099.0	156005.0
43	2.98	77.0	31415.0	-0.0006809017874977806	146419531.0	322803365.0	158043.0
43	2.98	78.0	31387.0	-0.0006802949038418857	150576924.0	326995609.0	160103.0
43	2.98	79.0	31256.0	-0.0006774555553089489	154734426.0	331187777.0	162239.0
43	2.98	80.0	31458.0	-0.0006818337873979049	158891789.0	335380026.0	164294.0
43	2.98	81.0	31254.0	-0.000677412206476385	163049549.0	339572291.0	166333.0
43	2.98	82.0	31603.0	-0.0006849765777587891	167207132.0	343764558.0	168370.0
43	2.98	83.0	31493.0	-0.0006825923919677734	171364572.0	347956789.0	170443.0
43	2.98	84.0	31549.0	-0.0006838061592795632	175521792.0	352148998.0	172538.0
43	2.98	85.0	31381.0	-0.0006801648573441939	179679104.0	356341223.0	174617.0
43	2.98	86.0	31219.0	-0.0006766536019065163	183836441.0	360533475.0	176669.0
43	2.98	87.0	31472.0	-0.0006821372292258523	187993823.0	364725761.0	178687.0
43	2.98	88.0	31088.0	-0.0006738142533735795	192151543.0	368918054.0	180698.0
43	2.98	89.0	31529.0	-0.0006833726709539241	196308851.0	373110279.0	182777.0
43	2.98	90.0	31285.0	-0.0006780841133811257	200465629.0	377302571.0	184789.0
43	2.98	91.0	31447.0	-0.0006815953688188033	204622602.0	381494796.0	186868.0
43	2.98	92.0	31314.0	-0.0006787126714533025	208780349.0	385687047.0	188921.0
43	2.98	93.0	31349.0	-0.0006794712760231712	212937680.0	389879304.0	190968.0
43	2.98	94.0	31666.0	-0.0006863420659845525	217094862.0	394071533.0	193043.0
43	2.98	95.0	31689.0	-0.0006868405775590377	221251816.0	398263788.0	195092.0
43	2.98	96.0	31338.0	-0.0006792328574440696	225408976.0	402456086.0	197098.0
43	2.98	97.0	31883.0	-0.0006910454143177379	229565919.0	406648426.0	199062.0
43	2.98	98.0	31578.0	-0.00068443471735174	233723218.0	410840722.0	201070.0
43	2.98	99.0	31549.0	-0.0006838061592795632	237879902.0	415033004.0	203092.0
43	2.98	100.0	31854.0	-0.0006904168562455611	242036777.0	419225266.0	205134.0
44	2.84	1.0	23027050.0	-0.49909786744551227	1933.0	4192301.0	2003.0
44	2.84	2.0	22984212.0	-0.4981693788008256	4006.0	8384604.0	4004.0
44	2.84	3.0	22939903.0	-0.49720900708978827	6260.0	12576858.0	6054.0
44	2.84	4.0	22892459.0	-0.49618068608370697	8806.0	16769177.0	8039.0
44	2.84	5.0	22842913.0	-0.49510680545460095	11544.0	20961398.0	10122.0
44	2.84	6.0	22788172.0	-0.49392032623291016	14713.0	25153595.0	12229.0
44	2.84	7.0	22732365.0	-0.4927107420834628	18066.0	29345883.0	14245.0
44	2.84	8.0	22676059.0	-0.49149034240029077	21674.0	33538130.0	16302.0
44	2.84	9.0	22614509.0	-0.4901562820781361	25776.0	37730385.0	18351.0
44	2.84	10.0	22548931.0	-0.4887349172071977	30324.0	41922705.0	20335.0
44	2.84	11.0	22481177.0	-0.48726638880642975	35216.0	46114913.0	22431.0
44	2.84	12.0	22413607.0	-0.48580184849825775	40438.0	50307137.0	24511.0
44	2.84	13.0	22341984.0	-0.4842494617808949	46174.0	54499394.0	26558.0
44	2.84	14.0	22263692.0	-0.48255252838134766	52627.0	58691692.0	28564.0
44	2.84	15.0	22182906.0	-0.4808015389875932	59553.0	62883952.0	30608.0
44	2.84	16.0	22096826.0	-0.47893580523404206	67335.0	67076234.0	32630.0
44	2.84	17.0	22005244.0	-0.4769508188421076	75858.0	71268433.0	34735.0
44	2.84	18.0	21910597.0	-0.4748994003642689	85129.0	75460719.0	36753.0
44	2.84	19.0	21809963.0	-0.47271821715615014	95400.0	79652922.0	38854.0
44	2.84	20.0	21702976.0	-0.47039933638139203	106830.0	83845183.0	40897.0
44	2.84	21.0	21593350.0	-0.46802325682206586	119424.0	88037441.0	42943.0
44	2.84	22.0	21475970.0	-0.4654791138388894	133460.0	92229706.0	44982.0
44	2.84	23.0	21353180.0	-0.4628177122636275	148733.0	96421949.0	47043.0
44	2.84	24.0	21219860.0	-0.45992807908491656	165917.0	100614230.0	49066.0
44	2.84	25.0	21076823.0	-0.4568278356031938	185363.0	104806568.0	51032.0
44	2.84	26.0	20926657.0	-0.45357307520779694	206522.0	108998797.0	53107.0
44	2.84	27.0	20767898.0	-0.45013206655328925	229890.0	113191112.0	55096.0
44	2.84	28.0	20597835.0	-0.44644605029713025	256156.0	117383285.0	57227.0
44	2.84	29.0	20421304.0	-0.44261984391645953	285122.0	121575500.0	59316.0
44	2.84	30.0	20231669.0	-0.43850961598483	317552.0	125767720.0	61400.0
44	2.84	31.0	20026954.0	-0.4340725378556685	353845.0	129959914.0	63510.0
44	2.84	32.0	19808627.0	-0.42934042757207697	394534.0	134152192.0	65536.0
44	2.84	33.0	19576320.0	-0.42430530894886365	440397.0	138344457.0	67575.0
44	2.84	34.0	19325746.0	-0.41887426376342773	491852.0	142536710.0	69626.0
44	2.84	35.0	19057118.0	-0.4130519086664373	550299.0	146728917.0	71723.0
44	2.84	36.0	18769356.0	-0.40681483528830786	616114.0	150921229.0	73715.0
44	2.84	37.0	18456346.0	-0.40003052624789154	690714.0	155113426.0	75822.0
44	2.84	38.0	18116710.0	-0.3926691141995517	775658.0	159305711.0	77841.0
44	2.84	39.0	17752941.0	-0.3847846334630793	872120.0	163497905.0	79951.0
44	2.84	40.0	17361122.0	-0.3762921853498979	982613.0	167690225.0	81935.0
44	2.84	41.0	16930966.0	-0.366968805139715	1109565.0	171882492.0	83972.0
44	2.84	42.0	16459998.0	-0.3567608486522328	1257230.0	176074673.0	86095.0
44	2.84	43.0	15939584.0	-0.3454811789772727	1428930.0	180266904.0	88168.0
44	2.84	44.0	15364464.0	-0.33301578868519177	1630354.0	184459221.0	90155.0
44	2.84	45.0	14736294.0	-0.3194005706093528	1865962.0	188651445.0	92235.0
44	2.84	46.0	14038024.0	-0.30426597595214844	2147050.0	192843661.0	94323.0
44	2.84	47.0	13258521.0	-0.2873707034371116	2481761.0	197035993.0	96295.0
44	2.84	48.0	12380779.0	-0.26834615794095124	2886850.0	201228182.0	98410.0
44	2.84	49.0	11391904.0	-0.24691286954012784	3382150.0	205420497.0	100399.0
44	2.84	50.0	10273381.0	-0.22266953641718085	3996193.0	209612746.0	102454.0
44	2.84	51.0	9003436.0	-0.19514421983198685	4770754.0	213805051.0	104453.0
44	2.84	52.0	7554148.0	-0.1637317484075373	5766227.0	217997362.0	106446.0
44	2.84	53.0	5947744.0	-0.12891387939453125	7066086.0	222189563.0	108549.0
44	2.84	54.0	4212682.0	-0.09130742333152077	8794774.0	226381758.0	110658.0
44	2.84	55.0	2505769.0	-0.0543110804124312	11104192.0	230573943.0	112777.0
44	2.84	56.0	1130027.0	-0.02449267560785467	14108118.0	234766220.0	114804.0
44	2.84	57.0	353679.0	-0.007665785876187411	17749142.0	238958542.0	116786.0
44	2.84	58.0	89876.0	-0.0019480098377574575	21759672.0	243150855.0	118777.0
44	2.84	59.0	38568.0	-0.000835938887162642	25890116.0	247343166.0	120770.0
44	2.84	60.0	32592.0	-0.0007064125754616477	30043056.0	251535421.0	122819.0
44	2.84	61.0	32089.0	-0.0006955103440718217	34198003.0	255727725.0	124819.0
44	2.84	62.0	31861.0	-0.0006905685771595348	38353561.0	259919902.0	126946.0
44	2.84	63.0	32111.0	-0.0006959871812300248	42508806.0	264112194.0	128958.0
44	2.84	64.0	31977.0	-0.0006930828094482422	46663910.0	268304471.0	130985.0
44	2.84	65.0	32131.0	-0.0006964206695556641	50818964.0	272496719.0	133041.0
44	2.84	66.0	31755.0	-0.0006882710890336471	54974554.0	276688958.0	135106.0
44	2.84	67.0	31827.0	-0.0006898316470059482	59130157.0	280881187.0	137181.0
44	2.84	68.0	32210.0	-0.0006981329484419389	63285645.0	285073418.0	139254.0
44	2.84	69.0	32055.0	-0.0006947734139182351	67440840.0	289265683.0	141293.0
44	2.84	70.0	31686.0	-0.0006867755543101918	71596380.0	293457947.0	143333.0
44	2.84	71.0	31840.0	-0.0006901134144176136	75751818.0	297650232.0	145352.0
44	2.84	72.0	32289.0	-0.0006998452273282138	79906684.0	301842484.0	147404.0
44	2.84	73.0	32265.0	-0.0006993250413374467	84061588.0	306034717.0	149475.0
44	2.84	74.0	32506.0	-0.0007045485756613991	88216453.0	310226989.0	151507.0
44	2.84	75.0	32128.0	-0.0006963556463068181	92371115.0	314419168.0	153632.0
44	2.84	76.0	32310.0	-0.000700300390070135	96525901.0	318611435.0	155669.0
44	2.84	77.0	32031.0	-0.0006942532279274681	100681040.0	322803750.0	157658.0
44	2.84	78.0	31798.0	-0.0006892030889337713	104836185.0	326996014.0	159698.0
44	2.84	79.0	31904.0	-0.0006915005770596591	108991825.0	331188281.0	161735.0
44	2.84	80.0	31972.0	-0.0006929744373668324	113147017.0	335380591.0	163729.0
44	2.84	81.0	32187.0	-0.0006976344368674538	117302231.0	339572765.0	165859.0
44	2.84	82.0	32021.0	-0.0006940364837646484	121457498.0	343764962.0	167966.0
44	2.84	83.0	32184.0	-0.000697569413618608	125612780.0	347957272.0	169960.0
44	2.84	84.0	32085.0	-0.0006954236464066939	129768092.0	352149560.0	171976.0
44	2.84	85.0	32120.0	-0.0006961822509765625	133923105.0	356341779.0	174061.0
44	2.84	86.0	32179.0	-0.0006974610415371982	138078127.0	360533999.0	176145.0
44	2.84	87.0	32260.0	-0.0006992166692560369	142233118.0	364726143.0	178305.0
44	2.84	88.0	32078.0	-0.0006952719254927201	146388155.0	368918390.0	180362.0
44	2.84	89.0	32139.0	-0.0006965940648859197	150543163.0	373110606.0	182450.0
44	2.84	90.0	32310.0	-0.000700300390070135	154698525.0	377302832.0	184528.0
44	2.84	91.0	31986.0	-0.0006932778791947799	158853497.0	381495089.0	186575.0
44	2.84	92.0	32149.0	-0.0006968108090487393	163008493.0	385687410.0	188558.0
44	2.84	93.0	31841.0	-0.0006901350888338956	167163393.0	389879634.0	190638.0
44	2.84	94.0	31907.0	-0.0006915656003085049	171318693.0	394071863.0	192713.0
44	2.84	95.0	32342.0	-0.0007009939713911576	175473787.0	398264160.0	194720.0
44	2.84	96.0	32139.0	-0.0006965940648859197	179628605.0	402456380.0	196804.0
44	2.84	97.0	32307.0	-0.0007002353668212891	183783529.0	406648643.0	198845.0
44	2.84	98.0	31834.0	-0.0006899833679199219	187939037.0	410840928.0	200864.0
44	2.84	99.0	31701.0	-0.0006871006705544212	192094574.0	415033283.0	202813.0
44	2.84	100.0	32130.0	-0.0006963989951393821	196249685.0	419225525.0	204875.0
45	2.7	1.0	23040960.0	-0.4993993585759943	1289.0	4192233.0	2071.0
45	2.7	2.0	23012583.0	-0.49878430366516113	2663.0	8384522.0	4086.0
45	2.7	3.0	22982665.0	-0.49813584847883746	4158.0	12576703.0	6209.0
45	2.7	4.0	22952729.0	-0.4974870031530207	5711.0	16768898.0	8318.0
45	2.7	5.0	22920933.0	-0.4967978434129195	7409.0	20961147.0	10373.0
45	2.7	6.0	22888134.0	-0.4960869442332875	9232.0	25153453.0	12371.0
45	2.7	7.0	22853743.0	-0.49534153938293457	11233.0	29345659.0	14469.0
45	2.7	8.0	22818922.0	-0.49458681453358044	13284.0	33537889.0	16543.0
45	2.7	9.0	22781144.0	-0.4937679984352805	15627.0	37730102.0	18634.0
45	2.7	10.0	22743173.0	-0.49294499917463824	18086.0	41922400.0	20640.0
45	2.7	11.0	22703662.0	-0.4920886213129217	20690.0	46114641.0	22703.0
45	2.7	12.0	22662884.0	-0.49120478196577594	23499.0	50306832.0	24816.0
45	2.7	13.0	22619658.0	-0.4902678836475719	26567.0	54499040.0	26912.0
45	2.7	14.0	22574740.0	-0.4892943122170188	29871.0	58691263.0	28993.0
45	2.7	15.0	22526654.0	-0.4882520762356845	33526.0	62883517.0	31043.0
45	2.7	16.0	22479058.0	-0.4872204607183283	37337.0	67075799.0	33065.0
45	2.7	17.0	22427096.0	-0.4860942146994851	41594.0	71268120.0	35048.0
45	2.7	18.0	22375353.0	-0.4849727153778076	46039.0	75460343.0	37129.0
45	2.7	19.0	22319408.0	-0.48376014015891333	51005.0	79652613.0	39163.0
45	2.7	20.0	22261509.0	-0.4825052131306041	56296.0	83844966.0	41114.0
45	2.7	21.0	22202330.0	-0.48122254284945404	61901.0	88037132.0	43252.0
45	2.7	22.0	22141954.0	-0.4799139282920144	67895.0	92229323.0	45365.0
45	2.7	23.0	22076524.0	-0.47849577123468573	74515.0	96421543.0	47449.0
45	2.7	24.0	22008410.0	-0.4770194400440563	81757.0	100613783.0	49513.0
45	2.7	25.0	21934996.0	-0.47542823444713245	89792.0	104806054.0	51546.0
45	2.7	26.0	21858790.0	-0.4737765138799494	98354.0	108998254.0	53650.0
45	2.7	27.0	21779424.0	-0.47205630215731537	107656.0	113190452.0	55756.0
45	2.7	28.0	21698087.0	-0.4702933701601895	117470.0	117382653.0	57859.0
45	2.7	29.0	21612486.0	-0.4684380184520375	128202.0	121574889.0	59927.0
45	2.7	30.0	21522705.0	-0.4664920676838268	140160.0	125767197.0	61923.0
45	2.7	31.0	21431424.0	-0.4645136052911932	152789.0	129959441.0	63983.0
45	2.7	32.0	21334356.0	-0.4624097130515359	166486.0	134151659.0	66069.0
45	2.7	33.0	21233796.0	-0.4602301337502219	181206.0	138343863.0	68169.0
45	2.7	34.0	21126883.0	-0.45791285688226874	197448.0	142536112.0	70224.0
45	2.7	35.0	21016022.0	-0.45551000941883435	215106.0	146728351.0	72289.0
45	2.7	36.0	20897709.0	-0.4529456442052668	234348.0	150920517.0	74427.0
45	2.7	37.0	20771339.0	-0.45020664821971546	255415.0	155112792.0	76456.0
45	2.7	38.0	20637091.0	-0.4472969011826949	278620.0	159305110.0	78442.0
45	2.7	39.0	20499567.0	-0.44431614875793457	303700.0	163497342.0	80514.0
45	2.7	40.0	20355194.0	-0.44118694825605914	331233.0	167689540.0	82620.0
45	2.7	41.0	20199940.0	-0.4378219084306197	361845.0	171881805.0	84659.0
45	2.7	42.0	20038573.0	-0.4343243728984486	395072.0	176074121.0	86647.0
45	2.7	43.0	19868239.0	-0.4306324828754772	431746.0	180266413.0	88659.0
45	2.7	44.0	19688245.0	-0.42673121799122204	472194.0	184458593.0	90783.0
45	2.7	45.0	19497642.0	-0.4226000092246316	516421.0	188650846.0	92834.0
45	2.7	46.0	19292056.0	-0.4181440526788885	565858.0	192843069.0	94915.0
45	2.7	47.0	19075016.0	-0.4134398373690518	619830.0	197035392.0	96896.0
45	2.7	48.0	18844144.0	-0.4084358215332031	679991.0	201227632.0	98960.0
45	2.7	49.0	18597836.0	-0.40309723940762604	746376.0	205419911.0	100985.0
45	2.7	50.0	18336921.0	-0.3974420590834184	820164.0	209612127.0	103073.0
45	2.7	51.0	18058155.0	-0.3913999687541615	902675.0	213804460.0	105044.0
45	2.7	52.0	17758686.0	-0.38490915298461914	994622.0	217996713.0	107095.0
45	2.7	53.0	17436318.0	-0.37792201475663617	1097969.0	222188902.0	109210.0
45	2.7	54.0	17093321.0	-0.37048775499517267	1213955.0	226381146.0	111270.0
45	2.7	55.0	16721675.0	-0.3624325448816473	1344692.0	230573427.0	113293.0
45	2.7	56.0	16317844.0	-0.353679743680087	1492894.0	234765710.0	115314.0
45	2.7	57.0	15879598.0	-0.34418101744218305	1661373.0	238957971.0	117357.0
45	2.7	58.0	15405595.0	-0.3339072791012851	1853970.0	243150256.0	119376.0
45	2.7	59.0	14883800.0	-0.32259767705743964	2074757.0	247342524.0	121412.0
45	2.7	60.0	14318081.0	-0.3103360479528254	2329631.0	251534778.0	123462.0
45	2.7	61.0	13692766.0	-0.29678271033547143	2626146.0	255727036.0	125508.0
45	2.7	62.0	13004183.0	-0.2818580757487904	2972955.0	259919329.0	127519.0
45	2.7	63.0	12239320.0	-0.26528011668812146	3382595.0	264111561.0	129591.0
45	2.7	64.0	11384183.0	-0.24674552137201483	3871893.0	268303809.0	131647.0
45	2.7	65.0	10422248.0	-0.22589614174582742	4461679.0	272496047.0	133713.0
45	2.7	66.0	9342789.0	-0.20249949802051892	5182990.0	276688294.0	135770.0
45	2.7	67.0	8132736.0	-0.1762723055752841	6078241.0	280880495.0	137873.0
45	2.7	68.0	6779135.0	-0.14693379402160645	7208226.0	285072795.0	139877.0
45	2.7	69.0	5289980.0	-0.11465722864324396	8655413.0	289265046.0	141930.0
45	2.7	70.0	3724298.0	-0.08072198521007191	10533002.0	293457329.0	143951.0
45	2.7	71.0	2216423.0	-0.04803967475891113	12972119.0	297649638.0	145946.0
45	2.7	72.0	1019310.0	-0.02209294926036488	16058882.0	301841935.0	147953.0
45	2.7	73.0	335175.0	-0.007264722477306019	19729056.0	306034198.0	149994.0
45	2.7	74.0	93103.0	-0.002017953179099343	23736931.0	310226550.0	151946.0
45	2.7	75.0	40856.0	-0.000885529951615767	27862185.0	314418863.0	153937.0
45	2.7	76.0	33269.0	-0.0007210861552845348	32011251.0	318611124.0	155980.0
45	2.7	77.0	32819.0	-0.0007113326679576527	36164072.0	322803480.0	157928.0
45	2.7	78.0	32565.0	-0.0007058273662220348	40316558.0	326995715.0	159997.0
45	2.7	79.0	32348.0	-0.0007011240178888494	44469534.0	331187992.0	162024.0
45	2.7	80.0	32409.0	-0.0007024461572820491	48622513.0	335380285.0	164035.0
45	2.7	81.0	32375.0	-0.0007017092271284623	52775634.0	339572576.0	166048.0
45	2.7	82.0	32598.0	-0.0007065426219593395	56928334.0	343764812.0	168116.0
45	2.7	83.0	32585.0	-0.0007062608545476741	61081219.0	347957045.0	170187.0
45	2.7	84.0	32818.0	-0.0007113109935413707	65233714.0	352149314.0	172222.0
45	2.7	85.0	32612.0	-0.0007068460637872869	69386586.0	356341579.0	174261.0
45	2.7	86.0	32587.0	-0.0007063042033802379	73539412.0	360533846.0	176298.0
45	2.7	87.0	32643.0	-0.0007075179706920277	77692260.0	364726154.0	178294.0
45	2.7	88.0	32336.0	-0.0007008639248934659	81845440.0	368918433.0	180319.0
45	2.7	89.0	32583.0	-0.0007062175057151101	85998083.0	373110695.0	182361.0
45	2.7	90.0	32656.0	-0.0007077997381036931	90151198.0	377302857.0	184503.0
45	2.7	91.0	32564.0	-0.0007058056918057529	94304126.0	381495150.0	186514.0
45	2.7	92.0	32519.0	-0.0007048303430730647	98457453.0	385687451.0	188517.0
45	2.7	93.0	32310.0	-0.000700300390070135	102610330.0	389879739.0	190533.0
45	2.7	94.0	32282.0	-0.00069969350641424	106763813.0	394072015.0	192561.0
45	2.7	95.0	32715.0	-0.0007090785286643288	110916565.0	398264297.0	194583.0
45	2.7	96.0	32791.0	-0.0007107257843017578	115069451.0	402456605.0	196579.0
45	2.7	97.0	32560.0	-0.000705718994140625	119222365.0	406648842.0	198646.0
45	2.7	98.0	32783.0	-0.0007105523889715022	123375269.0	410841131.0	200661.0
45	2.7	99.0	32712.0	-0.000709013505415483	127528514.0	415033397.0	202699.0
45	2.7	100.0	32672.0	-0.0007081465287642045	131681827.0	419225641.0	204759.0
46	2.56	1.0	23051152.0	-0.49962026422674005	813.0	4192260.0	2044.0
46	2.56	2.0	23034582.0	-0.499261119148948	1605.0	8384522.0	4086.0
46	2.56	3.0	23016133.0	-0.4988612478429621	2496.0	12576809.0	6103.0
46	2.56	4.0	22997425.0	-0.4984557628631592	3452.0	16769110.0	8106.0
46	2.56	5.0	22977148.0	-0.4980162707242099	4512.0	20961428.0	10092.0
46	2.56	6.0	22958007.0	-0.49760140072215686	5549.0	25153648.0	12176.0
46	2.56	7.0	22937103.0	-0.4971483187241988	6700.0	29345923.0	14205.0
46	2.56	8.0	22915914.0	-0.49668905951760034	7894.0	33538228.0	16204.0
46	2.56	9.0	22893118.0	-0.49619496952403674	9206.0	37730424.0	18312.0
46	2.56	10.0	22870487.0	-0.4957044558091597	10559.0	41922720.0	20320.0
46	2.56	11.0	22846106.0	-0.49517601186578925	12060.0	46114996.0	22348.0
46	2.56	12.0	22822719.0	-0.49466911229220306	13557.0	50307202.0	24446.0
46	2.56	13.0	22797391.0	-0.4941201426766135	15215.0	54499475.0	26477.0
46	2.56	14.0	22771124.0	-0.4935508207841353	16946.0	58691678.0	28578.0
46	2.56	15.0	22744836.0	-0.4929810437289151	18760.0	62883885.0	30675.0
46	2.56	16.0	22718035.0	-0.49240014769814233	20722.0	67076103.0	32761.0
46	2.56	17.0	22688651.0	-0.4917632666501132	22847.0	71268272.0	34896.0
46	2.56	18.0	22660056.0	-0.4911434867165305	25003.0	75460521.0	36951.0
46	2.56	19.0	22631548.0	-0.4905255924571644	27298.0	79652755.0	39021.0
46	2.56	20.0	22599562.0	-0.48983231457796966	29850.0	83845064.0	41016.0
46	2.56	21.0	22567053.0	-0.4891277009790594	32518.0	88037384.0	43000.0
46	2.56	22.0	22532979.0	-0.4883891669186679	35344.0	92229673.0	45015.0
46	2.56	23.0	22499226.0	-0.4876575903459029	38245.0	96421887.0	47105.0
46	2.56	24.0	22463945.0	-0.486892895265059	41443.0	100614114.0	49182.0
46	2.56	25.0	22426343.0	-0.4860778938640248	44816.0	104806343.0	51257.0
46	2.56	26.0	22388424.0	-0.4852560216730291	48430.0	108998605.0	53299.0
46	2.56	27.0	22350742.0	-0.4844392863186923	52104.0	113190951.0	55257.0
46	2.56	28.0	22310131.0	-0.4835590665990656	56192.0	117383271.0	57241.0
46	2.56	29.0	22266931.0	-0.48262273181568494	60538.0	121575608.0	59208.0
46	2.56	30.0	22224097.0	-0.48169432986866345	64968.0	125767835.0	61285.0
46	2.56	31.0	22179136.0	-0.4807198264382102	69809.0	129960100.0	63324.0
46	2.56	32.0	22131730.0	-0.47969232905994763	75159.0	134152328.0	65400.0
46	2.56	33.0	22083385.0	-0.47864447940479626	80730.0	138344662.0	67370.0
46	2.56	34.0	22033449.0	-0.4775621457533403	86690.0	142536956.0	69380.0
46	2.56	35.0	21980692.0	-0.4764186685735529	93016.0	146729221.0	71419.0
46	2.56	36.0	21928493.0	-0.47528728571805084	99630.0	150921514.0	73430.0
46	2.56	37.0	21873204.0	-0.47408892891623755	106785.0	155113801.0	75447.0
46	2.56	38.0	21816921.0	-0.47286902774464	114186.0	159306093.0	77459.0
46	2.56	39.0	21757198.0	-0.4715745665810325	122392.0	163498316.0	79540.0
46	2.56	40.0	21695352.0	-0.4702340906316584	130995.0	167690556.0	81604.0
46	2.56	41.0	21631901.0	-0.46885882724415173	140262.0	171882780.0	83684.0
46	2.56	42.0	21565867.0	-0.46742757883938874	150034.0	176075055.0	85713.0
46	2.56	43.0	21499746.0	-0.46599444476040924	160318.0	180267242.0	87830.0
46	2.56	44.0	21428852.0	-0.464457858692516	171458.0	184459473.0	89903.0
46	2.56	45.0	21357078.0	-0.46290219913829456	183360.0	188651769.0	91911.0
46	2.56	46.0	21279576.0	-0.4612223885276101	196220.0	192844070.0	93914.0
46	2.56	47.0	21199581.0	-0.4594885435971347	209850.0	197036312.0	95976.0
46	2.56	48.0	21115936.0	-0.4576755870472301	224645.0	201228578.0	98014.0
46	2.56	49.0	21027214.0	-0.45575258948586206	240567.0	205420836.0	100060.0
46	2.56	50.0	20937707.0	-0.45381257750771264	257472.0	209613101.0	102099.0
46	2.56	51.0	20843848.0	-0.4517782384699041	275585.0	213805368.0	104136.0
46	2.56	52.0	20745940.0	-0.44965613972056995	295195.0	217997670.0	106138.0
46	2.56	53.0	20643945.0	-0.4474454576318914	316240.0	222189934.0	108178.0
46	2.56	54.0	20539651.0	-0.44518494606018066	338649.0	226382193.0	110223.0
46	2.56	55.0	20428147.0	-0.44276816194707697	362812.0	230574396.0	112324.0
46	2.56	56.0	20311425.0	-0.440238280729814	388976.0	234766619.0	114405.0
46	2.56	57.0	20189956.0	-0.4376055110584606	417118.0	238958851.0	116477.0
46	2.56	58.0	20063957.0	-0.43487455628134986	447530.0	243151135.0	118497.0
46	2.56	59.0	19934153.0	-0.4320611303502863	479673.0	247343414.0	120522.0
46	2.56	60.0	19794749.0	-0.42903963002291595	515267.0	251535655.0	122585.0
46	2.56	61.0	19650243.0	-0.425907546823675	553364.0	255727862.0	124682.0
46	2.56	62.0	19498995.0	-0.4226293347098611	594667.0	259920103.0	126745.0
46	2.56	63.0	19339815.0	-0.41917920112609863	639242.0	264112350.0	128802.0
46	2.56	64.0	19172733.0	-0.41555779630487616	687815.0	268304620.0	130836.0
46	2.56	65.0	18996972.0	-0.41174827922474255	740372.0	272496868.0	132892.0
46	2.56	66.0	18811675.0	-0.40773207491094415	797786.0	276689118.0	134946.0
46	2.56	67.0	18615752.0	-0.40348555824973364	860041.0	280881386.0	136982.0
46	2.56	68.0	18407936.0	-0.3989812677556818	928067.0	285073715.0	138957.0
46	2.56	69.0	18191927.0	-0.39429939876903186	1002126.0	289265963.0	141013.0
46	2.56	70.0	17958069.0	-0.3892306631261652	1083360.0	293458274.0	143006.0
46	2.56	71.0	17714575.0	-0.3839530728080056	1172750.0	297650529.0	145055.0
46	2.56	72.0	17457308.0	-0.37837696075439453	1270312.0	301842826.0	147062.0
46	2.56	73.0	17181368.0	-0.3723961223255504	1377943.0	306035043.0	149149.0
46	2.56	74.0	16888979.0	-0.36605876142328436	1496404.0	310227333.0	151163.0
46	2.56	75.0	16574058.0	-0.35923303257335315	1628802.0	314419585.0	153215.0
46	2.56	76.0	16239800.0	-0.3519881855357777	1774908.0	318611851.0	155253.0
46	2.56	77.0	15881837.0	-0.34422954646023834	1937551.0	322804153.0	157255.0
46	2.56	78.0	15492196.0	-0.3357843052257191	2119625.0	326996461.0	159251.0
46	2.56	79.0	15075498.0	-0.3267526193098588	2323472.0	331188716.0	161300.0
46	2.56	80.0	14627473.0	-0.3170419389551336	2553227.0	335380901.0	163419.0
46	2.56	81.0	14136549.0	-0.30640144781632855	2813798.0	339573163.0	165461.0
46	2.56	82.0	13605845.0	-0.29489874839782715	3109940.0	343765430.0	167498.0
46	2.56	83.0	13026714.0	-0.28234642202203925	3448228.0	347957626.0	169606.0
46	2.56	84.0	12391339.0	-0.26857503977688874	3838067.0	352149863.0	171673.0
46	2.56	85.0	11691344.0	-0.253403056751598	4290353.0	356342033.0	173807.0
46	2.56	86.0	10920073.0	-0.23668620803139426	4819611.0	360534280.0	175864.0
46	2.56	87.0	10061485.0	-0.2180768143046986	5445430.0	364726554.0	177894.0
46	2.56	88.0	9112234.0	-0.19750235297463156	6192548.0	368918807.0	179945.0
46	2.56	89.0	8049463.0	-0.17446741190823642	7095085.0	373111061.0	181995.0
46	2.56	90.0	6872891.0	-0.1489659005945379	8203301.0	377303276.0	184084.0
46	2.56	91.0	5580888.0	-0.12096248973499645	9583214.0	381495559.0	186105.0
46	2.56	92.0	4210489.0	-0.09125989133661444	11317565.0	385687854.0	188114.0
46	2.56	93.0	2821539.0	-0.061155210841785775	13515803.0	389880092.0	190180.0
46	2.56	94.0	1585453.0	-0.03436376831748269	16278255.0	394072358.0	192218.0
46	2.56	95.0	690883.0	-0.014974485744129528	19626133.0	398264617.0	194263.0
46	2.56	96.0	226602.0	-0.004911466078324752	23436516.0	402456973.0	196211.0
46	2.56	97.0	71316.0	-0.0015457326715642755	27490750.0	406649228.0	198260.0
46	2.56	98.0	38411.0	-0.0008325360038063743	31622815.0	410841520.0	200272.0
46	2.56	99.0	33475.0	-0.0007255510850386186	35770746.0	415033772.0	202324.0
46	2.56	100.0	33476.0	-0.0007255727594549006	39921311.0	419226034.0	204366.0
47	2.42	1.0	23057430.0	-0.4997563362121582	521.0	4192251.0	2053.0
47	2.42	2.0	23046235.0	-0.49951369112188165	1056.0	8384472.0	4136.0
47	2.42	3.0	23035469.0	-0.49928034435619006	1574.0	12576808.0	6104.0
47	2.42	4.0	23023702.0	-0.49902530149980023	2156.0	16769042.0	8174.0
47	2.42	5.0	23012410.0	-0.49878055399114435	2726.0	20961238.0	10282.0
47	2.42	6.0	23000179.0	-0.4985154542055997	3366.0	25153477.0	12347.0
47	2.42	7.0	22988276.0	-0.4982574636285955	3995.0	29345744.0	14384.0
47	2.42	8.0	22975572.0	-0.4979821118441495	4687.0	33537938.0	16494.0
47	2.42	9.0	22961634.0	-0.49768001383001154	5452.0	37730087.0	18649.0
47	2.42	10.0	22948209.0	-0.4973890347914262	6213.0	41922275.0	20765.0
47	2.42	11.0	22934447.0	-0.4970907514745539	7027.0	46114553.0	22791.0
47	2.42	12.0	22920973.0	-0.49679871038957074	7830.0	50306835.0	24813.0
47	2.42	13.0	22906913.0	-0.4964939680966464	8686.0	54499100.0	26852.0
47	2.42	14.0	22893250.0	-0.49619783054698596	9537.0	58691325.0	28931.0
47	2.42	15.0	22878389.0	-0.49587572704661975	10454.0	62883574.0	30986.0
47	2.42	16.0	22862649.0	-0.49553457173434173	11472.0	67075796.0	33068.0
47	2.42	17.0	22847743.0	-0.4952114928852428	12472.0	71268002.0	35166.0
47	2.42	18.0	22831613.0	-0.4948618845506148	13593.0	75460234.0	37238.0
47	2.42	19.0	22815528.0	-0.4945132515647195	14699.0	79652444.0	39332.0
47	2.42	20.0	22798642.0	-0.49414725737138226	15900.0	83844673.0	41407.0
47	2.42	21.0	22782085.0	-0.4937883940610019	17091.0	88036859.0	43525.0
47	2.42	22.0	22764101.0	-0.4933986013585871	18441.0	92229089.0	45599.0
47	2.42	23.0	22746676.0	-0.49302092465487396	19763.0	96421379.0	47613.0
47	2.42	24.0	22728350.0	-0.49262371930209076	21176.0	100613650.0	49646.0
47	2.42	25.0	22709614.0	-0.4922176274386319	22684.0	104805989.0	51611.0
47	2.42	26.0	22690940.0	-0.4918128793889826	24215.0	108998253.0	53651.0
47	2.42	27.0	22671150.0	-0.49138394269076263	25862.0	113190491.0	55717.0
47	2.42	28.0	22651260.0	-0.4909528385509144	27512.0	117382704.0	57808.0
47	2.42	29.0	22629884.0	-0.49048952622847125	29349.0	121575026.0	59790.0
47	2.42	30.0	22608028.0	-0.4900158101862127	31251.0	125767279.0	61841.0
47	2.42	31.0	22584871.0	-0.48951389572837134	33310.0	129959563.0	63861.0
47	2.42	32.0	22563039.0	-0.4890406998721036	35340.0	134151832.0	65896.0
47	2.42	33.0	22540556.0	-0.4885533939708363	37429.0	138344142.0	67890.0
47	2.42	34.0	22517059.0	-0.48804411021145905	39661.0	142536342.0	69994.0
47	2.42	35.0	22493176.0	-0.48752646012739703	42074.0	146728700.0	71940.0
47	2.42	36.0	22467644.0	-0.486973068930886	44634.0	150920976.0	73968.0
47	2.42	37.0	22443200.0	-0.4864432594992898	47182.0	155113227.0	76021.0
47	2.42	38.0	22416352.0	-0.4858613447709517	49978.0	159305481.0	78071.0
47	2.42	39.0	22390110.0	-0.4852925647388805	52823.0	163497670.0	80186.0
47	2.42	40.0	22363668.0	-0.4847194498235529	55787.0	167689919.0	82241.0
47	2.42	41.0	22336009.0	-0.48411995714361017	58909.0	171882175.0	84289.0
47	2.42	42.0	22307481.0	-0.4835016293959184	62161.0	176074435.0	86333.0
47	2.42	43.0	22278790.0	-0.4828797687183727	65592.0	180266684.0	88388.0
47	2.42	44.0	22247953.0	-0.4822113947434859	69300.0	184458925.0	90451.0
47	2.42	45.0	22217085.0	-0.48154234886169434	73131.0	188651215.0	92465.0
47	2.42	46.0	22185827.0	-0.4808648499575528	77132.0	192843485.0	94499.0
47	2.42	47.0	22152609.0	-0.48014486919749866	81377.0	197035696.0	96592.0
47	2.42	48.0	22117522.0	-0.4793843789534135	85868.0	201227980.0	98612.0
47	2.42	49.0	22082482.0	-0.4786249074068936	90515.0	205420212.0	100684.0
47	2.42	50.0	22047112.0	-0.47785828330300073	95369.0	209612457.0	102743.0
47	2.42	51.0	22010985.0	-0.47707525166598236	100438.0	213804664.0	104840.0
47	2.42	52.0	21975436.0	-0.47630474784157495	105685.0	217996959.0	106849.0
47	2.42	53.0	21936922.0	-0.47546997937289154	111325.0	222189194.0	108918.0
47	2.42	54.0	21896479.0	-0.4745934009552002	117377.0	226381484.0	110932.0
47	2.42	55.0	21855782.0	-0.47371131723577325	123619.0	230573714.0	113006.0
47	2.42	56.0	21814961.0	-0.47282654588872736	130093.0	234765967.0	115057.0
47	2.42	57.0	21772019.0	-0.47189580310474744	136977.0	238958280.0	117048.0
47	2.42	58.0	21728331.0	-0.47094889120622113	144194.0	243150547.0	119085.0
47	2.42	59.0	21682497.0	-0.46995546601035376	151930.0	247342757.0	121179.0
47	2.42	60.0	21635457.0	-0.4689359014684504	159987.0	251534922.0	123318.0
47	2.42	61.0	21586068.0	-0.4678654237227006	168553.0	255727094.0	125450.0
47	2.42	62.0	21536785.0	-0.4667972434650768	177519.0	259919352.0	127496.0
47	2.42	63.0	21486104.0	-0.4656987623734908	186869.0	264111578.0	129574.0
47	2.42	64.0	21433577.0	-0.46456027030944824	196718.0	268303900.0	131556.0
47	2.42	65.0	21378682.0	-0.46337045322765	207163.0	272496157.0	133603.0
47	2.42	66.0	21321757.0	-0.46213663708079944	218174.0	276688360.0	135704.0
47	2.42	67.0	21262641.0	-0.46085533228787506	229950.0	280880554.0	137814.0
47	2.42	68.0	21203470.0	-0.45957283540205524	242067.0	285072841.0	139831.0
47	2.42	69.0	21142456.0	-0.4582503925670277	254987.0	289265093.0	141883.0
47	2.42	70.0	21078172.0	-0.4568570743907582	268801.0	293457305.0	143975.0
47	2.42	71.0	21012909.0	-0.4554425369609486	283144.0	297649533.0	146051.0
47	2.42	72.0	20945796.0	-0.4539879018610174	298381.0	301841812.0	148076.0
47	2.42	73.0	20876501.0	-0.45248597318475897	314384.0	306034074.0	150118.0
47	2.42	74.0	20805003.0	-0.4509362957694314	331135.0	310226395.0	152101.0
47	2.42	75.0	20728796.0	-0.44928455352783203	349137.0	314418607.0	154193.0
47	2.42	76.0	20650771.0	-0.44759340719743207	368398.0	318610805.0	156299.0
47	2.42	77.0	20570269.0	-0.44584857333790173	388543.0	322802989.0	158419.0
47	2.42	78.0	20487632.0	-0.4440574645996094	410154.0	326995228.0	160484.0
47	2.42	79.0	20402767.0	-0.4422180652618408	432882.0	331187389.0	162627.0
47	2.42	80.0	20315182.0	-0.44031971151178534	456695.0	335379653.0	164667.0
47	2.42	81.0	20225230.0	-0.43837005441839044	481754.0	339571940.0	166684.0
47	2.42	82.0	20131799.0	-0.4363449920307506	508482.0	343764177.0	168751.0
47	2.42	83.0	20034958.0	-0.4342460198835893	536820.0	347956425.0	170807.0
47	2.42	84.0	19934645.0	-0.43207179416309704	567157.0	352148683.0	172853.0
47	2.42	85.0	19827765.0	-0.4297552325508811	599577.0	356340890.0	174950.0
47	2.42	86.0	19718516.0	-0.4273873242464932	633809.0	360533070.0	177074.0
47	2.42	87.0	19605040.0	-0.4249277981844815	670459.0	364725315.0	179133.0
47	2.42	88.0	19487488.0	-0.42237992720170453	709110.0	368917600.0	181152.0
47	2.42	89.0	19366874.0	-0.4197656891562722	750272.0	373109820.0	183236.0
47	2.42	90.0	19239768.0	-0.41701074080033734	794244.0	377302092.0	185268.0
47	2.42	91.0	19109446.0	-0.4141860875216397	841394.0	381494426.0	187238.0
47	2.42	92.0	18971414.0	-0.4111943244934082	891760.0	385686662.0	189306.0
47	2.42	93.0	18825214.0	-0.4080255248329856	945342.0	389878925.0	191347.0
47	2.42	94.0	18675327.0	-0.40477681159973145	1002769.0	394071137.0	193439.0
47	2.42	95.0	18518845.0	-0.4013851555910977	1064038.0	398263340.0	195540.0
47	2.42	96.0	18354300.0	-0.3978187387639826	1130231.0	402455586.0	197598.0
47	2.42	97.0	18183235.0	-0.39411100474270905	1201229.0	406647795.0	199693.0
47	2.42	98.0	18000811.0	-0.39015707102688874	1277681.0	410840038.0	201754.0
47	2.42	99.0	17811623.0	-0.3860565315593373	1359884.0	415032284.0	203812.0
47	2.42	100.0	17612784.0	-0.3817468123002486	1448105.0	419224462.0	205938.0
48	2.2800000000000002	1.0	23062239.0	-0.49986056848005816	296.0	4192245.0	2059.0
48	2.2800000000000002	2.0	23055799.0	-0.49972098523920233	601.0	8384510.0	4098.0
48	2.2800000000000002	3.0	23048996.0	-0.49957353418523615	926.0	12576756.0	6156.0
48	2.2800000000000002	4.0	23042163.0	-0.4994254328987815	1256.0	16769030.0	8186.0
48	2.2800000000000002	5.0	23035380.0	-0.499278415333141	1592.0	20961298.0	10222.0
48	2.2800000000000002	6.0	23028607.0	-0.49913161451166327	1931.0	25153449.0	12375.0
48	2.2800000000000002	7.0	23021844.0	-0.4989850304343484	2278.0	29345689.0	14439.0
48	2.2800000000000002	8.0	23015433.0	-0.4988460757515647	2619.0	33537907.0	16525.0
48	2.2800000000000002	9.0	23009268.0	-0.49871245297518646	2960.0	37730161.0	18575.0
48	2.2800000000000002	10.0	23002810.0	-0.4985724795948375	3307.0	41922384.0	20656.0
48	2.2800000000000002	11.0	22995758.0	-0.49841963161121716	3697.0	46114631.0	22713.0
48	2.2800000000000002	12.0	22988253.0	-0.49825696511702106	4114.0	50306939.0	24709.0
48	2.2800000000000002	13.0	22980322.0	-0.49808506532148883	4575.0	54499241.0	26711.0
48	2.2800000000000002	14.0	22973294.0	-0.4979327375238592	4968.0	58691488.0	28768.0
48	2.2800000000000002	15.0	22965693.0	-0.4977679902857	5412.0	62883827.0	30733.0
48	2.2800000000000002	16.0	22957996.0	-0.49760116230357776	5877.0	67076012.0	32852.0
48	2.2800000000000002	17.0	22949566.0	-0.49741844697432086	6383.0	71268251.0	34917.0
48	2.2800000000000002	18.0	22940882.0	-0.4972302263433283	6925.0	75460503.0	36969.0
48	2.2800000000000002	19.0	22932913.0	-0.49705750291997736	7451.0	79652816.0	38960.0
48	2.2800000000000002	20.0	22924551.0	-0.4968762614510276	7992.0	83845110.0	40970.0
48	2.2800000000000002	21.0	22915682.0	-0.4966840310530229	8576.0	88037347.0	43037.0
48	2.2800000000000002	22.0	22906707.0	-0.49648950316689233	9168.0	92229609.0	45079.0
48	2.2800000000000002	23.0	22896941.0	-0.49627783081748267	9807.0	96421938.0	47054.0
48	2.2800000000000002	24.0	22887686.0	-0.49607723409479315	10451.0	100614131.0	49165.0
48	2.2800000000000002	25.0	22878428.0	-0.49587657234885474	11104.0	104806369.0	51231.0
48	2.2800000000000002	26.0	22869119.0	-0.495674805207686	11778.0	108998639.0	53265.0
48	2.2800000000000002	27.0	22859134.0	-0.4954583861611106	12488.0	113190891.0	55317.0
48	2.2800000000000002	28.0	22848863.0	-0.4952357682314786	13249.0	117383248.0	57264.0
48	2.2800000000000002	29.0	22838892.0	-0.4950196526267312	14015.0	121575510.0	59306.0
48	2.2800000000000002	30.0	22829030.0	-0.49480589953335846	14783.0	125767767.0	61353.0
48	2.2800000000000002	31.0	22819009.0	-0.49458870020779694	15554.0	129960008.0	63416.0
48	2.2800000000000002	32.0	22808422.0	-0.49435923316261987	16368.0	134152178.0	65550.0
48	2.2800000000000002	33.0	22797893.0	-0.4941310232335871	17202.0	138344396.0	67636.0
48	2.2800000000000002	34.0	22786753.0	-0.49388957023620605	18073.0	142536526.0	69810.0
48	2.2800000000000002	35.0	22776073.0	-0.4936580874703147	18941.0	146728807.0	71833.0
48	2.2800000000000002	36.0	22765148.0	-0.4934212944724343	19893.0	150921149.0	73795.0
48	2.2800000000000002	37.0	22754011.0	-0.4931799064983021	20844.0	155113400.0	75848.0
48	2.2800000000000002	38.0	22741876.0	-0.4929168874567205	21897.0	159305679.0	77873.0
48	2.2800000000000002	39.0	22730013.0	-0.4926597638563676	22977.0	163497906.0	79950.0
48	2.2800000000000002	40.0	22717966.0	-0.4923986521634189	24069.0	167690150.0	82010.0
48	2.2800000000000002	41.0	22706174.0	-0.492143067446622	25154.0	171882495.0	83969.0
48	2.2800000000000002	42.0	22693851.0	-0.49187597361477936	26287.0	176074737.0	86031.0
48	2.2800000000000002	43.0	22680965.0	-0.49159667708657007	27482.0	180267034.0	88038.0
48	2.2800000000000002	44.0	22668025.0	-0.49131621013988147	28704.0	184459365.0	90011.0
48	2.2800000000000002	45.0	22654729.0	-0.4910280271009965	29988.0	188651522.0	92158.0
48	2.2800000000000002	46.0	22641060.0	-0.49073175950483844	31341.0	192843740.0	94244.0
48	2.2800000000000002	47.0	22626951.0	-0.49042595516551624	32772.0	197036041.0	96247.0
48	2.2800000000000002	48.0	22611987.0	-0.490101619200273	34247.0	201228272.0	98320.0
48	2.2800000000000002	49.0	22597757.0	-0.4897931922565807	35761.0	205420541.0	100355.0
48	2.2800000000000002	50.0	22583199.0	-0.4894776561043479	37266.0	209612778.0	102422.0
48	2.2800000000000002	51.0	22567217.0	-0.48913125558332965	38912.0	213805055.0	104449.0
48	2.2800000000000002	52.0	22551914.0	-0.4887995719909668	40580.0	217997337.0	106471.0
48	2.2800000000000002	53.0	22536381.0	-0.48846290328285913	42335.0	222189538.0	108574.0
48	2.2800000000000002	54.0	22519660.0	-0.48810048536820844	44155.0	226381728.0	110688.0
48	2.2800000000000002	55.0	22503235.0	-0.4877444830807773	45996.0	230573970.0	112750.0
48	2.2800000000000002	56.0	22485914.0	-0.4873690605163574	47979.0	234766225.0	114799.0
48	2.2800000000000002	57.0	22469024.0	-0.4870029796253551	49966.0	238958499.0	116829.0
48	2.2800000000000002	58.0	22451704.0	-0.48662757873535156	52021.0	243150714.0	118918.0
48	2.2800000000000002	59.0	22434617.0	-0.48625722798434173	54170.0	247342966.0	120970.0
48	2.2800000000000002	60.0	22416922.0	-0.4858736991882324	56378.0	251535168.0	123072.0
48	2.2800000000000002	61.0	22398965.0	-0.48548449169505725	58655.0	255727475.0	125069.0
48	2.2800000000000002	62.0	22379561.0	-0.4850639213215221	61136.0	259919769.0	127079.0
48	2.2800000000000002	63.0	22360124.0	-0.48464263569224963	63649.0	264111984.0	129168.0
48	2.2800000000000002	64.0	22341705.0	-0.4842434146187522	66061.0	268304261.0	131195.0
48	2.2800000000000002	65.0	22322520.0	-0.4838275909423828	68678.0	272496540.0	133220.0
48	2.2800000000000002	66.0	22302310.0	-0.4833895509893244	71473.0	276688763.0	135301.0
48	2.2800000000000002	67.0	22281845.0	-0.4829459840601141	74355.0	280881021.0	137347.0
48	2.2800000000000002	68.0	22261084.0	-0.4824960015036843	77311.0	285073316.0	139356.0
48	2.2800000000000002	69.0	22239826.0	-0.48203524676236237	80454.0	289265573.0	141403.0
48	2.2800000000000002	70.0	22217496.0	-0.4815512570467862	83731.0	293457894.0	143386.0
48	2.2800000000000002	71.0	22196107.0	-0.4810876629569314	86997.0	297650078.0	145506.0
48	2.2800000000000002	72.0	22174291.0	-0.48061481389132416	90376.0	301842335.0	147553.0
48	2.2800000000000002	73.0	22151367.0	-0.4801179495724765	93934.0	306034562.0	149630.0
48	2.2800000000000002	74.0	22128153.0	-0.47961479967290704	97652.0	310226801.0	151695.0
48	2.2800000000000002	75.0	22104295.0	-0.479097691449252	101443.0	314419095.0	153705.0
48	2.2800000000000002	76.0	22079274.0	-0.4785553758794611	105383.0	318611287.0	155817.0
48	2.2800000000000002	77.0	22054679.0	-0.4780222936110063	109446.0	322803603.0	157805.0
48	2.2800000000000002	78.0	22028922.0	-0.47746402567083185	113721.0	326995876.0	159836.0
48	2.2800000000000002	79.0	22003225.0	-0.47690705819563434	118185.0	331188058.0	161958.0
48	2.2800000000000002	80.0	21976996.0	-0.4763385599309748	122832.0	335380324.0	163996.0
48	2.2800000000000002	81.0	21950693.0	-0.4757684577595104	127528.0	339572615.0	166009.0
48	2.2800000000000002	82.0	21923130.0	-0.4751710458235307	132512.0	343764897.0	168031.0
48	2.2800000000000002	83.0	21895119.0	-0.4745639237490567	137597.0	347957164.0	170068.0
48	2.2800000000000002	84.0	21866145.0	-0.4739359292117032	142955.0	352149352.0	172184.0
48	2.2800000000000002	85.0	21836160.0	-0.47328602183948865	148559.0	356341610.0	174230.0
48	2.2800000000000002	86.0	21805272.0	-0.47261654246937146	154399.0	360533831.0	176313.0
48	2.2800000000000002	87.0	21774491.0	-0.47194938226179645	160452.0	364726043.0	178405.0
48	2.2800000000000002	88.0	21742818.0	-0.4712628884748979	166723.0	368918231.0	180521.0
48	2.2800000000000002	89.0	21709922.0	-0.47054988687688654	173321.0	373110405.0	182651.0
48	2.2800000000000002	90.0	21677051.0	-0.4698374271392822	180046.0	377302647.0	184713.0
48	2.2800000000000002	91.0	21643852.0	-0.46911785819313745	187020.0	381494942.0	186722.0
48	2.2800000000000002	92.0	21609063.0	-0.4683638269251043	194323.0	385687195.0	188773.0
48	2.2800000000000002	93.0	21574366.0	-0.46761178970336914	201874.0	389879411.0	190861.0
48	2.2800000000000002	94.0	21538158.0	-0.4668270024386319	209748.0	394071745.0	192831.0
48	2.2800000000000002	95.0	21500567.0	-0.46601223945617676	218015.0	398264036.0	194844.0
48	2.2800000000000002	96.0	21463914.0	-0.4652178070761941	226468.0	402456242.0	196942.0
48	2.2800000000000002	97.0	21426999.0	-0.4644176959991455	235231.0	406648505.0	198983.0
48	2.2800000000000002	98.0	21387709.0	-0.4635661081834273	244530.0	410840785.0	201007.0
48	2.2800000000000002	99.0	21347466.0	-0.46269386464899237	254158.0	415033039.0	203057.0
48	2.2800000000000002	100.0	21306601.0	-0.46180813962763007	264160.0	419225341.0	205059.0
49	2.14	1.0	23065255.0	-0.4999259385195645	156.0	4192241.0	2063.0
49	2.14	2.0	23061684.0	-0.49984853917902167	324.0	8384546.0	4062.0
49	2.14	3.0	23058278.0	-0.4997747161171653	483.0	12576793.0	6119.0
49	2.14	4.0	23055225.0	-0.49970854412425647	630.0	16769110.0	8106.0
49	2.14	5.0	23051796.0	-0.4996342225508256	800.0	20961363.0	10157.0
49	2.14	6.0	23048698.0	-0.49956707520918414	952.0	25153585.0	12239.0
49	2.14	7.0	23045346.0	-0.499494422565807	1125.0	29345793.0	14335.0
49	2.14	8.0	23041630.0	-0.49941388043490326	1310.0	33538108.0	16324.0
49	2.14	9.0	23038091.0	-0.4993371746756814	1487.0	37730333.0	18403.0
49	2.14	10.0	23034754.0	-0.49926484714854846	1660.0	41922557.0	20483.0
49	2.14	11.0	23031293.0	-0.49918983199379663	1838.0	46114854.0	22490.0
49	2.14	12.0	23027621.0	-0.49911024353720923	2036.0	50307150.0	24498.0
49	2.14	13.0	23023953.0	-0.49903074177828705	2227.0	54499367.0	26585.0
49	2.14	14.0	23020171.0	-0.49894876913590863	2428.0	58691642.0	28614.0
49	2.14	15.0	23015791.0	-0.4988538351925937	2674.0	62883938.0	30622.0
49	2.14	16.0	23012149.0	-0.49877489696849475	2888.0	67076235.0	32629.0
49	2.14	17.0	23008309.0	-0.49869166720997204	3104.0	71268511.0	34657.0
49	2.14	18.0	23004436.0	-0.498607722195712	3331.0	75460722.0	36750.0
49	2.14	19.0	23000376.0	-0.49851972406560724	3569.0	79652987.0	38789.0
49	2.14	20.0	22995774.0	-0.4984199784018777	3835.0	83845251.0	40829.0
49	2.14	21.0	22991392.0	-0.4983250011097301	4084.0	88037515.0	42869.0
49	2.14	22.0	22987458.0	-0.4982397339560769	4322.0	92229743.0	44945.0
49	2.14	23.0	22983455.0	-0.4981529712677002	4567.0	96421923.0	47069.0
49	2.14	24.0	22978875.0	-0.49805370244112884	4847.0	100614161.0	49135.0
49	2.14	25.0	22974368.0	-0.49795601584694604	5130.0	104806502.0	51098.0
49	2.14	26.0	22970143.0	-0.4978644414381547	5401.0	108998794.0	53110.0
49	2.14	27.0	22965398.0	-0.49776159633289685	5705.0	113190941.0	55267.0
49	2.14	28.0	22960821.0	-0.4976623925295743	6006.0	117383192.0	57320.0
49	2.14	29.0	22955809.0	-0.49755376035516913	6328.0	121575423.0	59393.0
49	2.14	30.0	22951957.0	-0.497470270503651	6598.0	125767613.0	61507.0
49	2.14	31.0	22947001.0	-0.4973628520965576	6949.0	129959897.0	63527.0
49	2.14	32.0	22941942.0	-0.49725320122458716	7280.0	134152150.0	65578.0
49	2.14	33.0	22937042.0	-0.4971469965848056	7615.0	138344430.0	67602.0
49	2.14	34.0	22932078.0	-0.4970394047823819	7963.0	142536718.0	69618.0
49	2.14	35.0	22927007.0	-0.4969294938174161	8311.0	146728943.0	71697.0
49	2.14	36.0	22921842.0	-0.49681754545731976	8670.0	150921179.0	73765.0
49	2.14	37.0	22917028.0	-0.49671320481733844	9032.0	155113377.0	75871.0
49	2.14	38.0	22911842.0	-0.4966008012945002	9406.0	159305617.0	77935.0
49	2.14	39.0	22905941.0	-0.4964729005640203	9809.0	163497908.0	79948.0
49	2.14	40.0	22901462.0	-0.4963758208534934	10162.0	167690056.0	82104.0
49	2.14	41.0	22895906.0	-0.49625539779663086	10577.0	171882296.0	84168.0
49	2.14	42.0	22890164.0	-0.49613094329833984	11027.0	176074481.0	86287.0
49	2.14	43.0	22884688.0	-0.49601225419477984	11459.0	180266612.0	88460.0
49	2.14	44.0	22879585.0	-0.495901649648493	11877.0	184458921.0	90455.0
49	2.14	45.0	22873710.0	-0.4957743124528365	12342.0	188651140.0	92540.0
49	2.14	46.0	22868148.0	-0.4956537593494762	12801.0	192843407.0	94577.0
49	2.14	47.0	22862102.0	-0.4955227158286355	13291.0	197035667.0	96621.0
49	2.14	48.0	22856240.0	-0.4953956604003906	13778.0	201227967.0	98625.0
49	2.14	49.0	22850520.0	-0.4952716827392578	14259.0	205420188.0	100708.0
49	2.14	50.0	22844037.0	-0.4951311674985019	14798.0	209612447.0	102753.0
49	2.14	51.0	22838211.0	-0.49500489234924316	15322.0	213804670.0	104834.0
49	2.14	52.0	22831838.0	-0.49486676129427826	15869.0	217996884.0	106924.0
49	2.14	53.0	22825434.0	-0.49472795833240857	16429.0	222189140.0	108972.0
49	2.14	54.0	22819209.0	-0.49459303509105335	16987.0	226381428.0	110988.0
49	2.14	55.0	22813034.0	-0.49445919557051227	17557.0	230573678.0	113042.0
49	2.14	56.0	22806607.0	-0.4943198940970681	18142.0	234765841.0	115183.0
49	2.14	57.0	22800229.0	-0.49418165467002173	18769.0	238958149.0	117179.0
49	2.14	58.0	22793456.0	-0.494034853848544	19389.0	243150368.0	119264.0
49	2.14	59.0	22787185.0	-0.49389893358403986	19982.0	247342573.0	121363.0
49	2.14	60.0	22780314.0	-0.49375000866976654	20631.0	251534745.0	123495.0
49	2.14	61.0	22773671.0	-0.49360602552240546	21296.0	255726961.0	125583.0
49	2.14	62.0	22766472.0	-0.4934499913995916	22005.0	259919163.0	127685.0
49	2.14	63.0	22759738.0	-0.4933040358803489	22668.0	264111426.0	129726.0
49	2.14	64.0	22752216.0	-0.493141000921076	23439.0	268303666.0	131790.0
49	2.14	65.0	22745184.0	-0.49298858642578125	24149.0	272495951.0	133809.0
49	2.14	66.0	22737954.0	-0.4928318803960627	24904.0	276688155.0	135909.0
49	2.14	67.0	22730830.0	-0.49267747185447	25646.0	280880343.0	138025.0
49	2.14	68.0	22723627.0	-0.49252135103399103	26434.0	285072521.0	140151.0
49	2.14	69.0	22716226.0	-0.49236093867908826	27247.0	289264844.0	142132.0
49	2.14	70.0	22708699.0	-0.49219779534773395	28070.0	293457107.0	144173.0
49	2.14	71.0	22701257.0	-0.4920364943417636	28915.0	297649291.0	146293.0
49	2.14	72.0	22693482.0	-0.4918679757551713	29789.0	301841450.0	148438.0
49	2.14	73.0	22685786.0	-0.4917011694474654	30678.0	306033738.0	150454.0
49	2.14	74.0	22677681.0	-0.49152549830350006	31591.0	310225954.0	152542.0
49	2.14	75.0	22669593.0	-0.4913501956246116	32470.0	314418094.0	154706.0
49	2.14	76.0	22661224.0	-0.49116880243474786	33452.0	318610402.0	156702.0
49	2.14	77.0	22653519.0	-0.49100180105729535	34381.0	322802743.0	158665.0
49	2.14	78.0	22645414.0	-0.4908261299133301	35376.0	326995000.0	160712.0
49	2.14	79.0	22637137.0	-0.4906467307697643	36398.0	331187241.0	162775.0
49	2.14	80.0	22628183.0	-0.4904526580463756	37477.0	335379457.0	164863.0
49	2.14	81.0	22619281.0	-0.4902597123926336	38575.0	339571714.0	166910.0
49	2.14	82.0	22610318.0	-0.4900654445994984	39682.0	343764029.0	168899.0
49	2.14	83.0	22601378.0	-0.4898716753179377	40852.0	347956256.0	170976.0
49	2.14	84.0	22592225.0	-0.4896732893857089	42043.0	352148510.0	173026.0
49	2.14	85.0	22583320.0	-0.489480278708718	43245.0	356340668.0	175172.0
49	2.14	86.0	22573934.0	-0.48927684263749555	44503.0	360532926.0	177218.0
49	2.14	87.0	22564356.0	-0.4890692450783469	45761.0	364725141.0	179307.0
49	2.14	88.0	22554796.0	-0.4888620376586914	46986.0	368917320.0	181432.0
49	2.14	89.0	22545090.0	-0.4886516657742587	48338.0	373109644.0	183412.0
49	2.14	90.0	22535211.0	-0.4884375442158092	49708.0	377301991.0	185369.0
49	2.14	91.0	22524678.0	-0.48820924758911133	51107.0	381494302.0	187362.0
49	2.14	92.0	22514190.0	-0.4879819263111461	52566.0	385686497.0	189471.0
49	2.14	93.0	22503468.0	-0.48774953321977094	54066.0	389878779.0	191493.0
49	2.14	94.0	22492803.0	-0.48751837557012384	55616.0	394071112.0	193464.0
49	2.14	95.0	22482056.0	-0.4872854406183416	57161.0	398263260.0	195620.0
49	2.14	96.0	22470984.0	-0.48704546148126776	58779.0	402455528.0	197656.0
49	2.14	97.0	22460141.0	-0.48681044578552246	60381.0	406647715.0	199773.0
49	2.14	98.0	22448658.0	-0.4865615584633567	62096.0	410840022.0	201770.0
49	2.14	99.0	22437165.0	-0.48631245439702814	63816.0	415032223.0	203873.0
49	2.14	100.0	22424968.0	-0.4860480915416371	65662.0	419224544.0	205856.0
50	2.0	1.0	23067112.0	-0.49996618791060016	71.0	4192207.0	2097.0
50	2.0	2.0	23065352.0	-0.4999280409379439	152.0	8384443.0	4165.0
50	2.0	3.0	23064164.0	-0.49990229173140094	208.0	12576713.0	6199.0
50	2.0	4.0	23062591.0	-0.4998681978745894	283.0	16768960.0	8256.0
50	2.0	5.0	23060800.0	-0.4998293789950284	367.0	20961235.0	10285.0
50	2.0	6.0	23058932.0	-0.4997888911854137	456.0	25153539.0	12285.0
50	2.0	7.0	23057703.0	-0.49976225332780316	515.0	29345842.0	14286.0
50	2.0	8.0	23056175.0	-0.49972913481972436	594.0	33538116.0	16316.0
50	2.0	9.0	23054130.0	-0.49968481063842773	695.0	37730456.0	18280.0
50	2.0	10.0	23052427.0	-0.49964789910749957	779.0	41922753.0	20287.0
50	2.0	11.0	23050794.0	-0.4996125047857111	866.0	46114948.0	22396.0
50	2.0	12.0	23048949.0	-0.4995725154876709	960.0	50307177.0	24471.0
50	2.0	13.0	23047129.0	-0.4995330680500377	1051.0	54499489.0	26463.0
50	2.0	14.0	23045284.0	-0.4994930787519975	1147.0	58691759.0	28497.0
50	2.0	15.0	23043270.0	-0.49944942647760565	1250.0	62884098.0	30462.0
50	2.0	16.0	23041512.0	-0.499411322853782	1347.0	67076358.0	32506.0
50	2.0	17.0	23039917.0	-0.49937675215981225	1428.0	71268622.0	34546.0
50	2.0	18.0	23038385.0	-0.4993435469540683	1517.0	75460777.0	36695.0
50	2.0	19.0	23036520.0	-0.4993031241677024	1618.0	79653046.0	38730.0
50	2.0	20.0	23034870.0	-0.49926736138083716	1710.0	83845320.0	40760.0
50	2.0	21.0	23033189.0	-0.4992309266870672	1809.0	88037632.0	42752.0
50	2.0	22.0	23031512.0	-0.49919457869096234	1906.0	92229837.0	44851.0
50	2.0	23.0	23029294.0	-0.499146504835649	2028.0	96422141.0	46851.0
50	2.0	24.0	23027449.0	-0.49910651553760876	2132.0	100614381.0	48915.0
50	2.0	25.0	23025914.0	-0.49907324530861596	2222.0	104806675.0	50925.0
50	2.0	26.0	23023935.0	-0.49903035163879395	2335.0	108998961.0	52943.0
50	2.0	27.0	23021786.0	-0.49898377331820404	2462.0	113191251.0	54957.0
50	2.0	28.0	23019469.0	-0.4989335536956787	2595.0	117383477.0	57035.0
50	2.0	29.0	23017385.0	-0.4988883842121471	2724.0	121575772.0	59044.0
50	2.0	30.0	23014945.0	-0.49883549863641913	2871.0	125768082.0	61038.0
50	2.0	31.0	23012961.0	-0.4987924965945157	2986.0	129960336.0	63088.0
50	2.0	32.0	23010734.0	-0.4987442276694558	3122.0	134152606.0	65122.0
50	2.0	33.0	23008814.0	-0.4987026127901944	3239.0	138344881.0	67151.0
50	2.0	34.0	23006759.0	-0.498658071864735	3374.0	142537082.0	69254.0
50	2.0	35.0	23004487.0	-0.4986088275909424	3525.0	146729404.0	71236.0
50	2.0	36.0	23002413.0	-0.4985638748515736	3659.0	150921658.0	73286.0
50	2.0	37.0	23000641.0	-0.49852546778592194	3779.0	155113894.0	75354.0
50	2.0	38.0	22998589.0	-0.49848099188371137	3920.0	159306167.0	77385.0
50	2.0	39.0	22996323.0	-0.49843187765641644	4074.0	163498416.0	79440.0
50	2.0	40.0	22994517.0	-0.49839273366061126	4195.0	167690631.0	81529.0
50	2.0	41.0	22992342.0	-0.498345591805198	4345.0	171882808.0	83656.0
50	2.0	42.0	22990304.0	-0.49830141934481537	4482.0	176075087.0	85681.0
50	2.0	43.0	22988130.0	-0.49825429916381836	4627.0	180267357.0	87715.0
50	2.0	44.0	22985967.0	-0.49820741740140045	4767.0	184459662.0	89714.0
50	2.0	45.0	22983733.0	-0.4981589967554266	4926.0	188652002.0	91678.0
50	2.0	46.0	22981421.0	-0.49810888550498267	5084.0	192844297.0	93687.0
50	2.0	47.0	22979249.0	-0.4980618086728183	5245.0	197036524.0	95764.0
50	2.0	48.0	22976874.0	-0.4980103319341486	5416.0	201228776.0	97816.0
50	2.0	49.0	22974137.0	-0.4979510090567849	5607.0	205421055.0	99841.0
50	2.0	50.0	22971409.0	-0.4978918812491677	5795.0	209613417.0	101783.0
50	2.0	51.0	22968752.0	-0.4978342923251065	5979.0	213805689.0	103815.0
50	2.0	52.0	22966593.0	-0.49778749726035376	6134.0	217997929.0	105879.0
50	2.0	53.0	22964488.0	-0.49774187261408026	6289.0	222190169.0	107943.0
50	2.0	54.0	22961703.0	-0.497681509364735	6494.0	226382402.0	110014.0
50	2.0	55.0	22959310.0	-0.49762964248657227	6677.0	230574615.0	112105.0
50	2.0	56.0	22956808.0	-0.4975754130970348	6868.0	234766925.0	114099.0
50	2.0	57.0	22954146.0	-0.4975177158008922	7064.0	238959148.0	116180.0
50	2.0	58.0	22951481.0	-0.4974599534815008	7264.0	243151361.0	118271.0
50	2.0	59.0	22948651.0	-0.49739861488342285	7479.0	247343679.0	120257.0
50	2.0	60.0	22945948.0	-0.4973400289362127	7685.0	251535869.0	122371.0
50	2.0	61.0	22943444.0	-0.4972857561978427	7889.0	255728068.0	124476.0
50	2.0	62.0	22941108.0	-0.497235124761408	8074.0	259920294.0	126554.0
50	2.0	63.0	22938662.0	-0.49718210913918237	8263.0	264112469.0	128683.0
50	2.0	64.0	22935969.0	-0.497123739936135	8477.0	268304689.0	130767.0
50	2.0	65.0	22933458.0	-0.497069315476851	8704.0	272496946.0	132814.0
50	2.0	66.0	22930999.0	-0.4970160180872137	8910.0	276689173.0	134891.0
50	2.0	67.0	22928280.0	-0.496957085349343	9146.0	280881484.0	136884.0
50	2.0	68.0	22925248.0	-0.49689136851917615	9391.0	285073769.0	138903.0
50	2.0	69.0	22922319.0	-0.4968278841538863	9632.0	289266065.0	140911.0
50	2.0	70.0	22919638.0	-0.49676977504383435	9875.0	293458299.0	142981.0
50	2.0	71.0	22917010.0	-0.49671281467784534	10111.0	297650550.0	145034.0
50	2.0	72.0	22913843.0	-0.4966441718014804	10384.0	301842816.0	147072.0
50	2.0	73.0	22911194.0	-0.49658675627274945	10611.0	306035143.0	149049.0
50	2.0	74.0	22908179.0	-0.49652140790765936	10872.0	310227422.0	151074.0
50	2.0	75.0	22904982.0	-0.4964521147988059	11144.0	314419664.0	153136.0
50	2.0	76.0	22902054.0	-0.49638865210793237	11397.0	318611939.0	155165.0
50	2.0	77.0	22898838.0	-0.49631894718516956	11690.0	322804095.0	157313.0
50	2.0	78.0	22895852.0	-0.4962542273781516	11982.0	326996362.0	159350.0
50	2.0	79.0	22892892.0	-0.49619007110595703	12240.0	331188670.0	161346.0
50	2.0	80.0	22889581.0	-0.49611830711364746	12550.0	335380894.0	163426.0
50	2.0	81.0	22886509.0	-0.4960517233068293	12831.0	339573206.0	165418.0
50	2.0	82.0	22883089.0	-0.49597759680314496	13147.0	343765414.0	167514.0
50	2.0	83.0	22880210.0	-0.4959151961586692	13419.0	347957593.0	169639.0
50	2.0	84.0	22877197.0	-0.4958498911424117	13716.0	352149934.0	171602.0
50	2.0	85.0	22873893.0	-0.49577827887101605	14029.0	356342096.0	173744.0
50	2.0	86.0	22870389.0	-0.4957023317163641	14361.0	360534293.0	175851.0
50	2.0	87.0	22867116.0	-0.49563139135187323	14685.0	364726509.0	177939.0
50	2.0	88.0	22863892.0	-0.4955615130337802	15008.0	368918807.0	179945.0
50	2.0	89.0	22860537.0	-0.49548879536715423	15358.0	373111143.0	181913.0
50	2.0	90.0	22856922.0	-0.4954104423522949	15703.0	377303360.0	184000.0
50	2.0	91.0	22853372.0	-0.49533349817449396	16066.0	381495641.0	186023.0
50	2.0	92.0	22849690.0	-0.4952536929737438	16441.0	385687854.0	188114.0
50	2.0	93.0	22846025.0	-0.4951742562380704	16815.0	389880115.0	190157.0
50	2.0	94.0	22842699.0	-0.4951021671295166	17147.0	394072373.0	192203.0
50	2.0	95.0	22839358.0	-0.49502975290471857	17506.0	398264649.0	194231.0
50	2.0	96.0	22836367.0	-0.4949649247256192	17844.0	402456855.0	196329.0
50	2.0	97.0	22832344.0	-0.49487772854891693	18242.0	406649152.0	198336.0
50	2.0	98.0	22828874.0	-0.4948025183244185	18641.0	410841329.0	200463.0
50	2.0	99.0	22825445.0	-0.49472819675098767	19031.0	415033576.0	202520.0
50	2.0	100.0	22821836.0	-0.49464997378262604	19435.0	419225902.0	204498.0
51	1.6	1.0	23068562.0	-0.499997615814209	5.0	4192182.0	2122.0
51	1.6	2.0	23068430.0	-0.49999475479125977	11.0	8384475.0	4133.0
51	1.6	3.0	23068342.0	-0.49999284744262695	15.0	12576745.0	6167.0
51	1.6	4.0	23068278.0	-0.4999914602799849	18.0	16769032.0	8184.0
51	1.6	5.0	23068190.0	-0.4999895529313521	22.0	20961341.0	10179.0
51	1.6	6.0	23068104.0	-0.4999876889315518	26.0	25153667.0	12157.0
51	1.6	7.0	23067928.0	-0.4999838742342862	34.0	29345937.0	14191.0
51	1.6	8.0	23067752.0	-0.49998005953702057	42.0	33538208.0	16224.0
51	1.6	9.0	23067587.0	-0.49997648325833405	50.0	37730510.0	18226.0
51	1.6	10.0	23067477.0	-0.49997409907254303	56.0	41922861.0	20179.0
51	1.6	11.0	23067356.0	-0.4999714764681729	62.0	46115119.0	22225.0
51	1.6	12.0	23067290.0	-0.4999700459566983	65.0	50307391.0	24257.0
51	1.6	13.0	23067246.0	-0.4999690922823819	67.0	54499688.0	26264.0
51	1.6	14.0	23067246.0	-0.4999690922823819	67.0	58691974.0	28282.0
51	1.6	15.0	23067170.0	-0.4999674450267445	72.0	62884216.0	30344.0
51	1.6	16.0	23067104.0	-0.4999660145152699	75.0	67076402.0	32462.0
51	1.6	17.0	23067027.0	-0.4999643455852162	79.0	71268672.0	34496.0
51	1.6	18.0	23066864.0	-0.49996081265536224	87.0	75460915.0	36557.0
51	1.6	19.0	23066679.0	-0.49995680288835004	96.0	79653167.0	38609.0
51	1.6	20.0	23066580.0	-0.4999546571211381	101.0	83845437.0	40643.0
51	1.6	21.0	23066481.0	-0.4999525113539262	106.0	88037730.0	42654.0
51	1.6	22.0	23066305.0	-0.4999486966566606	114.0	92229978.0	44710.0
51	1.6	23.0	23066166.0	-0.4999456839127974	121.0	96422271.0	46721.0
51	1.6	24.0	23066034.0	-0.4999428228898482	128.0	100614581.0	48715.0
51	1.6	25.0	23065946.0	-0.4999409155412154	132.0	104806882.0	50718.0
51	1.6	26.0	23065880.0	-0.4999394850297408	136.0	108999110.0	52794.0
51	1.6	27.0	23065748.0	-0.49993662400679156	143.0	113191327.0	54881.0
51	1.6	28.0	23065715.0	-0.49993590875105426	145.0	117383480.0	57032.0
51	1.6	29.0	23065638.0	-0.49993423982100055	149.0	121575765.0	59051.0
51	1.6	30.0	23065528.0	-0.49993185563520953	155.0	125768021.0	61099.0
51	1.6	31.0	23065363.0	-0.499928279356523	165.0	129960296.0	63128.0
51	1.6	32.0	23065296.0	-0.4999268271706321	169.0	134152594.0	65134.0
51	1.6	33.0	23065230.0	-0.4999253966591575	173.0	138344851.0	67181.0
51	1.6	34.0	23065197.0	-0.49992468140342017	175.0	142537092.0	69244.0
51	1.6	35.0	23065065.0	-0.49992182038047095	181.0	146729427.0	71213.0
51	1.6	36.0	23064933.0	-0.49991895935752173	187.0	150921660.0	73284.0
51	1.6	37.0	23064768.0	-0.4999153830788352	196.0	155113855.0	75393.0
51	1.6	38.0	23064726.0	-0.4999144727533514	198.0	159306049.0	77503.0
51	1.6	39.0	23064618.0	-0.49991213191639294	203.0	163498321.0	79535.0
51	1.6	40.0	23064519.0	-0.49990998614918103	208.0	167690591.0	81569.0
51	1.6	41.0	23064464.0	-0.4999087940562855	213.0	171882789.0	83675.0
51	1.6	42.0	23064376.0	-0.4999068867076527	218.0	176075040.0	85728.0
51	1.6	43.0	23064288.0	-0.4999049793590199	222.0	180267321.0	87751.0
51	1.6	44.0	23064134.0	-0.4999016414989125	229.0	184459570.0	89806.0
51	1.6	45.0	23064123.0	-0.4999014030803334	231.0	188651872.0	91808.0
51	1.6	46.0	23064046.0	-0.49989973415027966	236.0	192844121.0	93863.0
51	1.6	47.0	23063969.0	-0.49989806522022595	241.0	197036365.0	95923.0
51	1.6	48.0	23063850.0	-0.4998954859646884	247.0	201228681.0	97911.0
51	1.6	49.0	23063729.0	-0.4998928633603183	254.0	205420993.0	99903.0
51	1.6	50.0	23063674.0	-0.4998916712674228	257.0	209613185.0	102015.0
51	1.6	51.0	23063608.0	-0.4998902407559482	262.0	213805471.0	104033.0
51	1.6	52.0	23063344.0	-0.49988451871004974	275.0	217997718.0	106090.0
51	1.6	53.0	23063201.0	-0.4998814192685214	283.0	222189905.0	108207.0
51	1.6	54.0	23063025.0	-0.4998776045712558	291.0	226382254.0	110162.0
51	1.6	55.0	23062849.0	-0.49987378987399017	303.0	230574453.0	112267.0
51	1.6	56.0	23062739.0	-0.49987140568819916	310.0	234766737.0	114287.0
51	1.6	57.0	23062618.0	-0.49986878308382904	316.0	238959044.0	116284.0
51	1.6	58.0	23062530.0	-0.4998668757351962	322.0	243151350.0	118282.0
51	1.6	59.0	23062464.0	-0.4998654452237216	326.0	247343603.0	120333.0
51	1.6	60.0	23062378.0	-0.4998635812239213	330.0	251535851.0	122389.0
51	1.6	61.0	23062246.0	-0.4998607202009721	336.0	255728109.0	124435.0
51	1.6	62.0	23062169.0	-0.4998590512709184	342.0	259920347.0	126501.0
51	1.6	63.0	23062081.0	-0.4998571439222856	348.0	264112554.0	128598.0
51	1.6	64.0	23061949.0	-0.49985428289933637	355.0	268304851.0	130605.0
51	1.6	65.0	23061861.0	-0.49985237555070355	362.0	272497134.0	132626.0
51	1.6	66.0	23061643.0	-0.4998476505279541	372.0	276689392.0	134672.0
51	1.6	67.0	23061489.0	-0.4998443126678467	381.0	280881681.0	136687.0
51	1.6	68.0	23061433.0	-0.4998430989005349	384.0	285073874.0	138798.0
51	1.6	69.0	23061356.0	-0.4998414299704812	389.0	289266123.0	140853.0
51	1.6	70.0	23061290.0	-0.4998399994590066	393.0	293458274.0	143006.0
51	1.6	71.0	23061257.0	-0.4998392842032693	396.0	297650456.0	145128.0
51	1.6	72.0	23061246.0	-0.4998390457846902	398.0	301842794.0	147094.0
51	1.6	73.0	23061083.0	-0.4998355128548362	406.0	306035065.0	149127.0
51	1.6	74.0	23060896.0	-0.49983145973899146	416.0	310227393.0	151103.0
51	1.6	75.0	23060753.0	-0.49982836029746314	424.0	314419714.0	153086.0
51	1.6	76.0	23060654.0	-0.4998262145302512	429.0	318612034.0	155070.0
51	1.6	77.0	23060556.0	-0.4998240904374556	434.0	322804341.0	157067.0
51	1.6	78.0	23060468.0	-0.4998221830888228	441.0	326996672.0	159040.0
51	1.6	79.0	23060391.0	-0.4998205141587691	445.0	331188912.0	161104.0
51	1.6	80.0	23060192.0	-0.49981620094992896	459.0	335381128.0	163192.0
51	1.6	81.0	23059963.0	-0.4998112375086004	473.0	339573465.0	165159.0
51	1.6	82.0	23059930.0	-0.4998105222528631	476.0	343765692.0	167236.0
51	1.6	83.0	23059754.0	-0.4998067075555975	488.0	347957896.0	169336.0
51	1.6	84.0	23059633.0	-0.49980408495122736	494.0	352150133.0	171403.0
51	1.6	85.0	23059437.0	-0.4997998367656361	504.0	356342333.0	173507.0
51	1.6	86.0	23059294.0	-0.4997967373241078	514.0	360534530.0	175614.0
51	1.6	87.0	23059206.0	-0.499794829975475	521.0	364726729.0	177719.0
51	1.6	88.0	23059107.0	-0.49979268420826306	528.0	368918901.0	179851.0
51	1.6	89.0	23058931.0	-0.49978886951099744	536.0	373111187.0	181869.0
51	1.6	90.0	23058810.0	-0.4997862469066273	545.0	377303392.0	183968.0
51	1.6	91.0	23058658.0	-0.4997829523953525	554.0	381495627.0	186037.0
51	1.6	92.0	23058515.0	-0.49977985295382416	564.0	385687863.0	188105.0
51	1.6	93.0	23058319.0	-0.49977560476823285	578.0	389880096.0	190176.0
51	1.6	94.0	23058187.0	-0.49977274374528363	586.0	394072337.0	192239.0
51	1.6	95.0	23057989.0	-0.4997684522108598	597.0	398264667.0	194213.0
51	1.6	96.0	23057879.0	-0.4997660680250688	606.0	402456938.0	196246.0
51	1.6	97.0	23057725.0	-0.49976273016496137	615.0	406649224.0	198264.0
51	1.6	98.0	23057551.0	-0.4997589588165283	627.0	410841444.0	200348.0
51	1.6	99.0	23057475.0	-0.49975731156089087	632.0	415033713.0	202383.0
51	1.6	100.0	23057289.0	-0.49975328011946246	644.0	419226052.0	204348.0
52	1.2	1.0	23068672.0	-0.5	0.0	4192232.0	2072.0
52	1.2	2.0	23068672.0	-0.5	0.0	8384411.0	4197.0
52	1.2	3.0	23068672.0	-0.5	0.0	12576631.0	6281.0
52	1.2	4.0	23068672.0	-0.5	0.0	16768841.0	8375.0
52	1.2	5.0	23068672.0	-0.5	0.0	20961044.0	10476.0
52	1.2	6.0	23068650.0	-0.4999995231628418	1.0	25153213.0	12611.0
52	1.2	7.0	23068650.0	-0.4999995231628418	1.0	29345486.0	14642.0
52	1.2	8.0	23068650.0	-0.4999995231628418	1.0	33537793.0	16639.0
52	1.2	9.0	23068650.0	-0.4999995231628418	1.0	37730086.0	18650.0
52	1.2	10.0	23068650.0	-0.4999995231628418	1.0	41922412.0	20628.0
52	1.2	11.0	23068650.0	-0.4999995231628418	1.0	46114667.0	22677.0
52	1.2	12.0	23068650.0	-0.4999995231628418	1.0	50306902.0	24746.0
52	1.2	13.0	23068650.0	-0.4999995231628418	1.0	54499130.0	26822.0
52	1.2	14.0	23068650.0	-0.4999995231628418	1.0	58691340.0	28916.0
52	1.2	15.0	23068650.0	-0.4999995231628418	1.0	62883631.0	30929.0
52	1.2	16.0	23068650.0	-0.4999995231628418	1.0	67075895.0	32969.0
52	1.2	17.0	23068650.0	-0.4999995231628418	1.0	71268122.0	35046.0
52	1.2	18.0	23068650.0	-0.4999995231628418	1.0	75460351.0	37121.0
52	1.2	19.0	23068650.0	-0.4999995231628418	1.0	79652634.0	39142.0
52	1.2	20.0	23068650.0	-0.4999995231628418	1.0	83844918.0	41162.0
52	1.2	21.0	23068650.0	-0.4999995231628418	1.0	88037180.0	43204.0
52	1.2	22.0	23068650.0	-0.4999995231628418	1.0	92229384.0	45304.0
52	1.2	23.0	23068650.0	-0.4999995231628418	1.0	96421648.0	47344.0
52	1.2	24.0	23068650.0	-0.4999995231628418	1.0	100613863.0	49433.0
52	1.2	25.0	23068650.0	-0.4999995231628418	1.0	104806105.0	51495.0
52	1.2	26.0	23068650.0	-0.4999995231628418	1.0	108998348.0	53556.0
52	1.2	27.0	23068650.0	-0.4999995231628418	1.0	113190557.0	55651.0
52	1.2	28.0	23068650.0	-0.4999995231628418	1.0	117382786.0	57726.0
52	1.2	29.0	23068650.0	-0.4999995231628418	1.0	121574981.0	59835.0
52	1.2	30.0	23068650.0	-0.4999995231628418	1.0	125767288.0	61832.0
52	1.2	31.0	23068650.0	-0.4999995231628418	1.0	129959537.0	63887.0
52	1.2	32.0	23068650.0	-0.4999995231628418	1.0	134151848.0	65880.0
52	1.2	33.0	23068650.0	-0.4999995231628418	1.0	138344109.0	67923.0
52	1.2	34.0	23068650.0	-0.4999995231628418	1.0	142536345.0	69991.0
52	1.2	35.0	23068650.0	-0.4999995231628418	1.0	146728567.0	72073.0
52	1.2	36.0	23068650.0	-0.4999995231628418	1.0	150920781.0	74163.0
52	1.2	37.0	23068650.0	-0.4999995231628418	1.0	155113022.0	76226.0
52	1.2	38.0	23068650.0	-0.4999995231628418	1.0	159305262.0	78290.0
52	1.2	39.0	23068628.0	-0.4999990463256836	2.0	163497611.0	80245.0
52	1.2	40.0	23068628.0	-0.4999990463256836	2.0	167689947.0	82213.0
52	1.2	41.0	23068628.0	-0.4999990463256836	2.0	171882197.0	84267.0
52	1.2	42.0	23068628.0	-0.4999990463256836	2.0	176074537.0	86231.0
52	1.2	43.0	23068628.0	-0.4999990463256836	2.0	180266756.0	88316.0
52	1.2	44.0	23068628.0	-0.4999990463256836	2.0	184458987.0	90389.0
52	1.2	45.0	23068628.0	-0.4999990463256836	2.0	188651188.0	92492.0
52	1.2	46.0	23068628.0	-0.4999990463256836	2.0	192843514.0	94470.0
52	1.2	47.0	23068628.0	-0.4999990463256836	2.0	197035792.0	96496.0
52	1.2	48.0	23068628.0	-0.4999990463256836	2.0	201228102.0	98490.0
52	1.2	49.0	23068628.0	-0.4999990463256836	2.0	205420400.0	100496.0
52	1.2	50.0	23068628.0	-0.4999990463256836	2.0	209612637.0	102563.0
52	1.2	51.0	23068628.0	-0.4999990463256836	2.0	213804919.0	104585.0
52	1.2	52.0	23068606.0	-0.4999985694885254	3.0	217997114.0	106694.0
52	1.2	53.0	23068606.0	-0.4999985694885254	3.0	222189315.0	108797.0
52	1.2	54.0	23068606.0	-0.4999985694885254	3.0	226381598.0	110818.0
52	1.2	55.0	23068584.0	-0.4999980926513672	4.0	230573848.0	112872.0
52	1.2	56.0	23068584.0	-0.4999980926513672	4.0	234766127.0	114897.0
52	1.2	57.0	23068584.0	-0.4999980926513672	4.0	238958483.0	116845.0
52	1.2	58.0	23068584.0	-0.4999980926513672	4.0	243150740.0	118892.0
52	1.2	59.0	23068584.0	-0.4999980926513672	4.0	247342941.0	120995.0
52	1.2	60.0	23068584.0	-0.4999980926513672	4.0	251535219.0	123021.0
52	1.2	61.0	23068584.0	-0.4999980926513672	4.0	255727509.0	125035.0
52	1.2	62.0	23068584.0	-0.4999980926513672	4.0	259919710.0	127138.0
52	1.2	63.0	23068584.0	-0.4999980926513672	4.0	264111874.0	129278.0
52	1.2	64.0	23068584.0	-0.4999980926513672	4.0	268304151.0	131305.0
52	1.2	65.0	23068584.0	-0.4999980926513672	4.0	272496421.0	133339.0
52	1.2	66.0	23068584.0	-0.4999980926513672	4.0	276688680.0	135384.0
52	1.2	67.0	23068584.0	-0.4999980926513672	4.0	280881028.0	137340.0
52	1.2	68.0	23068584.0	-0.4999980926513672	4.0	285073290.0	139382.0
52	1.2	69.0	23068584.0	-0.4999980926513672	4.0	289265626.0	141350.0
52	1.2	70.0	23068584.0	-0.4999980926513672	4.0	293457791.0	143489.0
52	1.2	71.0	23068562.0	-0.499997615814209	5.0	297650150.0	145434.0
52	1.2	72.0	23068562.0	-0.499997615814209	5.0	301842404.0	147484.0
52	1.2	73.0	23068562.0	-0.499997615814209	5.0	306034600.0	149592.0
52	1.2	74.0	23068562.0	-0.499997615814209	5.0	310226898.0	151598.0
52	1.2	75.0	23068562.0	-0.499997615814209	5.0	314419260.0	153540.0
52	1.2	76.0	23068562.0	-0.499997615814209	5.0	318611623.0	155481.0
52	1.2	77.0	23068562.0	-0.499997615814209	5.0	322803981.0	157427.0
52	1.2	78.0	23068562.0	-0.499997615814209	5.0	326996214.0	159498.0
52	1.2	79.0	23068562.0	-0.499997615814209	5.0	331188462.0	161554.0
52	1.2	80.0	23068562.0	-0.499997615814209	5.0	335380776.0	163544.0
52	1.2	81.0	23068562.0	-0.499997615814209	5.0	339572987.0	165637.0
52	1.2	82.0	23068562.0	-0.499997615814209	5.0	343765283.0	167645.0
52	1.2	83.0	23068562.0	-0.499997615814209	5.0	347957622.0	169610.0
52	1.2	84.0	23068562.0	-0.499997615814209	5.0	352149910.0	171626.0
52	1.2	85.0	23068562.0	-0.499997615814209	5.0	356342211.0	173629.0
52	1.2	86.0	23068562.0	-0.499997615814209	5.0	360534464.0	175680.0
52	1.2	87.0	23068562.0	-0.499997615814209	5.0	364726645.0	177803.0
52	1.2	88.0	23068562.0	-0.499997615814209	5.0	368918829.0	179923.0
52	1.2	89.0	23068562.0	-0.499997615814209	5.0	373111168.0	181888.0
52	1.2	90.0	23068562.0	-0.499997615814209	5.0	377303453.0	183907.0
52	1.2	91.0	23068562.0	-0.499997615814209	5.0	381495783.0	185881.0
52	1.2	92.0	23068540.0	-0.4999971389770508	6.0	385688037.0	187931.0
52	1.2	93.0	23068540.0	-0.4999971389770508	6.0	389880298.0	189974.0
52	1.2	94.0	23068540.0	-0.4999971389770508	6.0	394072503.0	192073.0
52	1.2	95.0	23068540.0	-0.4999971389770508	6.0	398264789.0	194091.0
52	1.2	96.0	23068540.0	-0.4999971389770508	6.0	402457102.0	196082.0
52	1.2	97.0	23068540.0	-0.4999971389770508	6.0	406649366.0	198122.0
52	1.2	98.0	23068540.0	-0.4999971389770508	6.0	410841546.0	200246.0
52	1.2	99.0	23068540.0	-0.4999971389770508	6.0	415033907.0	202189.0
52	1.2	100.0	23068540.0	-0.4999971389770508	6.0	419226190.0	204210.0
53	0.8	1.0	23068672.0	-0.5	0.0	4192229.0	2075.0
53	0.8	2.0	23068672.0	-0.5	0.0	8384572.0	4036.0
53	0.8	3.0	23068672.0	-0.5	0.0	12576758.0	6154.0
53	0.8	4.0	23068672.0	-0.5	0.0	16768976.0	8240.0
53	0.8	5.0	23068672.0	-0.5	0.0	20961266.0	10254.0
53	0.8	6.0	23068672.0	-0.5	0.0	25153580.0	12244.0
53	0.8	7.0	23068672.0	-0.5	0.0	29345766.0	14362.0
53	0.8	8.0	23068672.0	-0.5	0.0	33537986.0	16446.0
53	0.8	9.0	23068672.0	-0.5	0.0	37730318.0	18418.0
53	0.8	10.0	23068672.0	-0.5	0.0	41922667.0	20373.0
53	0.8	11.0	23068672.0	-0.5	0.0	46114915.0	22429.0
53	0.8	12.0	23068672.0	-0.5	0.0	50307171.0	24477.0
53	0.8	13.0	23068672.0	-0.5	0.0	54499461.0	26491.0
53	0.8	14.0	23068672.0	-0.5	0.0	58691647.0	28609.0
53	0.8	15.0	23068672.0	-0.5	0.0	62883833.0	30727.0
53	0.8	16.0	23068672.0	-0.5	0.0	67076077.0	32787.0
53	0.8	17.0	23068672.0	-0.5	0.0	71268349.0	34819.0
53	0.8	18.0	23068672.0	-0.5	0.0	75460567.0	36905.0
53	0.8	19.0	23068672.0	-0.5	0.0	79652831.0	38945.0
53	0.8	20.0	23068672.0	-0.5	0.0	83845057.0	41023.0
53	0.8	21.0	23068672.0	-0.5	0.0	88037325.0	43059.0
53	0.8	22.0	23068672.0	-0.5	0.0	92229670.0	45018.0
53	0.8	23.0	23068672.0	-0.5	0.0	96421989.0	47003.0
53	0.8	24.0	23068672.0	-0.5	0.0	100614224.0	49072.0
53	0.8	25.0	23068672.0	-0.5	0.0	104806448.0	51152.0
53	0.8	26.0	23068672.0	-0.5	0.0	108998636.0	53268.0
53	0.8	27.0	23068672.0	-0.5	0.0	113190935.0	55273.0
53	0.8	28.0	23068672.0	-0.5	0.0	117383201.0	57311.0
53	0.8	29.0	23068672.0	-0.5	0.0	121575459.0	59357.0
53	0.8	30.0	23068672.0	-0.5	0.0	125767617.0	61503.0
53	0.8	31.0	23068672.0	-0.5	0.0	129959908.0	63516.0
53	0.8	32.0	23068672.0	-0.5	0.0	134152207.0	65521.0
53	0.8	33.0	23068672.0	-0.5	0.0	138344436.0	67596.0
53	0.8	34.0	23068672.0	-0.5	0.0	142536671.0	69665.0
53	0.8	35.0	23068672.0	-0.5	0.0	146728889.0	71751.0
53	0.8	36.0	23068672.0	-0.5	0.0	150921080.0	73864.0
53	0.8	37.0	23068672.0	-0.5	0.0	155113254.0	75994.0
53	0.8	38.0	23068672.0	-0.5	0.0	159305442.0	78110.0
53	0.8	39.0	23068672.0	-0.5	0.0	163497723.0	80133.0
53	0.8	40.0	23068672.0	-0.5	0.0	167689956.0	82204.0
53	0.8	41.0	23068672.0	-0.5	0.0	171882226.0	84238.0
53	0.8	42.0	23068672.0	-0.5	0.0	176074544.0	86224.0
53	0.8	43.0	23068672.0	-0.5	0.0	180266703.0	88369.0
53	0.8	44.0	23068672.0	-0.5	0.0	184458916.0	90460.0
53	0.8	45.0	23068672.0	-0.5	0.0	188651133.0	92547.0
53	0.8	46.0	23068672.0	-0.5	0.0	192843412.0	94572.0
53	0.8	47.0	23068672.0	-0.5	0.0	197035679.0	96609.0
53	0.8	48.0	23068672.0	-0.5	0.0	201227966.0	98626.0
53	0.8	49.0	23068672.0	-0.5	0.0	205420134.0	100762.0
53	0.8	50.0	23068672.0	-0.5	0.0	209612332.0	102868.0
53	0.8	51.0	23068672.0	-0.5	0.0	213804615.0	104889.0
53	0.8	52.0	23068672.0	-0.5	0.0	217996902.0	106906.0
53	0.8	53.0	23068672.0	-0.5	0.0	222189162.0	108950.0
53	0.8	54.0	23068672.0	-0.5	0.0	226381337.0	111079.0
53	0.8	55.0	23068672.0	-0.5	0.0	230573633.0	113087.0
53	0.8	56.0	23068672.0	-0.5	0.0	234765817.0	115207.0
53	0.8	57.0	23068672.0	-0.5	0.0	238958079.0	117249.0
53	0.8	58.0	23068672.0	-0.5	0.0	243150388.0	119244.0
53	0.8	59.0	23068672.0	-0.5	0.0	247342639.0	121297.0
53	0.8	60.0	23068672.0	-0.5	0.0	251534813.0	123427.0
53	0.8	61.0	23068672.0	-0.5	0.0	255727099.0	125445.0
53	0.8	62.0	23068672.0	-0.5	0.0	259919324.0	127524.0
53	0.8	63.0	23068672.0	-0.5	0.0	264111590.0	129562.0
53	0.8	64.0	23068672.0	-0.5	0.0	268303825.0	131631.0
53	0.8	65.0	23068672.0	-0.5	0.0	272496156.0	133604.0
53	0.8	66.0	23068672.0	-0.5	0.0	276688393.0	135671.0
53	0.8	67.0	23068672.0	-0.5	0.0	280880553.0	137815.0
53	0.8	68.0	23068672.0	-0.5	0.0	285072869.0	139803.0
53	0.8	69.0	23068672.0	-0.5	0.0	289265069.0	141907.0
53	0.8	70.0	23068672.0	-0.5	0.0	293457346.0	143934.0
53	0.8	71.0	23068672.0	-0.5	0.0	297649583.0	146001.0
53	0.8	72.0	23068672.0	-0.5	0.0	301841873.0	148015.0
53	0.8	73.0	23068672.0	-0.5	0.0	306034171.0	150021.0
53	0.8	74.0	23068672.0	-0.5	0.0	310226356.0	152140.0
53	0.8	75.0	23068672.0	-0.5	0.0	314418643.0	154157.0
53	0.8	76.0	23068672.0	-0.5	0.0	318610893.0	156211.0
53	0.8	77.0	23068672.0	-0.5	0.0	322803076.0	158332.0
53	0.8	78.0	23068672.0	-0.5	0.0	326995299.0	160413.0
53	0.8	79.0	23068672.0	-0.5	0.0	331187462.0	162554.0
53	0.8	80.0	23068672.0	-0.5	0.0	335379731.0	164589.0
53	0.8	81.0	23068672.0	-0.5	0.0	339571963.0	166661.0
53	0.8	82.0	23068672.0	-0.5	0.0	343764302.0	168626.0
53	0.8	83.0	23068672.0	-0.5	0.0	347956566.0	170666.0
53	0.8	84.0	23068672.0	-0.5	0.0	352148810.0	172726.0
53	0.8	85.0	23068672.0	-0.5	0.0	356341062.0	174778.0
53	0.8	86.0	23068672.0	-0.5	0.0	360533355.0	176789.0
53	0.8	87.0	23068672.0	-0.5	0.0	364725620.0	178828.0
53	0.8	88.0	23068672.0	-0.5	0.0	368917895.0	180857.0
53	0.8	89.0	23068672.0	-0.5	0.0	373110133.0	182923.0
53	0.8	90.0	23068672.0	-0.5	0.0	377302406.0	184954.0
53	0.8	91.0	23068672.0	-0.5	0.0	381494669.0	186995.0
53	0.8	92.0	23068672.0	-0.5	0.0	385686867.0	189101.0
53	0.8	93.0	23068672.0	-0.5	0.0	389879083.0	191189.0
53	0.8	94.0	23068672.0	-0.5	0.0	394071330.0	193246.0
53	0.8	95.0	23068672.0	-0.5	0.0	398263619.0	195261.0
53	0.8	96.0	23068672.0	-0.5	0.0	402455890.0	197294.0
53	0.8	97.0	23068672.0	-0.5	0.0	406648203.0	199285.0
53	0.8	98.0	23068672.0	-0.5	0.0	410840447.0	201345.0
53	0.8	99.0	23068672.0	-0.5	0.0	415032700.0	203396.0
53	0.8	100.0	23068672.0	-0.5	0.0	419225043.0	205357.0
54	0.4	1.0	23068672.0	-0.5	0.0	4192226.0	2078.0
54	0.4	2.0	23068672.0	-0.5	0.0	8384537.0	4071.0
54	0.4	3.0	23068672.0	-0.5	0.0	12576898.0	6014.0
54	0.4	4.0	23068672.0	-0.5	0.0	16769124.0	8092.0
54	0.4	5.0	23068672.0	-0.5	0.0	20961326.0	10194.0
54	0.4	6.0	23068672.0	-0.5	0.0	25153518.0	12306.0
54	0.4	7.0	23068672.0	-0.5	0.0	29345796.0	14332.0
54	0.4	8.0	23068672.0	-0.5	0.0	33538045.0	16387.0
54	0.4	9.0	23068672.0	-0.5	0.0	37730277.0	18459.0
54	0.4	10.0	23068672.0	-0.5	0.0	41922507.0	20533.0
54	0.4	11.0	23068672.0	-0.5	0.0	46114731.0	22613.0
54	0.4	12.0	23068672.0	-0.5	0.0	50307017.0	24631.0
54	0.4	13.0	23068672.0	-0.5	0.0	54499274.0	26678.0
54	0.4	14.0	23068672.0	-0.5	0.0	58691464.0	28792.0
54	0.4	15.0	23068672.0	-0.5	0.0	62883776.0	30784.0
54	0.4	16.0	23068672.0	-0.5	0.0	67076017.0	32847.0
54	0.4	17.0	23068672.0	-0.5	0.0	71268284.0	34884.0
54	0.4	18.0	23068672.0	-0.5	0.0	75460548.0	36924.0
54	0.4	19.0	23068672.0	-0.5	0.0	79652858.0	38918.0
54	0.4	20.0	23068672.0	-0.5	0.0	83845125.0	40955.0
54	0.4	21.0	23068672.0	-0.5	0.0	88037302.0	43082.0
54	0.4	22.0	23068672.0	-0.5	0.0	92229557.0	45131.0
54	0.4	23.0	23068672.0	-0.5	0.0	96421738.0	47254.0
54	0.4	24.0	23068672.0	-0.5	0.0	100613933.0	49363.0
54	0.4	25.0	23068672.0	-0.5	0.0	104806196.0	51404.0
54	0.4	26.0	23068672.0	-0.5	0.0	108998460.0	53444.0
54	0.4	27.0	23068672.0	-0.5	0.0	113190765.0	55443.0
54	0.4	28.0	23068672.0	-0.5	0.0	117382977.0	57535.0
54	0.4	29.0	23068672.0	-0.5	0.0	121575203.0	59613.0
54	0.4	30.0	23068672.0	-0.5	0.0	125767555.0	61565.0
54	0.4	31.0	23068672.0	-0.5	0.0	129959817.0	63607.0
54	0.4	32.0	23068672.0	-0.5	0.0	134152104.0	65624.0
54	0.4	33.0	23068672.0	-0.5	0.0	138344387.0	67645.0
54	0.4	34.0	23068672.0	-0.5	0.0	142536673.0	69663.0
54	0.4	35.0	23068672.0	-0.5	0.0	146728879.0	71761.0
54	0.4	36.0	23068672.0	-0.5	0.0	150921125.0	73819.0
54	0.4	37.0	23068672.0	-0.5	0.0	155113404.0	75844.0
54	0.4	38.0	23068672.0	-0.5	0.0	159305694.0	77858.0
54	0.4	39.0	23068672.0	-0.5	0.0	163497957.0	79899.0
54	0.4	40.0	23068672.0	-0.5	0.0	167690177.0	81983.0
54	0.4	41.0	23068672.0	-0.5	0.0	171882371.0	84093.0
54	0.4	42.0	23068672.0	-0.5	0.0	176074584.0	86184.0
54	0.4	43.0	23068672.0	-0.5	0.0	180266885.0	88187.0
54	0.4	44.0	23068672.0	-0.5	0.0	184459139.0	90237.0
54	0.4	45.0	23068672.0	-0.5	0.0	188651408.0	92272.0
54	0.4	46.0	23068672.0	-0.5	0.0	192843601.0	94383.0
54	0.4	47.0	23068672.0	-0.5	0.0	197035804.0	96484.0
54	0.4	48.0	23068672.0	-0.5	0.0	201228042.0	98550.0
54	0.4	49.0	23068672.0	-0.5	0.0	205420321.0	100575.0
54	0.4	50.0	23068672.0	-0.5	0.0	209612598.0	102602.0
54	0.4	51.0	23068672.0	-0.5	0.0	213804878.0	104626.0
54	0.4	52.0	23068672.0	-0.5	0.0	217997150.0	106658.0
54	0.4	53.0	23068672.0	-0.5	0.0	222189436.0	108676.0
54	0.4	54.0	23068672.0	-0.5	0.0	226381665.0	110751.0
54	0.4	55.0	23068672.0	-0.5	0.0	230573953.0	112767.0
54	0.4	56.0	23068672.0	-0.5	0.0	234766254.0	114770.0
54	0.4	57.0	23068672.0	-0.5	0.0	238958588.0	116740.0
54	0.4	58.0	23068672.0	-0.5	0.0	243150917.0	118715.0
54	0.4	59.0	23068672.0	-0.5	0.0	247343200.0	120736.0
54	0.4	60.0	23068672.0	-0.5	0.0	251535528.0	122712.0
54	0.4	61.0	23068672.0	-0.5	0.0	255727731.0	124813.0
54	0.4	62.0	23068672.0	-0.5	0.0	259919910.0	126938.0
54	0.4	63.0	23068672.0	-0.5	0.0	264112155.0	128997.0
54	0.4	64.0	23068672.0	-0.5	0.0	268304417.0	131039.0
54	0.4	65.0	23068672.0	-0.5	0.0	272496704.0	133056.0
54	0.4	66.0	23068672.0	-0.5	0.0	276688956.0	135108.0
54	0.4	67.0	23068672.0	-0.5	0.0	280881190.0	137178.0
54	0.4	68.0	23068672.0	-0.5	0.0	285073439.0	139233.0
54	0.4	69.0	23068672.0	-0.5	0.0	289265747.0	141229.0
54	0.4	70.0	23068672.0	-0.5	0.0	293458011.0	143269.0
54	0.4	71.0	23068672.0	-0.5	0.0	297650244.0	145340.0
54	0.4	72.0	23068672.0	-0.5	0.0	301842509.0	147379.0
54	0.4	73.0	23068672.0	-0.5	0.0	306034798.0	149394.0
54	0.4	74.0	23068672.0	-0.5	0.0	310227120.0	151376.0
54	0.4	75.0	23068672.0	-0.5	0.0	314419399.0	153401.0
54	0.4	76.0	23068672.0	-0.5	0.0	318611681.0	155423.0
54	0.4	77.0	23068672.0	-0.5	0.0	322803925.0	157483.0
54	0.4	78.0	23068672.0	-0.5	0.0	326996190.0	159522.0
54	0.4	79.0	23068672.0	-0.5	0.0	331188414.0	161602.0
54	0.4	80.0	23068672.0	-0.5	0.0	335380658.0	163662.0
54	0.4	81.0	23068672.0	-0.5	0.0	339572976.0	165648.0
54	0.4	82.0	23068672.0	-0.5	0.0	343765242.0	167686.0
54	0.4	83.0	23068672.0	-0.5	0.0	347957451.0	169781.0
54	0.4	84.0	23068672.0	-0.5	0.0	352149740.0	171796.0
54	0.4	85.0	23068672.0	-0.5	0.0	356342052.0	173788.0
54	0.4	86.0	23068672.0	-0.5	0.0	360534258.0	175886.0
54	0.4	87.0	23068672.0	-0.5	0.0	364726471.0	177977.0
54	0.4	88.0	23068672.0	-0.5	0.0	368918838.0	179914.0
54	0.4	89.0	23068672.0	-0.5	0.0	373111060.0	181996.0
54	0.4	90.0	23068672.0	-0.5	0.0	377303350.0	184010.0
54	0.4	91.0	23068672.0	-0.5	0.0	381495759.0	185905.0
54	0.4	92.0	23068672.0	-0.5	0.0	385688047.0	187921.0
54	0.4	93.0	23068672.0	-0.5	0.0	389880308.0	189964.0
54	0.4	94.0	23068672.0	-0.5	0.0	394072578.0	191998.0
54	0.4	95.0	23068672.0	-0.5	0.0	398264815.0	194065.0
54	0.4	96.0	23068672.0	-0.5	0.0	402457100.0	196084.0
54	0.4	97.0	23068672.0	-0.5	0.0	406649366.0	198122.0
54	0.4	98.0	23068672.0	-0.5	0.0	410841657.0	200135.0
54	0.4	99.0	23068672.0	-0.5	0.0	415033902.0	202194.0
54	0.4	100.0	23068672.0	-0.5	0.0	419226200.0	204200.0
