temp_index	temp	sweep	S	E	accepted	nonnull	null
0	8.0	1.0	80567797.0	-0.4001845767100652	1740416.0	16646636.0	130580.0
0	8.0	2.0	50787247.0	-0.2522629847129186	6000192.0	33292114.0	262318.0
0	8.0	3.0	24028311.0	-0.11934991180896759	14397717.0	49938258.0	393390.0
0	8.0	4.0	8214629.0	-0.04080250362555186	27070473.0	66584480.0	524384.0
0	8.0	5.0	2788293.0	-0.013849601149559021	42331817.0	83230630.0	655450.0
0	8.0	6.0	1855587.0	-0.009216800332069397	58423640.0	99876596.0	786700.0
0	8.0	7.0	1770084.0	-0.008792102336883545	74641393.0	116522344.0	918168.0
0	8.0	8.0	1762045.0	-0.008752172191937765	90868823.0	133168385.0	1049343.0
0	8.0	9.0	1766895.0	-0.008776262402534485	107097121.0	149815093.0	1179851.0
0	8.0	10.0	1764232.0	-0.00876303513844808	123325675.0	166461211.0	1310949.0
0	8.0	11.0	1764791.0	-0.008765811721483866	139552584.0	183106690.0	1442686.0
0	8.0	12.0	1766181.0	-0.008772715926170349	155780625.0	199752719.0	1573873.0
0	8.0	13.0	1763131.0	-0.008757566412289938	172007507.0	216398838.0	1704970.0
0	8.0	14.0	1767190.0	-0.008777727683385214	188235287.0	233045157.0	1835867.0
0	8.0	15.0	1765737.0	-0.00877051055431366	204462648.0	249690992.0	1967248.0
0	8.0	16.0	1763987.0	-0.008761818210283915	220691248.0	266337017.0	2098439.0
0	8.0	17.0	1762923.0	-0.00875653326511383	236920767.0	282984057.0	2228615.0
0	8.0	18.0	1764632.0	-0.008765021959940592	253150462.0	299630439.0	2359449.0
0	8.0	19.0	1766926.0	-0.008776416381200155	269377495.0	316276048.0	2491056.0
0	8.0	20.0	1763181.0	-0.008757814764976501	285604304.0	332921707.0	2622613.0
0	8.0	21.0	1766954.0	-0.00877655545870463	301831488.0	349568128.0	2753408.0
0	8.0	22.0	1766190.0	-0.00877276062965393	318059247.0	366213983.0	2884769.0
0	8.0	23.0	1763500.0	-0.008759399255116781	334285100.0	382860329.0	3015639.0
0	8.0	24.0	1766530.0	-0.008774449427922567	350513470.0	399506282.0	3146902.0
0	8.0	25.0	1766180.0	-0.008772710959116617	366740567.0	416152352.0	3278048.0
0	8.0	26.0	1766858.0	-0.008776078621546427	382968577.0	432798794.0	3408822.0
0	8.0	27.0	1764678.0	-0.008765250444412231	399196241.0	449445317.0	3539515.0
0	8.0	28.0	1766181.0	-0.008772715926170349	415423684.0	466091900.0	3670148.0
0	8.0	29.0	1767232.0	-0.008777936299641928	431651555.0	482738539.0	3800725.0
0	8.0	30.0	1764856.0	-0.0087661345799764	447880157.0	499384404.0	3932076.0
0	8.0	31.0	1763359.0	-0.00875869890054067	464107682.0	516030119.0	4063577.0
0	8.0	32.0	1762571.0	-0.008754784862200419	480336048.0	532676448.0	4194464.0
0	8.0	33.0	1766334.0	-0.008773475885391235	496564200.0	549322706.0	4325422.0
0	8.0	34.0	1764010.0	-0.008761932452519735	512791389.0	565968262.0	4457082.0
0	8.0	35.0	1765581.0	-0.00876973569393158	529018766.0	582614796.0	4587764.0
0	8.0	36.0	1766615.0	-0.008774871627489725	545246896.0	599261590.0	4718186.0
0	8.0	37.0	1763956.0	-0.008761664231618246	561475181.0	615907522.0	4849470.0
0	8.0	38.0	1763779.0	-0.008760785063107809	577703263.0	632553320.0	4980888.0
0	8.0	39.0	1763339.0	-0.008758599559466044	593929563.0	649198771.0	5112653.0
0	8.0	40.0	1765313.0	-0.008768404523531595	610157490.0	665844749.0	5243891.0
0	8.0	41.0	1765275.0	-0.008768215775489807	626385104.0	682490679.0	5375177.0
0	8.0	42.0	1765182.0	-0.008767753839492798	642612429.0	699137270.0	5505802.0
0	8.0	43.0	1765797.0	-0.008770808577537537	658841199.0	715784270.0	5636018.0
0	8.0	44.0	1765147.0	-0.008767579992612204	675067933.0	732430644.0	5766860.0
0	8.0	45.0	1764793.0	-0.00876582165559133	691296889.0	749077090.0	5897630.0
0	8.0	46.0	1762904.0	-0.008756438891092936	707525992.0	765723725.0	6028211.0
0	8.0	47.0	1764417.0	-0.008763954043388367	723755474.0	782370362.0	6158790.0
0	8.0	48.0	1769525.0	-0.008789325753847757	739983398.0	799016455.0	6289913.0
0	8.0	49.0	1765134.0	-0.008767515420913696	756209893.0	815662665.0	6420919.0
0	8.0	50.0	1764320.0	-0.008763472239176432	772439498.0	832309387.0	6551413.0
0	8.0	51.0	1763804.0	-0.00876090923945109	788667443.0	848955598.0	6682418.0
0	8.0	52.0	1764986.0	-0.008766780296961466	804894841.0	865601424.0	6813808.0
0	8.0	53.0	1763644.0	-0.008760114510854086	821122501.0	882247990.0	6944458.0
0	8.0	54.0	1765236.0	-0.008768022060394287	837350168.0	898893888.0	7075776.0
0	8.0	55.0	1765064.0	-0.008767167727152506	853578057.0	915540271.0	7206609.0
0	8.0	56.0	1766864.0	-0.008776108423868815	869805330.0	932186519.0	7337577.0
0	8.0	57.0	1765977.0	-0.008771702647209167	886033454.0	948832819.0	7468493.0
0	8.0	58.0	1766002.0	-0.00877182682355245	902260542.0	965478689.0	7599839.0
0	8.0	59.0	1766473.0	-0.008774166305859884	918487734.0	982124632.0	7731112.0
0	8.0	60.0	1764600.0	-0.008764863014221191	934716962.0	998771548.0	7861412.0
0	8.0	61.0	1765164.0	-0.008767664432525635	950945669.0	1015417192.0	7992984.0
0	8.0	62.0	1763274.0	-0.00875827670097351	967173358.0	1032063431.0	8123961.0
0	8.0	63.0	1764932.0	-0.008766512076059977	983400844.0	1048709603.0	8255005.0
0	8.0	64.0	1765676.0	-0.00877020756403605	999628905.0	1065355730.0	8386094.0
0	8.0	65.0	1762413.0	-0.008754000067710876	1015857002.0	1082001717.0	8517323.0
0	8.0	66.0	1765126.0	-0.008767475684483847	1032085096.0	1098648251.0	8648005.0
0	8.0	67.0	1764821.0	-0.008765960733095804	1048312799.0	1115294225.0	8779247.0
0	8.0	68.0	1767291.0	-0.008778229355812073	1064540136.0	1131939333.0	8911355.0
0	8.0	69.0	1765418.0	-0.00876892606417338	1080766685.0	1148585229.0	9042675.0
0	8.0	70.0	1764333.0	-0.008763536810874939	1096994319.0	1165231246.0	9173874.0
0	8.0	71.0	1766214.0	-0.008772879838943481	1113222210.0	1181877386.0	9304950.0
0	8.0	72.0	1764954.0	-0.008766621351242065	1129450387.0	1198523831.0	9435721.0
0	8.0	73.0	1763760.0	-0.008760690689086914	1145678449.0	1215169403.0	9567365.0
0	8.0	74.0	1765739.0	-0.008770520488421122	1161905974.0	1231815190.0	9698794.0
0	8.0	75.0	1764518.0	-0.008764455715815226	1178133891.0	1248461514.0	9829686.0
0	8.0	76.0	1763660.0	-0.008760193983713785	1194360889.0	1265106877.0	9961539.0
0	8.0	77.0	1766003.0	-0.00877183179060618	1210588922.0	1281753217.0	10092415.0
0	8.0	78.0	1765365.0	-0.008768662810325623	1226816057.0	1298399258.0	10223590.0
0	8.0	79.0	1764502.0	-0.008764376242955526	1243043112.0	1315045000.0	10355064.0
0	8.0	80.0	1764542.0	-0.008764574925104776	1259270222.0	1331691038.0	10486242.0
0	8.0	81.0	1764340.0	-0.008763571580251059	1275499409.0	1348337715.0	10616781.0
0	8.0	82.0	1764114.0	-0.008762449026107788	1291727001.0	1364983925.0	10747787.0
0	8.0	83.0	1762989.0	-0.008756861090660095	1307954868.0	1381629592.0	10879336.0
0	8.0	84.0	1764771.0	-0.00876571238040924	1324183120.0	1398275857.0	11010287.0
0	8.0	85.0	1765154.0	-0.008767614761988321	1340410982.0	1414921875.0	11141485.0
0	8.0	86.0	1763990.0	-0.008761833111445108	1356637940.0	1431567750.0	11272826.0
0	8.0	87.0	1765241.0	-0.008768046895662943	1372865065.0	1448213685.0	11404107.0
0	8.0	88.0	1762577.0	-0.008754814664522806	1389092868.0	1464859566.0	11535442.0
0	8.0	89.0	1766710.0	-0.008775343497594198	1405320499.0	1481505044.0	11667180.0
0	8.0	90.0	1765062.0	-0.008767157793045044	1421548507.0	1498151087.0	11798353.0
0	8.0	91.0	1764173.0	-0.008762742082277933	1437777702.0	1514797500.0	11929156.0
0	8.0	92.0	1764197.0	-0.008762861291567484	1454005963.0	1531443509.0	12060363.0
0	8.0	93.0	1763971.0	-0.008761738737424215	1470235238.0	1548089380.0	12191708.0
0	8.0	94.0	1764499.0	-0.008764361341794332	1486462713.0	1564736007.0	12322297.0
0	8.0	95.0	1765350.0	-0.008768588304519653	1502689537.0	1581381572.0	12453948.0
0	8.0	96.0	1765614.0	-0.008769899606704712	1518917726.0	1598027728.0	12585008.0
0	8.0	97.0	1765118.0	-0.008767435948053995	1535146054.0	1614673761.0	12716191.0
0	8.0	98.0	1762175.0	-0.00875281790892283	1551373688.0	1631319408.0	12847760.0
0	8.0	99.0	1765861.0	-0.00877112646897634	1567601995.0	1647965445.0	12978939.0
0	8.0	100.0	1765561.0	-0.008769636352856955	1583829672.0	1664611510.0	13110090.0
1	7.9	1.0	81351221.0	-0.4040758858124415	1677399.0	16646077.0	131139.0
1	7.9	2.0	52289116.0	-0.2597228487332662	5765113.0	33292618.0	261814.0
1	7.9	3.0	25609832.0	-0.1272054115931193	13855272.0	49939136.0	392512.0
1	7.9	4.0	9126505.0	-0.04533184071381887	26216898.0	66585185.0	523679.0
1	7.9	5.0	3048746.0	-0.015143285195032755	41309734.0	83231884.0	654196.0
1	7.9	6.0	1891595.0	-0.009395654002825419	57355430.0	99878515.0	784781.0
1	7.9	7.0	1775435.0	-0.008818681041399637	73562969.0	116524789.0	915723.0
1	7.9	8.0	1768811.0	-0.008785779277483622	89782881.0	133170402.0	1047326.0
1	7.9	9.0	1768754.0	-0.008785496155420939	106005375.0	149816664.0	1178280.0
1	7.9	10.0	1766965.0	-0.008776610096295675	122228067.0	166462729.0	1309431.0
1	7.9	11.0	1765709.0	-0.008770371476809183	138450777.0	183109599.0	1439777.0
1	7.9	12.0	1767658.0	-0.008780052264531454	154674333.0	199756305.0	1570287.0
1	7.9	13.0	1768693.0	-0.008785193165143331	170897054.0	216402256.0	1701552.0
1	7.9	14.0	1767567.0	-0.008779600262641907	187119735.0	233048726.0	1832298.0
1	7.9	15.0	1766380.0	-0.008773704369862875	203342371.0	249694642.0	1963598.0
1	7.9	16.0	1768033.0	-0.008781914909680685	219563734.0	266340539.0	2094917.0
1	7.9	17.0	1766272.0	-0.008773167928059896	235784526.0	282986245.0	2226427.0
1	7.9	18.0	1765533.0	-0.008769497275352478	252006110.0	299631895.0	2357993.0
1	7.9	19.0	1766146.0	-0.008772542079289755	268228912.0	316278253.0	2488851.0
1	7.9	20.0	1766633.0	-0.008774961034456888	284451138.0	332924517.0	2619803.0
1	7.9	21.0	1765899.0	-0.008771315217018127	300674814.0	349570864.0	2750672.0
1	7.9	22.0	1768493.0	-0.008784199754397074	316897726.0	366217318.0	2881434.0
1	7.9	23.0	1769160.0	-0.00878751277923584	333119580.0	382863371.0	3012597.0
1	7.9	24.0	1768080.0	-0.008782148361206055	349341110.0	399508761.0	3144423.0
1	7.9	25.0	1766530.0	-0.008774449427922567	365564456.0	416154871.0	3275529.0
1	7.9	26.0	1766234.0	-0.008772979180018107	381787855.0	432801368.0	3406248.0
1	7.9	27.0	1766768.0	-0.008775631586710611	398010018.0	449447828.0	3537004.0
1	7.9	28.0	1764347.0	-0.008763606349627176	414233715.0	466094658.0	3667390.0
1	7.9	29.0	1766196.0	-0.008772790431976318	430456018.0	482740662.0	3798602.0
1	7.9	30.0	1764409.0	-0.008763914306958517	446678217.0	499386473.0	3930007.0
1	7.9	31.0	1768629.0	-0.008784875273704529	462901168.0	516033086.0	4060610.0
1	7.9	32.0	1767587.0	-0.008779699603716532	479122559.0	532679281.0	4191631.0
1	7.9	33.0	1766886.0	-0.008776217699050903	495344832.0	549325173.0	4322955.0
1	7.9	34.0	1765491.0	-0.008769288659095764	511568580.0	565971809.0	4453535.0
1	7.9	35.0	1766465.0	-0.008774126569430033	527791398.0	582618183.0	4584377.0
1	7.9	36.0	1768345.0	-0.008783464630444845	544013518.0	599264453.0	4715323.0
1	7.9	37.0	1767882.0	-0.00878116488456726	560236298.0	615910531.0	4846461.0
1	7.9	38.0	1765336.0	-0.008768518765767416	576458280.0	632555784.0	4978424.0
1	7.9	39.0	1766585.0	-0.008774722615877787	592681091.0	649202492.0	5108932.0
1	7.9	40.0	1768486.0	-0.008784164985020956	608901056.0	665847825.0	5240815.0
1	7.9	41.0	1765199.0	-0.008767838279406229	625123969.0	682493718.0	5372138.0
1	7.9	42.0	1766181.0	-0.008772715926170349	641346330.0	699140344.0	5502728.0
1	7.9	43.0	1766543.0	-0.008774513999621073	657568528.0	715786336.0	5633952.0
1	7.9	44.0	1767896.0	-0.008781234423319498	673791618.0	732432875.0	5764629.0
1	7.9	45.0	1767153.0	-0.008777543902397156	690013665.0	749078602.0	5896118.0
1	7.9	46.0	1767440.0	-0.008778969446818033	706235468.0	765724907.0	6027029.0
1	7.9	47.0	1769873.0	-0.008791054288546244	722457104.0	782370781.0	6158371.0
1	7.9	48.0	1768131.0	-0.00878240168094635	738679262.0	799016671.0	6289697.0
1	7.9	49.0	1768358.0	-0.00878352920214335	754901700.0	815662405.0	6421179.0
1	7.9	50.0	1769770.0	-0.008790542682011923	771122675.0	832307835.0	6552965.0
1	7.9	51.0	1769071.0	-0.008787070711453756	787344054.0	848953345.0	6684671.0
1	7.9	52.0	1769249.0	-0.008787954847017923	803565412.0	865599413.0	6815819.0
1	7.9	53.0	1768462.0	-0.008784045775731405	819788748.0	882245685.0	6946763.0
1	7.9	54.0	1769419.0	-0.008788799246152243	836010392.0	898892074.0	7077590.0
1	7.9	55.0	1766366.0	-0.008773634831110636	852232288.0	915538386.0	7208494.0
1	7.9	56.0	1768328.0	-0.008783380190531412	868454193.0	932184480.0	7339616.0
1	7.9	57.0	1767043.0	-0.008776997526486715	884676485.0	948830809.0	7470503.0
1	7.9	58.0	1770622.0	-0.008794774611790976	900897727.0	965477493.0	7601035.0
1	7.9	59.0	1768579.0	-0.008784626921017965	917118711.0	982124292.0	7731452.0
1	7.9	60.0	1764231.0	-0.008763030171394348	933341743.0	998770180.0	7862780.0
1	7.9	61.0	1766676.0	-0.008775174617767334	949563782.0	1015415926.0	7994250.0
1	7.9	62.0	1766291.0	-0.00877326230208079	965785999.0	1032062153.0	8125239.0
1	7.9	63.0	1767140.0	-0.008777479330698649	982008912.0	1048708245.0	8256363.0
1	7.9	64.0	1767719.0	-0.008780355254809061	998231043.0	1065354741.0	8387083.0
1	7.9	65.0	1767400.0	-0.008778770764668783	1014452958.0	1082000351.0	8518689.0
1	7.9	66.0	1768642.0	-0.008784939845403036	1030674886.0	1098646032.0	8650224.0
1	7.9	67.0	1766376.0	-0.00877368450164795	1046898076.0	1115292491.0	8780981.0
1	7.9	68.0	1767176.0	-0.008777658144632975	1063120377.0	1131938159.0	8912529.0
1	7.9	69.0	1767016.0	-0.00877686341603597	1079343051.0	1148584769.0	9043135.0
1	7.9	70.0	1766850.0	-0.008776038885116577	1095566219.0	1165230974.0	9174146.0
1	7.9	71.0	1765626.0	-0.008769959211349487	1111789272.0	1181877363.0	9304973.0
1	7.9	72.0	1765641.0	-0.008770033717155457	1128012137.0	1198523556.0	9435996.0
1	7.9	73.0	1766301.0	-0.008773311972618103	1144236499.0	1215169811.0	9566957.0
1	7.9	74.0	1768835.0	-0.008785898486773172	1160458715.0	1231815440.0	9698544.0
1	7.9	75.0	1766772.0	-0.008775651454925537	1176680827.0	1248461370.0	9829830.0
1	7.9	76.0	1769593.0	-0.008789663513501486	1192904579.0	1265108044.0	9960372.0
1	7.9	77.0	1768357.0	-0.00878352423508962	1209126887.0	1281754194.0	10091438.0
1	7.9	78.0	1767219.0	-0.00877787172794342	1225349239.0	1298400618.0	10222230.0
1	7.9	79.0	1768083.0	-0.008782163262367249	1241571702.0	1315046889.0	10353175.0
1	7.9	80.0	1767396.0	-0.008778750896453857	1257793653.0	1331692977.0	10484303.0
1	7.9	81.0	1765801.0	-0.008770828445752462	1274015653.0	1348338957.0	10615539.0
1	7.9	82.0	1767948.0	-0.008781492710113525	1290238679.0	1364984742.0	10746970.0
1	7.9	83.0	1767644.0	-0.008779982725779215	1306462375.0	1381630670.0	10878258.0
1	7.9	84.0	1767997.0	-0.008781736095746359	1322685581.0	1398276919.0	11009225.0
1	7.9	85.0	1769240.0	-0.008787910143534342	1338907856.0	1414922791.0	11140569.0
1	7.9	86.0	1768054.0	-0.008782019217809042	1355130118.0	1431569001.0	11271575.0
1	7.9	87.0	1767678.0	-0.008780151605606079	1371353119.0	1448215107.0	11402685.0
1	7.9	88.0	1766412.0	-0.008773863315582275	1387576436.0	1464861683.0	11533325.0
1	7.9	89.0	1768429.0	-0.008783881862958273	1403798697.0	1481508144.0	11664080.0
1	7.9	90.0	1767580.0	-0.008779664834340414	1420019656.0	1498153870.0	11795570.0
1	7.9	91.0	1765309.0	-0.008768384655316671	1436242086.0	1514799647.0	11927009.0
1	7.9	92.0	1768006.0	-0.00878178079922994	1452463822.0	1531445946.0	12057926.0
1	7.9	93.0	1768513.0	-0.0087842990954717	1468687658.0	1548092099.0	12188989.0
1	7.9	94.0	1769178.0	-0.008787602186203003	1484909209.0	1564738640.0	12319664.0
1	7.9	95.0	1768247.0	-0.008782977859179178	1501131362.0	1581385029.0	12450491.0
1	7.9	96.0	1767578.0	-0.00877965490023295	1517354109.0	1598030565.0	12582171.0
1	7.9	97.0	1766595.0	-0.0087747722864151	1533576741.0	1614676882.0	12713070.0
1	7.9	98.0	1767462.0	-0.008779078722000122	1549799378.0	1631322541.0	12844627.0
1	7.9	99.0	1768517.0	-0.008784318963686625	1566023809.0	1647969103.0	12975281.0
1	7.9	100.0	1768608.0	-0.008784770965576172	1582245275.0	1664614781.0	13106819.0
2	7.8	1.0	82168406.0	-0.40813488761583966	1613800.0	16645767.0	131449.0
2	7.8	2.0	53930800.0	-0.26787718137105304	5517489.0	33292032.0	262400.0
2	7.8	3.0	27400563.0	-0.13610006868839264	13277919.0	49938196.0	393452.0
2	7.8	4.0	10252109.0	-0.05092277626196543	25284775.0	66584791.0	524073.0
2	7.8	5.0	3400324.0	-0.01688959201176961	40167517.0	83230748.0	655332.0
2	7.8	6.0	1941791.0	-0.009644980231920878	56154962.0	99877029.0	786267.0
2	7.8	7.0	1780167.0	-0.008842185139656067	72350559.0	116523160.0	917352.0
2	7.8	8.0	1770941.0	-0.008796359101931253	88566204.0	133168744.0	1048984.0
2	7.8	9.0	1769874.0	-0.008791059255599976	104782314.0	149814954.0	1179990.0
2	7.8	10.0	1771833.0	-0.008800789713859558	120997139.0	166461191.0	1310969.0
2	7.8	11.0	1769606.0	-0.008789728085199991	137213699.0	183106941.0	1442435.0
2	7.8	12.0	1774238.0	-0.008812735478083292	153430544.0	199753759.0	1572833.0
2	7.8	13.0	1769379.0	-0.00878860056400299	169646714.0	216399640.0	1704168.0
2	7.8	14.0	1767655.0	-0.00878003736337026	185863375.0	233045645.0	1835379.0
2	7.8	15.0	1772065.0	-0.008801942070325216	202079376.0	249691804.0	1966436.0
2	7.8	16.0	1769622.0	-0.008789807558059692	218293752.0	266337959.0	2097497.0
2	7.8	17.0	1768241.0	-0.00878294805685679	234510429.0	282984250.0	2228422.0
2	7.8	18.0	1767406.0	-0.00877880056699117	250726833.0	299630461.0	2359427.0
2	7.8	19.0	1769637.0	-0.008789882063865662	266942822.0	316276591.0	2490513.0
2	7.8	20.0	1769339.0	-0.008788401881853739	283161090.0	332923023.0	2621297.0
2	7.8	21.0	1772403.0	-0.00880362093448639	299377152.0	349569342.0	2752194.0
2	7.8	22.0	1768263.0	-0.00878305733203888	315593032.0	366215175.0	2883577.0
2	7.8	23.0	1771028.0	-0.008796791235605875	331810808.0	382861625.0	3014343.0
2	7.8	24.0	1767027.0	-0.008776918053627014	348027783.0	399508026.0	3145158.0
2	7.8	25.0	1767813.0	-0.008780822157859802	364246912.0	416154402.0	3275998.0
2	7.8	26.0	1769912.0	-0.008791248003641764	380464485.0	432801222.0	3406394.0
2	7.8	27.0	1767033.0	-0.008776947855949402	396681785.0	449447142.0	3537690.0
2	7.8	28.0	1769867.0	-0.008791024486223856	412898236.0	466093104.0	3668944.0
2	7.8	29.0	1770919.0	-0.008796249826749166	429116308.0	482738997.0	3800267.0
2	7.8	30.0	1770891.0	-0.00879611074924469	445332928.0	499385199.0	3931281.0
2	7.8	31.0	1771983.0	-0.00880153477191925	461550371.0	516031719.0	4061977.0
2	7.8	32.0	1771319.0	-0.008798236648241678	477767650.0	532678071.0	4192841.0
2	7.8	33.0	1770478.0	-0.00879405935605367	493983878.0	549324398.0	4323730.0
2	7.8	34.0	1766789.0	-0.008775735894838968	510199196.0	565970359.0	4454985.0
2	7.8	35.0	1768995.0	-0.008786693215370178	526415867.0	582616732.0	4585828.0
2	7.8	36.0	1770464.0	-0.008793989817301432	542632586.0	599262983.0	4716793.0
2	7.8	37.0	1769542.0	-0.00878941019376119	558848494.0	615908941.0	4848051.0
2	7.8	38.0	1769574.0	-0.00878956913948059	575064885.0	632554994.0	4979214.0
2	7.8	39.0	1770013.0	-0.008791749676068624	591281559.0	649201421.0	5110003.0
2	7.8	40.0	1771464.0	-0.008798956871032715	607497674.0	665847468.0	5241172.0
2	7.8	41.0	1769794.0	-0.008790661891301474	623711938.0	682493310.0	5372546.0
2	7.8	42.0	1771762.0	-0.008800437053044638	639927874.0	699138884.0	5504188.0
2	7.8	43.0	1770438.0	-0.008793860673904419	656145419.0	715785051.0	5635237.0
2	7.8	44.0	1770057.0	-0.0087919682264328	672363315.0	732431731.0	5765773.0
2	7.8	45.0	1770930.0	-0.00879630446434021	688580384.0	749077665.0	5897055.0
2	7.8	46.0	1770285.0	-0.008793100714683533	704796862.0	765723601.0	6028335.0
2	7.8	47.0	1769414.0	-0.008788774410883585	721014046.0	782370004.0	6159148.0
2	7.8	48.0	1769654.0	-0.008789966503779093	737231316.0	799016160.0	6290208.0
2	7.8	49.0	1770202.0	-0.008792688449223837	753449877.0	815662588.0	6420996.0
2	7.8	50.0	1772334.0	-0.00880327820777893	769666272.0	832309244.0	6551556.0
2	7.8	51.0	1769977.0	-0.008791570862134298	785883834.0	848955690.0	6682326.0
2	7.8	52.0	1770434.0	-0.008793840805689493	802100027.0	865601247.0	6813985.0
2	7.8	53.0	1769828.0	-0.008790830771128336	818316730.0	882247211.0	6945237.0
2	7.8	54.0	1769427.0	-0.008788838982582092	834534052.0	898892987.0	7076677.0
2	7.8	55.0	1767384.0	-0.008778691291809082	850752245.0	915539210.0	7207670.0
2	7.8	56.0	1768301.0	-0.008783246080080668	866970003.0	932186062.0	7338034.0
2	7.8	57.0	1771960.0	-0.008801420529683432	883188152.0	948832527.0	7468785.0
2	7.8	58.0	1772699.0	-0.008805091182390848	899404506.0	965478747.0	7599781.0
2	7.8	59.0	1771862.0	-0.008800933758417765	915618923.0	982124624.0	7731120.0
2	7.8	60.0	1768756.0	-0.008785506089528402	931836198.0	998770449.0	7862511.0
2	7.8	61.0	1770341.0	-0.008793378869692484	948053094.0	1015416756.0	7993420.0
2	7.8	62.0	1768895.0	-0.00878619650999705	964269725.0	1032063759.0	8123633.0
2	7.8	63.0	1768294.0	-0.00878321131070455	980487494.0	1048710009.0	8254599.0
2	7.8	64.0	1771061.0	-0.008796955148379007	996704640.0	1065356269.0	8385555.0
2	7.8	65.0	1768278.0	-0.008783131837844849	1012920381.0	1082002630.0	8516410.0
2	7.8	66.0	1769423.0	-0.008788819114367167	1029138832.0	1098648815.0	8647441.0
2	7.8	67.0	1770899.0	-0.00879615048567454	1045355469.0	1115295064.0	8778408.0
2	7.8	68.0	1768754.0	-0.008785496155420939	1061572376.0	1131940837.0	8909851.0
2	7.8	69.0	1770319.0	-0.008793269594510397	1077789352.0	1148586643.0	9041261.0
2	7.8	70.0	1770494.0	-0.00879413882891337	1094006286.0	1165232379.0	9172741.0
2	7.8	71.0	1770422.0	-0.008793781201044718	1110221682.0	1181878068.0	9304268.0
2	7.8	72.0	1769561.0	-0.008789504567782084	1126437635.0	1198523716.0	9435836.0
2	7.8	73.0	1769262.0	-0.00878801941871643	1142653556.0	1215169535.0	9567233.0
2	7.8	74.0	1770523.0	-0.008794282873471579	1158870099.0	1231815444.0	9698540.0
2	7.8	75.0	1768696.0	-0.008785208066304525	1175086574.0	1248461270.0	9829930.0
2	7.8	76.0	1769116.0	-0.008787294228871664	1191303389.0	1265107309.0	9961107.0
2	7.8	77.0	1770774.0	-0.00879552960395813	1207521081.0	1281753783.0	10091849.0
2	7.8	78.0	1773278.0	-0.00880796710650126	1223736610.0	1298399241.0	10223607.0
2	7.8	79.0	1769911.0	-0.008791243036588034	1239953108.0	1315045571.0	10354493.0
2	7.8	80.0	1769542.0	-0.00878941019376119	1256170825.0	1331691601.0	10485679.0
2	7.8	81.0	1769316.0	-0.00878828763961792	1272387787.0	1348337376.0	10617120.0
2	7.8	82.0	1771013.0	-0.008796716729799906	1288603991.0	1364983154.0	10748558.0
2	7.8	83.0	1770627.0	-0.008794799447059631	1304820604.0	1381629256.0	10879672.0
2	7.8	84.0	1769583.0	-0.008789613842964172	1321037961.0	1398274560.0	11011584.0
2	7.8	85.0	1769158.0	-0.008787502845128378	1337254055.0	1414920470.0	11142890.0
2	7.8	86.0	1768175.0	-0.008782620231310526	1353470345.0	1431566371.0	11274205.0
2	7.8	87.0	1769553.0	-0.008789464831352234	1369688300.0	1448212829.0	11404963.0
2	7.8	88.0	1771558.0	-0.008799423774083456	1385904400.0	1464858372.0	11536636.0
2	7.8	89.0	1770740.0	-0.008795360724131266	1402120366.0	1481504099.0	11668125.0
2	7.8	90.0	1770765.0	-0.008795484900474548	1418337457.0	1498149960.0	11799480.0
2	7.8	91.0	1768116.0	-0.00878232717514038	1434554563.0	1514795962.0	11930694.0
2	7.8	92.0	1768532.0	-0.008784393469492594	1450772133.0	1531441924.0	12061948.0
2	7.8	93.0	1767600.0	-0.008779764175415039	1466990430.0	1548088497.0	12192591.0
2	7.8	94.0	1769646.0	-0.008789926767349243	1483206454.0	1564734059.0	12324245.0
2	7.8	95.0	1770327.0	-0.008793309330940247	1499423160.0	1581379509.0	12456011.0
2	7.8	96.0	1771356.0	-0.008798420429229736	1515639617.0	1598025100.0	12587636.0
2	7.8	97.0	1771765.0	-0.008800451954205831	1531855892.0	1614671512.0	12718440.0
2	7.8	98.0	1770985.0	-0.008796577652295431	1548072893.0	1631317635.0	12849533.0
2	7.8	99.0	1769927.0	-0.008791322509447733	1564287881.0	1647963609.0	12980775.0
2	7.8	100.0	1771738.0	-0.008800317843755087	1580506426.0	1664609630.0	13111970.0
3	7.7	1.0	82945777.0	-0.41199613114198047	1553310.0	16645548.0	131668.0
3	7.7	2.0	55484247.0	-0.27559323608875275	5290071.0	33292171.0	262261.0
3	7.7	3.0	29125987.0	-0.14467034240563711	12742555.0	49937876.0	393772.0
3	7.7	4.0	11392025.0	-0.05658480028311411	24404609.0	66583711.0	525153.0
3	7.7	5.0	3788679.0	-0.018818572163581848	39070716.0	83229478.0	656602.0
3	7.7	6.0	2007307.0	-0.009970401724179586	54986785.0	99875771.0	787525.0
3	7.7	7.0	1790158.0	-0.008891810973485311	71166988.0	116521784.0	918728.0
3	7.7	8.0	1773423.0	-0.008808687329292297	87375928.0	133168197.0	1049531.0
3	7.7	9.0	1774123.0	-0.008812164266904196	103586879.0	149814246.0	1180698.0
3	7.7	10.0	1773360.0	-0.008808374404907227	119798335.0	166460502.0	1311658.0
3	7.7	11.0	1773806.0	-0.008810589710871378	136010038.0	183106778.0	1442598.0
3	7.7	12.0	1772748.0	-0.008805334568023682	152221070.0	199753265.0	1573327.0
3	7.7	13.0	1773150.0	-0.008807331323623657	168432070.0	216399172.0	1704636.0
3	7.7	14.0	1772954.0	-0.008806357781092325	184642347.0	233045850.0	1835174.0
3	7.7	15.0	1771200.0	-0.008797645568847656	200853982.0	249692215.0	1966025.0
3	7.7	16.0	1773252.0	-0.008807837963104248	217065055.0	266338205.0	2097251.0
3	7.7	17.0	1772305.0	-0.008803134163220724	233274713.0	282983661.0	2229011.0
3	7.7	18.0	1773066.0	-0.00880691409111023	249486257.0	299630208.0	2359680.0
3	7.7	19.0	1773710.0	-0.008810112873713175	265696384.0	316276459.0	2490645.0
3	7.7	20.0	1775920.0	-0.00882109006245931	281907699.0	332922173.0	2622147.0
3	7.7	21.0	1772309.0	-0.008803154031435648	298118411.0	349568036.0	2753500.0
3	7.7	22.0	1774289.0	-0.008812988797823587	314328824.0	366214067.0	2884685.0
3	7.7	23.0	1772690.0	-0.008805046478907267	330539614.0	382860640.0	3015328.0
3	7.7	24.0	1772917.0	-0.008806174000104269	346751242.0	399506830.0	3146354.0
3	7.7	25.0	1770654.0	-0.008794933557510376	362961851.0	416152453.0	3277947.0
3	7.7	26.0	1773984.0	-0.008811473846435547	379172260.0	432798251.0	3409365.0
3	7.7	27.0	1773516.0	-0.008809149265289307	395382308.0	449444217.0	3540615.0
3	7.7	28.0	1772626.0	-0.008804728587468466	411593630.0	466090852.0	3671196.0
3	7.7	29.0	1773097.0	-0.0088070680697759	427804052.0	482737134.0	3802130.0
3	7.7	30.0	1771670.0	-0.008799980084101358	444016119.0	499383497.0	3932983.0
3	7.7	31.0	1774720.0	-0.008815129597981771	460226882.0	516029134.0	4064562.0
3	7.7	32.0	1773249.0	-0.008807823061943054	476436311.0	532674609.0	4196303.0
3	7.7	33.0	1772424.0	-0.008803725242614746	492646684.0	549321219.0	4326909.0
3	7.7	34.0	1773110.0	-0.008807132641474405	508857792.0	565968181.0	4457163.0
3	7.7	35.0	1772929.0	-0.008806233604749044	525068756.0	582614818.0	4587742.0
3	7.7	36.0	1770554.0	-0.008794436852137247	541280629.0	599261005.0	4718771.0
3	7.7	37.0	1771265.0	-0.008797968427340189	557491731.0	615907273.0	4849719.0
3	7.7	38.0	1774558.0	-0.008814324935277304	573701442.0	632553695.0	4980513.0
3	7.7	39.0	1771918.0	-0.008801211913426718	589911920.0	649200519.0	5110905.0
3	7.7	40.0	1775013.0	-0.008816584944725037	606122953.0	665846961.0	5241679.0
3	7.7	41.0	1774744.0	-0.008815248807271322	622334679.0	682492951.0	5372905.0
3	7.7	42.0	1772017.0	-0.008801703651746115	638545961.0	699138993.0	5504079.0
3	7.7	43.0	1771670.0	-0.008799980084101358	654756899.0	715785316.0	5634972.0
3	7.7	44.0	1772923.0	-0.008806203802426657	670969297.0	732431869.0	5765635.0
3	7.7	45.0	1773677.0	-0.008809948960940043	687179811.0	749077828.0	5896892.0
3	7.7	46.0	1774914.0	-0.00881609320640564	703389754.0	765723951.0	6027985.0
3	7.7	47.0	1771598.0	-0.008799622456232706	719599901.0	782369682.0	6159470.0
3	7.7	48.0	1772350.0	-0.008803357680638632	735811766.0	799016628.0	6289740.0
3	7.7	49.0	1771854.0	-0.008800894021987915	752022208.0	815662466.0	6421118.0
3	7.7	50.0	1772794.0	-0.008805563052495321	768233370.0	832308880.0	6551920.0
3	7.7	51.0	1772622.0	-0.00880470871925354	784443946.0	848955009.0	6683007.0
3	7.7	52.0	1771719.0	-0.008800223469734192	800654633.0	865601273.0	6813959.0
3	7.7	53.0	1772589.0	-0.008804544806480408	816865727.0	882247340.0	6945108.0
3	7.7	54.0	1770979.0	-0.008796547849973043	833078092.0	898893640.0	7076024.0
3	7.7	55.0	1773882.0	-0.008810967206954956	849288630.0	915539648.0	7207232.0
3	7.7	56.0	1772091.0	-0.008802071213722229	865500862.0	932185549.0	7338547.0
3	7.7	57.0	1772637.0	-0.00880478322505951	881712014.0	948831459.0	7469853.0
3	7.7	58.0	1775481.0	-0.008818909525871277	897922950.0	965477305.0	7601223.0
3	7.7	59.0	1773431.0	-0.008808727065722147	914133202.0	982123471.0	7732273.0
3	7.7	60.0	1772547.0	-0.008804336190223694	930344520.0	998770050.0	7862910.0
3	7.7	61.0	1771813.0	-0.008800690372784933	946554584.0	1015416049.0	7994127.0
3	7.7	62.0	1772633.0	-0.008804763356844584	962765322.0	1032062098.0	8125294.0
3	7.7	63.0	1773850.0	-0.008810808261235556	978976235.0	1048708425.0	8256183.0
3	7.7	64.0	1772921.0	-0.008806193868319193	995187210.0	1065353909.0	8387915.0
3	7.7	65.0	1773179.0	-0.008807475368181864	1011397305.0	1081999652.0	8519388.0
3	7.7	66.0	1771059.0	-0.008796945214271545	1027609318.0	1098645482.0	8650774.0
3	7.7	67.0	1773485.0	-0.008808995286623636	1043820572.0	1115292336.0	8781136.0
3	7.7	68.0	1768911.0	-0.00878627598285675	1060031456.0	1131938572.0	8912116.0
3	7.7	69.0	1771969.0	-0.008801465233167013	1076243853.0	1148585399.0	9042505.0
3	7.7	70.0	1775162.0	-0.008817325035730997	1092453696.0	1165231168.0	9173952.0
3	7.7	71.0	1771184.0	-0.008797566095987955	1108663126.0	1181877304.0	9305032.0
3	7.7	72.0	1773653.0	-0.008809829751650492	1124873750.0	1198522944.0	9436608.0
3	7.7	73.0	1773410.0	-0.00880862275759379	1141085217.0	1215168958.0	9567810.0
3	7.7	74.0	1773896.0	-0.008811036745707193	1157295865.0	1231815567.0	9698417.0
3	7.7	75.0	1770883.0	-0.00879607101281484	1173507125.0	1248461157.0	9830043.0
3	7.7	76.0	1772271.0	-0.00880296528339386	1189718580.0	1265107359.0	9961057.0
3	7.7	77.0	1771681.0	-0.008800034721692404	1205928951.0	1281752796.0	10092836.0
3	7.7	78.0	1771600.0	-0.00879963239034017	1222139177.0	1298398468.0	10224380.0
3	7.7	79.0	1772165.0	-0.008802438775698343	1238349803.0	1315044417.0	10355647.0
3	7.7	80.0	1773332.0	-0.00880823532740275	1254560790.0	1331690653.0	10486627.0
3	7.7	81.0	1772824.0	-0.00880571206410726	1270770355.0	1348336467.0	10618029.0
3	7.7	82.0	1775748.0	-0.00882023572921753	1286981118.0	1364982782.0	10748930.0
3	7.7	83.0	1772262.0	-0.008802920579910278	1303191013.0	1381628670.0	10880258.0
3	7.7	84.0	1775485.0	-0.008818929394086203	1319402508.0	1398274516.0	11011628.0
3	7.7	85.0	1774233.0	-0.008812710642814636	1335612368.0	1414920559.0	11142801.0
3	7.7	86.0	1773585.0	-0.008809491991996765	1351823416.0	1431566356.0	11274220.0
3	7.7	87.0	1773078.0	-0.008806973695755005	1368033187.0	1448212238.0	11405554.0
3	7.7	88.0	1771721.0	-0.008800233403841654	1384245840.0	1464857782.0	11537226.0
3	7.7	89.0	1772624.0	-0.008804718653361002	1400456573.0	1481503411.0	11668813.0
3	7.7	90.0	1771941.0	-0.008801326155662537	1416668278.0	1498149666.0	11799774.0
3	7.7	91.0	1773057.0	-0.008806869387626648	1432879444.0	1514795477.0	11931179.0
3	7.7	92.0	1772838.0	-0.008805781602859497	1449089735.0	1531441640.0	12062232.0
3	7.7	93.0	1771297.0	-0.008798127373059591	1465300599.0	1548087819.0	12193269.0
3	7.7	94.0	1772597.0	-0.008804584542910257	1481512156.0	1564733677.0	12324627.0
3	7.7	95.0	1774175.0	-0.008812422553698221	1497722753.0	1581379748.0	12455772.0
3	7.7	96.0	1772681.0	-0.008805001775423685	1513934658.0	1598025282.0	12587454.0
3	7.7	97.0	1774038.0	-0.008811742067337036	1530145955.0	1614671500.0	12718452.0
3	7.7	98.0	1770520.0	-0.008794267972310385	1546357886.0	1631318348.0	12848820.0
3	7.7	99.0	1771368.0	-0.008798480033874512	1562568827.0	1647964516.0	12979868.0
3	7.7	100.0	1773249.0	-0.008807823061943054	1578779519.0	1664610478.0	13111122.0
4	7.6	1.0	83754842.0	-0.4160148004690806	1489080.0	16646291.0	130925.0
4	7.6	2.0	57145791.0	-0.2838462144136429	5048325.0	33291707.0	262725.0
4	7.6	3.0	31044545.0	-0.1541999230782191	12165798.0	49937891.0	393757.0
4	7.6	4.0	12760569.0	-0.06338243186473846	23435871.0	66583747.0	525117.0
4	7.6	5.0	4321580.0	-0.021465520064036053	37838292.0	83230085.0	655995.0
4	7.6	6.0	2103986.0	-0.010450611511866251	53659658.0	99875798.0	787498.0
4	7.6	7.0	1802363.0	-0.008952433864275614	69822192.0	116522653.0	917859.0
4	7.6	8.0	1778513.0	-0.008833969632784525	86023587.0	133168825.0	1048903.0
4	7.6	9.0	1776720.0	-0.008825063705444336	102228224.0	149814703.0	1180241.0
4	7.6	10.0	1775629.0	-0.008819644649823507	118434438.0	166461318.0	1310842.0
4	7.6	11.0	1774413.0	-0.008813604712486267	134639734.0	183107646.0	1441730.0
4	7.6	12.0	1774792.0	-0.008815487225850424	150844448.0	199753584.0	1573008.0
4	7.6	13.0	1774371.0	-0.008813396096229553	167048898.0	216399302.0	1704506.0
4	7.6	14.0	1772948.0	-0.008806327978769938	183255206.0	233045271.0	1835753.0
4	7.6	15.0	1777056.0	-0.008826732635498047	199460913.0	249691828.0	1966412.0
4	7.6	16.0	1774521.0	-0.008814141154289246	215665424.0	266338194.0	2097262.0
4	7.6	17.0	1775471.0	-0.008818859855333963	231870376.0	282984246.0	2228426.0
4	7.6	18.0	1777221.0	-0.008827552199363708	248074401.0	299630428.0	2359460.0
4	7.6	19.0	1775127.0	-0.008817151188850403	264278558.0	316276089.0	2491015.0
4	7.6	20.0	1775960.0	-0.00882128874460856	280483014.0	332922461.0	2621859.0
4	7.6	21.0	1774874.0	-0.008815894524256388	296688204.0	349569051.0	2752485.0
4	7.6	22.0	1775836.0	-0.008820672829945883	312895025.0	366215084.0	2883668.0
4	7.6	23.0	1774137.0	-0.008812233805656433	329100016.0	382861265.0	3014703.0
4	7.6	24.0	1774199.0	-0.008812541762987772	345305477.0	399508337.0	3144847.0
4	7.6	25.0	1776025.0	-0.008821611603101095	361511221.0	416154953.0	3275447.0
4	7.6	26.0	1774339.0	-0.008813237150510153	377714701.0	432800737.0	3406879.0
4	7.6	27.0	1775565.0	-0.008819326758384705	393922024.0	449447095.0	3537737.0
4	7.6	28.0	1775362.0	-0.008818318446477255	410126963.0	466093552.0	3668496.0
4	7.6	29.0	1775147.0	-0.008817250529925028	426333364.0	482740085.0	3799179.0
4	7.6	30.0	1776466.0	-0.00882380207379659	442538461.0	499386602.0	3929878.0
4	7.6	31.0	1775157.0	-0.008817300200462341	458742109.0	516032635.0	4061061.0
4	7.6	32.0	1774127.0	-0.00881218413511912	474946792.0	532677980.0	4192932.0
4	7.6	33.0	1773312.0	-0.008808135986328125	491151858.0	549323675.0	4324453.0
4	7.6	34.0	1776819.0	-0.008825555443763733	507356687.0	565970215.0	4455129.0
4	7.6	35.0	1774095.0	-0.00881202518939972	523562098.0	582616118.0	4586442.0
4	7.6	36.0	1776645.0	-0.00882469117641449	539766677.0	599262365.0	4717411.0
4	7.6	37.0	1775711.0	-0.008820051948229471	555970475.0	615908338.0	4848654.0
4	7.6	38.0	1776185.0	-0.0088224063316981	572176928.0	632554296.0	4979912.0
4	7.6	39.0	1776274.0	-0.008822848399480184	588382711.0	649200850.0	5110574.0
4	7.6	40.0	1774224.0	-0.008812665939331055	604587350.0	665846727.0	5241913.0
4	7.6	41.0	1774852.0	-0.0088157852490743	620793261.0	682493231.0	5372625.0
4	7.6	42.0	1773823.0	-0.008810674150784811	636998066.0	699139237.0	5503835.0
4	7.6	43.0	1774379.0	-0.008813435832659403	653202743.0	715785817.0	5634471.0
4	7.6	44.0	1776042.0	-0.008821696043014526	669407877.0	732431615.0	5765889.0
4	7.6	45.0	1776933.0	-0.008826121687889099	685613189.0	749078066.0	5896654.0
4	7.6	46.0	1777304.0	-0.008827964464823404	701816503.0	765723554.0	6028382.0
4	7.6	47.0	1775819.0	-0.00882058839003245	718020424.0	782369134.0	6160018.0
4	7.6	48.0	1776823.0	-0.008825575311978659	734226089.0	799015242.0	6291126.0
4	7.6	49.0	1774736.0	-0.00881520907084147	750431563.0	815661956.0	6421628.0
4	7.6	50.0	1774406.0	-0.008813569943110148	766635831.0	832308152.0	6552648.0
4	7.6	51.0	1775728.0	-0.008820136388142904	782841639.0	848953980.0	6684036.0
4	7.6	52.0	1776856.0	-0.008825739224751791	799047555.0	865600385.0	6814847.0
4	7.6	53.0	1775854.0	-0.008820762236913046	815252122.0	882246470.0	6945978.0
4	7.6	54.0	1777680.0	-0.008829832077026367	831459230.0	898892752.0	7076912.0
4	7.6	55.0	1776199.0	-0.008822475870450338	847665171.0	915539244.0	7207636.0
4	7.6	56.0	1774413.0	-0.008813604712486267	863870466.0	932185479.0	7338617.0
4	7.6	57.0	1773788.0	-0.008810500303904215	880076383.0	948831712.0	7469600.0
4	7.6	58.0	1778011.0	-0.008831476171811422	896280983.0	965477381.0	7601147.0
4	7.6	59.0	1775531.0	-0.00881915787855784	912485969.0	982123507.0	7732237.0
4	7.6	60.0	1776236.0	-0.008822659651438395	928690981.0	998769539.0	7863421.0
4	7.6	61.0	1775204.0	-0.008817533651987711	944897534.0	1015416093.0	7994083.0
4	7.6	62.0	1773387.0	-0.008808508515357971	961104375.0	1032062466.0	8124926.0
4	7.6	63.0	1774050.0	-0.008811801671981812	977309854.0	1048708578.0	8256030.0
4	7.6	64.0	1775529.0	-0.008819147944450378	993515125.0	1065354610.0	8387214.0
4	7.6	65.0	1776818.0	-0.008825550476710001	1009720846.0	1082000748.0	8518292.0
4	7.6	66.0	1775865.0	-0.00882081687450409	1025925795.0	1098647181.0	8649075.0
4	7.6	67.0	1774763.0	-0.008815343181292215	1042130416.0	1115293591.0	8779881.0
4	7.6	68.0	1776227.0	-0.008822614947954813	1058335689.0	1131939617.0	8911071.0
4	7.6	69.0	1774498.0	-0.008814026912053427	1074541021.0	1148585657.0	9042247.0
4	7.6	70.0	1774907.0	-0.00881605843702952	1090745216.0	1165230874.0	9174246.0
4	7.6	71.0	1776898.0	-0.008825947841008505	1106949580.0	1181876645.0	9305691.0
4	7.6	72.0	1776145.0	-0.008822207649548849	1123155699.0	1198523112.0	9436440.0
4	7.6	73.0	1774409.0	-0.008813584844271341	1139359381.0	1215168545.0	9568223.0
4	7.6	74.0	1775460.0	-0.00881880521774292	1155565781.0	1231815025.0	9698959.0
4	7.6	75.0	1776502.0	-0.008823980887730917	1171771075.0	1248461179.0	9830021.0
4	7.6	76.0	1774755.0	-0.008815303444862366	1187977022.0	1265107485.0	9960931.0
4	7.6	77.0	1776834.0	-0.008825629949569702	1204181242.0	1281753240.0	10092392.0
4	7.6	78.0	1774623.0	-0.008814647793769836	1220385927.0	1298399573.0	10223275.0
4	7.6	79.0	1774988.0	-0.008816460768381754	1236590855.0	1315045644.0	10354420.0
4	7.6	80.0	1774336.0	-0.008813222249348959	1252795625.0	1331692032.0	10485248.0
4	7.6	81.0	1774673.0	-0.0088148961464564	1269001454.0	1348338307.0	10616189.0
4	7.6	82.0	1775479.0	-0.008818899591763815	1285205651.0	1364984340.0	10747372.0
4	7.6	83.0	1777768.0	-0.00883026917775472	1301408416.0	1381629165.0	10879763.0
4	7.6	84.0	1775586.0	-0.008819431066513062	1317614028.0	1398275704.0	11010440.0
4	7.6	85.0	1773600.0	-0.008809566497802734	1333818967.0	1414922452.0	11140908.0
4	7.6	86.0	1775597.0	-0.008819485704104105	1350024490.0	1431568076.0	11272500.0
4	7.6	87.0	1775607.0	-0.008819535374641418	1366229248.0	1448214161.0	11403631.0
4	7.6	88.0	1774429.0	-0.008813684185345968	1382435050.0	1464860471.0	11534537.0
4	7.6	89.0	1776685.0	-0.008824889858563742	1398640648.0	1481506224.0	11666000.0
4	7.6	90.0	1774086.0	-0.008811980485916138	1414846032.0	1498152412.0	11797028.0
4	7.6	91.0	1776661.0	-0.00882477064927419	1431052737.0	1514799025.0	11927631.0
4	7.6	92.0	1773900.0	-0.00881105661392212	1447257483.0	1531445616.0	12058256.0
4	7.6	93.0	1774121.0	-0.008812154332796732	1463461732.0	1548091701.0	12189387.0
4	7.6	94.0	1773520.0	-0.008809169133504232	1479667739.0	1564737879.0	12320425.0
4	7.6	95.0	1775000.0	-0.00881652037302653	1495873168.0	1581384275.0	12451245.0
4	7.6	96.0	1775518.0	-0.008819093306859335	1512079195.0	1598030672.0	12582064.0
4	7.6	97.0	1775498.0	-0.008818993965784708	1528284039.0	1614676832.0	12713120.0
4	7.6	98.0	1775926.0	-0.008821119864781698	1544489231.0	1631323096.0	12844072.0
4	7.6	99.0	1774827.0	-0.008815661072731018	1560694292.0	1647969248.0	12975136.0
4	7.6	100.0	1772916.0	-0.008806169033050537	1576898403.0	1664614904.0	13106696.0
5	7.5	1.0	84575318.0	-0.4200901488463084	1425291.0	16645968.0	131248.0
5	7.5	2.0	58829622.0	-0.2922098934650421	4804582.0	33291760.0	262672.0
5	7.5	3.0	33044462.0	-0.1641336182753245	11592455.0	49938975.0	392673.0
5	7.5	4.0	14244617.0	-0.07075377802054088	22468133.0	66585355.0	523509.0
5	7.5	5.0	4956549.0	-0.024619445204734802	36578420.0	83231107.0	654973.0
5	7.5	6.0	2235829.0	-0.011105482776959738	52283484.0	99877594.0	785702.0
5	7.5	7.0	1821225.0	-0.009046122431755066	68418559.0	116523245.0	917267.0
5	7.5	8.0	1780487.0	-0.008843774596850077	84613762.0	133169552.0	1048176.0
5	7.5	9.0	1777705.0	-0.00882995625336965	100813073.0	149815844.0	1179100.0
5	7.5	10.0	1777380.0	-0.008828341960906982	117011154.0	166461702.0	1310458.0
5	7.5	11.0	1778185.0	-0.008832340439160665	133209532.0	183107784.0	1441592.0
5	7.5	12.0	1777260.0	-0.008827745914459229	149408246.0	199754150.0	1572442.0
5	7.5	13.0	1777955.0	-0.00883119801680247	165607222.0	216399898.0	1703910.0
5	7.5	14.0	1779294.0	-0.008837848901748657	181807211.0	233046032.0	1834992.0
5	7.5	15.0	1777844.0	-0.008830646673838297	198005802.0	249692555.0	1965685.0
5	7.5	16.0	1777286.0	-0.008827875057856241	214204251.0	266338586.0	2096870.0
5	7.5	17.0	1779101.0	-0.008836890260378519	230403327.0	282984629.0	2228043.0
5	7.5	18.0	1779123.0	-0.008836999535560608	246601363.0	299630769.0	2359119.0
5	7.5	19.0	1778435.0	-0.008833582202593485	262799958.0	316276684.0	2490420.0
5	7.5	20.0	1779358.0	-0.00883816679318746	278999514.0	332922927.0	2621393.0
5	7.5	21.0	1779910.0	-0.008840908606847128	295198697.0	349569112.0	2752424.0
5	7.5	22.0	1779921.0	-0.008840963244438171	311397051.0	366215366.0	2883386.0
5	7.5	23.0	1776583.0	-0.00882438321908315	327594998.0	382861647.0	3014321.0
5	7.5	24.0	1776773.0	-0.008825326959292093	343794963.0	399507871.0	3145313.0
5	7.5	25.0	1777079.0	-0.008826846877733866	359992967.0	416153567.0	3276833.0
5	7.5	26.0	1778768.0	-0.008835236231486002	376191644.0	432798855.0	3408761.0
5	7.5	27.0	1775891.0	-0.008820946017901102	392391437.0	449444955.0	3539877.0
5	7.5	28.0	1779751.0	-0.008840118845303854	408591815.0	466091344.0	3670704.0
5	7.5	29.0	1778910.0	-0.008835941553115845	424790075.0	482737770.0	3801494.0
5	7.5	30.0	1779061.0	-0.008836691578229269	440988005.0	499383918.0	3932562.0
5	7.5	31.0	1776805.0	-0.008825485905011496	457186574.0	516029467.0	4064229.0
5	7.5	32.0	1778615.0	-0.008834476272265116	473384600.0	532675327.0	4195585.0
5	7.5	33.0	1778955.0	-0.008836165070533752	489583442.0	549321701.0	4326427.0
5	7.5	34.0	1777895.0	-0.008830899993578592	505781524.0	565968056.0	4457288.0
5	7.5	35.0	1777429.0	-0.008828585346539816	521979131.0	582613985.0	4588575.0
5	7.5	36.0	1780049.0	-0.008841599027315775	538178583.0	599260477.0	4719299.0
5	7.5	37.0	1778327.0	-0.008833045760790506	554379746.0	615907152.0	4849840.0
5	7.5	38.0	1777605.0	-0.008829459547996521	570578329.0	632553536.0	4980672.0
5	7.5	39.0	1777926.0	-0.008831053972244263	586777748.0	649199372.0	5112052.0
5	7.5	40.0	1776758.0	-0.008825252453486124	602977373.0	665846178.0	5242462.0
5	7.5	41.0	1779727.0	-0.008839999636014303	619176425.0	682492270.0	5373586.0
5	7.5	42.0	1778417.0	-0.008833492795626322	635374046.0	699138319.0	5504753.0
5	7.5	43.0	1776398.0	-0.008823464314142862	651572890.0	715783988.0	5636300.0
5	7.5	44.0	1778384.0	-0.00883332888285319	667771806.0	732429438.0	5768066.0
5	7.5	45.0	1778462.0	-0.00883371631304423	683971174.0	749075591.0	5899129.0
5	7.5	46.0	1778652.0	-0.008834660053253174	700170554.0	765721879.0	6030057.0
5	7.5	47.0	1778044.0	-0.008831640084584555	716369223.0	782368069.0	6161083.0
5	7.5	48.0	1776852.0	-0.008825719356536865	732568269.0	799014459.0	6291909.0
5	7.5	49.0	1779130.0	-0.008837034304936727	748766231.0	815660259.0	6423325.0
5	7.5	50.0	1775675.0	-0.008819873134295145	764965105.0	832306511.0	6554289.0
5	7.5	51.0	1779396.0	-0.008838355541229248	781163726.0	848952927.0	6685089.0
5	7.5	52.0	1779246.0	-0.008837610483169556	797362076.0	865599672.0	6815560.0
5	7.5	53.0	1777382.0	-0.008828351895014444	813560095.0	882245559.0	6946889.0
5	7.5	54.0	1778547.0	-0.00883413851261139	829759370.0	898891727.0	7077937.0
5	7.5	55.0	1778828.0	-0.008835534254709879	845959131.0	915538667.0	7208213.0
5	7.5	56.0	1780068.0	-0.00884169340133667	862157494.0	932184414.0	7339682.0
5	7.5	57.0	1779355.0	-0.008838151892026266	878356304.0	948830882.0	7470430.0
5	7.5	58.0	1779583.0	-0.008839284380276998	894556039.0	965477431.0	7601097.0
5	7.5	59.0	1779500.0	-0.0088388721148173	910756012.0	982124392.0	7731352.0
5	7.5	60.0	1779264.0	-0.008837699890136719	926955038.0	998770516.0	7862444.0
5	7.5	61.0	1777465.0	-0.008828764160474142	943155203.0	1015417799.0	7992377.0
5	7.5	62.0	1777359.0	-0.008828237652778625	959355931.0	1032064753.0	8122639.0
5	7.5	63.0	1777605.0	-0.008829459547996521	975554902.0	1048710904.0	8253704.0
5	7.5	64.0	1780078.0	-0.008841743071873983	991754622.0	1065356650.0	8385174.0
5	7.5	65.0	1777527.0	-0.008829072117805481	1007953725.0	1082002726.0	8516314.0
5	7.5	66.0	1778936.0	-0.008836070696512857	1024153318.0	1098648739.0	8647517.0
5	7.5	67.0	1776615.0	-0.008824542164802551	1040351579.0	1115295128.0	8778344.0
5	7.5	68.0	1775073.0	-0.008816882967948914	1056552215.0	1131941378.0	8909310.0
5	7.5	69.0	1777103.0	-0.008826966087023417	1072750969.0	1148586872.0	9041032.0
5	7.5	70.0	1780221.0	-0.008842453360557556	1088950165.0	1165233395.0	9171725.0
5	7.5	71.0	1776773.0	-0.008825326959292093	1105148168.0	1181879524.0	9302812.0
5	7.5	72.0	1778757.0	-0.008835181593894958	1121346201.0	1198525267.0	9434285.0
5	7.5	73.0	1776805.0	-0.008825485905011496	1137546917.0	1215171121.0	9565647.0
5	7.5	74.0	1776908.0	-0.008825997511545816	1153746170.0	1231817898.0	9696086.0
5	7.5	75.0	1778856.0	-0.008835673332214355	1169943641.0	1248463764.0	9827436.0
5	7.5	76.0	1779112.0	-0.008836944897969564	1186143092.0	1265110378.0	9958038.0
5	7.5	77.0	1776592.0	-0.008824427922566732	1202342022.0	1281756781.0	10088851.0
5	7.5	78.0	1776233.0	-0.0088226447502772	1218540380.0	1298402425.0	10220423.0
5	7.5	79.0	1776863.0	-0.008825773994127909	1234738298.0	1315048464.0	10351600.0
5	7.5	80.0	1780227.0	-0.008842483162879944	1250936586.0	1331695007.0	10482273.0
5	7.5	81.0	1775836.0	-0.008820672829945883	1267134976.0	1348340866.0	10613630.0
5	7.5	82.0	1776332.0	-0.008823136488596598	1283334314.0	1364986356.0	10745356.0
5	7.5	83.0	1776514.0	-0.008824040492375692	1299533186.0	1381632335.0	10876593.0
5	7.5	84.0	1779993.0	-0.008841320872306824	1315731600.0	1398278108.0	11008036.0
5	7.5	85.0	1779753.0	-0.008840128779411316	1331931030.0	1414924472.0	11138888.0
5	7.5	86.0	1780261.0	-0.008842652042706808	1348130156.0	1431570632.0	11269944.0
5	7.5	87.0	1778036.0	-0.008831600348154703	1364329919.0	1448217609.0	11400183.0
5	7.5	88.0	1777613.0	-0.00882949928442637	1380528094.0	1464864182.0	11530826.0
5	7.5	89.0	1778732.0	-0.008835057417551676	1396727685.0	1481510443.0	11661781.0
5	7.5	90.0	1779203.0	-0.00883739689985911	1412926826.0	1498156974.0	11792466.0
5	7.5	91.0	1776777.0	-0.008825346827507019	1429125567.0	1514802977.0	11923679.0
5	7.5	92.0	1779669.0	-0.008839711546897888	1445323296.0	1531448307.0	12055565.0
5	7.5	93.0	1776561.0	-0.008824273943901062	1461521915.0	1548094714.0	12186374.0
5	7.5	94.0	1780331.0	-0.008842999736467997	1477721020.0	1564740781.0	12317523.0
5	7.5	95.0	1777494.0	-0.008828908205032349	1493919066.0	1581386775.0	12448745.0
5	7.5	96.0	1778377.0	-0.008833294113477072	1510116786.0	1598032853.0	12579883.0
5	7.5	97.0	1780325.0	-0.008842969934145609	1526315841.0	1614678851.0	12711101.0
5	7.5	98.0	1780561.0	-0.008844142158826193	1542513255.0	1631324591.0	12842577.0
5	7.5	99.0	1777685.0	-0.008829856912295023	1558711337.0	1647970693.0	12973691.0
5	7.5	100.0	1778466.0	-0.008833736181259155	1574911240.0	1664617001.0	13104599.0
6	7.4	1.0	85331623.0	-0.423846756418546	1367280.0	16646147.0	131069.0
6	7.4	2.0	60426047.0	-0.3001394222180049	4586194.0	33291820.0	262612.0
6	7.4	3.0	35015389.0	-0.17392331858476004	11055378.0	49938590.0	393058.0
6	7.4	4.0	15819583.0	-0.07857671876748402	21541047.0	66584859.0	524005.0
6	7.4	5.0	5691324.0	-0.02826911211013794	35341707.0	83231004.0	655076.0
6	7.4	6.0	2416271.0	-0.012001747886339823	50907532.0	99877647.0	785649.0
6	7.4	7.0	1844701.0	-0.009162728985150656	67008873.0	116523390.0	917122.0
6	7.4	8.0	1785188.0	-0.008867124716440836	83192619.0	133170282.0	1047446.0
6	7.4	9.0	1782628.0	-0.008854409058888754	99385035.0	149816275.0	1178669.0
6	7.4	10.0	1784217.0	-0.008862301707267761	115577237.0	166462706.0	1309454.0
6	7.4	11.0	1779497.0	-0.008838857213656107	131770282.0	183109268.0	1440108.0
6	7.4	12.0	1781004.0	-0.00884634256362915	147961903.0	199755122.0	1571470.0
6	7.4	13.0	1781150.0	-0.008847067753473917	164153978.0	216401734.0	1702074.0
6	7.4	14.0	1782973.0	-0.008856122692426046	180347284.0	233048043.0	1832981.0
6	7.4	15.0	1780980.0	-0.0088462233543396	196540420.0	249694314.0	1963926.0
6	7.4	16.0	1779773.0	-0.008840228120485941	212733544.0	266341089.0	2094367.0
6	7.4	17.0	1782972.0	-0.008856117725372314	228926007.0	282987395.0	2225277.0
6	7.4	18.0	1781713.0	-0.00884986420472463	245118407.0	299633506.0	2356382.0
6	7.4	19.0	1780338.0	-0.008843034505844116	261312910.0	316280056.0	2487048.0
6	7.4	20.0	1780974.0	-0.008846193552017212	277506090.0	332926606.0	2617714.0
6	7.4	21.0	1778833.0	-0.008835559089978537	293699578.0	349572166.0	2749370.0
6	7.4	22.0	1779679.0	-0.008839761217435202	309892914.0	366217910.0	2880842.0
6	7.4	23.0	1781754.0	-0.008850067853927612	326085522.0	382863393.0	3012575.0
6	7.4	24.0	1778220.0	-0.00883251428604126	342277922.0	399509594.0	3143590.0
6	7.4	25.0	1783024.0	-0.008856376012166342	358470574.0	416156140.0	3274260.0
6	7.4	26.0	1781136.0	-0.00884699821472168	374662718.0	432802204.0	3405412.0
6	7.4	27.0	1781110.0	-0.008846869071324667	390855976.0	449448062.0	3536770.0
6	7.4	28.0	1781859.0	-0.008850589394569397	407048807.0	466094408.0	3667640.0
6	7.4	29.0	1780236.0	-0.008842527866363525	423241685.0	482740371.0	3798893.0
6	7.4	30.0	1780213.0	-0.008842413624127706	439433411.0	499386453.0	3930027.0
6	7.4	31.0	1782863.0	-0.008855576316515604	455626163.0	516032819.0	4060877.0
6	7.4	32.0	1781763.0	-0.008850112557411194	471819248.0	532679542.0	4191370.0
6	7.4	33.0	1782631.0	-0.008854423960049948	488012820.0	549326617.0	4321511.0
6	7.4	34.0	1778858.0	-0.008835683266321817	504205807.0	565973222.0	4452122.0
6	7.4	35.0	1781181.0	-0.008847221732139587	520399966.0	582619299.0	4583261.0
6	7.4	36.0	1783047.0	-0.00885649025440216	536592462.0	599265790.0	4713986.0
6	7.4	37.0	1778301.0	-0.008832916617393494	552785317.0	615911889.0	4845103.0
6	7.4	38.0	1781980.0	-0.008851190408070883	568979300.0	632557867.0	4976341.0
6	7.4	39.0	1783289.0	-0.00885769228140513	585172464.0	649204168.0	5107256.0
6	7.4	40.0	1782091.0	-0.008851741751035055	601364038.0	665850017.0	5238623.0
6	7.4	41.0	1783995.0	-0.008861199021339417	617555055.0	682495857.0	5369999.0
6	7.4	42.0	1780900.0	-0.008845825990041098	633748131.0	699142225.0	5500847.0
6	7.4	43.0	1780999.0	-0.008846317728360495	649941661.0	715788171.0	5632117.0
6	7.4	44.0	1782729.0	-0.008854910731315613	666133841.0	732434865.0	5762639.0
6	7.4	45.0	1781709.0	-0.008849844336509705	682326112.0	749081295.0	5893425.0
6	7.4	46.0	1781150.0	-0.008847067753473917	698519053.0	765727342.0	6024594.0
6	7.4	47.0	1780494.0	-0.008843809366226196	714711186.0	782373098.0	6156054.0
6	7.4	48.0	1782431.0	-0.00885343054930369	730904573.0	799019266.0	6287102.0
6	7.4	49.0	1782051.0	-0.008851543068885803	747096366.0	815665052.0	6418532.0
6	7.4	50.0	1781210.0	-0.008847365776697794	763289374.0	832311493.0	6549307.0
6	7.4	51.0	1781712.0	-0.008849859237670898	779481058.0	848957717.0	6680299.0
6	7.4	52.0	1780440.0	-0.008843541145324707	795675283.0	865604182.0	6811050.0
6	7.4	53.0	1778867.0	-0.008835727969805399	811869096.0	882250189.0	6942259.0
6	7.4	54.0	1781984.0	-0.008851210276285807	828062015.0	898896222.0	7073442.0
6	7.4	55.0	1781735.0	-0.008849973479906717	844254519.0	915542045.0	7204835.0
6	7.4	56.0	1780477.0	-0.008843724926312765	860447872.0	932188289.0	7335807.0
6	7.4	57.0	1781625.0	-0.008849427103996277	876641507.0	948834506.0	7466806.0
6	7.4	58.0	1783416.0	-0.008858323097229004	892834241.0	965480739.0	7597789.0
6	7.4	59.0	1781524.0	-0.008848925431569418	909025905.0	982126752.0	7728992.0
6	7.4	60.0	1779603.0	-0.008839383721351624	925218659.0	998772718.0	7860242.0
6	7.4	61.0	1783146.0	-0.008856981992721558	941410364.0	1015419123.0	7991053.0
6	7.4	62.0	1779680.0	-0.008839766184488932	957602453.0	1032065217.0	8122175.0
6	7.4	63.0	1782647.0	-0.008854503432909647	973795557.0	1048711289.0	8253319.0
6	7.4	64.0	1783085.0	-0.008856679002443949	989987053.0	1065357228.0	8384596.0
6	7.4	65.0	1782643.0	-0.008854483564694723	1006179069.0	1082002518.0	8516522.0
6	7.4	66.0	1780434.0	-0.00884351134300232	1022371638.0	1098649095.0	8647161.0
6	7.4	67.0	1783816.0	-0.008860309918721518	1038563165.0	1115294574.0	8778898.0
6	7.4	68.0	1783001.0	-0.008856261769930521	1054754586.0	1131940178.0	8910510.0
6	7.4	69.0	1782530.0	-0.008853922287623087	1070947334.0	1148585803.0	9042101.0
6	7.4	70.0	1780802.0	-0.00884533921877543	1087139568.0	1165231933.0	9173187.0
6	7.4	71.0	1782164.0	-0.008852104345957438	1103333471.0	1181878450.0	9303886.0
6	7.4	72.0	1780484.0	-0.008843759695688883	1119524630.0	1198524103.0	9435449.0
6	7.4	73.0	1780984.0	-0.008846243222554525	1135716058.0	1215169834.0	9566934.0
6	7.4	74.0	1782000.0	-0.008851289749145508	1151909315.0	1231816225.0	9697759.0
6	7.4	75.0	1781506.0	-0.008848836024602255	1168101455.0	1248461929.0	9829271.0
6	7.4	76.0	1783897.0	-0.008860712250073751	1184295438.0	1265108922.0	9959494.0
6	7.4	77.0	1781594.0	-0.008849273125330607	1200488194.0	1281754948.0	10090684.0
6	7.4	78.0	1780167.0	-0.008842185139656067	1216679817.0	1298400599.0	10222249.0
6	7.4	79.0	1779944.0	-0.00884107748667399	1232873018.0	1315047327.0	10352737.0
6	7.4	80.0	1780568.0	-0.00884417692820231	1249065538.0	1331693292.0	10483988.0
6	7.4	81.0	1779236.0	-0.008837560812632242	1265260022.0	1348339911.0	10614585.0
6	7.4	82.0	1779705.0	-0.008839890360832214	1281452937.0	1364986347.0	10745365.0
6	7.4	83.0	1781978.0	-0.008851180473963419	1297645493.0	1381631807.0	10877121.0
6	7.4	84.0	1783939.0	-0.008860920866330465	1313838110.0	1398278098.0	11008046.0
6	7.4	85.0	1782345.0	-0.0088530033826828	1330031159.0	1414924722.0	11138638.0
6	7.4	86.0	1783272.0	-0.0088576078414917	1346222589.0	1431570916.0	11269660.0
6	7.4	87.0	1780001.0	-0.008841360608736673	1362415306.0	1448217146.0	11400646.0
6	7.4	88.0	1781300.0	-0.00884781281153361	1378609528.0	1464863469.0	11531539.0
6	7.4	89.0	1781154.0	-0.008847087621688843	1394803081.0	1481510129.0	11662095.0
6	7.4	90.0	1783779.0	-0.00886012613773346	1410994129.0	1498155733.0	11793707.0
6	7.4	91.0	1782336.0	-0.008852958679199219	1427186164.0	1514801700.0	11924956.0
6	7.4	92.0	1783388.0	-0.008858184019724527	1443378518.0	1531448348.0	12055524.0
6	7.4	93.0	1779833.0	-0.008840526143709818	1459574507.0	1548095499.0	12185589.0
6	7.4	94.0	1781555.0	-0.008849079410235086	1475767839.0	1564741754.0	12316550.0
6	7.4	95.0	1782139.0	-0.008851980169614157	1491961222.0	1581388146.0	12447374.0
6	7.4	96.0	1782914.0	-0.0088558296362559	1508153303.0	1598034074.0	12578662.0
6	7.4	97.0	1782291.0	-0.008852735161781311	1524345230.0	1614679328.0	12710624.0
6	7.4	98.0	1782836.0	-0.00885544220606486	1540537973.0	1631324578.0	12842590.0
6	7.4	99.0	1780061.0	-0.00884165863196055	1556730828.0	1647970678.0	12973706.0
6	7.4	100.0	1782200.0	-0.008852283159891764	1572923559.0	1664616734.0	13104866.0
7	7.3	1.0	86107680.0	-0.427701473236084	1309223.0	16645890.0	131326.0
7	7.3	2.0	62026099.0	-0.30808696647485095	4371848.0	33292339.0	262093.0
7	7.3	3.0	37060010.0	-0.18407906095186868	10527689.0	49938870.0	392778.0
7	7.3	4.0	17511963.0	-0.086982861161232	20599160.0	66585229.0	523635.0
7	7.3	5.0	6568042.0	-0.03262381752332052	34054368.0	83231641.0	654439.0
7	7.3	6.0	2654142.0	-0.013183265924453735	49453301.0	99878169.0	785127.0
7	7.3	7.0	1874579.0	-0.009311134616533915	65511026.0	116524243.0	916269.0
7	7.3	8.0	1791529.0	-0.0088986208041509	81684949.0	133169663.0	1048065.0
7	7.3	9.0	1785563.0	-0.008868987361590067	97870989.0	149816068.0	1178876.0
7	7.3	10.0	1784267.0	-0.008862550059954325	114057043.0	166461789.0	1310371.0
7	7.3	11.0	1783654.0	-0.00885950525601705	130243602.0	183107924.0	1441452.0
7	7.3	12.0	1785278.0	-0.008867571751276651	146431165.0	199754314.0	1572278.0
7	7.3	13.0	1784700.0	-0.00886470079421997	162617141.0	216400286.0	1703522.0
7	7.3	14.0	1783592.0	-0.008859197298685709	178802900.0	233046204.0	1834820.0
7	7.3	15.0	1786229.0	-0.008872295419375101	194987626.0	249691647.0	1966593.0
7	7.3	16.0	1784597.0	-0.008864189187685648	211173016.0	266336977.0	2098479.0
7	7.3	17.0	1786026.0	-0.008871287107467651	227359925.0	282983212.0	2229460.0
7	7.3	18.0	1785080.0	-0.008866588274637857	243546508.0	299629439.0	2360449.0
7	7.3	19.0	1785871.0	-0.008870517214139303	259731111.0	316275809.0	2491295.0
7	7.3	20.0	1785329.0	-0.008867825071016947	275919059.0	332922517.0	2621803.0
7	7.3	21.0	1784075.0	-0.008861596385637919	292104519.0	349568167.0	2753369.0
7	7.3	22.0	1784984.0	-0.008866111437479654	308289916.0	366214448.0	2884304.0
7	7.3	23.0	1784527.0	-0.00886384149392446	324476717.0	382860590.0	3015378.0
7	7.3	24.0	1785830.0	-0.00887031356493632	340663622.0	399506819.0	3146365.0
7	7.3	25.0	1783025.0	-0.008856380979220072	356849134.0	416152779.0	3277621.0
7	7.3	26.0	1782867.0	-0.00885559618473053	373035779.0	432799306.0	3408310.0
7	7.3	27.0	1785742.0	-0.008869876464207968	389222189.0	449445843.0	3538989.0
7	7.3	28.0	1784025.0	-0.008861348032951355	405408876.0	466091879.0	3670169.0
7	7.3	29.0	1783698.0	-0.008859723806381226	421594590.0	482737910.0	3801354.0
7	7.3	30.0	1784496.0	-0.008863687515258789	437780090.0	499383799.0	3932681.0
7	7.3	31.0	1782506.0	-0.008853803078333536	453965407.0	516029412.0	4064284.0
7	7.3	32.0	1784780.0	-0.008865098158518473	470152795.0	532675648.0	4195264.0
7	7.3	33.0	1785586.0	-0.008869101603825888	486338243.0	549321942.0	4326186.0
7	7.3	34.0	1785551.0	-0.008868927756945292	502524010.0	565967645.0	4457699.0
7	7.3	35.0	1785450.0	-0.008868426084518433	518710616.0	582613788.0	4588772.0
7	7.3	36.0	1784611.0	-0.008864258726437887	534897003.0	599259721.0	4720055.0
7	7.3	37.0	1783814.0	-0.008860299984614054	551083948.0	615905468.0	4851524.0
7	7.3	38.0	1784836.0	-0.008865376313527426	567270522.0	632551547.0	4982661.0
7	7.3	39.0	1784003.0	-0.008861238757769266	583457807.0	649198150.0	5113274.0
7	7.3	40.0	1786799.0	-0.008875126640001932	599642968.0	665843887.0	5244753.0
7	7.3	41.0	1782900.0	-0.008855760097503662	615829045.0	682490296.0	5375560.0
7	7.3	42.0	1781071.0	-0.008846675356229147	632015435.0	699135632.0	5507440.0
7	7.3	43.0	1785151.0	-0.00886694093545278	648202983.0	715781942.0	5638346.0
7	7.3	44.0	1785494.0	-0.008868644634882608	664388538.0	732428166.0	5769338.0
7	7.3	45.0	1785690.0	-0.00886961817741394	680573490.0	749074406.0	5900314.0
7	7.3	46.0	1784663.0	-0.008864517013231913	696759873.0	765720451.0	6031485.0
7	7.3	47.0	1783026.0	-0.008856385946273804	712947435.0	782367130.0	6162022.0
7	7.3	48.0	1786290.0	-0.00887259840965271	729132955.0	799012943.0	6293425.0
7	7.3	49.0	1784291.0	-0.008862669269243876	745319729.0	815659604.0	6423980.0
7	7.3	50.0	1787294.0	-0.008877585331598917	761504846.0	832305483.0	6555317.0
7	7.3	51.0	1785306.0	-0.008867710828781128	777690335.0	848951671.0	6686345.0
7	7.3	52.0	1783505.0	-0.008858765165011087	793877850.0	865597685.0	6817547.0
7	7.3	53.0	1784108.0	-0.00886176029841105	810065381.0	882244641.0	6947807.0
7	7.3	54.0	1783726.0	-0.008859862883885702	826252269.0	898890882.0	7078782.0
7	7.3	55.0	1784320.0	-0.008862813313802084	842438147.0	915536632.0	7210248.0
7	7.3	56.0	1784864.0	-0.0088655153910319	858624646.0	932182912.0	7341184.0
7	7.3	57.0	1781705.0	-0.008849824468294779	874811630.0	948829523.0	7471789.0
7	7.3	58.0	1782531.0	-0.008853927254676819	890998115.0	965476341.0	7602187.0
7	7.3	59.0	1786256.0	-0.008872429529825846	907185068.0	982122664.0	7733080.0
7	7.3	60.0	1784385.0	-0.008863136172294617	923371180.0	998768788.0	7864172.0
7	7.3	61.0	1785182.0	-0.008867094914118448	939558532.0	1015414943.0	7995233.0
7	7.3	62.0	1783896.0	-0.00886070728302002	955745699.0	1032061883.0	8125509.0
7	7.3	63.0	1784101.0	-0.008861725529034933	971932586.0	1048707907.0	8256701.0
7	7.3	64.0	1787159.0	-0.008876914779345194	988119291.0	1065353811.0	8388013.0
7	7.3	65.0	1783854.0	-0.008860498666763306	1004304330.0	1081999944.0	8519096.0
7	7.3	66.0	1783961.0	-0.008861030141512552	1020490573.0	1098646168.0	8650088.0
7	7.3	67.0	1783985.0	-0.008861149350802103	1036676381.0	1115292058.0	8781414.0
7	7.3	68.0	1783755.0	-0.008860006928443909	1052861515.0	1131937620.0	8913068.0
7	7.3	69.0	1782498.0	-0.008853763341903687	1069047984.0	1148583547.0	9044357.0
7	7.3	70.0	1787044.0	-0.008876343568166098	1085234742.0	1165230199.0	9174921.0
7	7.3	71.0	1783391.0	-0.008858198920885721	1101420764.0	1181876329.0	9306007.0
7	7.3	72.0	1783867.0	-0.008860563238461813	1117607151.0	1198522451.0	9437101.0
7	7.3	73.0	1784459.0	-0.008863503734270731	1133793957.0	1215168905.0	9567863.0
7	7.3	74.0	1784145.0	-0.008861944079399109	1149981056.0	1231815926.0	9698058.0
7	7.3	75.0	1782811.0	-0.008855318029721579	1166168243.0	1248462309.0	9828891.0
7	7.3	76.0	1785309.0	-0.008867725729942322	1182354387.0	1265107994.0	9960422.0
7	7.3	77.0	1783594.0	-0.008859207232793173	1198540075.0	1281753643.0	10091989.0
7	7.3	78.0	1782937.0	-0.00885594387849172	1214726857.0	1298399711.0	10223137.0
7	7.3	79.0	1784864.0	-0.0088655153910319	1230913421.0	1315045846.0	10354218.0
7	7.3	80.0	1784370.0	-0.008863061666488647	1247100497.0	1331692649.0	10484631.0
7	7.3	81.0	1784467.0	-0.008863543470700582	1263285749.0	1348338187.0	10616309.0
7	7.3	82.0	1784978.0	-0.008866081635157267	1279473392.0	1364984657.0	10747055.0
7	7.3	83.0	1785749.0	-0.008869911233584086	1295659574.0	1381630744.0	10878184.0
7	7.3	84.0	1785172.0	-0.008867045243581137	1311846013.0	1398277421.0	11008723.0
7	7.3	85.0	1785057.0	-0.008866474032402039	1328031980.0	1414923216.0	11140144.0
7	7.3	86.0	1785510.0	-0.00886872410774231	1344216707.0	1431568999.0	11271577.0
7	7.3	87.0	1781863.0	-0.008850609262784323	1360404447.0	1448215910.0	11401882.0
7	7.3	88.0	1782500.0	-0.008853773276011149	1376590804.0	1464862158.0	11532850.0
7	7.3	89.0	1783245.0	-0.008857473731040955	1392777380.0	1481508667.0	11663557.0
7	7.3	90.0	1784055.0	-0.008861497044563293	1408964626.0	1498155184.0	11794256.0
7	7.3	91.0	1786364.0	-0.008872965971628824	1425151058.0	1514801219.0	11925437.0
7	7.3	92.0	1783822.0	-0.008860339721043905	1441337100.0	1531446769.0	12057103.0
7	7.3	93.0	1787400.0	-0.008878111839294434	1457523235.0	1548092550.0	12188538.0
7	7.3	94.0	1785441.0	-0.008868381381034851	1473708500.0	1564738386.0	12319918.0
7	7.3	95.0	1784339.0	-0.008862907687822977	1489893784.0	1581384868.0	12450652.0
7	7.3	96.0	1784415.0	-0.008863285183906555	1506079319.0	1598031143.0	12581593.0
7	7.3	97.0	1785453.0	-0.008868440985679626	1522265639.0	1614677246.0	12712706.0
7	7.3	98.0	1783551.0	-0.008858993649482727	1538452739.0	1631323419.0	12843749.0
7	7.3	99.0	1783879.0	-0.008860622843106588	1554639533.0	1647970028.0	12974356.0
7	7.3	100.0	1784244.0	-0.008862435817718506	1570825428.0	1664615612.0	13105988.0
8	7.2	1.0	86844223.0	-0.431359921892484	1252989.0	16646063.0	131153.0
8	7.2	2.0	63636203.0	-0.31608443955580395	4155886.0	33292150.0	262282.0
8	7.2	3.0	39159060.0	-0.19450515508651733	10000041.0	49937964.0	393684.0
8	7.2	4.0	19372165.0	-0.09622258444627126	19646734.0	66582970.0	525894.0
8	7.2	5.0	7610408.0	-0.03780130545298258	32729399.0	83229206.0	656874.0
8	7.2	6.0	2979488.0	-0.014799276987711588	47922354.0	99875572.0	787724.0
8	7.2	7.0	1927789.0	-0.00957543154557546	63919825.0	116521736.0	918776.0
8	7.2	8.0	1798980.0	-0.008935630321502686	80080001.0	133167625.0	1050103.0
8	7.2	9.0	1788138.0	-0.00888177752494812	96258344.0	149814080.0	1180864.0
8	7.2	10.0	1790253.0	-0.008892282843589783	112437380.0	166460213.0	1311947.0
8	7.2	11.0	1787775.0	-0.008879974484443665	128616504.0	183106926.0	1442450.0
8	7.2	12.0	1787265.0	-0.00887744128704071	144796160.0	199753313.0	1573279.0
8	7.2	13.0	1787522.0	-0.00887871781984965	160974937.0	216399461.0	1704347.0
8	7.2	14.0	1785411.0	-0.008868232369422913	177153868.0	233045591.0	1835433.0
8	7.2	15.0	1786068.0	-0.008871495723724365	193334640.0	249691471.0	1966769.0
8	7.2	16.0	1786088.0	-0.00887159506479899	209515190.0	266337752.0	2097704.0
8	7.2	17.0	1788620.0	-0.008884171644846598	225695485.0	282984206.0	2228466.0
8	7.2	18.0	1788176.0	-0.008881966272989908	241874598.0	299630302.0	2359586.0
8	7.2	19.0	1789888.0	-0.008890469868977865	258054290.0	316276351.0	2490753.0
8	7.2	20.0	1788024.0	-0.008881211280822754	274232659.0	332922567.0	2621753.0
8	7.2	21.0	1788145.0	-0.00888181229432424	290413356.0	349569655.0	2751881.0
8	7.2	22.0	1787097.0	-0.008876606822013855	306592934.0	366216126.0	2882626.0
8	7.2	23.0	1785793.0	-0.008870129783948263	322772966.0	382862860.0	3013108.0
8	7.2	24.0	1785850.0	-0.008870412906010946	338952241.0	399508917.0	3144267.0
8	7.2	25.0	1787045.0	-0.008876348535219828	355131981.0	416155260.0	3275140.0
8	7.2	26.0	1785015.0	-0.008866265416145325	371309970.0	432801160.0	3406456.0
8	7.2	27.0	1787637.0	-0.008879289031028748	387490886.0	449446839.0	3537993.0
8	7.2	28.0	1788887.0	-0.00888549784819285	403670288.0	466092742.0	3669306.0
8	7.2	29.0	1789561.0	-0.008888845642407736	419850760.0	482738738.0	3800526.0
8	7.2	30.0	1786375.0	-0.00887302060921987	436030859.0	499385090.0	3931390.0
8	7.2	31.0	1786453.0	-0.00887340803941091	452210750.0	516031275.0	4062421.0
8	7.2	32.0	1787976.0	-0.008880972862243652	468390136.0	532677520.0	4193392.0
8	7.2	33.0	1789418.0	-0.008888135353724161	484568946.0	549323505.0	4324623.0
8	7.2	34.0	1785944.0	-0.008870879809061686	500747411.0	565968984.0	4456360.0
8	7.2	35.0	1787372.0	-0.008877972761789957	516927507.0	582615139.0	4587421.0
8	7.2	36.0	1787417.0	-0.008878196279207865	533107318.0	599261506.0	4718270.0
8	7.2	37.0	1790139.0	-0.008891716599464417	549287402.0	615908027.0	4848965.0
8	7.2	38.0	1786779.0	-0.008875027298927307	565466809.0	632554225.0	4979983.0
8	7.2	39.0	1788990.0	-0.008886009454727173	581647197.0	649200446.0	5110978.0
8	7.2	40.0	1788434.0	-0.00888324777285258	597826334.0	665846680.0	5241960.0
8	7.2	41.0	1785551.0	-0.008868927756945292	614006082.0	682492822.0	5373034.0
8	7.2	42.0	1786592.0	-0.008874098459879557	630186967.0	699139002.0	5504070.0
8	7.2	43.0	1787249.0	-0.00887736181418101	646367368.0	715785616.0	5634672.0
8	7.2	44.0	1787419.0	-0.008878206213315329	662545692.0	732431639.0	5765865.0
8	7.2	45.0	1787059.0	-0.008876418073972067	678724861.0	749077912.0	5896808.0
8	7.2	46.0	1786989.0	-0.008876070380210876	694905109.0	765723644.0	6028292.0
8	7.2	47.0	1789088.0	-0.008886496225992838	711084471.0	782370231.0	6158921.0
8	7.2	48.0	1789353.0	-0.008887812495231628	727262655.0	799016159.0	6290209.0
8	7.2	49.0	1788179.0	-0.008881981174151102	743441487.0	815662528.0	6421056.0
8	7.2	50.0	1785168.0	-0.008867025375366211	759621895.0	832309169.0	6551631.0
8	7.2	51.0	1786234.0	-0.008872320254643759	775801462.0	848955535.0	6682481.0
8	7.2	52.0	1786152.0	-0.008871912956237793	791982023.0	865601769.0	6813463.0
8	7.2	53.0	1789552.0	-0.008888800938924154	808162088.0	882247432.0	6945016.0
8	7.2	54.0	1787641.0	-0.008879308899243673	824340979.0	898893627.0	7076037.0
8	7.2	55.0	1788950.0	-0.008885810772577921	840520153.0	915539604.0	7207276.0
8	7.2	56.0	1785661.0	-0.008869474132855734	856699702.0	932185634.0	7338462.0
8	7.2	57.0	1788001.0	-0.008881097038586935	872879264.0	948831715.0	7469597.0
8	7.2	58.0	1786901.0	-0.008875633279482523	889058540.0	965477799.0	7600729.0
8	7.2	59.0	1786086.0	-0.008871585130691528	905239009.0	982124130.0	7731614.0
8	7.2	60.0	1787296.0	-0.00887759526570638	921417010.0	998769958.0	7863002.0
8	7.2	61.0	1785520.0	-0.008868773778279623	937595651.0	1015416036.0	7994140.0
8	7.2	62.0	1788389.0	-0.008883024255434671	953773869.0	1032061772.0	8125620.0
8	7.2	63.0	1786907.0	-0.00887566308180491	969953218.0	1048707564.0	8257044.0
8	7.2	64.0	1787677.0	-0.008879487713178	986133630.0	1065354082.0	8387742.0
8	7.2	65.0	1786306.0	-0.008872677882512411	1002313624.0	1082000121.0	8518919.0
8	7.2	66.0	1786759.0	-0.008874927957852682	1018492906.0	1098645985.0	8650271.0
8	7.2	67.0	1786828.0	-0.00887527068456014	1034671742.0	1115291984.0	8781488.0
8	7.2	68.0	1784874.0	-0.008865565061569214	1050851530.0	1131938472.0	8912216.0
8	7.2	69.0	1788704.0	-0.008884588877360025	1067029512.0	1148584022.0	9043882.0
8	7.2	70.0	1786934.0	-0.008875797192255655	1083209874.0	1165229899.0	9175221.0
8	7.2	71.0	1788380.0	-0.00888297955195109	1099390054.0	1181876404.0	9305932.0
8	7.2	72.0	1786089.0	-0.008871600031852722	1115568444.0	1198522404.0	9437148.0
8	7.2	73.0	1787012.0	-0.008876184622446695	1131748055.0	1215167986.0	9568782.0
8	7.2	74.0	1785911.0	-0.008870715896288553	1147927809.0	1231814607.0	9699377.0
8	7.2	75.0	1784565.0	-0.008864030241966248	1164107781.0	1248461015.0	9830185.0
8	7.2	76.0	1786232.0	-0.008872310320536295	1180286384.0	1265107025.0	9961391.0
8	7.2	77.0	1788032.0	-0.008881251017252604	1196464731.0	1281752936.0	10092696.0
8	7.2	78.0	1788301.0	-0.00888258715470632	1212643880.0	1298398818.0	10224030.0
8	7.2	79.0	1789443.0	-0.008888259530067444	1228824722.0	1315045768.0	10354296.0
8	7.2	80.0	1785777.0	-0.008870050311088562	1245004714.0	1331692272.0	10485008.0
8	7.2	81.0	1787129.0	-0.008876765767733255	1261185411.0	1348338778.0	10615718.0
8	7.2	82.0	1786889.0	-0.008875573674837748	1277365097.0	1364984837.0	10746875.0
8	7.2	83.0	1787913.0	-0.008880659937858582	1293544304.0	1381630867.0	10878061.0
8	7.2	84.0	1787759.0	-0.008879895011583963	1309723973.0	1398277065.0	11009079.0
8	7.2	85.0	1787623.0	-0.00887921949227651	1325904111.0	1414922930.0	11140430.0
8	7.2	86.0	1788032.0	-0.008881251017252604	1342084283.0	1431569017.0	11271559.0
8	7.2	87.0	1786275.0	-0.00887252390384674	1358262230.0	1448215119.0	11402673.0
8	7.2	88.0	1786206.0	-0.008872181177139282	1374442905.0	1464861595.0	11533413.0
8	7.2	89.0	1787850.0	-0.00888034701347351	1390622775.0	1481507662.0	11664562.0
8	7.2	90.0	1786502.0	-0.008873651425043741	1406801854.0	1498153753.0	11795687.0
8	7.2	91.0	1786933.0	-0.008875792225201925	1422981737.0	1514799616.0	11927040.0
8	7.2	92.0	1790110.0	-0.00889157255490621	1439161134.0	1531445807.0	12058065.0
8	7.2	93.0	1790209.0	-0.008892064293225607	1455340521.0	1548092109.0	12188979.0
8	7.2	94.0	1787144.0	-0.008876840273539225	1471519260.0	1564738150.0	12320154.0
8	7.2	95.0	1786887.0	-0.008875563740730286	1487698255.0	1581383596.0	12451924.0
8	7.2	96.0	1785834.0	-0.008870333433151245	1503879028.0	1598029970.0	12582766.0
8	7.2	97.0	1786591.0	-0.008874093492825827	1520058069.0	1614676378.0	12713574.0
8	7.2	98.0	1789875.0	-0.008890405297279358	1536237476.0	1631322744.0	12844424.0
8	7.2	99.0	1785719.0	-0.008869762221972147	1552416915.0	1647969570.0	12974814.0
8	7.2	100.0	1790418.0	-0.008893102407455444	1568596509.0	1664615637.0	13105963.0
9	7.1	1.0	87565896.0	-0.4349445104598999	1198688.0	16646445.0	130771.0
9	7.1	2.0	65235912.0	-0.3240302801132202	3945620.0	33292687.0	261745.0
9	7.1	3.0	41278220.0	-0.20503113667170206	9478667.0	49939005.0	392643.0
9	7.1	4.0	21271895.0	-0.10565864543120067	18703870.0	66584838.0	524026.0
9	7.1	5.0	8771155.0	-0.043566798170407615	31397893.0	83230853.0	655227.0
9	7.1	6.0	3386955.0	-0.016823187470436096	46356917.0	99876637.0	786659.0
9	7.1	7.0	2000819.0	-0.009938175479571024	62272061.0	116522672.0	917840.0
9	7.1	8.0	1809430.0	-0.008987536032994589	78413645.0	133168285.0	1049443.0
9	7.1	9.0	1790596.0	-0.008893986543019613	94584867.0	149815023.0	1179921.0
9	7.1	10.0	1791813.0	-0.008900031447410583	110756961.0	166461848.0	1310312.0
9	7.1	11.0	1792534.0	-0.008903612693150839	126929268.0	183108129.0	1441247.0
9	7.1	12.0	1790292.0	-0.008892476558685303	143101337.0	199753907.0	1572685.0
9	7.1	13.0	1789012.0	-0.008886118729909262	159274171.0	216399778.0	1704030.0
9	7.1	14.0	1790865.0	-0.008895322680473328	175445906.0	233046118.0	1834906.0
9	7.1	15.0	1788923.0	-0.008885676662127176	191618706.0	249692582.0	1965658.0
9	7.1	16.0	1789839.0	-0.008890226483345032	207790835.0	266338703.0	2096753.0
9	7.1	17.0	1790344.0	-0.00889273484547933	223962991.0	282984393.0	2228279.0
9	7.1	18.0	1789316.0	-0.00888762871424357	240136546.0	299630671.0	2359217.0
9	7.1	19.0	1792311.0	-0.008902505040168762	256310208.0	316276842.0	2490262.0
9	7.1	20.0	1792128.0	-0.008901596069335938	272482568.0	332923333.0	2620987.0
9	7.1	21.0	1791402.0	-0.008897989988327026	288653667.0	349569123.0	2752413.0
9	7.1	22.0	1790489.0	-0.008893455068270365	304826532.0	366215183.0	2883569.0
9	7.1	23.0	1789849.0	-0.008890276153882345	320999401.0	382861219.0	3014749.0
9	7.1	24.0	1790182.0	-0.008891930182774862	337171855.0	399507820.0	3145364.0
9	7.1	25.0	1790788.0	-0.00889494021733602	353343345.0	416153361.0	3277039.0
9	7.1	26.0	1789235.0	-0.008887226382891336	369517112.0	432799476.0	3408140.0
9	7.1	27.0	1790474.0	-0.008893380562464396	385691103.0	449445891.0	3538941.0
9	7.1	28.0	1790648.0	-0.008894244829813639	401863970.0	466092258.0	3669790.0
9	7.1	29.0	1790447.0	-0.008893246452013651	418037106.0	482738667.0	3800597.0
9	7.1	30.0	1791888.0	-0.00890040397644043	434210272.0	499384881.0	3931599.0
9	7.1	31.0	1790828.0	-0.00889513889948527	450383054.0	516031533.0	4062163.0
9	7.1	32.0	1790628.0	-0.008894145488739014	466555922.0	532677364.0	4193548.0
9	7.1	33.0	1790446.0	-0.00889324148495992	482729810.0	549323563.0	4324565.0
9	7.1	34.0	1789876.0	-0.00889041026433309	498902413.0	565969947.0	4455397.0
9	7.1	35.0	1789972.0	-0.008890887101491293	515075149.0	582615617.0	4586943.0
9	7.1	36.0	1789634.0	-0.008889208237330118	531249263.0	599261828.0	4717948.0
9	7.1	37.0	1790561.0	-0.008893812696139017	547421687.0	615907385.0	4849607.0
9	7.1	38.0	1791283.0	-0.008897398908933004	563593524.0	632552955.0	4981253.0
9	7.1	39.0	1793188.0	-0.008906861146291098	579766056.0	649198990.0	5112434.0
9	7.1	40.0	1788349.0	-0.008882825573285421	595938824.0	665845228.0	5243412.0
9	7.1	41.0	1790319.0	-0.008892610669136047	612110871.0	682490758.0	5375098.0
9	7.1	42.0	1787915.0	-0.008880669871966044	628283603.0	699136947.0	5506125.0
9	7.1	43.0	1790445.0	-0.008893236517906189	644457663.0	715783288.0	5637000.0
9	7.1	44.0	1791990.0	-0.00890091061592102	660630303.0	732429211.0	5768293.0
9	7.1	45.0	1790960.0	-0.008895794550577799	676803176.0	749075408.0	5899312.0
9	7.1	46.0	1792028.0	-0.008901099363962809	692975484.0	765721352.0	6030584.0
9	7.1	47.0	1789244.0	-0.008887271086374918	709149005.0	782367556.0	6161596.0
9	7.1	48.0	1792153.0	-0.00890172024567922	725320150.0	799013444.0	6292924.0
9	7.1	49.0	1790955.0	-0.008895769715309143	741492722.0	815659289.0	6424295.0
9	7.1	50.0	1791303.0	-0.00889749825000763	757666010.0	832305014.0	6555786.0
9	7.1	51.0	1789387.0	-0.008887981375058493	773839610.0	848950823.0	6687193.0
9	7.1	52.0	1789639.0	-0.008889233072598776	790013261.0	865597318.0	6817914.0
9	7.1	53.0	1790538.0	-0.008893698453903198	806184608.0	882242992.0	6949456.0
9	7.1	54.0	1790890.0	-0.00889544685681661	822355528.0	898888351.0	7081313.0
9	7.1	55.0	1790364.0	-0.008892834186553955	838528486.0	915534288.0	7212592.0
9	7.1	56.0	1790947.0	-0.008895729978879293	854700559.0	932180117.0	7343979.0
9	7.1	57.0	1791290.0	-0.008897433678309122	870872401.0	948826257.0	7475055.0
9	7.1	58.0	1791679.0	-0.008899365862210592	887044494.0	965472303.0	7606225.0
9	7.1	59.0	1789629.0	-0.008889183402061462	903217493.0	982118205.0	7737539.0
9	7.1	60.0	1790564.0	-0.008893827597300211	919391501.0	998765089.0	7867871.0
9	7.1	61.0	1791214.0	-0.008897056182225546	935564632.0	1015411617.0	7998559.0
9	7.1	62.0	1792563.0	-0.008903756737709045	951736115.0	1032057901.0	8129491.0
9	7.1	63.0	1789013.0	-0.008886123696962992	967908722.0	1048703635.0	8260973.0
9	7.1	64.0	1789692.0	-0.008889496326446533	984081235.0	1065349708.0	8392116.0
9	7.1	65.0	1792308.0	-0.008902490139007568	1000254730.0	1081995821.0	8523219.0
9	7.1	66.0	1791367.0	-0.008897816141446432	1016426083.0	1098641995.0	8654261.0
9	7.1	67.0	1791634.0	-0.008899142344792684	1032598578.0	1115288295.0	8785177.0
9	7.1	68.0	1788509.0	-0.008883620301882425	1048771577.0	1131934697.0	8915991.0
9	7.1	69.0	1790492.0	-0.008893469969431559	1064943792.0	1148580563.0	9047341.0
9	7.1	70.0	1792147.0	-0.008901690443356832	1081116942.0	1165227000.0	9178120.0
9	7.1	71.0	1790427.0	-0.008893147110939026	1097290020.0	1181873505.0	9308831.0
9	7.1	72.0	1789297.0	-0.008887534340222677	1113464781.0	1198520245.0	9439307.0
9	7.1	73.0	1790935.0	-0.008895670374234518	1129637657.0	1215166383.0	9570385.0
9	7.1	74.0	1789543.0	-0.008888756235440573	1145810928.0	1231812648.0	9701336.0
9	7.1	75.0	1789788.0	-0.008889973163604736	1161983449.0	1248459011.0	9832189.0
9	7.1	76.0	1791488.0	-0.008898417154947916	1178156704.0	1265105203.0	9963213.0
9	7.1	77.0	1791805.0	-0.008899991710980734	1194327025.0	1281750882.0	10094750.0
9	7.1	78.0	1789768.0	-0.008889873822530111	1210499939.0	1298396949.0	10225899.0
9	7.1	79.0	1790489.0	-0.008893455068270365	1226672743.0	1315042770.0	10357294.0
9	7.1	80.0	1789876.0	-0.00889041026433309	1242844230.0	1331688326.0	10488954.0
9	7.1	81.0	1790750.0	-0.00889475146929423	1259017635.0	1348333914.0	10620582.0
9	7.1	82.0	1791586.0	-0.008898903926213583	1275190286.0	1364979826.0	10751886.0
9	7.1	83.0	1791111.0	-0.008896544575691223	1291362764.0	1381625759.0	10883169.0
9	7.1	84.0	1793808.0	-0.008909940719604492	1307535961.0	1398272515.0	11013629.0
9	7.1	85.0	1792282.0	-0.008902360995610556	1323708473.0	1414918466.0	11144894.0
9	7.1	86.0	1787132.0	-0.00887678066889445	1339880007.0	1431564686.0	11275890.0
9	7.1	87.0	1790825.0	-0.008895123998324076	1356053174.0	1448210554.0	11407238.0
9	7.1	88.0	1790973.0	-0.008895859122276306	1372225170.0	1464856442.0	11538566.0
9	7.1	89.0	1791391.0	-0.008897935350735983	1388398320.0	1481502483.0	11669741.0
9	7.1	90.0	1793081.0	-0.00890632967154185	1404572202.0	1498149044.0	11800396.0
9	7.1	91.0	1791402.0	-0.008897989988327026	1420745405.0	1514795753.0	11930903.0
9	7.1	92.0	1793205.0	-0.008906945586204529	1436919296.0	1531441863.0	12062009.0
9	7.1	93.0	1789847.0	-0.008890266219774881	1453092502.0	1548088030.0	12193058.0
9	7.1	94.0	1789628.0	-0.00888917843500773	1469266379.0	1564733644.0	12324660.0
9	7.1	95.0	1790253.0	-0.008892282843589783	1485439425.0	1581379707.0	12455813.0
9	7.1	96.0	1790592.0	-0.008893966674804688	1501612529.0	1598025760.0	12586976.0
9	7.1	97.0	1788808.0	-0.00888510545094808	1517785907.0	1614672224.0	12717728.0
9	7.1	98.0	1791420.0	-0.00889807939529419	1533959696.0	1631319035.0	12848133.0
9	7.1	99.0	1788306.0	-0.008882611989974976	1550132147.0	1647965234.0	12979150.0
9	7.1	100.0	1791318.0	-0.008897572755813599	1566305861.0	1664611944.0	13109656.0
10	7.0	1.0	88299866.0	-0.4385901788870494	1144217.0	16646516.0	130700.0
10	7.0	2.0	66870086.0	-0.33214731017748517	3740684.0	33293079.0	261353.0
10	7.0	3.0	43471227.0	-0.21592392027378082	8969899.0	49939641.0	392007.0
10	7.0	4.0	23381377.0	-0.11613655587037404	17757223.0	66586265.0	522599.0
10	7.0	5.0	10166847.0	-0.05049927532672882	30021727.0	83232756.0	653324.0
10	7.0	6.0	3947057.0	-0.019605244199434917	44697819.0	99878856.0	784440.0
10	7.0	7.0	2118574.0	-0.010523070891698202	60506161.0	116524998.0	915514.0
10	7.0	8.0	1827037.0	-0.00907499094804128	76623630.0	133170654.0	1047074.0
10	7.0	9.0	1796011.0	-0.008920883138974508	92785472.0	149816787.0	1178157.0
10	7.0	10.0	1794817.0	-0.008914952476819357	108950179.0	166462731.0	1309429.0
10	7.0	11.0	1792996.0	-0.008905907471974691	125114698.0	183109111.0	1440265.0
10	7.0	12.0	1792897.0	-0.008905415733655294	141279763.0	199755081.0	1571511.0
10	7.0	13.0	1791284.0	-0.008897403875986734	157445850.0	216400479.0	1703329.0
10	7.0	14.0	1792878.0	-0.0089053213596344	173612459.0	233046659.0	1834365.0
10	7.0	15.0	1793752.0	-0.008909662564595541	189778774.0	249693151.0	1965089.0
10	7.0	16.0	1794671.0	-0.008914227286974588	205944904.0	266338993.0	2096463.0
10	7.0	17.0	1794914.0	-0.00891543428103129	222110984.0	282985236.0	2227436.0
10	7.0	18.0	1792797.0	-0.008904919028282166	238275715.0	299631857.0	2358031.0
10	7.0	19.0	1794021.0	-0.008910998702049255	254441137.0	316277981.0	2489123.0
10	7.0	20.0	1794730.0	-0.008914520343144735	270607041.0	332924197.0	2620123.0
10	7.0	21.0	1793739.0	-0.008909597992897034	286772657.0	349570086.0	2751450.0
10	7.0	22.0	1792908.0	-0.008905470371246338	302939366.0	366216209.0	2882543.0
10	7.0	23.0	1795400.0	-0.008917848269144693	319105004.0	382862789.0	3013179.0
10	7.0	24.0	1795129.0	-0.008916502197583517	335268595.0	399508748.0	3144436.0
10	7.0	25.0	1793131.0	-0.008906578024228414	351434748.0	416155088.0	3275312.0
10	7.0	26.0	1794733.0	-0.008914535244305929	367601261.0	432800995.0	3406621.0
10	7.0	27.0	1794645.0	-0.008914098143577576	383766954.0	449447403.0	3537429.0
10	7.0	28.0	1794097.0	-0.008911376198132833	399934127.0	466094674.0	3667374.0
10	7.0	29.0	1791770.0	-0.008899817864100138	416101491.0	482741317.0	3797947.0
10	7.0	30.0	1794785.0	-0.008914793531099955	432267283.0	499387366.0	3929114.0
10	7.0	31.0	1794557.0	-0.008913661042849222	448434329.0	516033667.0	4060029.0
10	7.0	32.0	1791909.0	-0.008900508284568787	464599286.0	532679958.0	4190954.0
10	7.0	33.0	1793055.0	-0.008906200528144836	480764811.0	549326030.0	4322098.0
10	7.0	34.0	1792939.0	-0.008905624349912008	496930093.0	565971647.0	4453697.0
10	7.0	35.0	1791726.0	-0.008899599313735962	513095118.0	582618211.0	4584349.0
10	7.0	36.0	1793903.0	-0.008910412589708963	529260908.0	599264369.0	4715407.0
10	7.0	37.0	1794166.0	-0.008911718924840292	545426443.0	615910510.0	4846482.0
10	7.0	38.0	1792966.0	-0.008905758460362753	561591066.0	632556510.0	4977698.0
10	7.0	39.0	1795785.0	-0.008919760584831238	577756723.0	649203036.0	5108388.0
10	7.0	40.0	1792891.0	-0.008905385931332907	593922553.0	665849130.0	5239510.0
10	7.0	41.0	1794551.0	-0.008913631240526835	610088985.0	682495632.0	5370224.0
10	7.0	42.0	1793973.0	-0.008910760283470154	626254837.0	699142263.0	5500809.0
10	7.0	43.0	1796280.0	-0.008922219276428223	642419870.0	715787765.0	5632523.0
10	7.0	44.0	1794999.0	-0.00891585648059845	658585545.0	732434061.0	5763443.0
10	7.0	45.0	1794602.0	-0.00891388456026713	674752201.0	749080836.0	5893884.0
10	7.0	46.0	1792297.0	-0.008902435501416525	690918877.0	765726789.0	6025147.0
10	7.0	47.0	1796353.0	-0.008922581871350607	707086057.0	782373674.0	6155478.0
10	7.0	48.0	1795772.0	-0.00891969601313273	723250940.0	799019898.0	6286470.0
10	7.0	49.0	1793772.0	-0.008909761905670166	739415939.0	815665532.0	6418052.0
10	7.0	50.0	1794211.0	-0.0089119424422582	755580753.0	832311715.0	6549085.0
10	7.0	51.0	1795023.0	-0.008915975689888	771746458.0	848957339.0	6680677.0
10	7.0	52.0	1791373.0	-0.00889784594376882	787912008.0	865603085.0	6812147.0
10	7.0	53.0	1794677.0	-0.008914257089296976	804077809.0	882249175.0	6943273.0
10	7.0	54.0	1793139.0	-0.008906617760658264	820244049.0	898895376.0	7074288.0
10	7.0	55.0	1793247.0	-0.008907154202461243	836411171.0	915541662.0	7205218.0
10	7.0	56.0	1792049.0	-0.008901203672091166	852577394.0	932187763.0	7336333.0
10	7.0	57.0	1795728.0	-0.008919477462768555	868743666.0	948834030.0	7467282.0
10	7.0	58.0	1794626.0	-0.00891400376955668	884909208.0	965480603.0	7597925.0
10	7.0	59.0	1792907.0	-0.008905465404192606	901074784.0	982126616.0	7729128.0
10	7.0	60.0	1795909.0	-0.008920376499493917	917240153.0	998772634.0	7860326.0
10	7.0	61.0	1792678.0	-0.008904327948888143	933405599.0	1015418646.0	7991530.0
10	7.0	62.0	1792720.0	-0.008904536565144857	949571612.0	1032064809.0	8122583.0
10	7.0	63.0	1794951.0	-0.008915618062019348	965737677.0	1048710706.0	8253902.0
10	7.0	64.0	1792998.0	-0.008905917406082153	981903487.0	1065356964.0	8384860.0
10	7.0	65.0	1792410.0	-0.00890299677848816	998069100.0	1082002995.0	8516045.0
10	7.0	66.0	1792824.0	-0.00890505313873291	1014234906.0	1098649129.0	8647127.0
10	7.0	67.0	1794013.0	-0.008910958965619406	1030400334.0	1115295380.0	8778092.0
10	7.0	68.0	1792781.0	-0.008904839555422464	1046566335.0	1131941347.0	8909341.0
10	7.0	69.0	1794864.0	-0.008915185928344727	1062731468.0	1148587152.0	9040752.0
10	7.0	70.0	1794201.0	-0.008911892771720886	1078897330.0	1165233783.0	9171337.0
10	7.0	71.0	1793308.0	-0.008907457192738851	1095063410.0	1181880360.0	9301976.0
10	7.0	72.0	1796876.0	-0.008925179640452066	1111227846.0	1198526579.0	9432973.0
10	7.0	73.0	1793591.0	-0.008908862868944803	1127394792.0	1215172771.0	9563997.0
10	7.0	74.0	1796611.0	-0.008923863371213278	1143559866.0	1231818663.0	9695321.0
10	7.0	75.0	1793855.0	-0.008910174171129862	1159727135.0	1248465027.0	9826173.0
10	7.0	76.0	1795161.0	-0.008916661143302917	1175892596.0	1265111111.0	9957305.0
10	7.0	77.0	1792682.0	-0.008904347817103067	1192058305.0	1281757426.0	10088206.0
10	7.0	78.0	1795669.0	-0.00891918440659841	1208223734.0	1298403567.0	10219281.0
10	7.0	79.0	1795723.0	-0.008919452627499899	1224389576.0	1315049851.0	10350213.0
10	7.0	80.0	1795298.0	-0.008917341629664103	1240555515.0	1331695819.0	10481461.0
10	7.0	81.0	1793852.0	-0.008910159269968668	1256720139.0	1348341226.0	10613270.0
10	7.0	82.0	1793474.0	-0.008908281723658243	1272885034.0	1364986590.0	10745122.0
10	7.0	83.0	1793793.0	-0.008909866213798523	1289051010.0	1381631980.0	10876948.0
10	7.0	84.0	1793944.0	-0.008910616238911947	1305216616.0	1398277991.0	11008153.0
10	7.0	85.0	1794121.0	-0.008911495407422384	1321382579.0	1414923949.0	11139411.0
10	7.0	86.0	1794413.0	-0.008912945787111918	1337548847.0	1431569776.0	11270800.0
10	7.0	87.0	1793209.0	-0.008906965454419455	1353715439.0	1448216625.0	11401167.0
10	7.0	88.0	1794132.0	-0.008911550045013428	1369880980.0	1464862803.0	11532205.0
10	7.0	89.0	1794612.0	-0.008913934230804443	1386047072.0	1481508944.0	11663280.0
10	7.0	90.0	1793734.0	-0.008909573157628378	1402212385.0	1498154913.0	11794527.0
10	7.0	91.0	1794414.0	-0.00891295075416565	1418378936.0	1514801069.0	11925587.0
10	7.0	92.0	1794193.0	-0.008911853035291037	1434544178.0	1531446840.0	12057032.0
10	7.0	93.0	1794615.0	-0.008913949131965637	1450709922.0	1548092364.0	12188724.0
10	7.0	94.0	1796476.0	-0.008923192818959555	1466875845.0	1564738970.0	12319334.0
10	7.0	95.0	1794208.0	-0.008911927541097006	1483041656.0	1581385797.0	12449723.0
10	7.0	96.0	1793771.0	-0.008909756938616434	1499208392.0	1598032122.0	12580614.0
10	7.0	97.0	1796363.0	-0.008922631541887919	1515374475.0	1614678757.0	12711195.0
10	7.0	98.0	1795321.0	-0.008917455871899923	1531538135.0	1631324688.0	12842480.0
10	7.0	99.0	1791869.0	-0.008900309602419535	1547703689.0	1647971070.0	12973314.0
10	7.0	100.0	1794375.0	-0.00891275703907013	1563868964.0	1664616373.0	13105227.0
11	6.9	1.0	89108802.0	-0.44260820746421814	1084481.0	16646125.0	131091.0
11	6.9	2.0	68538248.0	-0.34043316046396893	3527399.0	33292688.0	261744.0
11	6.9	3.0	45787755.0	-0.22743023931980133	8444173.0	49938214.0	393434.0
11	6.9	4.0	25641657.0	-0.12736348807811737	16779803.0	66584080.0	524784.0
11	6.9	5.0	11739396.0	-0.05831021070480347	28578214.0	83230014.0	656066.0
11	6.9	6.0	4661758.0	-0.023155202468236286	42932287.0	99876482.0	786814.0
11	6.9	7.0	2298713.0	-0.011417830983797709	58599338.0	116522870.0	917642.0
11	6.9	8.0	1851775.0	-0.009197865923245748	74679807.0	133168806.0	1048922.0
11	6.9	9.0	1800619.0	-0.008943771322568258	90830089.0	149814487.0	1180457.0
11	6.9	10.0	1798422.0	-0.00893285870552063	106988656.0	166460912.0	1311248.0
11	6.9	11.0	1799912.0	-0.00894025961558024	123147043.0	183107015.0	1442361.0
11	6.9	12.0	1798630.0	-0.008933891852696737	139305781.0	199752997.0	1573595.0
11	6.9	13.0	1795126.0	-0.008916487296422323	155465206.0	216400274.0	1703534.0
11	6.9	14.0	1798616.0	-0.008933822313944498	171623807.0	233046472.0	1834552.0
11	6.9	15.0	1794683.0	-0.008914286891619364	187781436.0	249691731.0	1966509.0
11	6.9	16.0	1798838.0	-0.008934924999872843	203940204.0	266337744.0	2097712.0
11	6.9	17.0	1796973.0	-0.008925661444664001	220097515.0	282983994.0	2228678.0
11	6.9	18.0	1796984.0	-0.008925716082255045	236255984.0	299630579.0	2359309.0
11	6.9	19.0	1796942.0	-0.008925507465998331	252413513.0	316276285.0	2490819.0
11	6.9	20.0	1798516.0	-0.008933325608571371	268571907.0	332922827.0	2621493.0
11	6.9	21.0	1797623.0	-0.008928890029589335	284729553.0	349569033.0	2752503.0
11	6.9	22.0	1797647.0	-0.008929009238878885	300886506.0	366214944.0	2883808.0
11	6.9	23.0	1797325.0	-0.008927409847577414	317046688.0	382861608.0	3014360.0
11	6.9	24.0	1799386.0	-0.008937646945317587	333204871.0	399507843.0	3145341.0
11	6.9	25.0	1796269.0	-0.008922164638837179	349363490.0	416153814.0	3276586.0
11	6.9	26.0	1795288.0	-0.008917291959126791	365522133.0	432800264.0	3407352.0
11	6.9	27.0	1797589.0	-0.008928721149762472	381681718.0	449446261.0	3538571.0
11	6.9	28.0	1797033.0	-0.008925959467887878	397840267.0	466092852.0	3669196.0
11	6.9	29.0	1795766.0	-0.008919666210810343	413999884.0	482739200.0	3800064.0
11	6.9	30.0	1795498.0	-0.00891833504041036	430159264.0	499384882.0	3931598.0
11	6.9	31.0	1796549.0	-0.008923555413881937	446316490.0	516031209.0	4062487.0
11	6.9	32.0	1796562.0	-0.008923619985580444	462475251.0	532677366.0	4193546.0
11	6.9	33.0	1795259.0	-0.008917147914568583	478633450.0	549323284.0	4324844.0
11	6.9	34.0	1795678.0	-0.008919229110081991	494793636.0	565969417.0	4455927.0
11	6.9	35.0	1797835.0	-0.008929943044980368	510952597.0	582616231.0	4586329.0
11	6.9	36.0	1798425.0	-0.008932873606681824	527110602.0	599262412.0	4717364.0
11	6.9	37.0	1795433.0	-0.008918012181917826	543270402.0	615908693.0	4848299.0
11	6.9	38.0	1795893.0	-0.008920297026634216	559430254.0	632554347.0	4979861.0
11	6.9	39.0	1796422.0	-0.008922924598058065	575589695.0	649200242.0	5111182.0
11	6.9	40.0	1796606.0	-0.00892383853594462	591749182.0	665846312.0	5242328.0
11	6.9	41.0	1797734.0	-0.008929441372553507	607907758.0	682493427.0	5372429.0
11	6.9	42.0	1798326.0	-0.008932381868362427	624067676.0	699139778.0	5503294.0
11	6.9	43.0	1798316.0	-0.008932332197825113	640227011.0	715785507.0	5634781.0
11	6.9	44.0	1797856.0	-0.008930047353108725	656385612.0	732432046.0	5765458.0
11	6.9	45.0	1796904.0	-0.008925318717956543	672545346.0	749078514.0	5896206.0
11	6.9	46.0	1797831.0	-0.008929923176765442	688703182.0	765724951.0	6026985.0
11	6.9	47.0	1796303.0	-0.008922333518664042	704862763.0	782370963.0	6158189.0
11	6.9	48.0	1797884.0	-0.0089301864306132	721022248.0	799017470.0	6288898.0
11	6.9	49.0	1797707.0	-0.008929307262102762	737180237.0	815663713.0	6419871.0
11	6.9	50.0	1798493.0	-0.00893321136633555	753338037.0	832309913.0	6550887.0
11	6.9	51.0	1796694.0	-0.008924275636672974	769498278.0	848956452.0	6681564.0
11	6.9	52.0	1797172.0	-0.008926649888356527	785656693.0	865603101.0	6812131.0
11	6.9	53.0	1796557.0	-0.008923595150311789	801816622.0	882249987.0	6942461.0
11	6.9	54.0	1797545.0	-0.008928502599398295	817975009.0	898896341.0	7073323.0
11	6.9	55.0	1797908.0	-0.00893030563990275	834133269.0	915542432.0	7204448.0
11	6.9	56.0	1797864.0	-0.008930087089538574	850291724.0	932188292.0	7335804.0
11	6.9	57.0	1797755.0	-0.008929545680681864	866450972.0	948834962.0	7466350.0
11	6.9	58.0	1797089.0	-0.00892623762289683	882609864.0	965481655.0	7596873.0
11	6.9	59.0	1796817.0	-0.008924886584281921	898767568.0	982128136.0	7727608.0
11	6.9	60.0	1796034.0	-0.008920997381210327	914927239.0	998774509.0	7858451.0
11	6.9	61.0	1794475.0	-0.008913253744443258	931087865.0	1015420968.0	7989208.0
11	6.9	62.0	1794529.0	-0.008913521965344747	947247596.0	1032067006.0	8120386.0
11	6.9	63.0	1795771.0	-0.008919691046079	963408016.0	1048714089.0	8250519.0
11	6.9	64.0	1796814.0	-0.008924871683120728	979568711.0	1065360157.0	8381667.0
11	6.9	65.0	1795941.0	-0.008920535445213318	995728486.0	1082006253.0	8512787.0
11	6.9	66.0	1796262.0	-0.00892212986946106	1011886282.0	1098652328.0	8643928.0
11	6.9	67.0	1799206.0	-0.008936752875645956	1028043964.0	1115297922.0	8775550.0
11	6.9	68.0	1799738.0	-0.008939395348230997	1044200460.0	1131943911.0	8906777.0
11	6.9	69.0	1797008.0	-0.008925835291544596	1060358537.0	1148590079.0	9037825.0
11	6.9	70.0	1797291.0	-0.00892724096775055	1076517593.0	1165236866.0	9168254.0
11	6.9	71.0	1798259.0	-0.00893204907576243	1092674578.0	1181883129.0	9299207.0
11	6.9	72.0	1796177.0	-0.0089217076698939	1108833085.0	1198529568.0	9429984.0
11	6.9	73.0	1796341.0	-0.008922522266705831	1124990375.0	1215175867.0	9560901.0
11	6.9	74.0	1795502.0	-0.008918354908625284	1141149241.0	1231822003.0	9691981.0
11	6.9	75.0	1797586.0	-0.008928706248601278	1157307604.0	1248468209.0	9822991.0
11	6.9	76.0	1795920.0	-0.008920431137084961	1173466184.0	1265113855.0	9954561.0
11	6.9	77.0	1798190.0	-0.008931706349054972	1189625162.0	1281759913.0	10085719.0
11	6.9	78.0	1798045.0	-0.008930986126263937	1205783262.0	1298405196.0	10217652.0
11	6.9	79.0	1795935.0	-0.00892050564289093	1221942394.0	1315051180.0	10348884.0
11	6.9	80.0	1795983.0	-0.008920744061470032	1238100204.0	1331697242.0	10480038.0
11	6.9	81.0	1798241.0	-0.008931959668795267	1254258196.0	1348343455.0	10611041.0
11	6.9	82.0	1797147.0	-0.008926525712013245	1270415743.0	1364989819.0	10741893.0
11	6.9	83.0	1797388.0	-0.008927722771962484	1286574584.0	1381635877.0	10873051.0
11	6.9	84.0	1797677.0	-0.008929158250490824	1302731650.0	1398282186.0	11003958.0
11	6.9	85.0	1794524.0	-0.00891349713007609	1318889973.0	1414928366.0	11134994.0
11	6.9	86.0	1796024.0	-0.008920947710673014	1335048750.0	1431574543.0	11266033.0
11	6.9	87.0	1796840.0	-0.00892500082651774	1351207285.0	1448220547.0	11397245.0
11	6.9	88.0	1797882.0	-0.008930176496505737	1367364674.0	1464866084.0	11528924.0
11	6.9	89.0	1798970.0	-0.008935580650965372	1383522773.0	1481511361.0	11660863.0
11	6.9	90.0	1797879.0	-0.008930161595344543	1399681468.0	1498157777.0	11791663.0
11	6.9	91.0	1797175.0	-0.008926664789517721	1415839732.0	1514803703.0	11922953.0
11	6.9	92.0	1799204.0	-0.008936742941538492	1431997485.0	1531449334.0	12054538.0
11	6.9	93.0	1799934.0	-0.008940368890762329	1448154733.0	1548095228.0	12185860.0
11	6.9	94.0	1797252.0	-0.00892704725265503	1464311993.0	1564741710.0	12316594.0
11	6.9	95.0	1797684.0	-0.008929193019866943	1480470655.0	1581387676.0	12447844.0
11	6.9	96.0	1797084.0	-0.008926212787628174	1496630688.0	1598034182.0	12578554.0
11	6.9	97.0	1797229.0	-0.00892693301041921	1512787848.0	1614680065.0	12709887.0
11	6.9	98.0	1796376.0	-0.008922696113586426	1528947744.0	1631327087.0	12840081.0
11	6.9	99.0	1796750.0	-0.008924553791681925	1545107108.0	1647973081.0	12971303.0
11	6.9	100.0	1797275.0	-0.008927161494890848	1561265776.0	1664619269.0	13102331.0
12	6.8	1.0	89748921.0	-0.445787712931633	1036964.0	16646127.0	131089.0
12	6.8	2.0	70071653.0	-0.34804966549078625	3343479.0	33291803.0	262629.0
12	6.8	3.0	48000525.0	-0.23842118680477142	7971885.0	49938697.0	392951.0
12	6.8	4.0	27919383.0	-0.13867707550525665	15875477.0	66585618.0	523246.0
12	6.8	5.0	13422206.0	-0.06666881839434306	27210348.0	83231517.0	654563.0
12	6.8	6.0	5504893.0	-0.0273430993159612	41211937.0	99878350.0	784946.0
12	6.8	7.0	2550225.0	-0.012667104601860046	56704738.0	116525305.0	915207.0
12	6.8	8.0	1890782.0	-0.009391615788141886	72735104.0	133171596.0	1046132.0
12	6.8	9.0	1810759.0	-0.008994137247403463	88872758.0	149817475.0	1177469.0
12	6.8	10.0	1800599.0	-0.008943671981493631	105022929.0	166463657.0	1308503.0
12	6.8	11.0	1801028.0	-0.008945802847544352	121174134.0	183110064.0	1439312.0
12	6.8	12.0	1801744.0	-0.008949359258015951	137323997.0	199755960.0	1570632.0
12	6.8	13.0	1799890.0	-0.008940150340398153	153474669.0	216401778.0	1702030.0
12	6.8	14.0	1799769.0	-0.008939549326896667	169625059.0	233048016.0	1833008.0
12	6.8	15.0	1800172.0	-0.008941551049550375	185776081.0	249694110.0	1964130.0
12	6.8	16.0	1799786.0	-0.008939633766810099	201925089.0	266340191.0	2095265.0
12	6.8	17.0	1801712.0	-0.008949200312296549	218074478.0	282986011.0	2226661.0
12	6.8	18.0	1800404.0	-0.008942703406016031	234224625.0	299631744.0	2358144.0
12	6.8	19.0	1801456.0	-0.008947928746541342	250377386.0	316278240.0	2488864.0
12	6.8	20.0	1801932.0	-0.008950293064117432	266528348.0	332924524.0	2619796.0
12	6.8	21.0	1800382.0	-0.008942594130833944	282679203.0	349570273.0	2751263.0
12	6.8	22.0	1800839.0	-0.00894486407438914	298831391.0	366216969.0	2881783.0
12	6.8	23.0	1800694.0	-0.008944143851598104	314982404.0	382863193.0	3012775.0
12	6.8	24.0	1801189.0	-0.00894660254319509	331132885.0	399509132.0	3144052.0
12	6.8	25.0	1801089.0	-0.00894610583782196	347284420.0	416155382.0	3275018.0
12	6.8	26.0	1799223.0	-0.008936837315559387	363435220.0	432801784.0	3405832.0
12	6.8	27.0	1801557.0	-0.0089484304189682	379585851.0	449448417.0	3536415.0
12	6.8	28.0	1799033.0	-0.008935893575350443	395737002.0	466094848.0	3667200.0
12	6.8	29.0	1801217.0	-0.008946741620699564	411887415.0	482740583.0	3798681.0
12	6.8	30.0	1800129.0	-0.00894133746623993	428039265.0	499386440.0	3930040.0
12	6.8	31.0	1801268.0	-0.00894699494043986	444190695.0	516032846.0	4060850.0
12	6.8	32.0	1801209.0	-0.008946701884269714	460343052.0	532678788.0	4192124.0
12	6.8	33.0	1798654.0	-0.008934011061986288	476495573.0	549325109.0	4323019.0
12	6.8	34.0	1801511.0	-0.008948201934496561	492647951.0	565971848.0	4453496.0
12	6.8	35.0	1802724.0	-0.008954226970672607	508799152.0	582618273.0	4584287.0
12	6.8	36.0	1801818.0	-0.008949726819992065	524949856.0	599264019.0	4715757.0
12	6.8	37.0	1802324.0	-0.008952240149180094	541100180.0	615910040.0	4846952.0
12	6.8	38.0	1800162.0	-0.008941501379013062	557251368.0	632556224.0	4977984.0
12	6.8	39.0	1798892.0	-0.008935193220774332	573402925.0	649202629.0	5108795.0
12	6.8	40.0	1804832.0	-0.00896469751993815	589553075.0	665848563.0	5240077.0
12	6.8	41.0	1800501.0	-0.008943185210227966	605704490.0	682494678.0	5371178.0
12	6.8	42.0	1800553.0	-0.008943443497021994	621855897.0	699140730.0	5502342.0
12	6.8	43.0	1801697.0	-0.00894912580649058	638006045.0	715786731.0	5633557.0
12	6.8	44.0	1801889.0	-0.008950079480806986	654157546.0	732432655.0	5764849.0
12	6.8	45.0	1801849.0	-0.008949880798657736	670308343.0	749079036.0	5895684.0
12	6.8	46.0	1799758.0	-0.008939494689305624	686458768.0	765724995.0	6026941.0
12	6.8	47.0	1799018.0	-0.008935819069544474	702610625.0	782370930.0	6158222.0
12	6.8	48.0	1800088.0	-0.008941133817036947	718760664.0	799016939.0	6289429.0
12	6.8	49.0	1803314.0	-0.008957157532374064	734911613.0	815662867.0	6420717.0
12	6.8	50.0	1801726.0	-0.008949269851048788	751060878.0	832308637.0	6552163.0
12	6.8	51.0	1803092.0	-0.008956054846445719	767211968.0	848954457.0	6683559.0
12	6.8	52.0	1801356.0	-0.008947432041168213	783361839.0	865600100.0	6815132.0
12	6.8	53.0	1798967.0	-0.008935565749804178	799513528.0	882246215.0	6946233.0
12	6.8	54.0	1795990.0	-0.008920778830846151	815664915.0	898892704.0	7076960.0
12	6.8	55.0	1800726.0	-0.008944302797317505	831815538.0	915538893.0	7207987.0
12	6.8	56.0	1800803.0	-0.008944685260454813	847966899.0	932185092.0	7339004.0
12	6.8	57.0	1803135.0	-0.008956268429756165	864117939.0	948830917.0	7470395.0
12	6.8	58.0	1799884.0	-0.008940120538075766	880268209.0	965476333.0	7602195.0
12	6.8	59.0	1801664.0	-0.008948961893717447	896419261.0	982122834.0	7732910.0
12	6.8	60.0	1801640.0	-0.008948842684427897	912571238.0	998768954.0	7864006.0
12	6.8	61.0	1802778.0	-0.008954495191574097	928722928.0	1015415310.0	7994866.0
12	6.8	62.0	1800796.0	-0.008944650491078695	944874500.0	1032061168.0	8126224.0
12	6.8	63.0	1800784.0	-0.00894459088643392	961025799.0	1048707552.0	8257056.0
12	6.8	64.0	1800939.0	-0.008945360779762268	977176472.0	1065353095.0	8388729.0
12	6.8	65.0	1800691.0	-0.00894412895043691	993327408.0	1081999050.0	8519990.0
12	6.8	66.0	1800357.0	-0.008942469954490662	1009477518.0	1098644576.0	8651680.0
12	6.8	67.0	1802209.0	-0.008951668938000997	1025629714.0	1115290817.0	8782655.0
12	6.8	68.0	1801746.0	-0.008949369192123413	1041779840.0	1131936830.0	8913858.0
12	6.8	69.0	1800972.0	-0.0089455246925354	1057930204.0	1148582630.0	9045274.0
12	6.8	70.0	1800254.0	-0.008941958347956339	1074081318.0	1165228921.0	9176199.0
12	6.8	71.0	1801927.0	-0.008950268228848776	1090231954.0	1181875142.0	9307194.0
12	6.8	72.0	1799954.0	-0.008940468231836954	1106382018.0	1198521126.0	9438426.0
12	6.8	73.0	1801917.0	-0.008950218558311462	1122532488.0	1215167188.0	9569580.0
12	6.8	74.0	1801362.0	-0.0089474618434906	1138683468.0	1231813686.0	9700298.0
12	6.8	75.0	1799235.0	-0.008936896920204163	1154835771.0	1248459921.0	9831279.0
12	6.8	76.0	1800069.0	-0.008941039443016052	1170987876.0	1265105804.0	9962612.0
12	6.8	77.0	1799285.0	-0.008937145272890726	1187139183.0	1281752410.0	10093222.0
12	6.8	78.0	1801366.0	-0.008947481711705526	1203288680.0	1298398477.0	10224371.0
12	6.8	79.0	1801279.0	-0.008947049578030905	1219438409.0	1315044686.0	10355378.0
12	6.8	80.0	1799556.0	-0.008938491344451904	1235588591.0	1331691104.0	10486176.0
12	6.8	81.0	1799751.0	-0.008939459919929504	1251739296.0	1348337244.0	10617252.0
12	6.8	82.0	1801015.0	-0.008945738275845846	1267890570.0	1364984303.0	10747409.0
12	6.8	83.0	1800653.0	-0.00894394020239512	1284040459.0	1381630025.0	10878903.0
12	6.8	84.0	1802014.0	-0.008950700362523397	1300190936.0	1398275836.0	11010308.0
12	6.8	85.0	1801408.0	-0.00894769032796224	1316339658.0	1414921998.0	11141362.0
12	6.8	86.0	1798986.0	-0.008935660123825073	1332491477.0	1431568435.0	11272141.0
12	6.8	87.0	1802025.0	-0.008950755000114441	1348642987.0	1448214399.0	11403393.0
12	6.8	88.0	1801044.0	-0.008945882320404053	1364794187.0	1464860252.0	11534756.0
12	6.8	89.0	1800052.0	-0.008940955003102621	1380946285.0	1481506133.0	11666091.0
12	6.8	90.0	1800821.0	-0.008944774667421976	1397096924.0	1498152539.0	11796901.0
12	6.8	91.0	1801088.0	-0.008946100870768229	1413247813.0	1514798775.0	11927881.0
12	6.8	92.0	1801695.0	-0.008949115872383118	1429399976.0	1531444490.0	12059382.0
12	6.8	93.0	1798904.0	-0.008935252825419107	1445550845.0	1548090559.0	12190529.0
12	6.8	94.0	1801122.0	-0.008946269750595093	1461702329.0	1564736558.0	12321746.0
12	6.8	95.0	1801200.0	-0.008946657180786133	1477852652.0	1581382302.0	12453218.0
12	6.8	96.0	1800364.0	-0.008942504723866781	1494004528.0	1598028892.0	12583844.0
12	6.8	97.0	1800828.0	-0.008944809436798096	1510156020.0	1614675402.0	12714550.0
12	6.8	98.0	1801575.0	-0.008948519825935364	1526307750.0	1631321560.0	12845608.0
12	6.8	99.0	1800296.0	-0.008942166964213053	1542457897.0	1647967419.0	12976965.0
12	6.8	100.0	1803165.0	-0.008956417441368103	1558609067.0	1664613949.0	13107651.0
13	6.7	1.0	90451167.0	-0.44927580654621124	985712.0	16646525.0	130691.0
13	6.7	2.0	71662760.0	-0.35595277945200604	3150924.0	33292757.0	261675.0
13	6.7	3.0	50257448.0	-0.24963144461313883	7492989.0	49939085.0	392563.0
13	6.7	4.0	30327411.0	-0.15063787996768951	14956419.0	66584615.0	524249.0
13	6.7	5.0	15364760.0	-0.07631758848826091	25790782.0	83230706.0	655374.0
13	6.7	6.0	6573580.0	-0.03265132506688436	39385991.0	99876661.0	786635.0
13	6.7	7.0	2909382.0	-0.014451056718826294	54656776.0	116522381.0	918131.0
13	6.7	8.0	1958660.0	-0.009728769461313883	70612187.0	133168106.0	1049622.0
13	6.7	9.0	1818375.0	-0.00903196632862091	86732137.0	149814288.0	1180656.0
13	6.7	10.0	1804152.0	-0.008961319923400879	102873183.0	166460323.0	1311837.0
13	6.7	11.0	1804802.0	-0.008964548508326212	119016351.0	183106368.0	1443008.0
13	6.7	12.0	1802393.0	-0.008952582875887552	135159860.0	199752670.0	1573922.0
13	6.7	13.0	1805582.0	-0.008968422810236612	151302766.0	216398726.0	1705082.0
13	6.7	14.0	1805981.0	-0.008970404664675394	167446056.0	233044562.0	1836462.0
13	6.7	15.0	1804580.0	-0.008963445822397867	183590869.0	249691181.0	1967059.0
13	6.7	16.0	1803281.0	-0.008956993619600931	199733831.0	266336931.0	2098525.0
13	6.7	17.0	1804674.0	-0.008963912725448608	215877442.0	282983298.0	2229374.0
13	6.7	18.0	1803357.0	-0.00895737111568451	232021478.0	299628899.0	2360989.0
13	6.7	19.0	1805155.0	-0.008966301878293356	248165147.0	316275549.0	2491555.0
13	6.7	20.0	1804008.0	-0.008960604667663574	264307289.0	332921495.0	2622825.0
13	6.7	21.0	1801938.0	-0.00895032286643982	280451233.0	349567647.0	2753889.0
13	6.7	22.0	1801151.0	-0.0089464137951533	296594631.0	366213320.0	2885432.0
13	6.7	23.0	1806420.0	-0.008972585201263428	312739288.0	382859505.0	3016463.0
13	6.7	24.0	1806009.0	-0.00897054374217987	328882291.0	399505811.0	3147373.0
13	6.7	25.0	1804154.0	-0.008961329857508341	345026352.0	416152303.0	3278097.0
13	6.7	26.0	1803965.0	-0.008960391084353128	361169042.0	432798762.0	3408854.0
13	6.7	27.0	1805729.0	-0.008969152967135111	377312754.0	449444754.0	3540078.0
13	6.7	28.0	1805166.0	-0.0089663565158844	393456514.0	466090802.0	3671246.0
13	6.7	29.0	1804167.0	-0.008961394429206848	409601128.0	482737246.0	3802018.0
13	6.7	30.0	1803170.0	-0.008956442276636759	425744947.0	499383361.0	3933119.0
13	6.7	31.0	1802889.0	-0.008955046534538269	441888772.0	516029402.0	4064294.0
13	6.7	32.0	1803466.0	-0.00895791252454122	458033093.0	532676395.0	4194517.0
13	6.7	33.0	1802645.0	-0.008953834573427836	474176913.0	549322538.0	4325590.0
13	6.7	34.0	1802806.0	-0.008954634269078573	490321015.0	565968537.0	4456807.0
13	6.7	35.0	1805050.0	-0.008965780337651571	506464806.0	582615053.0	4587507.0
13	6.7	36.0	1804734.0	-0.008964210748672485	522607003.0	599260526.0	4719250.0
13	6.7	37.0	1804785.0	-0.00896446406841278	538751557.0	615906755.0	4850237.0
13	6.7	38.0	1802536.0	-0.008953293164571127	554895706.0	632552944.0	4981264.0
13	6.7	39.0	1802716.0	-0.008954187234242758	571040608.0	649199799.0	5111625.0
13	6.7	40.0	1805305.0	-0.008967046936353048	587184063.0	665846122.0	5242518.0
13	6.7	41.0	1802476.0	-0.00895299514134725	603326542.0	682492074.0	5373782.0
13	6.7	42.0	1804959.0	-0.008965328335762024	619470167.0	699138429.0	5504643.0
13	6.7	43.0	1804421.0	-0.008962656060854593	635612952.0	715783906.0	5636382.0
13	6.7	44.0	1802399.0	-0.00895261267820994	651756595.0	732429836.0	5767668.0
13	6.7	45.0	1803407.0	-0.008957619468371073	667900123.0	749076468.0	5898252.0
13	6.7	46.0	1803348.0	-0.008957326412200928	684045052.0	765723055.0	6028881.0
13	6.7	47.0	1802976.0	-0.00895547866821289	700189025.0	782369468.0	6159684.0
13	6.7	48.0	1806319.0	-0.008972083528836569	716331693.0	799015458.0	6290910.0
13	6.7	49.0	1803748.0	-0.008959313233693441	732474786.0	815662184.0	6421400.0
13	6.7	50.0	1803023.0	-0.00895571211973826	748619782.0	832308473.0	6552327.0
13	6.7	51.0	1808184.0	-0.00898134708404541	764762499.0	848953732.0	6684284.0
13	6.7	52.0	1805670.0	-0.008968859910964966	780906100.0	865599910.0	6815322.0
13	6.7	53.0	1805462.0	-0.008967826763788858	797048701.0	882245342.0	6947106.0
13	6.7	54.0	1805056.0	-0.008965810139973959	813192397.0	898892418.0	7077246.0
13	6.7	55.0	1803450.0	-0.008957833051681519	829335329.0	915538062.0	7208818.0
13	6.7	56.0	1805556.0	-0.0089682936668396	845478690.0	932184386.0	7339710.0
13	6.7	57.0	1804182.0	-0.008961468935012817	861620756.0	948830528.0	7470784.0
13	6.7	58.0	1804809.0	-0.008964583277702332	877764475.0	965476686.0	7601842.0
13	6.7	59.0	1803420.0	-0.00895768404006958	893907231.0	982122664.0	7733080.0
13	6.7	60.0	1806878.0	-0.008974860111872355	910051741.0	998769057.0	7863903.0
13	6.7	61.0	1804023.0	-0.008960679173469543	926194282.0	1015414675.0	7995501.0
13	6.7	62.0	1805411.0	-0.008967573444048563	942338498.0	1032060804.0	8126588.0
13	6.7	63.0	1802217.0	-0.008951708674430847	958483077.0	1048707143.0	8257465.0
13	6.7	64.0	1803156.0	-0.008956372737884521	974626972.0	1065353597.0	8388227.0
13	6.7	65.0	1803519.0	-0.008958175778388977	990770450.0	1081999868.0	8519172.0
13	6.7	66.0	1804356.0	-0.00896233320236206	1006913326.0	1098645607.0	8650649.0
13	6.7	67.0	1800605.0	-0.008943701783816019	1023056568.0	1115292124.0	8781348.0
13	6.7	68.0	1804596.0	-0.008963525295257568	1039200161.0	1131938239.0	8912449.0
13	6.7	69.0	1803821.0	-0.008959675828615824	1055342573.0	1148584067.0	9043837.0
13	6.7	70.0	1803487.0	-0.008958016832669577	1071485689.0	1165229929.0	9175191.0
13	6.7	71.0	1805858.0	-0.008969793717066446	1087628477.0	1181876153.0	9306183.0
13	6.7	72.0	1804788.0	-0.008964478969573975	1103771580.0	1198522344.0	9437208.0
13	6.7	73.0	1803686.0	-0.0089590052763621	1119915350.0	1215168719.0	9568049.0
13	6.7	74.0	1805088.0	-0.00896596908569336	1136057238.0	1231814108.0	9699876.0
13	6.7	75.0	1803633.0	-0.008958742022514343	1152200415.0	1248460402.0	9830798.0
13	6.7	76.0	1805185.0	-0.008966450889905294	1168343773.0	1265106683.0	9961733.0
13	6.7	77.0	1803613.0	-0.008958642681439718	1184487854.0	1281753101.0	10092531.0
13	6.7	78.0	1803401.0	-0.008957589666048685	1200631390.0	1298398901.0	10223947.0
13	6.7	79.0	1804659.0	-0.00896383821964264	1216775332.0	1315045330.0	10354734.0
13	6.7	80.0	1805549.0	-0.00896825889746348	1232917591.0	1331691290.0	10485990.0
13	6.7	81.0	1805879.0	-0.008969898025194803	1249060793.0	1348337018.0	10617478.0
13	6.7	82.0	1803839.0	-0.008959765235582987	1265203024.0	1364982870.0	10748842.0
13	6.7	83.0	1802836.0	-0.008954783280690512	1281346763.0	1381629530.0	10879398.0
13	6.7	84.0	1803905.0	-0.008960093061129252	1297490393.0	1398275706.0	11010438.0
13	6.7	85.0	1804482.0	-0.008962959051132202	1313632986.0	1414921870.0	11141490.0
13	6.7	86.0	1804345.0	-0.008962278564771017	1329777127.0	1431568270.0	11272306.0
13	6.7	87.0	1804282.0	-0.008961965640385946	1345921201.0	1448214729.0	11403063.0
13	6.7	88.0	1803182.0	-0.008956501881281534	1362066541.0	1464860745.0	11534263.0
13	6.7	89.0	1804810.0	-0.008964588244756063	1378210181.0	1481507345.0	11664879.0
13	6.7	90.0	1804345.0	-0.008962278564771017	1394352272.0	1498153166.0	11796274.0
13	6.7	91.0	1805594.0	-0.008968482414881388	1410495401.0	1514800125.0	11926531.0
13	6.7	92.0	1803891.0	-0.008960023522377014	1426640332.0	1531446532.0	12057340.0
13	6.7	93.0	1804069.0	-0.008960907657941183	1442784574.0	1548092744.0	12188344.0
13	6.7	94.0	1802952.0	-0.00895535945892334	1458927773.0	1564738427.0	12319877.0
13	6.7	95.0	1805987.0	-0.008970434466997782	1475070760.0	1581384259.0	12451261.0
13	6.7	96.0	1804838.0	-0.008964727322260538	1491213392.0	1598030570.0	12582166.0
13	6.7	97.0	1804744.0	-0.008964260419209799	1507356303.0	1614676599.0	12713353.0
13	6.7	98.0	1804825.0	-0.008964662750562033	1523499342.0	1631322936.0	12844232.0
13	6.7	99.0	1807788.0	-0.008979380130767822	1539643063.0	1647969175.0	12975209.0
13	6.7	100.0	1806813.0	-0.008974537253379822	1555786110.0	1664615067.0	13106533.0
14	6.6	1.0	91150683.0	-0.4527503401041031	934014.0	16646026.0	131190.0
14	6.6	2.0	73188498.0	-0.3635312020778656	2970867.0	33291712.0	262720.0
14	6.6	3.0	52564101.0	-0.2610887140035629	7035709.0	49938111.0	393537.0
14	6.6	4.0	32835064.0	-0.1630935271581014	14064606.0	66584058.0	524806.0
14	6.6	5.0	17437260.0	-0.086611807346344	24395229.0	83229821.0	656259.0
14	6.6	6.0	7847385.0	-0.03897838294506073	37550386.0	99875292.0	788004.0
14	6.6	7.0	3409352.0	-0.016934434572855633	52553125.0	116521070.0	919442.0
14	6.6	8.0	2072649.0	-0.01029495894908905	68407016.0	133167581.0	1050147.0
14	6.6	9.0	1834409.0	-0.009111608068148295	84501114.0	149814148.0	1180796.0
14	6.6	10.0	1810926.0	-0.008994966745376587	100633042.0	166460606.0	1311554.0
14	6.6	11.0	1809760.0	-0.008989175160725912	116768196.0	183106302.0	1443074.0
14	6.6	12.0	1809499.0	-0.008987878759702047	132902001.0	199751742.0	1574850.0
14	6.6	13.0	1808744.0	-0.008984128634134928	149036217.0	216397873.0	1705935.0
14	6.6	14.0	1810773.0	-0.0089942067861557	165172654.0	233044395.0	1836629.0
14	6.6	15.0	1809794.0	-0.008989344040552774	181306277.0	249690364.0	1967876.0
14	6.6	16.0	1809155.0	-0.008986170093218485	197441197.0	266336007.0	2099449.0
14	6.6	17.0	1810191.0	-0.008991315960884094	213576818.0	282982043.0	2230629.0
14	6.6	18.0	1809499.0	-0.008987878759702047	229711367.0	299627902.0	2361986.0
14	6.6	19.0	1806018.0	-0.008970588445663452	245846609.0	316274156.0	2492948.0
14	6.6	20.0	1807258.0	-0.008976747592290243	261982603.0	332920563.0	2623757.0
14	6.6	21.0	1808223.0	-0.00898154079914093	278117489.0	349566400.0	2755136.0
14	6.6	22.0	1808836.0	-0.008984585603078207	294253287.0	366212821.0	2885931.0
14	6.6	23.0	1807842.0	-0.008979648351669312	310387749.0	382859131.0	3016837.0
14	6.6	24.0	1807935.0	-0.00898011028766632	326522982.0	399504795.0	3148389.0
14	6.6	25.0	1809306.0	-0.00898692011833191	342658945.0	416150999.0	3279401.0
14	6.6	26.0	1808442.0	-0.008982628583908081	358794401.0	432796944.0	3410672.0
14	6.6	27.0	1807787.0	-0.00897937516371409	374930972.0	449443562.0	3541270.0
14	6.6	28.0	1806401.0	-0.008972490827242533	391065821.0	466089226.0	3672822.0
14	6.6	29.0	1807387.0	-0.008977388342221579	407202100.0	482735331.0	3803933.0
14	6.6	30.0	1809163.0	-0.008986209829648336	423336472.0	499381724.0	3934756.0
14	6.6	31.0	1808134.0	-0.008981098731358847	439472647.0	516027597.0	4066099.0
14	6.6	32.0	1807312.0	-0.008977015813191732	455608141.0	532673846.0	4197066.0
14	6.6	33.0	1807680.0	-0.008978843688964844	471743717.0	549320099.0	4328029.0
14	6.6	34.0	1808203.0	-0.008981441458066305	487878471.0	565966284.0	4459060.0
14	6.6	35.0	1808471.0	-0.008982772628466288	504015232.0	582612858.0	4589702.0
14	6.6	36.0	1806735.0	-0.008974149823188782	520150177.0	599259090.0	4720686.0
14	6.6	37.0	1810531.0	-0.008993004759152731	536285654.0	615905388.0	4851604.0
14	6.6	38.0	1807904.0	-0.00897995630900065	552419651.0	632551037.0	4983171.0
14	6.6	39.0	1806640.0	-0.00897367795308431	568554987.0	649196694.0	5114730.0
14	6.6	40.0	1806845.0	-0.008974696199099222	584689933.0	665842895.0	5245745.0
14	6.6	41.0	1805631.0	-0.008968666195869446	600825732.0	682488610.0	5377246.0
14	6.6	42.0	1808284.0	-0.008981843789418539	616961097.0	699135315.0	5507757.0
14	6.6	43.0	1807391.0	-0.008977408210436503	633097081.0	715781577.0	5638711.0
14	6.6	44.0	1806842.0	-0.008974681297938028	649232919.0	732427535.0	5769969.0
14	6.6	45.0	1808841.0	-0.008984610438346863	665369458.0	749073962.0	5900758.0
14	6.6	46.0	1809814.0	-0.008989443381627401	681504889.0	765720093.0	6031843.0
14	6.6	47.0	1807410.0	-0.008977502584457397	697640776.0	782366632.0	6162520.0
14	6.6	48.0	1808649.0	-0.008983656764030457	713776566.0	799013240.0	6293128.0
14	6.6	49.0	1806896.0	-0.008974949518839518	729912839.0	815659077.0	6424507.0
14	6.6	50.0	1807909.0	-0.008979981144269308	746049295.0	832305336.0	6555464.0
14	6.6	51.0	1809033.0	-0.008985564112663269	762183780.0	848951152.0	6686864.0
14	6.6	52.0	1808735.0	-0.008984083930651346	778318756.0	865596638.0	6818594.0
14	6.6	53.0	1808218.0	-0.008981515963872274	794455078.0	882243273.0	6949175.0
14	6.6	54.0	1810154.0	-0.008991132179896036	810591735.0	898889470.0	7080194.0
14	6.6	55.0	1808594.0	-0.008983383576075235	826727775.0	915536366.0	7210514.0
14	6.6	56.0	1809635.0	-0.0089885542790095	842863114.0	932182516.0	7341580.0
14	6.6	57.0	1808533.0	-0.008983080585797628	858999101.0	948829132.0	7472180.0
14	6.6	58.0	1808548.0	-0.008983155091603598	875134700.0	965475278.0	7603250.0
14	6.6	59.0	1808998.0	-0.008985390265782675	891269270.0	982121176.0	7734568.0
14	6.6	60.0	1806811.0	-0.00897452731927236	907404803.0	998766979.0	7865981.0
14	6.6	61.0	1805482.0	-0.008967926104863485	923539918.0	1015412926.0	7997250.0
14	6.6	62.0	1808511.0	-0.00898297131061554	939674163.0	1032058879.0	8128513.0
14	6.6	63.0	1808178.0	-0.008981317281723022	955810549.0	1048705110.0	8259498.0
14	6.6	64.0	1808338.0	-0.008982112010320028	971946692.0	1065350963.0	8390861.0
14	6.6	65.0	1806660.0	-0.008973777294158936	988082204.0	1081997041.0	8521999.0
14	6.6	66.0	1805068.0	-0.008965869744618734	1004218352.0	1098643249.0	8653007.0
14	6.6	67.0	1807505.0	-0.008977974454561869	1020353902.0	1115289799.0	8783673.0
14	6.6	68.0	1807264.0	-0.00897677739461263	1036489368.0	1131935748.0	8914940.0
14	6.6	69.0	1806629.0	-0.008973623315493265	1052625690.0	1148581856.0	9046048.0
14	6.6	70.0	1806926.0	-0.008975098530451456	1068761917.0	1165228217.0	9176903.0
14	6.6	71.0	1809196.0	-0.008986373742421469	1084896298.0	1181874248.0	9308088.0
14	6.6	72.0	1809161.0	-0.008986199895540873	1101031996.0	1198520894.0	9438658.0
14	6.6	73.0	1807205.0	-0.008976484338442484	1117167655.0	1215166686.0	9570082.0
14	6.6	74.0	1808027.0	-0.008980567256609598	1133303650.0	1231812643.0	9701341.0
14	6.6	75.0	1808584.0	-0.008983333905537924	1149438193.0	1248458890.0	9832310.0
14	6.6	76.0	1810252.0	-0.008991618951161703	1165574622.0	1265105244.0	9963172.0
14	6.6	77.0	1808732.0	-0.008984069029490152	1181709707.0	1281751184.0	10094448.0
14	6.6	78.0	1809412.0	-0.008987446626027426	1197845182.0	1298396648.0	10226200.0
14	6.6	79.0	1808047.0	-0.008980666597684225	1213980831.0	1315042796.0	10357268.0
14	6.6	80.0	1807988.0	-0.008980373541514078	1230115693.0	1331688472.0	10488808.0
14	6.6	81.0	1806677.0	-0.008973861734072367	1246251984.0	1348335129.0	10619367.0
14	6.6	82.0	1809983.0	-0.008990282813707987	1262387616.0	1364981154.0	10750558.0
14	6.6	83.0	1810308.0	-0.008991897106170654	1278522415.0	1381627075.0	10881853.0
14	6.6	84.0	1809124.0	-0.008986016114552816	1294656402.0	1398273533.0	11012611.0
14	6.6	85.0	1811152.0	-0.008996089299519857	1310791024.0	1414919902.0	11143458.0
14	6.6	86.0	1808123.0	-0.008981044093767801	1326926852.0	1431566300.0	11274276.0
14	6.6	87.0	1808179.0	-0.008981322248776754	1343062525.0	1448212541.0	11405251.0
14	6.6	88.0	1809359.0	-0.008987183372179667	1359196549.0	1464858744.0	11536264.0
14	6.6	89.0	1807181.0	-0.008976365129152933	1375332210.0	1481504001.0	11668223.0
14	6.6	90.0	1809012.0	-0.008985459804534912	1391468256.0	1498150318.0	11799122.0
14	6.6	91.0	1808864.0	-0.008984724680582682	1407603708.0	1514797147.0	11929509.0
14	6.6	92.0	1807451.0	-0.00897770623366038	1423738461.0	1531443236.0	12060636.0
14	6.6	93.0	1807634.0	-0.008978615204493204	1439873801.0	1548089923.0	12191165.0
14	6.6	94.0	1808872.0	-0.008984764417012533	1456010082.0	1564736171.0	12322133.0
14	6.6	95.0	1808788.0	-0.008984347184499105	1472145815.0	1581382330.0	12453190.0
14	6.6	96.0	1808705.0	-0.008983934919039408	1488279337.0	1598028195.0	12584541.0
14	6.6	97.0	1806642.0	-0.008973687887191772	1504414323.0	1614674275.0	12715677.0
14	6.6	98.0	1808592.0	-0.008983373641967773	1520551243.0	1631320890.0	12846278.0
14	6.6	99.0	1809182.0	-0.00898630420366923	1536687458.0	1647967029.0	12977355.0
14	6.6	100.0	1808057.0	-0.008980716268221537	1552821027.0	1664612935.0	13108665.0
15	6.5	1.0	91831915.0	-0.45613405605157215	885492.0	16645481.0	131735.0
15	6.5	2.0	74734494.0	-0.3712102472782135	2794693.0	33291482.0	262950.0
15	6.5	3.0	54881064.0	-0.27259719371795654	6585288.0	49937884.0	393764.0
15	6.5	4.0	35481470.0	-0.17623836795488992	13176461.0	66583847.0	525017.0
15	6.5	5.0	19772573.0	-0.09821143249670665	22972816.0	83230619.0	655461.0
15	6.5	6.0	9378402.0	-0.04658302664756775	35644686.0	99877413.0	785883.0
15	6.5	7.0	4100632.0	-0.020368059476216633	50320185.0	116523083.0	917429.0
15	6.5	8.0	2255364.0	-0.011202514171600342	66026506.0	133169059.0	1048669.0
15	6.5	9.0	1867038.0	-0.009273678064346313	82078188.0	149814797.0	1180147.0
15	6.5	10.0	1816162.0	-0.009020974238713583	98196684.0	166460496.0	1311664.0
15	6.5	11.0	1811838.0	-0.008999496698379517	114323852.0	183106703.0	1442673.0
15	6.5	12.0	1812338.0	-0.009001980225245157	130451914.0	199752359.0	1574233.0
15	6.5	13.0	1812745.0	-0.00900400181611379	146578702.0	216398210.0	1705598.0
15	6.5	14.0	1812473.0	-0.00900265077749888	162706488.0	233044394.0	1836630.0
15	6.5	15.0	1813858.0	-0.009009530146916708	178833651.0	249690813.0	1967427.0
15	6.5	16.0	1811290.0	-0.008996774752934774	194961271.0	266336431.0	2099025.0
15	6.5	17.0	1810940.0	-0.008995036284128824	211088258.0	282982638.0	2230034.0
15	6.5	18.0	1810041.0	-0.008990570902824402	227215908.0	299628623.0	2361265.0
15	6.5	19.0	1813235.0	-0.009006435672442118	243343925.0	316274800.0	2492304.0
15	6.5	20.0	1812477.0	-0.009002670645713806	259472123.0	332921258.0	2623062.0
15	6.5	21.0	1812555.0	-0.009003058075904846	275598906.0	349567461.0	2754075.0
15	6.5	22.0	1815404.0	-0.00901720921198527	291725213.0	366213115.0	2885637.0
15	6.5	23.0	1813689.0	-0.00900869071483612	307852298.0	382859661.0	3016307.0
15	6.5	24.0	1811840.0	-0.008999506632486979	323980171.0	399506189.0	3146995.0
15	6.5	25.0	1812856.0	-0.009004553159077963	340107085.0	416152118.0	3278282.0
15	6.5	26.0	1811934.0	-0.00899997353553772	356234619.0	432798472.0	3409144.0
15	6.5	27.0	1813265.0	-0.009006584684054056	372362022.0	449444941.0	3539891.0
15	6.5	28.0	1811706.0	-0.008998841047286987	388489388.0	466091070.0	3670978.0
15	6.5	29.0	1811856.0	-0.00899958610534668	404616173.0	482737253.0	3802011.0
15	6.5	30.0	1812989.0	-0.009005213777224222	420742909.0	499383221.0	3933259.0
15	6.5	31.0	1812476.0	-0.009002665678660074	436867507.0	516029299.0	4064397.0
15	6.5	32.0	1810670.0	-0.008993695179621378	452995398.0	532675569.0	4195343.0
15	6.5	33.0	1809709.0	-0.008988921840985617	469121775.0	549320787.0	4327341.0
15	6.5	34.0	1813484.0	-0.009007672468821207	485249510.0	565966618.0	4458726.0
15	6.5	35.0	1812894.0	-0.009004741907119751	501375102.0	582612397.0	4590163.0
15	6.5	36.0	1813525.0	-0.00900787611802419	517502793.0	599259231.0	4720545.0
15	6.5	37.0	1810297.0	-0.00899184246857961	533630886.0	615905301.0	4851691.0
15	6.5	38.0	1809878.0	-0.008989761273066202	549757478.0	632551983.0	4982225.0
15	6.5	39.0	1810254.0	-0.008991628885269165	565886554.0	649198747.0	5112677.0
15	6.5	40.0	1810510.0	-0.008992900451024374	582012981.0	665844752.0	5243888.0
15	6.5	41.0	1812141.0	-0.009001001715660095	598140218.0	682491488.0	5374368.0
15	6.5	42.0	1812466.0	-0.009002616008122763	614268451.0	699138022.0	5505050.0
15	6.5	43.0	1810458.0	-0.008992642164230347	630394311.0	715784366.0	5635922.0
15	6.5	44.0	1812730.0	-0.009003927310307821	646522848.0	732430932.0	5766572.0
15	6.5	45.0	1813194.0	-0.009006232023239136	662648719.0	749077068.0	5897652.0
15	6.5	46.0	1812120.0	-0.009000897407531738	678776691.0	765723474.0	6028462.0
15	6.5	47.0	1812402.0	-0.00900229811668396	694903958.0	782370136.0	6159016.0
15	6.5	48.0	1812659.0	-0.009003574649492899	711030466.0	799016481.0	6289887.0
15	6.5	49.0	1810986.0	-0.008995264768600464	727158081.0	815662842.0	6420742.0
15	6.5	50.0	1812415.0	-0.009002362688382467	743284471.0	832308587.0	6552213.0
15	6.5	51.0	1811077.0	-0.008995716770490011	759411282.0	848954512.0	6683504.0
15	6.5	52.0	1809667.0	-0.008988713224728903	775539944.0	865600573.0	6814659.0
15	6.5	53.0	1810746.0	-0.008994072675704956	791666204.0	882246223.0	6946225.0
15	6.5	54.0	1813167.0	-0.009006097912788391	807793157.0	898891940.0	7077724.0
15	6.5	55.0	1811332.0	-0.008996983369191488	823921407.0	915538116.0	7208764.0
15	6.5	56.0	1813187.0	-0.009006197253863016	840049195.0	932185018.0	7339078.0
15	6.5	57.0	1810653.0	-0.008993610739707947	856176358.0	948830887.0	7470425.0
15	6.5	58.0	1812121.0	-0.00900090237458547	872302700.0	965477245.0	7601283.0
15	6.5	59.0	1812425.0	-0.009002412358919779	888429730.0	982123277.0	7732467.0
15	6.5	60.0	1812435.0	-0.009002462029457092	904558053.0	998769751.0	7863209.0
15	6.5	61.0	1814252.0	-0.009011487166086832	920685105.0	1015416681.0	7993495.0
15	6.5	62.0	1811676.0	-0.008998692035675049	936813123.0	1032063436.0	8123956.0
15	6.5	63.0	1812574.0	-0.009003152449925741	952940095.0	1048709035.0	8255573.0
15	6.5	64.0	1810685.0	-0.008993769685427347	969068358.0	1065355316.0	8386508.0
15	6.5	65.0	1810695.0	-0.00899381935596466	985195159.0	1082001082.0	8517958.0
15	6.5	66.0	1813082.0	-0.009005675713221232	1001323624.0	1098647676.0	8648580.0
15	6.5	67.0	1811645.0	-0.008998538057009378	1017451192.0	1115294044.0	8779428.0
15	6.5	68.0	1813632.0	-0.009008407592773438	1033579891.0	1131940591.0	8910097.0
15	6.5	69.0	1813137.0	-0.009005948901176453	1049706053.0	1148586664.0	9041240.0
15	6.5	70.0	1811990.0	-0.009000251690546671	1065832369.0	1165232557.0	9172563.0
15	6.5	71.0	1811506.0	-0.008997847636540731	1081959136.0	1181877985.0	9304351.0
15	6.5	72.0	1811463.0	-0.008997634053230286	1098087029.0	1198523879.0	9435673.0
15	6.5	73.0	1812208.0	-0.009001334508260092	1114213703.0	1215169937.0	9566831.0
15	6.5	74.0	1813385.0	-0.00900718073050181	1130341158.0	1231816145.0	9697839.0
15	6.5	75.0	1811873.0	-0.008999670545260111	1146468083.0	1248462654.0	9828546.0
15	6.5	76.0	1810410.0	-0.008992403745651245	1162594344.0	1265108303.0	9960113.0
15	6.5	77.0	1811988.0	-0.009000241756439209	1178722184.0	1281754687.0	10090945.0
15	6.5	78.0	1813363.0	-0.009007071455319723	1194850818.0	1298401398.0	10221450.0
15	6.5	79.0	1812766.0	-0.009004106124242147	1210978347.0	1315047120.0	10352944.0
15	6.5	80.0	1812263.0	-0.009001607696215311	1227105494.0	1331693880.0	10483400.0
15	6.5	81.0	1811533.0	-0.008997981746991476	1243232398.0	1348339904.0	10614592.0
15	6.5	82.0	1811660.0	-0.008998612562815348	1259359091.0	1364985458.0	10746254.0
15	6.5	83.0	1810821.0	-0.008994445204734802	1275485308.0	1381631504.0	10877424.0
15	6.5	84.0	1810207.0	-0.008991395433743795	1291613003.0	1398277896.0	11008248.0
15	6.5	85.0	1810516.0	-0.008992930253346762	1307739926.0	1414924008.0	11139352.0
15	6.5	86.0	1812673.0	-0.009003644188245138	1323867715.0	1431569739.0	11270837.0
15	6.5	87.0	1812084.0	-0.009000718593597412	1339993374.0	1448216332.0	11401460.0
15	6.5	88.0	1813072.0	-0.00900562604268392	1356121567.0	1464862404.0	11532604.0
15	6.5	89.0	1809597.0	-0.008988365530967712	1372249656.0	1481508274.0	11663950.0
15	6.5	90.0	1811064.0	-0.008995652198791504	1388376960.0	1498154859.0	11794581.0
15	6.5	91.0	1813867.0	-0.00900957485040029	1404503079.0	1514800588.0	11926068.0
15	6.5	92.0	1812182.0	-0.009001205364863077	1420629984.0	1531446991.0	12056881.0
15	6.5	93.0	1810354.0	-0.008992125590642294	1436756949.0	1548092797.0	12188291.0
15	6.5	94.0	1814089.0	-0.009010677536328634	1452885333.0	1564739132.0	12319172.0
15	6.5	95.0	1810170.0	-0.008991211652755737	1469011493.0	1581384947.0	12450573.0
15	6.5	96.0	1809649.0	-0.00898862381776174	1485139366.0	1598030600.0	12582136.0
15	6.5	97.0	1812578.0	-0.009003172318140665	1501266885.0	1614676769.0	12713183.0
15	6.5	98.0	1812188.0	-0.009001235167185465	1517395045.0	1631323350.0	12843818.0
15	6.5	99.0	1809889.0	-0.008989815910657247	1533523258.0	1647970212.0	12974172.0
15	6.5	100.0	1812035.0	-0.009000475207964579	1549651519.0	1664617376.0	13104224.0
16	6.4	1.0	92486590.0	-0.45938586195309955	839047.0	16646349.0	130867.0
16	6.4	2.0	76213772.0	-0.3785579005877177	2625614.0	33292600.0	261832.0
16	6.4	3.0	57131188.0	-0.28377368052800495	6160317.0	49938478.0	393170.0
16	6.4	4.0	38060385.0	-0.18904797732830048	12335696.0	66584601.0	524263.0
16	6.4	5.0	22164432.0	-0.1100919246673584	21615670.0	83230047.0	656033.0
16	6.4	6.0	11091134.0	-0.055090258518854775	33777687.0	99876674.0	786622.0
16	6.4	7.0	4977392.0	-0.024722973505655926	48084440.0	116522405.0	918107.0
16	6.4	8.0	2536601.0	-0.012599433461825052	63601696.0	133168253.0	1049475.0
16	6.4	9.0	1918950.0	-0.009531527757644653	79593675.0	149813987.0	1180957.0
16	6.4	10.0	1828026.0	-0.009079903364181519	95694399.0	166459747.0	1312413.0
16	6.4	11.0	1818510.0	-0.009032636880874634	111811113.0	183105312.0	1444064.0
16	6.4	12.0	1814928.0	-0.00901484489440918	127929975.0	199751815.0	1574777.0
16	6.4	13.0	1813417.0	-0.009007339676221212	144049284.0	216397850.0	1705958.0
16	6.4	14.0	1814590.0	-0.009013166030248007	160169237.0	233044006.0	1837018.0
16	6.4	15.0	1816577.0	-0.009023035566012064	176286970.0	249689701.0	1968539.0
16	6.4	16.0	1817010.0	-0.00902518630027771	192405847.0	266335558.0	2099898.0
16	6.4	17.0	1815686.0	-0.009018609921137491	208526054.0	282981967.0	2230705.0
16	6.4	18.0	1816111.0	-0.009020720918973288	224644530.0	299628885.0	2361003.0
16	6.4	19.0	1815380.0	-0.009017090002695719	240762430.0	316275155.0	2491949.0
16	6.4	20.0	1817185.0	-0.009026055534680685	256881589.0	332921874.0	2622446.0
16	6.4	21.0	1814776.0	-0.009014089902242025	273001341.0	349567634.0	2753902.0
16	6.4	22.0	1815769.0	-0.009019022186597189	289119584.0	366213431.0	2885321.0
16	6.4	23.0	1815629.0	-0.009018326799074808	305238836.0	382859588.0	3016380.0
16	6.4	24.0	1815883.0	-0.009019588430722555	321358901.0	399506406.0	3146778.0
16	6.4	25.0	1815403.0	-0.00901720424493154	337477957.0	416152624.0	3277776.0
16	6.4	26.0	1816790.0	-0.009024093548456827	353596323.0	432798672.0	3408944.0
16	6.4	27.0	1816455.0	-0.009022429585456848	369714503.0	449444694.0	3540138.0
16	6.4	28.0	1815656.0	-0.009018460909525553	385833531.0	466090440.0	3671608.0
16	6.4	29.0	1815300.0	-0.009016692638397217	401950961.0	482736226.0	3803038.0
16	6.4	30.0	1817858.0	-0.009029398361841837	418068792.0	499381681.0	3934799.0
16	6.4	31.0	1818643.0	-0.009033297499020895	434186502.0	516027769.0	4065927.0
16	6.4	32.0	1816012.0	-0.00902022918065389	450305028.0	532673921.0	4196991.0
16	6.4	33.0	1817429.0	-0.009027267495791117	466424395.0	549320120.0	4328008.0
16	6.4	34.0	1814705.0	-0.009013737241427103	482543931.0	565966176.0	4459168.0
16	6.4	35.0	1818755.0	-0.009033853809038797	498663753.0	582612309.0	4590251.0
16	6.4	36.0	1817192.0	-0.009026090304056803	514783125.0	599258496.0	4721280.0
16	6.4	37.0	1815459.0	-0.00901748239994049	530903017.0	615904817.0	4852175.0
16	6.4	38.0	1815861.0	-0.009019479155540466	547020914.0	632551091.0	4983117.0
16	6.4	39.0	1813702.0	-0.009008755286534628	563141494.0	649197444.0	5113980.0
16	6.4	40.0	1817647.0	-0.009028350313504538	579261039.0	665843130.0	5245510.0
16	6.4	41.0	1816478.0	-0.009022543827692667	595380469.0	682489250.0	5376606.0
16	6.4	42.0	1815927.0	-0.009019806981086731	611500365.0	699135453.0	5507619.0
16	6.4	43.0	1816231.0	-0.009021316965421041	627618654.0	715781650.0	5638638.0
16	6.4	44.0	1816063.0	-0.009020482500394186	643737684.0	732427926.0	5769578.0
16	6.4	45.0	1816199.0	-0.00902115801970164	659856688.0	749074185.0	5900535.0
16	6.4	46.0	1815162.0	-0.0090160071849823	675975472.0	765720848.0	6031088.0
16	6.4	47.0	1815600.0	-0.009018182754516602	692093970.0	782366812.0	6162340.0
16	6.4	48.0	1815538.0	-0.009017874797185263	708213070.0	799012683.0	6293685.0
16	6.4	49.0	1816456.0	-0.00902243455251058	724331886.0	815658431.0	6425153.0
16	6.4	50.0	1815777.0	-0.009019061923027039	740450437.0	832305009.0	6555791.0
16	6.4	51.0	1815143.0	-0.009015912810961405	756570089.0	848951022.0	6686994.0
16	6.4	52.0	1816210.0	-0.009021212657292684	772689066.0	865596726.0	6818506.0
16	6.4	53.0	1815173.0	-0.009016061822573343	788806868.0	882241969.0	6950479.0
16	6.4	54.0	1816243.0	-0.009021376570065817	804924212.0	898888060.0	7081604.0
16	6.4	55.0	1812597.0	-0.00900326669216156	821043165.0	915533996.0	7212884.0
16	6.4	56.0	1816426.0	-0.009022285540898642	837163378.0	932180163.0	7343933.0
16	6.4	57.0	1815893.0	-0.009019638101259867	853281298.0	948826230.0	7475082.0
16	6.4	58.0	1816547.0	-0.009022886554400126	869400466.0	965472552.0	7605976.0
16	6.4	59.0	1817248.0	-0.009026368459065756	885518193.0	982118369.0	7737375.0
16	6.4	60.0	1816072.0	-0.009020527203877768	901637218.0	998764505.0	7868455.0
16	6.4	61.0	1815912.0	-0.009019732475280762	917754432.0	1015410462.0	7999714.0
16	6.4	62.0	1815408.0	-0.009017229080200195	933873866.0	1032056188.0	8131204.0
16	6.4	63.0	1816147.0	-0.009020899732907614	949992960.0	1048702423.0	8262185.0
16	6.4	64.0	1816455.0	-0.009022429585456848	966111900.0	1065348327.0	8393497.0
16	6.4	65.0	1816521.0	-0.009022757411003113	982230277.0	1081994298.0	8524742.0
16	6.4	66.0	1816197.0	-0.009021148085594177	998348372.0	1098639987.0	8656269.0
16	6.4	67.0	1815929.0	-0.009019816915194193	1014468199.0	1115286380.0	8787092.0
16	6.4	68.0	1816890.0	-0.009024590253829956	1030586882.0	1131932250.0	8918438.0
16	6.4	69.0	1814979.0	-0.009015098214149475	1046706675.0	1148578560.0	9049344.0
16	6.4	70.0	1817981.0	-0.009030009309450785	1062825297.0	1165224344.0	9180776.0
16	6.4	71.0	1815936.0	-0.009019851684570312	1078944326.0	1181870676.0	9311660.0
16	6.4	72.0	1814195.0	-0.009011204044024149	1095063372.0	1198516800.0	9442752.0
16	6.4	73.0	1815759.0	-0.009018972516059875	1111181839.0	1215162708.0	9574060.0
16	6.4	74.0	1816384.0	-0.009022076924641928	1127300626.0	1231809381.0	9704603.0
16	6.4	75.0	1815284.0	-0.009016613165537516	1143420654.0	1248455944.0	9835256.0
16	6.4	76.0	1815176.0	-0.009016076723734537	1159540496.0	1265102238.0	9966178.0
16	6.4	77.0	1815887.0	-0.009019608298937479	1175660934.0	1281748299.0	10097333.0
16	6.4	78.0	1816354.0	-0.00902192791302999	1191779129.0	1298394064.0	10228784.0
16	6.4	79.0	1816384.0	-0.009022076924641928	1207897259.0	1315040078.0	10359986.0
16	6.4	80.0	1815507.0	-0.009017720818519592	1224016230.0	1331686560.0	10490720.0
16	6.4	81.0	1815595.0	-0.009018157919247946	1240137342.0	1348333031.0	10621465.0
16	6.4	82.0	1815751.0	-0.009018932779630026	1256255951.0	1364978969.0	10752743.0
16	6.4	83.0	1814030.0	-0.009010384480158487	1272373572.0	1381624718.0	10884210.0
16	6.4	84.0	1816543.0	-0.009022866686185202	1288493498.0	1398271323.0	11014821.0
16	6.4	85.0	1816027.0	-0.00902030368645986	1304610569.0	1414917123.0	11146237.0
16	6.4	86.0	1814480.0	-0.009012619654337565	1320729727.0	1431563449.0	11277127.0
16	6.4	87.0	1816180.0	-0.009021063645680746	1336849237.0	1448209014.0	11408778.0
16	6.4	88.0	1816268.0	-0.009021500746409098	1352967448.0	1464854739.0	11540269.0
16	6.4	89.0	1817010.0	-0.00902518630027771	1369084748.0	1481500576.0	11671648.0
16	6.4	90.0	1817421.0	-0.009027227759361267	1385203503.0	1498146869.0	11802571.0
16	6.4	91.0	1814182.0	-0.009011139472325643	1401322636.0	1514792726.0	11933930.0
16	6.4	92.0	1816123.0	-0.009020780523618063	1417439958.0	1531439617.0	12064255.0
16	6.4	93.0	1816148.0	-0.009020904699961344	1433557444.0	1548085397.0	12195691.0
16	6.4	94.0	1817166.0	-0.00902596116065979	1449674992.0	1564731309.0	12326995.0
16	6.4	95.0	1815948.0	-0.009019911289215088	1465793987.0	1581377707.0	12457813.0
16	6.4	96.0	1812873.0	-0.009004637598991394	1481912290.0	1598024139.0	12588597.0
16	6.4	97.0	1816377.0	-0.009022042155265808	1498031867.0	1614670170.0	12719782.0
16	6.4	98.0	1816042.0	-0.009020378192265829	1514150714.0	1631316247.0	12850921.0
16	6.4	99.0	1814653.0	-0.009013478954633078	1530269091.0	1647962481.0	12981903.0
16	6.4	100.0	1815451.0	-0.009017442663510641	1546387189.0	1664608446.0	13113154.0
17	6.3	1.0	93111977.0	-0.4624921927849452	795141.0	16646184.0	131032.0
17	6.3	2.0	77682924.0	-0.3858552575111389	2465452.0	33292851.0	261581.0
17	6.3	3.0	59420363.0	-0.2951441357533137	5750120.0	49938756.0	392892.0
17	6.3	4.0	40854706.0	-0.20292751987775168	11502006.0	66584394.0	524470.0
17	6.3	5.0	24845522.0	-0.12340904275576274	20233749.0	83231195.0	654885.0
17	6.3	6.0	13166647.0	-0.06539944310983022	31838478.0	99877634.0	785662.0
17	6.3	7.0	6167315.0	-0.030633384982744854	45697594.0	116523780.0	916732.0
17	6.3	8.0	2985477.0	-0.01482902467250824	60956178.0	133169753.0	1047975.0
17	6.3	9.0	2020554.0	-0.010036200284957886	76851927.0	149816014.0	1178930.0
17	6.3	10.0	1844078.0	-0.009159634510676066	92928147.0	166461740.0	1310420.0
17	6.3	11.0	1822552.0	-0.009052713712056478	109035877.0	183107844.0	1441532.0
17	6.3	12.0	1820353.0	-0.009041791160901388	125145499.0	199754080.0	1572512.0
17	6.3	13.0	1821727.0	-0.00904861589272817	141253985.0	216399855.0	1703953.0
17	6.3	14.0	1819468.0	-0.009037395318349203	157363537.0	233045859.0	1835165.0
17	6.3	15.0	1820386.0	-0.00904195507367452	173473699.0	249692103.0	1966137.0
17	6.3	16.0	1820939.0	-0.009044701854387919	189583509.0	266337918.0	2097538.0
17	6.3	17.0	1819706.0	-0.009038577477137247	205693932.0	282983824.0	2228848.0
17	6.3	18.0	1820581.0	-0.00904292364915212	221802185.0	299629925.0	2359963.0
17	6.3	19.0	1818625.0	-0.009033208092053732	237912005.0	316276347.0	2490757.0
17	6.3	20.0	1820526.0	-0.0090426504611969	254021978.0	332922534.0	2621786.0
17	6.3	21.0	1820491.0	-0.009042476614316305	270131321.0	349568298.0	2753238.0
17	6.3	22.0	1821011.0	-0.009045059482256571	286241376.0	366214191.0	2884561.0
17	6.3	23.0	1821320.0	-0.009046594301859537	302349823.0	382860195.0	3015773.0
17	6.3	24.0	1821228.0	-0.00904613733291626	318459126.0	399506374.0	3146810.0
17	6.3	25.0	1819847.0	-0.009039277831713358	334568211.0	416152628.0	3277772.0
17	6.3	26.0	1821432.0	-0.009047150611877441	350677838.0	432798708.0	3408908.0
17	6.3	27.0	1821944.0	-0.009049693743387857	366787150.0	449444680.0	3540152.0
17	6.3	28.0	1820339.0	-0.009041721622149149	382897597.0	466090841.0	3671207.0
17	6.3	29.0	1821619.0	-0.009048079450925192	399006176.0	482736523.0	3802741.0
17	6.3	30.0	1819101.0	-0.009035572409629822	415116396.0	499382604.0	3933876.0
17	6.3	31.0	1819848.0	-0.00903928279876709	431225954.0	516028685.0	4065011.0
17	6.3	32.0	1819568.0	-0.00903789202372233	447335041.0	532675109.0	4195803.0
17	6.3	33.0	1820304.0	-0.009041547775268555	463444187.0	549320732.0	4327396.0
17	6.3	34.0	1820678.0	-0.009043405453364054	479553124.0	565967054.0	4458290.0
17	6.3	35.0	1820489.0	-0.009042466680208841	495663136.0	582613082.0	4589478.0
17	6.3	36.0	1822302.0	-0.009051471948623657	511772685.0	599258961.0	4720815.0
17	6.3	37.0	1821519.0	-0.009047582745552063	527883147.0	615905653.0	4851339.0
17	6.3	38.0	1820944.0	-0.009044726689656576	543991968.0	632551718.0	4982490.0
17	6.3	39.0	1818619.0	-0.009033178289731344	560103068.0	649198217.0	5113207.0
17	6.3	40.0	1821143.0	-0.0090457151333491	576212415.0	665844275.0	5244365.0
17	6.3	41.0	1819448.0	-0.009037295977274576	592323669.0	682490789.0	5375067.0
17	6.3	42.0	1819894.0	-0.00903951128323873	608433829.0	699137002.0	5506070.0
17	6.3	43.0	1820972.0	-0.00904486576716105	624545157.0	715783065.0	5637223.0
17	6.3	44.0	1820554.0	-0.009042789538701376	640655173.0	732429052.0	5768452.0
17	6.3	45.0	1820593.0	-0.009042983253796896	656764989.0	749075508.0	5899212.0
17	6.3	46.0	1821089.0	-0.009045446912447611	672875182.0	765721532.0	6030404.0
17	6.3	47.0	1819885.0	-0.009039466579755148	688984876.0	782367413.0	6161739.0
17	6.3	48.0	1820858.0	-0.009044299523035685	705094635.0	799013628.0	6292740.0
17	6.3	49.0	1821352.0	-0.00904675324757894	721203776.0	815659653.0	6423931.0
17	6.3	50.0	1821321.0	-0.009046599268913269	737313027.0	832306558.0	6554242.0
17	6.3	51.0	1820132.0	-0.009040693442026774	753422644.0	848953019.0	6684997.0
17	6.3	52.0	1819018.0	-0.009035160144170126	769533014.0	865598978.0	6816254.0
17	6.3	53.0	1819851.0	-0.009039297699928284	785644463.0	882245000.0	6947448.0
17	6.3	54.0	1821839.0	-0.009049172202746073	801753614.0	898891398.0	7078266.0
17	6.3	55.0	1819124.0	-0.00903568665186564	817863150.0	915537899.0	7208981.0
17	6.3	56.0	1817591.0	-0.009028072158495585	833973766.0	932184697.0	7339399.0
17	6.3	57.0	1822830.0	-0.009054094552993774	850083476.0	948831003.0	7470309.0
17	6.3	58.0	1819541.0	-0.009037757913271586	866193027.0	965477508.0	7601020.0
17	6.3	59.0	1819790.0	-0.009038994709650675	882302925.0	982123689.0	7732055.0
17	6.3	60.0	1819713.0	-0.009038612246513367	898413254.0	998770105.0	7862855.0
17	6.3	61.0	1819315.0	-0.009036635359128317	914522773.0	1015416190.0	7993986.0
17	6.3	62.0	1822143.0	-0.009050682187080383	930631689.0	1032062158.0	8125234.0
17	6.3	63.0	1820212.0	-0.009041090806325277	946741717.0	1048708208.0	8256400.0
17	6.3	64.0	1820518.0	-0.00904261072476705	962851851.0	1065354457.0	8387367.0
17	6.3	65.0	1819634.0	-0.009038219849268595	978961347.0	1082000846.0	8518194.0
17	6.3	66.0	1820152.0	-0.0090407927831014	995070002.0	1098646761.0	8649495.0
17	6.3	67.0	1820969.0	-0.009044850865999857	1011181036.0	1115293043.0	8780429.0
17	6.3	68.0	1817795.0	-0.009029085437456766	1027293138.0	1131939326.0	8911362.0
17	6.3	69.0	1822297.0	-0.009051447113355001	1043403930.0	1148585674.0	9042230.0
17	6.3	70.0	1821863.0	-0.009049291412035624	1059513760.0	1165232528.0	9172592.0
17	6.3	71.0	1820999.0	-0.009044999877611795	1075623137.0	1181878855.0	9303481.0
17	6.3	72.0	1819761.0	-0.009038850665092468	1091734842.0	1198525795.0	9433757.0
17	6.3	73.0	1819680.0	-0.009038448333740234	1107845072.0	1215172271.0	9564497.0
17	6.3	74.0	1820504.0	-0.00904254118601481	1123954075.0	1231818496.0	9695488.0
17	6.3	75.0	1821292.0	-0.009046455224355062	1140064172.0	1248464937.0	9826263.0
17	6.3	76.0	1819264.0	-0.009036382039388021	1156175852.0	1265111573.0	9956843.0
17	6.3	77.0	1818494.0	-0.009032557408014933	1172284846.0	1281757106.0	10088526.0
17	6.3	78.0	1820388.0	-0.009041965007781982	1188395152.0	1298403238.0	10219610.0
17	6.3	79.0	1819245.0	-0.009036287665367126	1204505906.0	1315049511.0	10350553.0
17	6.3	80.0	1819600.0	-0.009038050969441732	1220616085.0	1331695567.0	10481713.0
17	6.3	81.0	1820018.0	-0.009040127197901407	1236727169.0	1348342405.0	10612091.0
17	6.3	82.0	1821193.0	-0.009045963486035665	1252836493.0	1364987691.0	10744021.0
17	6.3	83.0	1820470.0	-0.009042372306187948	1268945971.0	1381633231.0	10875697.0
17	6.3	84.0	1820168.0	-0.0090408722559611	1285055880.0	1398278941.0	11007203.0
17	6.3	85.0	1822176.0	-0.009050846099853516	1301166056.0	1414925417.0	11137943.0
17	6.3	86.0	1820058.0	-0.00904032588005066	1317277403.0	1431571186.0	11269390.0
17	6.3	87.0	1822574.0	-0.009052822987238566	1333386676.0	1448217546.0	11400246.0
17	6.3	88.0	1820563.0	-0.009042834242184957	1349496849.0	1464863794.0	11531214.0
17	6.3	89.0	1819347.0	-0.009036794304847717	1365606296.0	1481509538.0	11662686.0
17	6.3	90.0	1820801.0	-0.009044016400973002	1381716243.0	1498155341.0	11794099.0
17	6.3	91.0	1820559.0	-0.009042814373970032	1397826889.0	1514801825.0	11924831.0
17	6.3	92.0	1820107.0	-0.009040569265683493	1413936565.0	1531447647.0	12056225.0
17	6.3	93.0	1818173.0	-0.009030962983767191	1430047741.0	1548093880.0	12187208.0
17	6.3	94.0	1818433.0	-0.009032254417737326	1446159342.0	1564740645.0	12317659.0
17	6.3	95.0	1821685.0	-0.009048407276471456	1462269064.0	1581386675.0	12448845.0
17	6.3	96.0	1820844.0	-0.009044229984283447	1478379995.0	1598032801.0	12579935.0
17	6.3	97.0	1822720.0	-0.009053548177083334	1494489658.0	1614679276.0	12710676.0
17	6.3	98.0	1820987.0	-0.00904494027296702	1510599102.0	1631325104.0	12842064.0
17	6.3	99.0	1818762.0	-0.009033888578414917	1526709277.0	1647971426.0	12972958.0
17	6.3	100.0	1822121.0	-0.009050572911898295	1542821064.0	1664617526.0	13104074.0
18	6.2	1.0	93742819.0	-0.4656256188948949	750393.0	16645725.0	131491.0
18	6.2	2.0	79138466.0	-0.3930850128332774	2308996.0	33291867.0	262565.0
18	6.2	3.0	61713324.0	-0.3065333962440491	5354912.0	49937957.0	393691.0
18	6.2	4.0	43632063.0	-0.21672280132770538	10699845.0	66583767.0	525097.0
18	6.2	5.0	27600163.0	-0.13709149261315665	18891613.0	83229921.0	656159.0
18	6.2	6.0	15403721.0	-0.07651110986868541	29922616.0	99876621.0	786675.0
18	6.2	7.0	7571942.0	-0.03761024276415507	43296186.0	116522764.0	917748.0
18	6.2	8.0	3612349.0	-0.017942731579144795	58247061.0	133168958.0	1048770.0
18	6.2	9.0	2197103.0	-0.010913128654162088	74003542.0	149815048.0	1179896.0
18	6.2	10.0	1876595.0	-0.00932114819685618	90038935.0	166461384.0	1310776.0
18	6.2	11.0	1827004.0	-0.009074827035268148	106130969.0	183107510.0	1441866.0
18	6.2	12.0	1825455.0	-0.009067133069038391	122231635.0	199754037.0	1572555.0
18	6.2	13.0	1826120.0	-0.009070436159769693	138332360.0	216400685.0	1703123.0
18	6.2	14.0	1821871.0	-0.009049331148465475	154433787.0	233046567.0	1834457.0
18	6.2	15.0	1822082.0	-0.009050379196802774	170534964.0	249693085.0	1965155.0
18	6.2	16.0	1822034.0	-0.009050140778223673	186636604.0	266338735.0	2096721.0
18	6.2	17.0	1824707.0	-0.009063417712847391	202738674.0	282984933.0	2227739.0
18	6.2	18.0	1825946.0	-0.00906957189242045	218838217.0	299631276.0	2358612.0
18	6.2	19.0	1824867.0	-0.009064212441444397	234940499.0	316277893.0	2489211.0
18	6.2	20.0	1824608.0	-0.009062925974527994	251041326.0	332924311.0	2620009.0
18	6.2	21.0	1825869.0	-0.009069189429283142	267143052.0	349570313.0	2751223.0
18	6.2	22.0	1823653.0	-0.00905818243821462	283244278.0	366215984.0	2882768.0
18	6.2	23.0	1824982.0	-0.009064783652623495	299344838.0	382862042.0	3013926.0
18	6.2	24.0	1826587.0	-0.009072755773862204	315446556.0	399508782.0	3144402.0
18	6.2	25.0	1824152.0	-0.00906066099802653	331546262.0	416154510.0	3275890.0
18	6.2	26.0	1825593.0	-0.009067818522453308	347646881.0	432800472.0	3407144.0
18	6.2	27.0	1823839.0	-0.009059106310208639	363747950.0	449446359.0	3538473.0
18	6.2	28.0	1824291.0	-0.009061351418495178	379849340.0	466092962.0	3669086.0
18	6.2	29.0	1823911.0	-0.009059463938077291	395951462.0	482739379.0	3799885.0
18	6.2	30.0	1823102.0	-0.009055445591608683	412053470.0	499385458.0	3931022.0
18	6.2	31.0	1825218.0	-0.009065955877304077	428154089.0	516031668.0	4062028.0
18	6.2	32.0	1825620.0	-0.009067952632904053	444254470.0	532678462.0	4192450.0
18	6.2	33.0	1821984.0	-0.00904989242553711	460356550.0	549324973.0	4323155.0
18	6.2	34.0	1825396.0	-0.009066840012868246	476459598.0	565971421.0	4453923.0
18	6.2	35.0	1824825.0	-0.009064003825187683	492558877.0	582616894.0	4585666.0
18	6.2	36.0	1825066.0	-0.009065200885136923	508658979.0	599262541.0	4717235.0
18	6.2	37.0	1825225.0	-0.009065990646680197	524759585.0	615908597.0	4848395.0
18	6.2	38.0	1824313.0	-0.009061460693677267	540859793.0	632554042.0	4980166.0
18	6.2	39.0	1825137.0	-0.009065553545951843	556960163.0	649200570.0	5110854.0
18	6.2	40.0	1825663.0	-0.009068166216214498	573061432.0	665846720.0	5241920.0
18	6.2	41.0	1825519.0	-0.009067450960477194	589161693.0	682493651.0	5372205.0
18	6.2	42.0	1823804.0	-0.009058932463328043	605263239.0	699139310.0	5503762.0
18	6.2	43.0	1823491.0	-0.009057377775510153	621363480.0	715785495.0	5634793.0
18	6.2	44.0	1824142.0	-0.009060611327489218	637463723.0	732431384.0	5766120.0
18	6.2	45.0	1823515.0	-0.009057496984799704	653564955.0	749076993.0	5897727.0
18	6.2	46.0	1826688.0	-0.009073257446289062	669665638.0	765723256.0	6028680.0
18	6.2	47.0	1825071.0	-0.009065225720405579	685766266.0	782369731.0	6159421.0
18	6.2	48.0	1824285.0	-0.00906132161617279	701866950.0	799015682.0	6290686.0
18	6.2	49.0	1824179.0	-0.009060795108477274	717966844.0	815661826.0	6421758.0
18	6.2	50.0	1824937.0	-0.009064560135205587	734066423.0	832307673.0	6553127.0
18	6.2	51.0	1824982.0	-0.009064783652623495	750167522.0	848953861.0	6684155.0
18	6.2	52.0	1823510.0	-0.009057472149531046	766269053.0	865599796.0	6815436.0
18	6.2	53.0	1824089.0	-0.009060348073641459	782369820.0	882245979.0	6946469.0
18	6.2	54.0	1825948.0	-0.009069581826527914	798470768.0	898892540.0	7077124.0
18	6.2	55.0	1824574.0	-0.009062757094701132	814570908.0	915538959.0	7207921.0
18	6.2	56.0	1823126.0	-0.009055564800898233	830673282.0	932184915.0	7339181.0
18	6.2	57.0	1825470.0	-0.00906720757484436	846774376.0	948831134.0	7470178.0
18	6.2	58.0	1826727.0	-0.009073451161384583	862875568.0	965477509.0	7601019.0
18	6.2	59.0	1825102.0	-0.009065379699071249	878976471.0	982123376.0	7732368.0
18	6.2	60.0	1826678.0	-0.009073207775751749	895077526.0	998769684.0	7863276.0
18	6.2	61.0	1825199.0	-0.009065861503283182	911177526.0	1015415251.0	7994925.0
18	6.2	62.0	1824906.0	-0.009064406156539917	927278498.0	1032061275.0	8126117.0
18	6.2	63.0	1823059.0	-0.009055232008298239	943380151.0	1048707611.0	8256997.0
18	6.2	64.0	1824343.0	-0.009061609705289205	959480379.0	1065353372.0	8388452.0
18	6.2	65.0	1825524.0	-0.00906747579574585	975581206.0	1081999503.0	8519537.0
18	6.2	66.0	1826653.0	-0.009073083599408468	991680883.0	1098645622.0	8650634.0
18	6.2	67.0	1823058.0	-0.009055227041244507	1007782458.0	1115291883.0	8781589.0
18	6.2	68.0	1825577.0	-0.009067739049593607	1023882515.0	1131938350.0	8912338.0
18	6.2	69.0	1822757.0	-0.00905373195807139	1039982854.0	1148583993.0	9043911.0
18	6.2	70.0	1825791.0	-0.009068801999092102	1056084482.0	1165229303.0	9175817.0
18	6.2	71.0	1824249.0	-0.009061142802238464	1072185165.0	1181875027.0	9307309.0
18	6.2	72.0	1823073.0	-0.009055301547050476	1088285000.0	1198521470.0	9438082.0
18	6.2	73.0	1824394.0	-0.009061863025029501	1104387992.0	1215168077.0	9568691.0
18	6.2	74.0	1826608.0	-0.00907286008199056	1120489508.0	1231814696.0	9699288.0
18	6.2	75.0	1821946.0	-0.009049703677495321	1136590067.0	1248460784.0	9830416.0
18	6.2	76.0	1824762.0	-0.009063690900802612	1152691986.0	1265107526.0	9960890.0
18	6.2	77.0	1823799.0	-0.009058907628059387	1168792995.0	1281753627.0	10092005.0
18	6.2	78.0	1824387.0	-0.009061828255653381	1184894520.0	1298399323.0	10223525.0
18	6.2	79.0	1826522.0	-0.009072432915369669	1200995430.0	1315046117.0	10353947.0
18	6.2	80.0	1826586.0	-0.009072750806808472	1217095118.0	1331691900.0	10485380.0
18	6.2	81.0	1824710.0	-0.009063432614008585	1233194818.0	1348337175.0	10617321.0
18	6.2	82.0	1824236.0	-0.009061078230539957	1249295750.0	1364983774.0	10747938.0
18	6.2	83.0	1825234.0	-0.009066035350163778	1265397217.0	1381629609.0	10879319.0
18	6.2	84.0	1822040.0	-0.00905017058054606	1281498686.0	1398275748.0	11010396.0
18	6.2	85.0	1825611.0	-0.009067907929420471	1297599359.0	1414922563.0	11140797.0
18	6.2	86.0	1822603.0	-0.009052967031796774	1313699865.0	1431568266.0	11272310.0
18	6.2	87.0	1825073.0	-0.00906523565451304	1329801444.0	1448214882.0	11402910.0
18	6.2	88.0	1824606.0	-0.009062916040420532	1345902137.0	1464860644.0	11534364.0
18	6.2	89.0	1821170.0	-0.009045849243799845	1362004593.0	1481506579.0	11665645.0
18	6.2	90.0	1823700.0	-0.00905841588973999	1378107418.0	1498153008.0	11796432.0
18	6.2	91.0	1823220.0	-0.009056031703948975	1394209497.0	1514799101.0	11927555.0
18	6.2	92.0	1827456.0	-0.009077072143554688	1410310170.0	1531444892.0	12058980.0
18	6.2	93.0	1823166.0	-0.009055763483047485	1426412959.0	1548091457.0	12189631.0
18	6.2	94.0	1823367.0	-0.009056761860847473	1442513616.0	1564737522.0	12320782.0
18	6.2	95.0	1823572.0	-0.009057780106862387	1458616234.0	1581383243.0	12452277.0
18	6.2	96.0	1825794.0	-0.009068816900253296	1474717625.0	1598029310.0	12583426.0
18	6.2	97.0	1825233.0	-0.009066030383110046	1490819585.0	1614676000.0	12713952.0
18	6.2	98.0	1824645.0	-0.009063109755516052	1506921358.0	1631322967.0	12844201.0
18	6.2	99.0	1824116.0	-0.009060482184092203	1523022050.0	1647969116.0	12975268.0
18	6.2	100.0	1824543.0	-0.009062603116035461	1539122402.0	1664615217.0	13106383.0
19	6.1	1.0	94340284.0	-0.46859325965245563	708260.0	16645666.0	131550.0
19	6.1	2.0	80524865.0	-0.3999713311592738	2159888.0	33291203.0	263229.0
19	6.1	3.0	63900001.0	-0.3173947383960088	4979270.0	49936919.0	394729.0
19	6.1	4.0	46378776.0	-0.23036587238311768	9938379.0	66583327.0	525537.0
19	6.1	5.0	30429408.0	-0.15114450454711914	17603859.0	83229380.0	656700.0
19	6.1	6.0	17810864.0	-0.08846751848856609	28062737.0	99875777.0	787519.0
19	6.1	7.0	9229511.0	-0.045843477050463356	40919211.0	116522512.0	918000.0
19	6.1	8.0	4451823.0	-0.022112444043159485	55503568.0	133169194.0	1048534.0
19	6.1	9.0	2473527.0	-0.012286141514778137	71071732.0	149815722.0	1179222.0
19	6.1	10.0	1929357.0	-0.00958321988582611	87043258.0	166462001.0	1310159.0
19	6.1	11.0	1841112.0	-0.009144902229309082	103118113.0	183108083.0	1441293.0
19	6.1	12.0	1833185.0	-0.009105528394381205	119209070.0	199754756.0	1571836.0
19	6.1	13.0	1829649.0	-0.00908796489238739	135300251.0	216400593.0	1703215.0
19	6.1	14.0	1830524.0	-0.009092311064402262	151391416.0	233046588.0	1834436.0
19	6.1	15.0	1830935.0	-0.009094352523485819	167481155.0	249692889.0	1965351.0
19	6.1	16.0	1829111.0	-0.00908529261747996	183572113.0	266339213.0	2096243.0
19	6.1	17.0	1829405.0	-0.009086752931276957	199664444.0	282985519.0	2227153.0
19	6.1	18.0	1827505.0	-0.009077315529187521	215756070.0	299630707.0	2359181.0
19	6.1	19.0	1827529.0	-0.009077434738477072	231846757.0	316276777.0	2490327.0
19	6.1	20.0	1828265.0	-0.009081090490023295	247938161.0	332922748.0	2621572.0
19	6.1	21.0	1829704.0	-0.009088238080342611	264031240.0	349569682.0	2751854.0
19	6.1	22.0	1829638.0	-0.009087910254796347	280122172.0	366215683.0	2883069.0
19	6.1	23.0	1827283.0	-0.009076212843259176	296213718.0	382861751.0	3014217.0
19	6.1	24.0	1830587.0	-0.009092623988787333	312304700.0	399507982.0	3145202.0
19	6.1	25.0	1826725.0	-0.00907344122727712	328397428.0	416154321.0	3276079.0
19	6.1	26.0	1829879.0	-0.009089107314745585	344489842.0	432800595.0	3407021.0
19	6.1	27.0	1829522.0	-0.009087334076563517	360582143.0	449446876.0	3537956.0
19	6.1	28.0	1829736.0	-0.009088397026062012	376673937.0	466093087.0	3668961.0
19	6.1	29.0	1830050.0	-0.009089956680933634	392767172.0	482739479.0	3799785.0
19	6.1	30.0	1831425.0	-0.009096786379814148	408857516.0	499385153.0	3931327.0
19	6.1	31.0	1830279.0	-0.009091094136238098	424948363.0	516031367.0	4062329.0
19	6.1	32.0	1830816.0	-0.009093761444091797	441039860.0	532677802.0	4193110.0
19	6.1	33.0	1828048.0	-0.009080012639363607	457130935.0	549323944.0	4324184.0
19	6.1	34.0	1827015.0	-0.009074881672859192	473222255.0	565970072.0	4455272.0
19	6.1	35.0	1830532.0	-0.009092350800832113	489313401.0	582615967.0	4586593.0
19	6.1	36.0	1830325.0	-0.009091322620709738	505405715.0	599262452.0	4717324.0
19	6.1	37.0	1828223.0	-0.00908088187376658	521496590.0	615908434.0	4848558.0
19	6.1	38.0	1828129.0	-0.009080414970715841	537588897.0	632554392.0	4979816.0
19	6.1	39.0	1829558.0	-0.009087512890497843	553680667.0	649201087.0	5110337.0
19	6.1	40.0	1827850.0	-0.009079029162724813	569773253.0	665847357.0	5241283.0
19	6.1	41.0	1829436.0	-0.009086906909942627	585864475.0	682493760.0	5372096.0
19	6.1	42.0	1829295.0	-0.009086206555366516	601956970.0	699139976.0	5503096.0
19	6.1	43.0	1830642.0	-0.009092897176742554	618050031.0	715786777.0	5633511.0
19	6.1	44.0	1829053.0	-0.009085004528363546	634141485.0	732432260.0	5765244.0
19	6.1	45.0	1829929.0	-0.00908935566743215	650232579.0	749078478.0	5896242.0
19	6.1	46.0	1827349.0	-0.00907654066880544	666323385.0	765724198.0	6027738.0
19	6.1	47.0	1832182.0	-0.00910054643948873	682415721.0	782371123.0	6158029.0
19	6.1	48.0	1830760.0	-0.009093483289082846	698507126.0	799017808.0	6288560.0
19	6.1	49.0	1829407.0	-0.00908676286538442	714599579.0	815664043.0	6419541.0
19	6.1	50.0	1826728.0	-0.009073456128438314	730690567.0	832310184.0	6550616.0
19	6.1	51.0	1826752.0	-0.009073575337727865	746782887.0	848956401.0	6681615.0
19	6.1	52.0	1825628.0	-0.009067992369333902	762876092.0	865602716.0	6812516.0
19	6.1	53.0	1830729.0	-0.009093329310417175	778969523.0	882249022.0	6943426.0
19	6.1	54.0	1829047.0	-0.009084974726041159	795061686.0	898895267.0	7074397.0
19	6.1	55.0	1828361.0	-0.009081567327181498	811153624.0	915541365.0	7205515.0
19	6.1	56.0	1827192.0	-0.009075760841369629	827245137.0	932187547.0	7336549.0
19	6.1	57.0	1829739.0	-0.009088411927223206	843337103.0	948833665.0	7467647.0
19	6.1	58.0	1827998.0	-0.009079764286677042	859428085.0	965479834.0	7598694.0
19	6.1	59.0	1827522.0	-0.009077399969100952	875519421.0	982126108.0	7729636.0
19	6.1	60.0	1826289.0	-0.00907127559185028	891611404.0	998772471.0	7860489.0
19	6.1	61.0	1828692.0	-0.009083211421966553	907704048.0	1015418709.0	7991467.0
19	6.1	62.0	1827347.0	-0.009076530734697977	923795944.0	1032065185.0	8122207.0
19	6.1	63.0	1829166.0	-0.00908556580543518	939887233.0	1048711428.0	8253180.0
19	6.1	64.0	1828815.0	-0.0090838223695755	955979186.0	1065357238.0	8384586.0
19	6.1	65.0	1829466.0	-0.009087055921554565	972071238.0	1082003337.0	8515703.0
19	6.1	66.0	1830329.0	-0.009091342488924662	988163151.0	1098649807.0	8646449.0
19	6.1	67.0	1830211.0	-0.009090756376584372	1004254772.0	1115296235.0	8777237.0
19	6.1	68.0	1829596.0	-0.009087701638539633	1020346831.0	1131942332.0	8908356.0
19	6.1	69.0	1831016.0	-0.009094754854838053	1036439459.0	1148588891.0	9039013.0
19	6.1	70.0	1830120.0	-0.009090304374694824	1052530957.0	1165234440.0	9170680.0
19	6.1	71.0	1828913.0	-0.009084309140841166	1068623058.0	1181880490.0	9301846.0
19	6.1	72.0	1829207.0	-0.009085769454638163	1084714432.0	1198526750.0	9432802.0
19	6.1	73.0	1831008.0	-0.009094715118408203	1100805658.0	1215172302.0	9564466.0
19	6.1	74.0	1829992.0	-0.00908966859181722	1116897001.0	1231818784.0	9695200.0
19	6.1	75.0	1828496.0	-0.00908223787943522	1132987725.0	1248464439.0	9826761.0
19	6.1	76.0	1830385.0	-0.009091620643933615	1149079177.0	1265110672.0	9957744.0
19	6.1	77.0	1827550.0	-0.009077539046605429	1165170284.0	1281757629.0	10088003.0
19	6.1	78.0	1827501.0	-0.009077295660972595	1181261063.0	1298403367.0	10219481.0
19	6.1	79.0	1828410.0	-0.009081810712814331	1197352422.0	1315049392.0	10350672.0
19	6.1	80.0	1828671.0	-0.009083107113838196	1213442356.0	1331695590.0	10481690.0
19	6.1	81.0	1830361.0	-0.009091501434644064	1229534032.0	1348341440.0	10613056.0
19	6.1	82.0	1828932.0	-0.00908440351486206	1245625327.0	1364987848.0	10743864.0
19	6.1	83.0	1830489.0	-0.009092137217521667	1261717303.0	1381634118.0	10874810.0
19	6.1	84.0	1828502.0	-0.009082267681757608	1277808855.0	1398280154.0	11005990.0
19	6.1	85.0	1828801.0	-0.009083752830823263	1293900797.0	1414926818.0	11136542.0
19	6.1	86.0	1830266.0	-0.009091029564539591	1309993774.0	1431573205.0	11267371.0
19	6.1	87.0	1828011.0	-0.00907982885837555	1326085889.0	1448219492.0	11398300.0
19	6.1	88.0	1828563.0	-0.009082570672035217	1342177447.0	1464865948.0	11529060.0
19	6.1	89.0	1829836.0	-0.00908889373143514	1358268497.0	1481511673.0	11660551.0
19	6.1	90.0	1828677.0	-0.009083136916160583	1374360011.0	1498157851.0	11791589.0
19	6.1	91.0	1830642.0	-0.009092897176742554	1390450242.0	1514803902.0	11922754.0
19	6.1	92.0	1831481.0	-0.0090970645348231	1406541007.0	1531450654.0	12053218.0
19	6.1	93.0	1827869.0	-0.009079123536745707	1422633769.0	1548097056.0	12184032.0
19	6.1	94.0	1829661.0	-0.009088024497032166	1438724716.0	1564743535.0	12314769.0
19	6.1	95.0	1829450.0	-0.009086976448694864	1454816984.0	1581389593.0	12445927.0
19	6.1	96.0	1827461.0	-0.009077096978823343	1470909565.0	1598036368.0	12576368.0
19	6.1	97.0	1828739.0	-0.009083444873491922	1487001626.0	1614682168.0	12707784.0
19	6.1	98.0	1829819.0	-0.009088809291521708	1503092652.0	1631328818.0	12838350.0
19	6.1	99.0	1827128.0	-0.009075442949930826	1519183166.0	1647974649.0	12969735.0
19	6.1	100.0	1827184.0	-0.00907572110493978	1535274736.0	1664620887.0	13100713.0
20	6.0	1.0	94919030.0	-0.4714679221312205	667941.0	16645851.0	131365.0
20	6.0	2.0	81882708.0	-0.4067158102989197	2017751.0	33292054.0	262378.0
20	6.0	3.0	66132404.0	-0.3284832040468852	4614842.0	49938693.0	392955.0
20	6.0	4.0	49218334.0	-0.2444701095422109	9187328.0	66584905.0	523959.0
20	6.0	5.0	33424211.0	-0.1660198519627253	16318681.0	83230526.0	655554.0
20	6.0	6.0	20513546.0	-0.10189188520113628	26167166.0	99876724.0	786572.0
20	6.0	7.0	11269831.0	-0.05597785611947378	38443318.0	116522877.0	917635.0
20	6.0	8.0	5648099.0	-0.028054411212603252	52572828.0	133168978.0	1048750.0
20	6.0	9.0	2962018.0	-0.014712502559026083	67869042.0	149814912.0	1180032.0
20	6.0	10.0	2055804.0	-0.010211288928985596	83727958.0	166460706.0	1311454.0
20	6.0	11.0	1859092.0	-0.009234209855397543	99769609.0	183106300.0	1443076.0
20	6.0	12.0	1835445.0	-0.009116753935813904	115846150.0	199752211.0	1574381.0
20	6.0	13.0	1833611.0	-0.009107644359270731	131927769.0	216398220.0	1705588.0
20	6.0	14.0	1834080.0	-0.009109973907470703	148009573.0	233044287.0	1836737.0
20	6.0	15.0	1832346.0	-0.00910136103630066	164090014.0	249690511.0	1967729.0
20	6.0	16.0	1834276.0	-0.009110947450002035	180170161.0	266336858.0	2098598.0
20	6.0	17.0	1832400.0	-0.009101629257202148	196252139.0	282983128.0	2229544.0
20	6.0	18.0	1833807.0	-0.009108617901802063	212334593.0	299629661.0	2360227.0
20	6.0	19.0	1833394.0	-0.009106566508611044	228416896.0	316276100.0	2491004.0
20	6.0	20.0	1834047.0	-0.00910980999469757	244500016.0	332922418.0	2621902.0
20	6.0	21.0	1831875.0	-0.009099021553993225	260582295.0	349569323.0	2752213.0
20	6.0	22.0	1834622.0	-0.009112666050593058	276663713.0	366214910.0	2883842.0
20	6.0	23.0	1834755.0	-0.009113326668739319	292745125.0	382861391.0	3014577.0
20	6.0	24.0	1832540.0	-0.009102324644724527	308828735.0	399508233.0	3144951.0
20	6.0	25.0	1833227.0	-0.009105737010637919	324911365.0	416154080.0	3276320.0
20	6.0	26.0	1831848.0	-0.00909888744354248	340994219.0	432800463.0	3407153.0
20	6.0	27.0	1833122.0	-0.009105215469996134	357077646.0	449446210.0	3538622.0
20	6.0	28.0	1832798.0	-0.009103606144587198	373160048.0	466092872.0	3669176.0
20	6.0	29.0	1834717.0	-0.00911313792069753	389242109.0	482739477.0	3799787.0
20	6.0	30.0	1835399.0	-0.009116525451342264	405322614.0	499384914.0	3931566.0
20	6.0	31.0	1834039.0	-0.009109770258267721	421405337.0	516031929.0	4061767.0
20	6.0	32.0	1835844.0	-0.009118735790252686	437486109.0	532678245.0	4192667.0
20	6.0	33.0	1834773.0	-0.009113416075706482	453567050.0	549324437.0	4323691.0
20	6.0	34.0	1833895.0	-0.009109055002530416	469648463.0	565970584.0	4454760.0
20	6.0	35.0	1832556.0	-0.009102404117584229	485730632.0	582616376.0	4586184.0
20	6.0	36.0	1829850.0	-0.009088963270187378	501811722.0	599262713.0	4717063.0
20	6.0	37.0	1834356.0	-0.009111344814300537	517892727.0	615908327.0	4848665.0
20	6.0	38.0	1834976.0	-0.009114424387613932	533972800.0	632554580.0	4979628.0
20	6.0	39.0	1832080.0	-0.009100039800008139	550056089.0	649200271.0	5111153.0
20	6.0	40.0	1832640.0	-0.009102821350097656	566137273.0	665846533.0	5242107.0
20	6.0	41.0	1833343.0	-0.009106313188870748	582219547.0	682492681.0	5373175.0
20	6.0	42.0	1832471.0	-0.009101981918017069	598301874.0	699138662.0	5504410.0
20	6.0	43.0	1834308.0	-0.009111106395721436	614384423.0	715784164.0	5636124.0
20	6.0	44.0	1832931.0	-0.00910426676273346	630465754.0	732430524.0	5766980.0
20	6.0	45.0	1833835.0	-0.00910875697930654	646548524.0	749077034.0	5897686.0
20	6.0	46.0	1832398.0	-0.009101619323094686	662630451.0	765723024.0	6028912.0
20	6.0	47.0	1833865.0	-0.009108905990918478	678711688.0	782368817.0	6160335.0
20	6.0	48.0	1835770.0	-0.009118368228276571	694792714.0	799015106.0	6291262.0
20	6.0	49.0	1836008.0	-0.009119550387064615	710873788.0	815661216.0	6422368.0
20	6.0	50.0	1835317.0	-0.0091161181529363	726956237.0	832308015.0	6552785.0
20	6.0	51.0	1834775.0	-0.009113426009813944	743037905.0	848954087.0	6683929.0
20	6.0	52.0	1834390.0	-0.009111513694127401	759120058.0	865600010.0	6815222.0
20	6.0	53.0	1833849.0	-0.009108826518058777	775200398.0	882245784.0	6946664.0
20	6.0	54.0	1834118.0	-0.009110162655512491	791281488.0	898891875.0	7077789.0
20	6.0	55.0	1833620.0	-0.009107689062754313	807364905.0	915538127.0	7208753.0
20	6.0	56.0	1834227.0	-0.009110704064369202	823446891.0	932184664.0	7339432.0
20	6.0	57.0	1832582.0	-0.009102533260981241	839530034.0	948830735.0	7470577.0
20	6.0	58.0	1833171.0	-0.009105458855628967	855611884.0	965476786.0	7601742.0
20	6.0	59.0	1835419.0	-0.009116624792416891	871693204.0	982123389.0	7732355.0
20	6.0	60.0	1835645.0	-0.00911774734656016	887775657.0	998769360.0	7863600.0
20	6.0	61.0	1837163.0	-0.009125287334124247	903857185.0	1015415413.0	7994763.0
20	6.0	62.0	1830843.0	-0.009093895554542542	919939229.0	1032061812.0	8125580.0
20	6.0	63.0	1833298.0	-0.00910608967145284	936019964.0	1048707462.0	8257146.0
20	6.0	64.0	1833277.0	-0.009105985363324484	952102872.0	1065353883.0	8387941.0
20	6.0	65.0	1835780.0	-0.009118417898813883	968184395.0	1082000253.0	8518787.0
20	6.0	66.0	1832909.0	-0.00910415748755137	984263636.0	1098646146.0	8650110.0
20	6.0	67.0	1834471.0	-0.009111916025479635	1000346057.0	1115292614.0	8780858.0
20	6.0	68.0	1832787.0	-0.009103551506996155	1016426981.0	1131938389.0	8912299.0
20	6.0	69.0	1830487.0	-0.009092127283414205	1032510254.0	1148584776.0	9043128.0
20	6.0	70.0	1836366.0	-0.009121328592300415	1048591318.0	1165231308.0	9173812.0
20	6.0	71.0	1833923.0	-0.009109194080034891	1064672532.0	1181877438.0	9304898.0
20	6.0	72.0	1833402.0	-0.009106606245040894	1080752740.0	1198523535.0	9436017.0
20	6.0	73.0	1833822.0	-0.009108692407608032	1096835349.0	1215169824.0	9566944.0
20	6.0	74.0	1833631.0	-0.009107743700345358	1112918894.0	1231816120.0	9697864.0
20	6.0	75.0	1831750.0	-0.009098400672276815	1129001370.0	1248462412.0	9828788.0
20	6.0	76.0	1833361.0	-0.009106402595837912	1145083129.0	1265108049.0	9960367.0
20	6.0	77.0	1834224.0	-0.009110689163208008	1161165841.0	1281754363.0	10091269.0
20	6.0	78.0	1832991.0	-0.009104564785957336	1177248001.0	1298400778.0	10222070.0
20	6.0	79.0	1832311.0	-0.009101187189420065	1193331027.0	1315047409.0	10352655.0
20	6.0	80.0	1833246.0	-0.009105831384658813	1209412382.0	1331693028.0	10484252.0
20	6.0	81.0	1832974.0	-0.009104480346043905	1225495232.0	1348339801.0	10614695.0
20	6.0	82.0	1832932.0	-0.009104271729787191	1241577528.0	1364985897.0	10745815.0
20	6.0	83.0	1833236.0	-0.0091057817141215	1257658022.0	1381631691.0	10877237.0
20	6.0	84.0	1834079.0	-0.009109968940416971	1273739621.0	1398277864.0	11008280.0
20	6.0	85.0	1834757.0	-0.00911333660284678	1289821104.0	1414924087.0	11139273.0
20	6.0	86.0	1832307.0	-0.00910116732120514	1305903617.0	1431570895.0	11269681.0
20	6.0	87.0	1835363.0	-0.009116346637407938	1321983905.0	1448216506.0	11401286.0
20	6.0	88.0	1833365.0	-0.009106422464052836	1338065939.0	1464862407.0	11532601.0
20	6.0	89.0	1833106.0	-0.009105135997136434	1354147897.0	1481508509.0	11663715.0
20	6.0	90.0	1832527.0	-0.009102260073026022	1370231508.0	1498154650.0	11794790.0
20	6.0	91.0	1832574.0	-0.009102493524551392	1386313645.0	1514800839.0	11925817.0
20	6.0	92.0	1831502.0	-0.009097168842951456	1402397279.0	1531447263.0	12056609.0
20	6.0	93.0	1833347.0	-0.009106333057085672	1418480930.0	1548093739.0	12187349.0
20	6.0	94.0	1831657.0	-0.009097938736279806	1434562909.0	1564740366.0	12317938.0
20	6.0	95.0	1832809.0	-0.009103660782178244	1450645283.0	1581386505.0	12449015.0
20	6.0	96.0	1833089.0	-0.009105051557223002	1466727405.0	1598032576.0	12580160.0
20	6.0	97.0	1834814.0	-0.009113619724909464	1482809321.0	1614678772.0	12711180.0
20	6.0	98.0	1832863.0	-0.009103929003079733	1498890475.0	1631324273.0	12842895.0
20	6.0	99.0	1836774.0	-0.009123355150222778	1514971994.0	1647970615.0	12973769.0
20	6.0	100.0	1833313.0	-0.00910616417725881	1531053548.0	1664616726.0	13104874.0
21	5.9	1.0	95500083.0	-0.4743540436029434	627962.0	16645747.0	131469.0
21	5.9	2.0	83263986.0	-0.4135766923427582	1876594.0	33291834.0	262598.0
21	5.9	3.0	68373403.0	-0.3396143664916356	4260667.0	49937766.0	393882.0
21	5.9	4.0	52139144.0	-0.2589779297510783	8456483.0	66584102.0	524762.0
21	5.9	5.0	36633803.0	-0.18196206788221994	15047902.0	83230056.0	656024.0
21	5.9	6.0	23510158.0	-0.11677621801694234	24260140.0	99876101.0	787195.0
21	5.9	7.0	13627354.0	-0.0676877995332082	35905519.0	116522004.0	918508.0
21	5.9	8.0	7171930.0	-0.035623361666997276	49514037.0	133168123.0	1049605.0
21	5.9	9.0	3685824.0	-0.01830768585205078	64467634.0	149813673.0	1181271.0
21	5.9	10.0	2283614.0	-0.011342833439509073	80159894.0	166459804.0	1312356.0
21	5.9	11.0	1909634.0	-0.009485254685084024	96146646.0	183106015.0	1443361.0
21	5.9	12.0	1846710.0	-0.009172707796096802	112206857.0	199752203.0	1574389.0
21	5.9	13.0	1841344.0	-0.00914605458577474	128276810.0	216398625.0	1705183.0
21	5.9	14.0	1837688.0	-0.00912789503733317	144348919.0	233045160.0	1835864.0
21	5.9	15.0	1839746.0	-0.00913811723391215	160421279.0	249691149.0	1967091.0
21	5.9	16.0	1838755.0	-0.00913319488366445	176493550.0	266337124.0	2098332.0
21	5.9	17.0	1839518.0	-0.009136984745661417	192564718.0	282983297.0	2229375.0
21	5.9	18.0	1839623.0	-0.009137506286303202	208636697.0	299629764.0	2360124.0
21	5.9	19.0	1838099.0	-0.009129936496416727	224707269.0	316275466.0	2491638.0
21	5.9	20.0	1838110.0	-0.009129991134007772	240778763.0	332921968.0	2622352.0
21	5.9	21.0	1836943.0	-0.009124194582303366	256851721.0	349567556.0	2753980.0
21	5.9	22.0	1837623.0	-0.009127572178840637	272925749.0	366214276.0	2884476.0
21	5.9	23.0	1838441.0	-0.009131635228792826	288998266.0	382860482.0	3015486.0
21	5.9	24.0	1838754.0	-0.009133189916610718	305070521.0	399506671.0	3146513.0
21	5.9	25.0	1840420.0	-0.009141465028127035	321143994.0	416153244.0	3277156.0
21	5.9	26.0	1837671.0	-0.009127810597419739	337214596.0	432799060.0	3408556.0
21	5.9	27.0	1839053.0	-0.00913467506567637	353287947.0	449445189.0	3539643.0
21	5.9	28.0	1837006.0	-0.009124507506688436	369359749.0	466091322.0	3670726.0
21	5.9	29.0	1838826.0	-0.00913354754447937	385432199.0	482737856.0	3801408.0
21	5.9	30.0	1838905.0	-0.009133939941724142	401503884.0	499384481.0	3931999.0
21	5.9	31.0	1840026.0	-0.00913950800895691	417576046.0	516030563.0	4063133.0
21	5.9	32.0	1838656.0	-0.009132703145345053	433647244.0	532676115.0	4194797.0
21	5.9	33.0	1837872.0	-0.009128808975219727	449721637.0	549323007.0	4325121.0
21	5.9	34.0	1838229.0	-0.009130582213401794	465793408.0	565969555.0	4455789.0
21	5.9	35.0	1836232.0	-0.009120663007100424	481865251.0	582615128.0	4587432.0
21	5.9	36.0	1837196.0	-0.009125451246897379	497937478.0	599261711.0	4718065.0
21	5.9	37.0	1838822.0	-0.009133527676264444	514009153.0	615908000.0	4848992.0
21	5.9	38.0	1838941.0	-0.009134118755658468	530080623.0	632553415.0	4980793.0
21	5.9	39.0	1837195.0	-0.009125446279843649	546153131.0	649199603.0	5111821.0
21	5.9	40.0	1838604.0	-0.009132444858551025	562224616.0	665845893.0	5242747.0
21	5.9	41.0	1834926.0	-0.009114176034927368	578296664.0	682491378.0	5374478.0
21	5.9	42.0	1839742.0	-0.009138097365697226	594368896.0	699137348.0	5505724.0
21	5.9	43.0	1838697.0	-0.009132906794548035	610441469.0	715783785.0	5636503.0
21	5.9	44.0	1839006.0	-0.009134441614151001	626512451.0	732429852.0	5767652.0
21	5.9	45.0	1838814.0	-0.009133487939834595	642584260.0	749075546.0	5899174.0
21	5.9	46.0	1837377.0	-0.009126350283622742	658656627.0	765721318.0	6030618.0
21	5.9	47.0	1839759.0	-0.009138181805610657	674728021.0	782367365.0	6161787.0
21	5.9	48.0	1839994.0	-0.009139349063237509	690800661.0	799013840.0	6292528.0
21	5.9	49.0	1840018.0	-0.00913946827252706	706872737.0	815660071.0	6423513.0
21	5.9	50.0	1838373.0	-0.009131297469139099	722944681.0	832305868.0	6554932.0
21	5.9	51.0	1836661.0	-0.009122793873151144	739017244.0	848952393.0	6685623.0
21	5.9	52.0	1838218.0	-0.009130527575810751	755088167.0	865598518.0	6816714.0
21	5.9	53.0	1840264.0	-0.009140690167744955	771161293.0	882245214.0	6947234.0
21	5.9	54.0	1837144.0	-0.009125192960103353	787235281.0	898891976.0	7077688.0
21	5.9	55.0	1837372.0	-0.009126325448354086	803308123.0	915537805.0	7209075.0
21	5.9	56.0	1838387.0	-0.009131367007891336	819381562.0	932184424.0	7339672.0
21	5.9	57.0	1838888.0	-0.009133855501810709	835452766.0	948831017.0	7470295.0
21	5.9	58.0	1839259.0	-0.009135698278745016	851523427.0	965476502.0	7602026.0
21	5.9	59.0	1837999.0	-0.0091294397910436	867595377.0	982122395.0	7733349.0
21	5.9	60.0	1839127.0	-0.009135042627652487	883665626.0	998767772.0	7865188.0
21	5.9	61.0	1837551.0	-0.009127214550971985	899736730.0	1015414082.0	7996094.0
21	5.9	62.0	1838670.0	-0.00913277268409729	915809000.0	1032060425.0	8126967.0
21	5.9	63.0	1838788.0	-0.009133358796437582	931880111.0	1048706724.0	8257884.0
21	5.9	64.0	1837949.0	-0.009129191438357035	947951536.0	1065352607.0	8389217.0
21	5.9	65.0	1836684.0	-0.009122908115386963	964023473.0	1081998763.0	8520277.0
21	5.9	66.0	1838396.0	-0.009131411711374918	980096618.0	1098645057.0	8651199.0
21	5.9	67.0	1834935.0	-0.00911422073841095	996169828.0	1115291310.0	8782162.0
21	5.9	68.0	1837742.0	-0.00912816325823466	1012241805.0	1131937704.0	8912984.0
21	5.9	69.0	1836317.0	-0.009121085206667582	1028314321.0	1148584300.0	9043604.0
21	5.9	70.0	1836897.0	-0.009123966097831726	1044385722.0	1165230606.0	9174514.0
21	5.9	71.0	1838781.0	-0.009133324027061462	1060458655.0	1181877693.0	9304643.0
21	5.9	72.0	1836497.0	-0.009121979276339212	1076531553.0	1198524161.0	9435391.0
21	5.9	73.0	1837973.0	-0.009129310647646586	1092602979.0	1215170176.0	9566592.0
21	5.9	74.0	1838148.0	-0.00913017988204956	1108674349.0	1231816089.0	9697895.0
21	5.9	75.0	1837779.0	-0.009128347039222717	1124746132.0	1248462063.0	9829137.0
21	5.9	76.0	1837320.0	-0.009126067161560059	1140818977.0	1265108407.0	9960009.0
21	5.9	77.0	1838337.0	-0.009131118655204773	1156893120.0	1281754526.0	10091106.0
21	5.9	78.0	1839055.0	-0.009134684999783834	1172963403.0	1298400104.0	10222744.0
21	5.9	79.0	1836645.0	-0.009122714400291443	1189035703.0	1315046329.0	10353735.0
21	5.9	80.0	1839212.0	-0.009135464827219645	1205106302.0	1331692026.0	10485254.0
21	5.9	81.0	1838722.0	-0.009133030970891317	1221179059.0	1348339140.0	10615356.0
21	5.9	82.0	1836609.0	-0.009122535586357117	1237251030.0	1364985120.0	10746592.0
21	5.9	83.0	1838165.0	-0.009130264321962992	1253322681.0	1381630751.0	10878177.0
21	5.9	84.0	1839901.0	-0.0091388871272405	1269393363.0	1398276418.0	11009726.0
21	5.9	85.0	1836209.0	-0.009120548764864603	1285464826.0	1414921834.0	11141526.0
21	5.9	86.0	1839219.0	-0.009135499596595764	1301537215.0	1431567727.0	11272849.0
21	5.9	87.0	1838926.0	-0.009134044249852499	1317609285.0	1448214219.0	11403573.0
21	5.9	88.0	1840379.0	-0.009141261378924051	1333681055.0	1464860820.0	11534188.0
21	5.9	89.0	1840352.0	-0.009141127268473307	1349751738.0	1481506507.0	11665717.0
21	5.9	90.0	1839118.0	-0.009134997924168905	1365823797.0	1498153317.0	11796123.0
21	5.9	91.0	1836512.0	-0.009122053782145182	1381896912.0	1514799641.0	11927015.0
21	5.9	92.0	1838029.0	-0.009129588802655539	1397970027.0	1531446127.0	12057745.0
21	5.9	93.0	1837433.0	-0.009126628438631693	1414041517.0	1548092365.0	12188723.0
21	5.9	94.0	1839165.0	-0.009135231375694275	1430112686.0	1564738212.0	12320092.0
21	5.9	95.0	1840174.0	-0.00914024313290914	1446183059.0	1581384123.0	12451397.0
21	5.9	96.0	1837361.0	-0.00912627081076304	1462254120.0	1598030643.0	12582093.0
21	5.9	97.0	1840513.0	-0.009141926964124044	1478326045.0	1614676733.0	12713219.0
21	5.9	98.0	1837005.0	-0.009124502539634705	1494397840.0	1631322991.0	12844177.0
21	5.9	99.0	1836619.0	-0.00912258525689443	1510470204.0	1647968686.0	12975698.0
21	5.9	100.0	1838176.0	-0.009130318959554037	1526544453.0	1664615310.0	13106290.0
22	5.8	1.0	96064331.0	-0.47715669373671216	588169.0	16646080.0	131136.0
22	5.8	2.0	84572868.0	-0.42007797956466675	1742037.0	33292050.0	262382.0
22	5.8	3.0	70519777.0	-0.3502755214770635	3926079.0	49938491.0	393157.0
22	5.8	4.0	54952665.0	-0.2729528397321701	7769263.0	66584625.0	524239.0
22	5.8	5.0	39755002.0	-0.19746523102124533	13854888.0	83230696.0	655384.0
22	5.8	6.0	26535182.0	-0.1318016747633616	22457133.0	99877253.0	786043.0
22	5.8	7.0	16160853.0	-0.08027182519435883	33476132.0	116523562.0	916950.0
22	5.8	8.0	8952236.0	-0.04446623722712199	46525935.0	133169062.0	1048666.0
22	5.8	9.0	4679858.0	-0.023245106140772503	61072185.0	149814937.0	1180007.0
22	5.8	10.0	2681226.0	-0.013317793607711792	76532297.0	166460995.0	1311165.0
22	5.8	11.0	2011686.0	-0.009992152452468872	92422036.0	183106281.0	1443095.0
22	5.8	12.0	1865681.0	-0.009266937772432962	108453375.0	199752748.0	1573844.0
22	5.8	13.0	1842718.0	-0.009152879317601522	124511472.0	216399420.0	1704388.0
22	5.8	14.0	1843253.0	-0.009155536691347757	140573593.0	233045431.0	1835593.0
22	5.8	15.0	1844703.0	-0.009162738919258118	156635398.0	249691531.0	1966709.0
22	5.8	16.0	1843728.0	-0.009157896041870117	172695555.0	266337868.0	2097588.0
22	5.8	17.0	1842022.0	-0.00914942224820455	188755313.0	282983920.0	2228752.0
22	5.8	18.0	1841663.0	-0.009147639075915018	204815923.0	299630062.0	2359826.0
22	5.8	19.0	1844736.0	-0.00916290283203125	220877836.0	316276719.0	2490385.0
22	5.8	20.0	1842394.0	-0.009151269992192587	236937285.0	332922747.0	2621573.0
22	5.8	21.0	1843729.0	-0.009157901008923849	252999301.0	349568790.0	2752746.0
22	5.8	22.0	1845968.0	-0.00916902224222819	269062305.0	366214733.0	2884019.0
22	5.8	23.0	1843821.0	-0.009158357977867126	285122811.0	382860901.0	3015067.0
22	5.8	24.0	1840299.0	-0.00914086401462555	301185501.0	399507828.0	3145356.0
22	5.8	25.0	1842205.0	-0.009150331219037374	317247726.0	416153844.0	3276556.0
22	5.8	26.0	1841532.0	-0.00914698839187622	333310303.0	432799356.0	3408260.0
22	5.8	27.0	1840701.0	-0.009142860770225525	349373115.0	449445004.0	3539828.0
22	5.8	28.0	1842288.0	-0.00915074348449707	365434081.0	466090937.0	3671111.0
22	5.8	29.0	1843543.0	-0.00915697713692983	381494671.0	482736953.0	3802311.0
22	5.8	30.0	1843703.0	-0.009157771865526835	397556693.0	499382922.0	3933558.0
22	5.8	31.0	1842876.0	-0.009153664112091064	413617689.0	516029358.0	4064338.0
22	5.8	32.0	1844077.0	-0.009159629543622335	429680187.0	532676179.0	4194733.0
22	5.8	33.0	1843680.0	-0.009157657623291016	445744127.0	549322567.0	4325561.0
22	5.8	34.0	1845414.0	-0.00916627049446106	461805687.0	565968380.0	4456964.0
22	5.8	35.0	1842473.0	-0.009151662389437357	477867533.0	582614773.0	4587787.0
22	5.8	36.0	1841588.0	-0.009147266546885172	493928317.0	599260773.0	4719003.0
22	5.8	37.0	1845011.0	-0.009164268771807352	509989520.0	615906524.0	4850468.0
22	5.8	38.0	1843435.0	-0.009156440695126852	526051192.0	632552950.0	4981258.0
22	5.8	39.0	1841446.0	-0.009146561225255331	542112278.0	649199143.0	5112281.0
22	5.8	40.0	1845358.0	-0.009165992339452108	558173698.0	665845434.0	5243206.0
22	5.8	41.0	1845622.0	-0.009167303641637167	574235284.0	682491663.0	5374193.0
22	5.8	42.0	1844397.0	-0.009161219000816345	590297306.0	699138007.0	5505065.0
22	5.8	43.0	1842718.0	-0.009152879317601522	606359087.0	715784619.0	5635669.0
22	5.8	44.0	1844136.0	-0.00915992259979248	622420432.0	732430842.0	5766662.0
22	5.8	45.0	1844088.0	-0.009159684181213379	638481593.0	749076821.0	5897899.0
22	5.8	46.0	1842910.0	-0.009153832991917929	654543400.0	765722988.0	6028948.0
22	5.8	47.0	1841442.0	-0.009146541357040405	670604797.0	782368574.0	6160578.0
22	5.8	48.0	1844767.0	-0.00916305681069692	686665386.0	799014601.0	6291767.0
22	5.8	49.0	1843433.0	-0.009156430761019388	702725370.0	815660160.0	6423424.0
22	5.8	50.0	1845572.0	-0.009167055288950602	718785346.0	832306255.0	6554545.0
22	5.8	51.0	1842705.0	-0.009152814745903015	734847405.0	848952325.0	6685691.0
22	5.8	52.0	1843656.0	-0.009157538414001465	750910419.0	865598698.0	6816534.0
22	5.8	53.0	1845569.0	-0.009167040387789408	766973908.0	882244712.0	6947736.0
22	5.8	54.0	1843975.0	-0.009159122904141745	783034321.0	898890472.0	7079192.0
22	5.8	55.0	1841225.0	-0.009145463506380716	799096793.0	915536759.0	7210121.0
22	5.8	56.0	1842829.0	-0.009153430660565695	815158339.0	932183149.0	7340947.0
22	5.8	57.0	1843667.0	-0.009157593051592508	831220386.0	948828999.0	7472313.0
22	5.8	58.0	1840933.0	-0.009144013126691183	847281683.0	965475268.0	7603260.0
22	5.8	59.0	1841738.0	-0.009148011604944864	863343593.0	982121517.0	7734227.0
22	5.8	60.0	1841771.0	-0.009148175517717997	879405308.0	998767983.0	7864977.0
22	5.8	61.0	1844376.0	-0.009161114692687988	895467904.0	1015413971.0	7996205.0
22	5.8	62.0	1843294.0	-0.009155740340550741	911529892.0	1032060052.0	8127340.0
22	5.8	63.0	1842016.0	-0.009149392445882162	927592237.0	1048706366.0	8258242.0
22	5.8	64.0	1841743.0	-0.009148036440213522	943654080.0	1065352961.0	8388863.0
22	5.8	65.0	1844213.0	-0.009160305062929789	959716208.0	1081999623.0	8519417.0
22	5.8	66.0	1845050.0	-0.009164462486902872	975776350.0	1098645706.0	8650550.0
22	5.8	67.0	1843365.0	-0.009156093001365662	991837480.0	1115291715.0	8781757.0
22	5.8	68.0	1844216.0	-0.009160319964090982	1007898718.0	1131938550.0	8912138.0
22	5.8	69.0	1842740.0	-0.00915298859278361	1023960330.0	1148584666.0	9043238.0
22	5.8	70.0	1844347.0	-0.009160970648129782	1040020915.0	1165230677.0	9174443.0
22	5.8	71.0	1843783.0	-0.009158169229825338	1056080733.0	1181876490.0	9305846.0
22	5.8	72.0	1843911.0	-0.009158805012702942	1072141874.0	1198522995.0	9436557.0
22	5.8	73.0	1842583.0	-0.0091522087653478	1088202458.0	1215169044.0	9567724.0
22	5.8	74.0	1844051.0	-0.009159500400225321	1104264266.0	1231815173.0	9698811.0
22	5.8	75.0	1842414.0	-0.009151369333267212	1120324816.0	1248460457.0	9830743.0
22	5.8	76.0	1842998.0	-0.00915427009264628	1136387542.0	1265106486.0	9961930.0
22	5.8	77.0	1845427.0	-0.009166335066159567	1152449335.0	1281753149.0	10092483.0
22	5.8	78.0	1842326.0	-0.009150932232538858	1168510756.0	1298399287.0	10223561.0
22	5.8	79.0	1843426.0	-0.00915639599164327	1184572029.0	1315045121.0	10354943.0
22	5.8	80.0	1846174.0	-0.009170045455296835	1200633713.0	1331691500.0	10485780.0
22	5.8	81.0	1844799.0	-0.00916321575641632	1216694851.0	1348338239.0	10616257.0
22	5.8	82.0	1843260.0	-0.009155571460723877	1232757340.0	1364984402.0	10747310.0
22	5.8	83.0	1843289.0	-0.009155715505282084	1248819501.0	1381629989.0	10878939.0
22	5.8	84.0	1844919.0	-0.009163811802864075	1264883477.0	1398276375.0	11009769.0
22	5.8	85.0	1842586.0	-0.009152223666508993	1280944914.0	1414922419.0	11140941.0
22	5.8	86.0	1843687.0	-0.009157692392667135	1297006804.0	1431568613.0	11271963.0
22	5.8	87.0	1842761.0	-0.009153092900911966	1313068262.0	1448215242.0	11402550.0
22	5.8	88.0	1844286.0	-0.009160667657852173	1329129658.0	1464861552.0	11533456.0
22	5.8	89.0	1840876.0	-0.0091437300046285	1345191080.0	1481507713.0	11664511.0
22	5.8	90.0	1845395.0	-0.009166176120440165	1361252127.0	1498154230.0	11795210.0
22	5.8	91.0	1844182.0	-0.00916015108426412	1377312961.0	1514800214.0	11926442.0
22	5.8	92.0	1842388.0	-0.0091512401898702	1393375627.0	1531446232.0	12057640.0
22	5.8	93.0	1843938.0	-0.009158939123153687	1409436584.0	1548091979.0	12189109.0
22	5.8	94.0	1841994.0	-0.009149283170700073	1425498964.0	1564738323.0	12319981.0
22	5.8	95.0	1841654.0	-0.009147594372431437	1441561207.0	1581384947.0	12450573.0
22	5.8	96.0	1844063.0	-0.009159560004870096	1457623210.0	1598031209.0	12581527.0
22	5.8	97.0	1843111.0	-0.009154831369717916	1473682770.0	1614677196.0	12712756.0
22	5.8	98.0	1844147.0	-0.009159977237383524	1489743412.0	1631323470.0	12843698.0
22	5.8	99.0	1842935.0	-0.00915395716826121	1505802293.0	1647968970.0	12975414.0
22	5.8	100.0	1842793.0	-0.009153251846631369	1521863456.0	1664614523.0	13107077.0
23	5.7	1.0	96614245.0	-0.47988814612229663	550720.0	16646453.0	130763.0
23	5.7	2.0	85840794.0	-0.4263758361339569	1619782.0	33292635.0	261797.0
23	5.7	3.0	72624134.0	-0.3607279757658641	3616994.0	49938483.0	393165.0
23	5.7	4.0	57814298.0	-0.2871667246023814	7122799.0	66584866.0	523998.0
23	5.7	5.0	43003251.0	-0.21359945833683014	12705904.0	83231038.0	655042.0
23	5.7	6.0	29766202.0	-0.14785032471021017	20687105.0	99877277.0	786019.0
23	5.7	7.0	19014296.0	-0.09444502989451091	31036967.0	116523318.0	917194.0
23	5.7	8.0	11138545.0	-0.055325751503308616	43473450.0	133169579.0	1048149.0
23	5.7	9.0	6052790.0	-0.03006453315416972	57525341.0	149815397.0	1179547.0
23	5.7	10.0	3328129.0	-0.016530995567639668	72664101.0	166461343.0	1310817.0
23	5.7	11.0	2222228.0	-0.011037925879160563	88401431.0	183107113.0	1442263.0
23	5.7	12.0	1910527.0	-0.009489690264066061	104377773.0	199753117.0	1573475.0
23	5.7	13.0	1856868.0	-0.00922316312789917	120418949.0	216400553.0	1703255.0
23	5.7	14.0	1850389.0	-0.00919098158677419	136468869.0	233046440.0	1834584.0
23	5.7	15.0	1848548.0	-0.009181837240854899	152520191.0	249693363.0	1964877.0
23	5.7	16.0	1848560.0	-0.009181896845499674	168571059.0	266339162.0	2096294.0
23	5.7	17.0	1845931.0	-0.009168838461240133	184622617.0	282985230.0	2227442.0
23	5.7	18.0	1848771.0	-0.009182944893836975	200672908.0	299631126.0	2358762.0
23	5.7	19.0	1849803.0	-0.009188070893287659	216723938.0	316277340.0	2489764.0
23	5.7	20.0	1850323.0	-0.009190653761227926	232773364.0	332923292.0	2621028.0
23	5.7	21.0	1852011.0	-0.00919903814792633	248822713.0	349569300.0	2752236.0
23	5.7	22.0	1851056.0	-0.009194294611612955	264873607.0	366216268.0	2882484.0
23	5.7	23.0	1849725.0	-0.009187683463096619	280924065.0	382862390.0	3013578.0
23	5.7	24.0	1849182.0	-0.009184986352920532	296974966.0	399508788.0	3144396.0
23	5.7	25.0	1847750.0	-0.009177873531977335	313025317.0	416155586.0	3274814.0
23	5.7	26.0	1848742.0	-0.009182800849278768	329075558.0	432801278.0	3406338.0
23	5.7	27.0	1848363.0	-0.009180918335914612	345126443.0	449447497.0	3537335.0
23	5.7	28.0	1849894.0	-0.009188522895177206	361176980.0	466093327.0	3668721.0
23	5.7	29.0	1849970.0	-0.009188900391260782	377229369.0	482740279.0	3798985.0
23	5.7	30.0	1847229.0	-0.009175285696983337	393281673.0	499386545.0	3929935.0
23	5.7	31.0	1847083.0	-0.00917456050713857	409331318.0	516032602.0	4061094.0
23	5.7	32.0	1849013.0	-0.009184146920839945	425384449.0	532679034.0	4191878.0
23	5.7	33.0	1850104.0	-0.009189565976460775	441434387.0	549325286.0	4322842.0
23	5.7	34.0	1849006.0	-0.009184112151463827	457485523.0	565971570.0	4453774.0
23	5.7	35.0	1851474.0	-0.009196370840072632	473536538.0	582617775.0	4584785.0
23	5.7	36.0	1849912.0	-0.009188612302144369	489586458.0	599263669.0	4716107.0
23	5.7	37.0	1849399.0	-0.009186064203580221	505636413.0	615909355.0	4847637.0
23	5.7	38.0	1848561.0	-0.009181901812553406	521686793.0	632555479.0	4978729.0
23	5.7	39.0	1849758.0	-0.009187847375869751	537737815.0	649201478.0	5109946.0
23	5.7	40.0	1847165.0	-0.009174967805544535	553788660.0	665847932.0	5240708.0
23	5.7	41.0	1848008.0	-0.009179155031840006	569840130.0	682493965.0	5371891.0
23	5.7	42.0	1847041.0	-0.009174351890881857	585891852.0	699140175.0	5502897.0
23	5.7	43.0	1848962.0	-0.00918389360109965	601942227.0	715785988.0	5634300.0
23	5.7	44.0	1850548.0	-0.009191771348317465	617993444.0	732432582.0	5764922.0
23	5.7	45.0	1849828.0	-0.009188195069630941	634043819.0	749077883.0	5896837.0
23	5.7	46.0	1848002.0	-0.009179125229517618	650093804.0	765723763.0	6028173.0
23	5.7	47.0	1848312.0	-0.009180665016174316	666144696.0	782370359.0	6158793.0
23	5.7	48.0	1847071.0	-0.009174500902493795	682197858.0	799017084.0	6289284.0
23	5.7	49.0	1849210.0	-0.009185125430425009	698249096.0	815663991.0	6419593.0
23	5.7	50.0	1847772.0	-0.009177982807159424	714299353.0	832309717.0	6551083.0
23	5.7	51.0	1847090.0	-0.009174595276514689	730350891.0	848956097.0	6681919.0
23	5.7	52.0	1848861.0	-0.00918339192867279	746401217.0	865602093.0	6813139.0
23	5.7	53.0	1848140.0	-0.009179810682932535	762451244.0	882247958.0	6944490.0
23	5.7	54.0	1849915.0	-0.009188627203305563	778502829.0	898893834.0	7075830.0
23	5.7	55.0	1848183.0	-0.009180024266242981	794553936.0	915539732.0	7207148.0
23	5.7	56.0	1850320.0	-0.009190638860066732	810603750.0	932186047.0	7338049.0
23	5.7	57.0	1849895.0	-0.009188527862230936	826654664.0	948831652.0	7469660.0
23	5.7	58.0	1849521.0	-0.009186670184135437	842704720.0	965478250.0	7600278.0
23	5.7	59.0	1846703.0	-0.009172673026720682	858756190.0	982124627.0	7731117.0
23	5.7	60.0	1849051.0	-0.009184335668881735	874805875.0	998770517.0	7862443.0
23	5.7	61.0	1848850.0	-0.009183337291081747	890856378.0	1015416595.0	7993581.0
23	5.7	62.0	1849949.0	-0.009188796083132425	906905582.0	1032062418.0	8124974.0
23	5.7	63.0	1850443.0	-0.00919124980767568	922955017.0	1048708606.0	8256002.0
23	5.7	64.0	1849838.0	-0.009188244740168253	939005952.0	1065354784.0	8387040.0
23	5.7	65.0	1847540.0	-0.009176830450693766	955057365.0	1082000794.0	8518246.0
23	5.7	66.0	1847260.0	-0.009175439675649008	971109082.0	1098647216.0	8649040.0
23	5.7	67.0	1850688.0	-0.009192466735839844	987159625.0	1115293656.0	8779816.0
23	5.7	68.0	1850244.0	-0.009190261363983154	1003209680.0	1131939916.0	8910772.0
23	5.7	69.0	1848397.0	-0.009181087215741476	1019260656.0	1148586060.0	9041844.0
23	5.7	70.0	1847774.0	-0.009177992741266886	1035311253.0	1165232355.0	9172765.0
23	5.7	71.0	1846603.0	-0.009172176321347555	1051361689.0	1181878159.0	9304177.0
23	5.7	72.0	1849103.0	-0.00918459395567576	1067413025.0	1198524251.0	9435301.0
23	5.7	73.0	1848837.0	-0.00918327271938324	1083464130.0	1215171025.0	9565743.0
23	5.7	74.0	1848228.0	-0.009180247783660889	1099516150.0	1231817486.0	9696498.0
23	5.7	75.0	1848376.0	-0.009180982907613119	1115566946.0	1248464268.0	9826932.0
23	5.7	76.0	1849204.0	-0.009185095628102621	1131616489.0	1265110388.0	9958028.0
23	5.7	77.0	1847580.0	-0.009177029132843018	1147668424.0	1281756760.0	10088872.0
23	5.7	78.0	1848247.0	-0.009180342157681784	1163718720.0	1298402998.0	10219850.0
23	5.7	79.0	1848517.0	-0.00918168326218923	1179770511.0	1315049761.0	10350303.0
23	5.7	80.0	1848565.0	-0.009181921680768331	1195821482.0	1331695865.0	10481415.0
23	5.7	81.0	1848873.0	-0.009183451533317566	1211872974.0	1348341428.0	10613068.0
23	5.7	82.0	1849923.0	-0.009188666939735413	1227923204.0	1364987562.0	10744150.0
23	5.7	83.0	1847600.0	-0.009177128473917643	1243973411.0	1381633204.0	10875724.0
23	5.7	84.0	1849381.0	-0.009185974796613058	1260024825.0	1398279238.0	11006906.0
23	5.7	85.0	1850523.0	-0.009191647171974182	1276076185.0	1414925420.0	11137940.0
23	5.7	86.0	1849379.0	-0.009185964862505594	1292126352.0	1431571543.0	11269033.0
23	5.7	87.0	1846742.0	-0.009172866741816202	1308177340.0	1448217595.0	11400197.0
23	5.7	88.0	1847583.0	-0.009177044034004211	1324229982.0	1464864265.0	11530743.0
23	5.7	89.0	1847251.0	-0.009175394972165426	1340280904.0	1481510380.0	11661844.0
23	5.7	90.0	1846120.0	-0.009169777234395346	1356331311.0	1498155811.0	11793629.0
23	5.7	91.0	1847889.0	-0.009178563952445984	1372382778.0	1514801717.0	11924939.0
23	5.7	92.0	1850015.0	-0.00918912390867869	1388433955.0	1531447379.0	12056493.0
23	5.7	93.0	1847035.0	-0.00917432208855947	1404485113.0	1548093108.0	12187980.0
23	5.7	94.0	1850169.0	-0.009189888834953308	1420536837.0	1564739473.0	12318831.0
23	5.7	95.0	1850857.0	-0.009193306167920431	1436586639.0	1581385647.0	12449873.0
23	5.7	96.0	1849821.0	-0.009188160300254822	1452638731.0	1598031758.0	12580978.0
23	5.7	97.0	1849198.0	-0.009185065825780233	1468689985.0	1614678401.0	12711551.0
23	5.7	98.0	1849155.0	-0.009184852242469788	1484740361.0	1631324879.0	12842289.0
23	5.7	99.0	1846122.0	-0.009169787168502808	1500791125.0	1647971273.0	12973111.0
23	5.7	100.0	1848998.0	-0.009184072415033976	1516842197.0	1664617358.0	13104242.0
24	5.6	1.0	97129041.0	-0.482445165514946	515738.0	16646305.0	130911.0
24	5.6	2.0	87070793.0	-0.43248530725638074	1498570.0	33292454.0	261978.0
24	5.6	3.0	74665778.0	-0.3708689312140147	3321140.0	49938245.0	393403.0
24	5.6	4.0	60634642.0	-0.30117552479108173	6506362.0	66584216.0	524648.0
24	5.6	5.0	46328075.0	-0.2301140377918879	11599879.0	83230546.0	655534.0
24	5.6	6.0	33218951.0	-0.16500031451384226	18949782.0	99876375.0	786921.0
24	5.6	7.0	22201032.0	-0.11027371883392334	28603985.0	116522760.0	917752.0
24	5.6	8.0	13730646.0	-0.06820085644721985	40363118.0	133168910.0	1048818.0
24	5.6	9.0	7866301.0	-0.03907233973344167	53834155.0	149814632.0	1180312.0
24	5.6	10.0	4343007.0	-0.021571949124336243	68552613.0	166461079.0	1311081.0
24	5.6	11.0	2631084.0	-0.013068735599517822	84045914.0	183106960.0	1442416.0
24	5.6	12.0	2021292.0	-0.010039865970611572	99921688.0	199752625.0	1573967.0
24	5.6	13.0	1879046.0	-0.009333322445551554	115927090.0	216398916.0	1704892.0
24	5.6	14.0	1855460.0	-0.009216169516245524	131962180.0	233044958.0	1836066.0
24	5.6	15.0	1853866.0	-0.00920825203259786	148001424.0	249691939.0	1966301.0
24	5.6	16.0	1854123.0	-0.0092095285654068	164040663.0	266338038.0	2097418.0
24	5.6	17.0	1854255.0	-0.009210184216499329	180080248.0	282984357.0	2228315.0
24	5.6	18.0	1853369.0	-0.009205783406893412	196119123.0	299630743.0	2359145.0
24	5.6	19.0	1852747.0	-0.009202693899472555	212161229.0	316277322.0	2489782.0
24	5.6	20.0	1856523.0	-0.009221449494361877	228202063.0	332923597.0	2620723.0
24	5.6	21.0	1849803.0	-0.009188070893287659	244241659.0	349569882.0	2751654.0
24	5.6	22.0	1854137.0	-0.009209598104159037	260282939.0	366216269.0	2882483.0
24	5.6	23.0	1855501.0	-0.009216373165448507	276321173.0	382861832.0	3014136.0
24	5.6	24.0	1854187.0	-0.009209846456845602	292359880.0	399507861.0	3145323.0
24	5.6	25.0	1855469.0	-0.009216214219729105	308399247.0	416153990.0	3276410.0
24	5.6	26.0	1854608.0	-0.00921193758646647	324438800.0	432800711.0	3406905.0
24	5.6	27.0	1852059.0	-0.009199276566505432	340479377.0	449447388.0	3537444.0
24	5.6	28.0	1855255.0	-0.009215151270230612	356522040.0	466093648.0	3668400.0
24	5.6	29.0	1854828.0	-0.009213030338287354	372562609.0	482740041.0	3799223.0
24	5.6	30.0	1854772.0	-0.009212752183278402	388601715.0	499386900.0	3929580.0
24	5.6	31.0	1852956.0	-0.009203732013702393	404640231.0	516032960.0	4060736.0
24	5.6	32.0	1851015.0	-0.009194090962409973	420679031.0	532679457.0	4191455.0
24	5.6	33.0	1853275.0	-0.009205316503842672	436719019.0	549324849.0	4323279.0
24	5.6	34.0	1854804.0	-0.009212911128997803	452758839.0	565971487.0	4453857.0
24	5.6	35.0	1854344.0	-0.009210626284281412	468801165.0	582618265.0	4584295.0
24	5.6	36.0	1852720.0	-0.00920255978902181	484841488.0	599263879.0	4715897.0
24	5.6	37.0	1855483.0	-0.009216283758481344	500879396.0	615909801.0	4847191.0
24	5.6	38.0	1854570.0	-0.009211748838424683	516918109.0	632555905.0	4978303.0
24	5.6	39.0	1852468.0	-0.009201308091481527	532958289.0	649202330.0	5109094.0
24	5.6	40.0	1856811.0	-0.009222880005836487	548996482.0	665847883.0	5240757.0
24	5.6	41.0	1854608.0	-0.00921193758646647	565034223.0	682494220.0	5371636.0
24	5.6	42.0	1852379.0	-0.009200866023699442	581073936.0	699139744.0	5503328.0
24	5.6	43.0	1853793.0	-0.009207889437675476	597113637.0	715785925.0	5634363.0
24	5.6	44.0	1852076.0	-0.009199361006418863	613154496.0	732431850.0	5765654.0
24	5.6	45.0	1853605.0	-0.009206955631573996	629193691.0	749077333.0	5897387.0
24	5.6	46.0	1855312.0	-0.009215434392293295	645233879.0	765724144.0	6027792.0
24	5.6	47.0	1854137.0	-0.009209598104159037	661272313.0	782370484.0	6158668.0
24	5.6	48.0	1854030.0	-0.00920906662940979	677312790.0	799016272.0	6290096.0
24	5.6	49.0	1853528.0	-0.009206573168436686	693352885.0	815662104.0	6421480.0
24	5.6	50.0	1853265.0	-0.009205266833305359	709393219.0	832307803.0	6552997.0
24	5.6	51.0	1854005.0	-0.009208942453066507	725433290.0	848953866.0	6684150.0
24	5.6	52.0	1850986.0	-0.009193946917851767	741472242.0	865600173.0	6815059.0
24	5.6	53.0	1853462.0	-0.009206245342890421	757511871.0	882246763.0	6945685.0
24	5.6	54.0	1852053.0	-0.009199246764183044	773553555.0	898892857.0	7076807.0
24	5.6	55.0	1855525.0	-0.009216492374738058	789593570.0	915539054.0	7207826.0
24	5.6	56.0	1856290.0	-0.00922029217084249	805633400.0	932184695.0	7339401.0
24	5.6	57.0	1854176.0	-0.009209791819254557	821672490.0	948831552.0	7469760.0
24	5.6	58.0	1852685.0	-0.009202385942141214	837711528.0	965477117.0	7601411.0
24	5.6	59.0	1854571.0	-0.009211753805478414	853751530.0	982123352.0	7732392.0
24	5.6	60.0	1852396.0	-0.009200950463612875	869791457.0	998769468.0	7863492.0
24	5.6	61.0	1854583.0	-0.00921181341012319	885832436.0	1015415641.0	7994535.0
24	5.6	62.0	1852414.0	-0.009201039870580038	901871140.0	1032061510.0	8125882.0
24	5.6	63.0	1853100.0	-0.009204447269439697	917911157.0	1048708078.0	8256530.0
24	5.6	64.0	1854149.0	-0.009209657708803812	933951076.0	1065354725.0	8387099.0
24	5.6	65.0	1855170.0	-0.009214729070663452	949989994.0	1082000585.0	8518455.0
24	5.6	66.0	1853352.0	-0.00920569896697998	966029481.0	1098646677.0	8649579.0
24	5.6	67.0	1853680.0	-0.009207328160603842	982070014.0	1115292872.0	8780600.0
24	5.6	68.0	1852660.0	-0.009202261765797934	998108181.0	1131938648.0	8912040.0
24	5.6	69.0	1852620.0	-0.009202063083648682	1014148779.0	1148584425.0	9043479.0
24	5.6	70.0	1854632.0	-0.009212056795756022	1030189515.0	1165230865.0	9174255.0
24	5.6	71.0	1855331.0	-0.009215528766314188	1046228548.0	1181876539.0	9305797.0
24	5.6	72.0	1852102.0	-0.009199490149815878	1062269391.0	1198522507.0	9437045.0
24	5.6	73.0	1853341.0	-0.009205644329388937	1078309528.0	1215168477.0	9568291.0
24	5.6	74.0	1852961.0	-0.009203756848971048	1094350014.0	1231814886.0	9699098.0
24	5.6	75.0	1852535.0	-0.009201640884081522	1110390901.0	1248460918.0	9830282.0
24	5.6	76.0	1853721.0	-0.009207531809806824	1126429722.0	1265106934.0	9961482.0
24	5.6	77.0	1852320.0	-0.009200572967529297	1142469170.0	1281753196.0	10092436.0
24	5.6	78.0	1852906.0	-0.009203483661015829	1158510358.0	1298399527.0	10223321.0
24	5.6	79.0	1853091.0	-0.009204402565956116	1174549992.0	1315045636.0	10354428.0
24	5.6	80.0	1852769.0	-0.009202803174654642	1190590099.0	1331691918.0	10485362.0
24	5.6	81.0	1856726.0	-0.009222457806269327	1206631256.0	1348338170.0	10616326.0
24	5.6	82.0	1854297.0	-0.009210392832756042	1222670257.0	1364983869.0	10747843.0
24	5.6	83.0	1853436.0	-0.009206116199493408	1238710136.0	1381629995.0	10878933.0
24	5.6	84.0	1852199.0	-0.009199971954027811	1254749894.0	1398275524.0	11010620.0
24	5.6	85.0	1853291.0	-0.009205395976702372	1270789973.0	1414921188.0	11142172.0
24	5.6	86.0	1854891.0	-0.009213343262672424	1286829841.0	1431567128.0	11273448.0
24	5.6	87.0	1854528.0	-0.009211540222167969	1302869136.0	1448213722.0	11404070.0
24	5.6	88.0	1854055.0	-0.009209190805753073	1318908947.0	1464859437.0	11535571.0
24	5.6	89.0	1855969.0	-0.009218697746594747	1334947520.0	1481505292.0	11666932.0
24	5.6	90.0	1854404.0	-0.00921092430750529	1350985606.0	1498150817.0	11798623.0
24	5.6	91.0	1854022.0	-0.00920902689297994	1367024874.0	1514796813.0	11929843.0
24	5.6	92.0	1853571.0	-0.009206786751747131	1383064580.0	1531443008.0	12060864.0
24	5.6	93.0	1853564.0	-0.009206751982371012	1399104140.0	1548089481.0	12191607.0
24	5.6	94.0	1853581.0	-0.009206836422284445	1415142624.0	1564735249.0	12323055.0
24	5.6	95.0	1853824.0	-0.009208043416341146	1431180538.0	1581380970.0	12454550.0
24	5.6	96.0	1854981.0	-0.00921379029750824	1447219324.0	1598026756.0	12585980.0
24	5.6	97.0	1854036.0	-0.009209096431732178	1463260030.0	1614672800.0	12717152.0
24	5.6	98.0	1853716.0	-0.009207506974538168	1479299082.0	1631318780.0	12848388.0
24	5.6	99.0	1852810.0	-0.009203006823857626	1495338649.0	1647964793.0	12979591.0
24	5.6	100.0	1853047.0	-0.00920418401559194	1511379206.0	1664611513.0	13110087.0
25	5.5	1.0	97615490.0	-0.48486138383547467	482790.0	16645892.0	131324.0
25	5.5	2.0	88253841.0	-0.4383615702390671	1386168.0	33292326.0	262106.0
25	5.5	3.0	76656567.0	-0.38075728714466095	3043131.0	49938445.0	393203.0
25	5.5	4.0	63384605.0	-0.3148347387711207	5929984.0	66584235.0	524629.0
25	5.5	5.0	49615679.0	-0.24644374350706735	10565683.0	83230592.0	655488.0
25	5.5	6.0	36703018.0	-0.18230586250623068	17316337.0	99876325.0	786971.0
25	5.5	7.0	25537994.0	-0.12684858838717142	26288551.0	116523121.0	917391.0
25	5.5	8.0	16617731.0	-0.08254116276899974	37341634.0	133169554.0	1048174.0
25	5.5	9.0	10057513.0	-0.04995620747407278	50171469.0	149815470.0	1179474.0
25	5.5	10.0	5741928.0	-0.02852046489715576	64382317.0	166460935.0	1311225.0
25	5.5	11.0	3338114.0	-0.016580591599146526	79537549.0	183106981.0	1442395.0
25	5.5	12.0	2270812.0	-0.011279245217641195	95236313.0	199753279.0	1573313.0
25	5.5	13.0	1935186.0	-0.009612172842025757	111177731.0	216399013.0	1704795.0
25	5.5	14.0	1870747.0	-0.009292100866635641	127191660.0	233045858.0	1835166.0
25	5.5	15.0	1860577.0	-0.009241585930188497	143218211.0	249691906.0	1966334.0
25	5.5	16.0	1859227.0	-0.009234880407651266	159246300.0	266338177.0	2097279.0
25	5.5	17.0	1859271.0	-0.009235098958015442	175274232.0	282984849.0	2227823.0
25	5.5	18.0	1858970.0	-0.009233603874842325	191301713.0	299631157.0	2358731.0
25	5.5	19.0	1860355.0	-0.009240483244260153	207328635.0	316277203.0	2489901.0
25	5.5	20.0	1858332.0	-0.009230434894561768	223355938.0	332923523.0	2620797.0
25	5.5	21.0	1859290.0	-0.009235193332036337	239384963.0	349570339.0	2751197.0
25	5.5	22.0	1856876.0	-0.00922320286432902	255414715.0	366216353.0	2882399.0
25	5.5	23.0	1858300.0	-0.009230275948842367	271443528.0	382862397.0	3013571.0
25	5.5	24.0	1858844.0	-0.009232978026072184	287472717.0	399508910.0	3144274.0
25	5.5	25.0	1860167.0	-0.00923954943815867	303501036.0	416154769.0	3275631.0
25	5.5	26.0	1861352.0	-0.00924543539683024	319528593.0	432800776.0	3406840.0
25	5.5	27.0	1861088.0	-0.009244124094645182	335557537.0	449447327.0	3537505.0
25	5.5	28.0	1859406.0	-0.009235769510269165	351585616.0	466093817.0	3668231.0
25	5.5	29.0	1860894.0	-0.009243160486221313	367614405.0	482739793.0	3799471.0
25	5.5	30.0	1858582.0	-0.009231676657994589	383642394.0	499385953.0	3930527.0
25	5.5	31.0	1859558.0	-0.00923652450243632	399671986.0	516031807.0	4061889.0
25	5.5	32.0	1858459.0	-0.009231065710385641	415701599.0	532678920.0	4191992.0
25	5.5	33.0	1859651.0	-0.009236986438433329	431730279.0	549324977.0	4323151.0
25	5.5	34.0	1859103.0	-0.009234264492988586	447758221.0	565971055.0	4454289.0
25	5.5	35.0	1863975.0	-0.009258463978767395	463784829.0	582617237.0	4585323.0
25	5.5	36.0	1860011.0	-0.00923877457777659	479814472.0	599263726.0	4716050.0
25	5.5	37.0	1857366.0	-0.009225636720657349	495842454.0	615909884.0	4847108.0
25	5.5	38.0	1856386.0	-0.009220769008000692	511869601.0	632555771.0	4978437.0
25	5.5	39.0	1857927.0	-0.009228423237800598	527899347.0	649202466.0	5108958.0
25	5.5	40.0	1857126.0	-0.00922444462776184	543927037.0	665848342.0	5240298.0
25	5.5	41.0	1858033.0	-0.009228949745496115	559955449.0	682494310.0	5371546.0
25	5.5	42.0	1857706.0	-0.009227325518925985	575984099.0	699140051.0	5503021.0
25	5.5	43.0	1859397.0	-0.009235724806785583	592011783.0	715786077.0	5634211.0
25	5.5	44.0	1858436.0	-0.00923095146814982	608038258.0	732432340.0	5765164.0
25	5.5	45.0	1859070.0	-0.009234100580215454	624065853.0	749078355.0	5896365.0
25	5.5	46.0	1861071.0	-0.00924403965473175	640094794.0	765724290.0	6027646.0
25	5.5	47.0	1859112.0	-0.009234309196472168	656122570.0	782370387.0	6158765.0
25	5.5	48.0	1860048.0	-0.009238958358764648	672151578.0	799017050.0	6289318.0
25	5.5	49.0	1858897.0	-0.009233241279919943	688178684.0	815662888.0	6420696.0
25	5.5	50.0	1860176.0	-0.009239594141642252	704206487.0	832309026.0	6551774.0
25	5.5	51.0	1859983.0	-0.009238635500272116	720233000.0	848954963.0	6683053.0
25	5.5	52.0	1860424.0	-0.009240825970967611	736262490.0	865601248.0	6813984.0
25	5.5	53.0	1858061.0	-0.00922908882300059	752289813.0	882246973.0	6945475.0
25	5.5	54.0	1858320.0	-0.009230375289916992	768319610.0	898892577.0	7077087.0
25	5.5	55.0	1858926.0	-0.00923338532447815	784347400.0	915538929.0	7207951.0
25	5.5	56.0	1858402.0	-0.009230782588322958	800375113.0	932184681.0	7339415.0
25	5.5	57.0	1859602.0	-0.009236743052800497	816402207.0	948830313.0	7470999.0
25	5.5	58.0	1858955.0	-0.009233529369036356	832431013.0	965476381.0	7602147.0
25	5.5	59.0	1858167.0	-0.009229615330696106	848461044.0	982123083.0	7732661.0
25	5.5	60.0	1859355.0	-0.00923551619052887	864487678.0	998768986.0	7863974.0
25	5.5	61.0	1859835.0	-0.009237900376319885	880515909.0	1015415218.0	7994958.0
25	5.5	62.0	1857325.0	-0.009225433071454367	896543605.0	1032061292.0	8126100.0
25	5.5	63.0	1859927.0	-0.009238357345263163	912571517.0	1048707681.0	8256927.0
25	5.5	64.0	1857813.0	-0.009227856993675232	928599277.0	1065353687.0	8388137.0
25	5.5	65.0	1857666.0	-0.009227126836776733	944627883.0	1081999729.0	8519311.0
25	5.5	66.0	1857138.0	-0.009224504232406616	960656613.0	1098645874.0	8650382.0
25	5.5	67.0	1856736.0	-0.00922250747680664	976685375.0	1115291584.0	8781888.0
25	5.5	68.0	1861024.0	-0.00924380620320638	992713659.0	1131937204.0	8913484.0
25	5.5	69.0	1859026.0	-0.009233882029851278	1008741073.0	1148583901.0	9044003.0
25	5.5	70.0	1859208.0	-0.009234786033630371	1024769408.0	1165230064.0	9175056.0
25	5.5	71.0	1858225.0	-0.009229903419812521	1040798007.0	1181876602.0	9305734.0
25	5.5	72.0	1859050.0	-0.009234001239140829	1056828005.0	1198523108.0	9436444.0
25	5.5	73.0	1859707.0	-0.009237264593442282	1072856321.0	1215169331.0	9567437.0
25	5.5	74.0	1860206.0	-0.00923974315325419	1088884930.0	1231815737.0	9698247.0
25	5.5	75.0	1858834.0	-0.009232928355534872	1104912071.0	1248461836.0	9829364.0
25	5.5	76.0	1858590.0	-0.009231716394424438	1120941207.0	1265107730.0	9960686.0
25	5.5	77.0	1858022.0	-0.00922889510790507	1136969403.0	1281754202.0	10091430.0
25	5.5	78.0	1859237.0	-0.009234930078188578	1152997531.0	1298399964.0	10222884.0
25	5.5	79.0	1859705.0	-0.009237254659334818	1169025144.0	1315046482.0	10353582.0
25	5.5	80.0	1858812.0	-0.009232819080352783	1185053086.0	1331692410.0	10484870.0
25	5.5	81.0	1859514.0	-0.009236305952072144	1201078937.0	1348338191.0	10616305.0
25	5.5	82.0	1859748.0	-0.009237468242645264	1217106411.0	1364984462.0	10747250.0
25	5.5	83.0	1858018.0	-0.009228875239690145	1233134484.0	1381630541.0	10878387.0
25	5.5	84.0	1858993.0	-0.009233718117078146	1249163164.0	1398277010.0	11009134.0
25	5.5	85.0	1857709.0	-0.009227340420087179	1265193496.0	1414923252.0	11140108.0
25	5.5	86.0	1859631.0	-0.009236887097358704	1281221893.0	1431569409.0	11271167.0
25	5.5	87.0	1860522.0	-0.009241312742233276	1297250162.0	1448215812.0	11401980.0
25	5.5	88.0	1860776.0	-0.009242574373881022	1313277826.0	1464862180.0	11532828.0
25	5.5	89.0	1858348.0	-0.009230514367421469	1329306278.0	1481508773.0	11663451.0
25	5.5	90.0	1860340.0	-0.009240408738454184	1345333162.0	1498154224.0	11795216.0
25	5.5	91.0	1861560.0	-0.009246468544006348	1361360705.0	1514800630.0	11926026.0
25	5.5	92.0	1860930.0	-0.00924333930015564	1377387888.0	1531447035.0	12056837.0
25	5.5	93.0	1856825.0	-0.009222949544588724	1393415269.0	1548092924.0	12188164.0
25	5.5	94.0	1859917.0	-0.009238307674725851	1409444129.0	1564739592.0	12318712.0
25	5.5	95.0	1857622.0	-0.009226908286412558	1425473442.0	1581385713.0	12449807.0
25	5.5	96.0	1859633.0	-0.009236897031466166	1441502021.0	1598031660.0	12581076.0
25	5.5	97.0	1860373.0	-0.009240572651227316	1457528981.0	1614677022.0	12712930.0
25	5.5	98.0	1858742.0	-0.009232471386591593	1473556232.0	1631322394.0	12844774.0
25	5.5	99.0	1857647.0	-0.009227032462755838	1489585665.0	1647968567.0	12975817.0
25	5.5	100.0	1860761.0	-0.009242499868075052	1505612459.0	1664614497.0	13107103.0
26	5.4	1.0	98107136.0	-0.4873034159342448	449558.0	16645498.0	131718.0
26	5.4	2.0	89387723.0	-0.4439936230580012	1278973.0	33291533.0	262899.0
26	5.4	3.0	78600687.0	-0.390413835644722	2778980.0	49937853.0	393795.0
26	5.4	4.0	66121991.0	-0.32843148211638135	5379647.0	66583573.0	525291.0
26	5.4	5.0	52961381.0	-0.2630620251099269	9569195.0	83229734.0	656346.0
26	5.4	6.0	40327504.0	-0.20030887921651205	15723018.0	99875670.0	787626.0
26	5.4	7.0	29127121.0	-0.1446759750445684	23999124.0	116521604.0	918908.0
26	5.4	8.0	19851396.0	-0.09860295057296753	34321615.0	133167726.0	1050002.0
26	5.4	9.0	12684125.0	-0.0630027304093043	46455497.0	149813712.0	1181232.0
26	5.4	10.0	7616879.0	-0.03783344725767771	60069899.0	166459599.0	1312561.0
26	5.4	11.0	4450353.0	-0.0221051424741745	74780816.0	183105929.0	1443447.0
26	5.4	12.0	2786846.0	-0.013842413822809855	90205731.0	199751714.0	1574878.0
26	5.4	13.0	2100086.0	-0.010431240002314249	106014983.0	216397315.0	1706493.0
26	5.4	14.0	1904572.0	-0.009460111459096273	121983489.0	233043820.0	1837204.0
26	5.4	15.0	1871821.0	-0.009297435482343039	137993681.0	249690121.0	1968119.0
26	5.4	16.0	1864027.0	-0.009258722265561422	154008361.0	266335928.0	2099528.0
26	5.4	17.0	1865143.0	-0.009264265497525534	170023719.0	282981213.0	2231459.0
26	5.4	18.0	1863338.0	-0.009255299965540567	186038892.0	299627480.0	2362408.0
26	5.4	19.0	1865887.0	-0.009267960985501608	202055855.0	316273567.0	2493537.0
26	5.4	20.0	1864680.0	-0.00926196575164795	218071051.0	332919961.0	2624359.0
26	5.4	21.0	1863851.0	-0.009257848064104715	234087907.0	349565857.0	2755679.0
26	5.4	22.0	1862420.0	-0.00925074021021525	250103916.0	366212302.0	2886450.0
26	5.4	23.0	1864797.0	-0.00926254689693451	266122770.0	382859228.0	3016740.0
26	5.4	24.0	1864393.0	-0.009260540207227072	282139283.0	399505236.0	3147948.0
26	5.4	25.0	1866746.0	-0.009272227684656778	298154233.0	416151660.0	3278740.0
26	5.4	26.0	1864638.0	-0.009261757135391235	314169972.0	432798195.0	3409421.0
26	5.4	27.0	1866830.0	-0.009272644917170206	330185669.0	449444818.0	3540014.0
26	5.4	28.0	1868160.0	-0.009279251098632812	346200805.0	466091273.0	3670775.0
26	5.4	29.0	1864274.0	-0.009259949127833048	362217030.0	482737062.0	3802202.0
26	5.4	30.0	1868035.0	-0.009278630216916403	378233494.0	499382933.0	3933547.0
26	5.4	31.0	1865741.0	-0.00926723579565684	394250802.0	516029915.0	4063781.0
26	5.4	32.0	1864213.0	-0.00925964613755544	410265475.0	532676137.0	4194775.0
26	5.4	33.0	1866191.0	-0.009269470969835917	426282491.0	549322630.0	4325498.0
26	5.4	34.0	1865678.0	-0.009266922871271769	442298536.0	565968537.0	4456807.0
26	5.4	35.0	1864984.0	-0.00926347573598226	458314282.0	582614782.0	4587778.0
26	5.4	36.0	1865533.0	-0.009266202648480734	474330418.0	599261543.0	4718233.0
26	5.4	37.0	1862471.0	-0.009250993529955545	490347314.0	615907376.0	4849616.0
26	5.4	38.0	1867453.0	-0.009275739391644796	506362080.0	632553394.0	4980814.0
26	5.4	39.0	1863815.0	-0.00925766925017039	522378283.0	649199985.0	5111439.0
26	5.4	40.0	1863977.0	-0.009258473912874857	538395342.0	665846576.0	5242064.0
26	5.4	41.0	1864150.0	-0.00925933321317037	554411510.0	682492921.0	5372935.0
26	5.4	42.0	1862094.0	-0.009249120950698853	570428276.0	699139150.0	5503922.0
26	5.4	43.0	1864636.0	-0.009261747201283773	586446868.0	715786037.0	5634251.0
26	5.4	44.0	1866496.0	-0.009270985921223959	602462782.0	732432394.0	5765110.0
26	5.4	45.0	1865423.0	-0.009265656272570292	618479170.0	749078680.0	5896040.0
26	5.4	46.0	1864612.0	-0.009261627991994223	634493725.0	765725033.0	6026903.0
26	5.4	47.0	1866154.0	-0.00926928718884786	650508787.0	782371072.0	6158080.0
26	5.4	48.0	1865417.0	-0.009265626470247904	666524875.0	799017456.0	6288912.0
26	5.4	49.0	1864923.0	-0.009263172745704651	682541225.0	815663196.0	6420388.0
26	5.4	50.0	1864608.0	-0.009261608123779297	698558377.0	832309653.0	6551147.0
26	5.4	51.0	1866537.0	-0.009271189570426941	714575107.0	848955322.0	6682694.0
26	5.4	52.0	1865786.0	-0.009267459313074747	730592167.0	865601378.0	6813854.0
26	5.4	53.0	1868017.0	-0.00927854080994924	746607725.0	882247499.0	6944949.0
26	5.4	54.0	1864131.0	-0.009259238839149475	762623655.0	898893303.0	7076361.0
26	5.4	55.0	1866690.0	-0.009271949529647827	778638195.0	915538876.0	7208004.0
26	5.4	56.0	1866968.0	-0.009273330370585123	794654584.0	932185300.0	7338796.0
26	5.4	57.0	1864058.0	-0.009258876244227091	810669448.0	948831065.0	7470247.0
26	5.4	58.0	1865076.0	-0.009263932704925537	826685843.0	965477093.0	7601435.0
26	5.4	59.0	1866266.0	-0.009269843498865763	842701381.0	982122768.0	7732976.0
26	5.4	60.0	1866345.0	-0.009270235896110535	858715595.0	998768566.0	7864394.0
26	5.4	61.0	1865220.0	-0.009264647960662842	874731030.0	1015414582.0	7995594.0
26	5.4	62.0	1863934.0	-0.009258260329564413	890747359.0	1032060535.0	8126857.0
26	5.4	63.0	1867574.0	-0.00927634040514628	906764189.0	1048707164.0	8257444.0
26	5.4	64.0	1864861.0	-0.009262864788373312	922780787.0	1065353198.0	8388626.0
26	5.4	65.0	1860942.0	-0.009243398904800415	938798640.0	1081999778.0	8519262.0
26	5.4	66.0	1861288.0	-0.00924511750539144	954815541.0	1098646058.0	8650198.0
26	5.4	67.0	1864239.0	-0.009259775280952454	970832649.0	1115292027.0	8781445.0
26	5.4	68.0	1866493.0	-0.009270971020062765	986849089.0	1131938038.0	8912650.0
26	5.4	69.0	1866263.0	-0.009269828597704569	1002864675.0	1148584474.0	9043430.0
26	5.4	70.0	1865350.0	-0.009265293677647909	1018880705.0	1165230564.0	9174556.0
26	5.4	71.0	1862878.0	-0.009253015120824179	1034897200.0	1181876465.0	9305871.0
26	5.4	72.0	1866151.0	-0.009269272287686666	1050914407.0	1198522162.0	9437390.0
26	5.4	73.0	1865018.0	-0.009263644615809122	1066930722.0	1215168996.0	9567772.0
26	5.4	74.0	1865768.0	-0.009267369906107584	1082947737.0	1231815266.0	9698718.0
26	5.4	75.0	1864437.0	-0.009260758757591248	1098963422.0	1248461030.0	9830170.0
26	5.4	76.0	1865562.0	-0.00926634669303894	1114979549.0	1265108247.0	9960169.0
26	5.4	77.0	1864282.0	-0.0092599888642629	1130994937.0	1281754266.0	10091366.0
26	5.4	78.0	1865639.0	-0.009266729156176249	1147008729.0	1298400262.0	10222586.0
26	5.4	79.0	1863625.0	-0.009256725509961447	1163025477.0	1315046423.0	10353641.0
26	5.4	80.0	1863953.0	-0.009258354703585306	1179040881.0	1331692890.0	10484390.0
26	5.4	81.0	1865916.0	-0.009268105030059814	1195055143.0	1348339248.0	10615248.0
26	5.4	82.0	1866236.0	-0.009269694487253824	1211071533.0	1364985051.0	10746661.0
26	5.4	83.0	1867688.0	-0.009276906649271647	1227087674.0	1381631499.0	10877429.0
26	5.4	84.0	1866001.0	-0.009268527229626974	1243104317.0	1398277846.0	11008298.0
26	5.4	85.0	1865054.0	-0.009263823429743448	1259122166.0	1414924099.0	11139261.0
26	5.4	86.0	1865436.0	-0.009265720844268799	1275136556.0	1431569958.0	11270618.0
26	5.4	87.0	1864693.0	-0.009262030323346456	1291151957.0	1448215752.0	11402040.0
26	5.4	88.0	1864671.0	-0.009261921048164368	1307168535.0	1464861650.0	11533358.0
26	5.4	89.0	1864660.0	-0.009261866410573324	1323184984.0	1481507055.0	11665169.0
26	5.4	90.0	1863863.0	-0.00925790766874949	1339201628.0	1498153144.0	11796296.0
26	5.4	91.0	1862167.0	-0.009249483545621237	1355218837.0	1514799771.0	11926885.0
26	5.4	92.0	1864239.0	-0.009259775280952454	1371235158.0	1531445711.0	12058161.0
26	5.4	93.0	1865471.0	-0.009265894691149393	1387253097.0	1548091415.0	12189673.0
26	5.4	94.0	1865740.0	-0.00926723082860311	1403270397.0	1564736925.0	12321379.0
26	5.4	95.0	1864805.0	-0.009262586633364359	1419286725.0	1581382996.0	12452524.0
26	5.4	96.0	1867391.0	-0.009275431434313456	1435302042.0	1598028895.0	12583841.0
26	5.4	97.0	1864868.0	-0.00926289955774943	1451318764.0	1614675157.0	12714795.0
26	5.4	98.0	1864440.0	-0.009260773658752441	1467336057.0	1631321109.0	12846059.0
26	5.4	99.0	1863901.0	-0.00925809641679128	1483351006.0	1647966716.0	12977668.0
26	5.4	100.0	1867351.0	-0.009275232752164205	1499368758.0	1664613411.0	13108189.0
27	5.3	1.0	98587660.0	-0.4896902044614156	416919.0	16645928.0	131288.0
27	5.3	2.0	90493336.0	-0.4494852622350057	1176363.0	33292263.0	262169.0
27	5.3	3.0	80471774.0	-0.3997076253096263	2532925.0	49938592.0	393056.0
27	5.3	4.0	68803327.0	-0.34174982210000354	4869107.0	66585519.0	523345.0
27	5.3	5.0	56289603.0	-0.27959348261356354	8633361.0	83231800.0	654280.0
27	5.3	6.0	44015945.0	-0.21862956384817758	14211498.0	99877748.0	785548.0
27	5.3	7.0	32868764.0	-0.1632609168688456	21794428.0	116523845.0	916667.0
27	5.3	8.0	23372228.0	-0.11609111229578654	31363643.0	133169908.0	1047820.0
27	5.3	9.0	15735020.0	-0.07815668980280559	42749543.0	149815803.0	1179141.0
27	5.3	10.0	9973477.0	-0.049538796146710716	55688596.0	166461701.0	1310459.0
27	5.3	11.0	6029834.0	-0.029950509468714397	69854122.0	183108232.0	1441144.0
27	5.3	12.0	3653470.0	-0.018146981795628864	84895554.0	199753906.0	1572686.0
27	5.3	13.0	2465490.0	-0.01224622130393982	100485059.0	216400018.0	1703790.0
27	5.3	14.0	2009531.0	-0.009981448451677958	116353970.0	233046666.0	1834358.0
27	5.3	15.0	1893096.0	-0.009403109550476074	132328750.0	249693087.0	1965153.0
27	5.3	16.0	1873565.0	-0.009306098024050394	148329285.0	266338638.0	2096818.0
27	5.3	17.0	1870179.0	-0.009289279580116272	164333185.0	282985158.0	2227514.0
27	5.3	18.0	1870873.0	-0.009292726715405783	180338174.0	299631452.0	2358436.0
27	5.3	19.0	1871625.0	-0.009296461939811707	196341066.0	316277860.0	2489244.0
27	5.3	20.0	1870156.0	-0.009289165337880453	212344955.0	332924050.0	2620270.0
27	5.3	21.0	1872472.0	-0.009300669034322103	228347853.0	349569844.0	2751692.0
27	5.3	22.0	1871569.0	-0.009296183784802755	244351346.0	366215874.0	2882878.0
27	5.3	23.0	1871267.0	-0.009294683734575907	260354743.0	382861504.0	3014464.0
27	5.3	24.0	1870049.0	-0.009288633863131205	276357978.0	399507302.0	3145882.0
27	5.3	25.0	1872568.0	-0.009301145871480307	292362356.0	416153870.0	3276530.0
27	5.3	26.0	1870273.0	-0.009289746483167013	308365218.0	432800259.0	3407357.0
27	5.3	27.0	1872769.0	-0.009302144249280294	324367873.0	449445758.0	3539074.0
27	5.3	28.0	1872753.0	-0.009302064776420593	340370211.0	466091434.0	3670614.0
27	5.3	29.0	1871614.0	-0.009296407302220663	356373815.0	482737408.0	3801856.0
27	5.3	30.0	1869380.0	-0.009285310904184977	372376821.0	499382982.0	3933498.0
27	5.3	31.0	1870561.0	-0.009291176994641622	388381199.0	516029013.0	4064683.0
27	5.3	32.0	1868865.0	-0.009282752871513367	404385813.0	532674799.0	4196113.0
27	5.3	33.0	1870568.0	-0.00929121176401774	420389318.0	549321241.0	4326887.0
27	5.3	34.0	1871547.0	-0.009296074509620667	436393259.0	565967859.0	4457485.0
27	5.3	35.0	1870855.0	-0.00929263730843862	452395959.0	582613263.0	4589297.0
27	5.3	36.0	1869701.0	-0.009286905328432718	468400848.0	599260002.0	4719774.0
27	5.3	37.0	1870911.0	-0.00929291546344757	484405013.0	615906121.0	4850871.0
27	5.3	38.0	1872426.0	-0.009300440549850464	500408425.0	632551836.0	4982372.0
27	5.3	39.0	1871411.0	-0.009295398990313211	516411083.0	649198127.0	5113297.0
27	5.3	40.0	1870861.0	-0.009292667110761007	532416260.0	665845088.0	5243552.0
27	5.3	41.0	1870956.0	-0.009293138980865479	548420831.0	682491281.0	5374575.0
27	5.3	42.0	1870961.0	-0.009293163816134134	564423566.0	699137076.0	5505996.0
27	5.3	43.0	1869716.0	-0.009286979834238688	580426377.0	715782742.0	5637546.0
27	5.3	44.0	1869355.0	-0.009285186727841696	596429353.0	732428927.0	5768577.0
27	5.3	45.0	1872983.0	-0.009303207198778788	612432600.0	749074837.0	5899883.0
27	5.3	46.0	1872090.0	-0.009298771619796753	628435399.0	765720958.0	6030978.0
27	5.3	47.0	1872542.0	-0.009301016728083292	644437243.0	782367082.0	6162070.0
27	5.3	48.0	1872359.0	-0.009300107757250467	660441149.0	799012892.0	6293476.0
27	5.3	49.0	1870460.0	-0.009290675322214762	676444539.0	815658986.0	6424598.0
27	5.3	50.0	1871463.0	-0.009295657277107239	692447887.0	832305390.0	6555410.0
27	5.3	51.0	1872140.0	-0.009299019972483316	708449103.0	848950905.0	6687111.0
27	5.3	52.0	1870796.0	-0.009292344252268473	724452705.0	865596984.0	6818248.0
27	5.3	53.0	1871285.0	-0.00929477314154307	740458013.0	882243324.0	6949124.0
27	5.3	54.0	1869785.0	-0.009287322560946146	756461352.0	898889494.0	7080170.0
27	5.3	55.0	1872039.0	-0.009298518300056458	772463625.0	915535731.0	7211149.0
27	5.3	56.0	1870727.0	-0.009292001525561014	788467985.0	932182104.0	7341992.0
27	5.3	57.0	1872415.0	-0.00930038591225942	804471951.0	948828197.0	7473115.0
27	5.3	58.0	1870625.0	-0.009291494886080423	820475169.0	965473875.0	7604653.0
27	5.3	59.0	1870760.0	-0.009292165438334147	836478775.0	982120393.0	7735351.0
27	5.3	60.0	1869635.0	-0.009286577502886454	852482661.0	998766149.0	7866811.0
27	5.3	61.0	1871764.0	-0.009297152360280355	868484464.0	1015412167.0	7998009.0
27	5.3	62.0	1871097.0	-0.00929383933544159	884487330.0	1032057908.0	8129484.0
27	5.3	63.0	1869343.0	-0.00928512712319692	900491143.0	1048704488.0	8260120.0
27	5.3	64.0	1871654.0	-0.009296605984369913	916495717.0	1065350078.0	8391746.0
27	5.3	65.0	1873104.0	-0.009303808212280273	932499309.0	1081996772.0	8522268.0
27	5.3	66.0	1871129.0	-0.00929399828116099	948503769.0	1098643497.0	8652759.0
27	5.3	67.0	1868549.0	-0.00928118328253428	964507218.0	1115289679.0	8783793.0
27	5.3	68.0	1870998.0	-0.009293347597122192	980512556.0	1131936090.0	8914598.0
27	5.3	69.0	1871139.0	-0.009294047951698303	996516245.0	1148582828.0	9045076.0
27	5.3	70.0	1871734.0	-0.009297003348668417	1012519783.0	1165229152.0	9175968.0
27	5.3	71.0	1871855.0	-0.009297604362169901	1028523559.0	1181875415.0	9306921.0
27	5.3	72.0	1871380.0	-0.009295245011647543	1044526857.0	1198521264.0	9438288.0
27	5.3	73.0	1867675.0	-0.009276842077573141	1060529982.0	1215166542.0	9570226.0
27	5.3	74.0	1869792.0	-0.009287357330322266	1076534718.0	1231812503.0	9701481.0
27	5.3	75.0	1871964.0	-0.009298145771026611	1092537918.0	1248458329.0	9832871.0
27	5.3	76.0	1872852.0	-0.00930255651473999	1108540730.0	1265104364.0	9964052.0
27	5.3	77.0	1870557.0	-0.009291157126426697	1124544452.0	1281750180.0	10095452.0
27	5.3	78.0	1874915.0	-0.009312803546587626	1140547301.0	1298396259.0	10226589.0
27	5.3	79.0	1872493.0	-0.00930077334245046	1156550050.0	1315042580.0	10357484.0
27	5.3	80.0	1870053.0	-0.00928865373134613	1172553582.0	1331688985.0	10488295.0
27	5.3	81.0	1869802.0	-0.009287407000859579	1188556848.0	1348334629.0	10619867.0
27	5.3	82.0	1868859.0	-0.009282723069190979	1204562192.0	1364980904.0	10750808.0
27	5.3	83.0	1869582.0	-0.009286314249038696	1220566876.0	1381626905.0	10882023.0
27	5.3	84.0	1871974.0	-0.009298195441563925	1236570034.0	1398273417.0	11012727.0
27	5.3	85.0	1869758.0	-0.009287188450495401	1252573295.0	1414919690.0	11143670.0
27	5.3	86.0	1870935.0	-0.009293034672737122	1268576866.0	1431565529.0	11275047.0
27	5.3	87.0	1869377.0	-0.009285296003023783	1284582016.0	1448211778.0	11406014.0
27	5.3	88.0	1871525.0	-0.009295965234438578	1300585578.0	1464858109.0	11536899.0
27	5.3	89.0	1872061.0	-0.009298627575238546	1316589594.0	1481504239.0	11667985.0
27	5.3	90.0	1872650.0	-0.00930155316988627	1332593255.0	1498149803.0	11799637.0
27	5.3	91.0	1872575.0	-0.009301180640856424	1348596501.0	1514796173.0	11930483.0
27	5.3	92.0	1870046.0	-0.00928861896197001	1364600582.0	1531442394.0	12061478.0
27	5.3	93.0	1869284.0	-0.009284834067026774	1380603448.0	1548088550.0	12192538.0
27	5.3	94.0	1870181.0	-0.009289289514223734	1396608032.0	1564734901.0	12323403.0
27	5.3	95.0	1873244.0	-0.009304503599802652	1412610432.0	1581380659.0	12454861.0
27	5.3	96.0	1873430.0	-0.009305427471796671	1428615153.0	1598026939.0	12585797.0
27	5.3	97.0	1872549.0	-0.009301051497459412	1444617518.0	1614672597.0	12717355.0
27	5.3	98.0	1871272.0	-0.009294708569844564	1460620953.0	1631318942.0	12848226.0
27	5.3	99.0	1868907.0	-0.00928296148777008	1476625234.0	1647965069.0	12979315.0
27	5.3	100.0	1869092.0	-0.009283880392710367	1492628696.0	1664610457.0	13111143.0
28	5.2	1.0	99025255.0	-0.4918637623389562	386827.0	16645489.0	131727.0
28	5.2	2.0	91569870.0	-0.4548324644565582	1077916.0	33291507.0	262925.0
28	5.2	3.0	82300342.0	-0.4087902208169301	2298731.0	49937719.0	393929.0
28	5.2	4.0	71399103.0	-0.35464318096637726	4386734.0	66583884.0	524980.0
28	5.2	5.0	59568702.0	-0.2958809435367584	7753539.0	83230847.0	655233.0
28	5.2	6.0	47728943.0	-0.23707222441832224	12779696.0	99876683.0	786613.0
28	5.2	7.0	36706552.0	-0.18232341607411703	19679778.0	116522630.0	917882.0
28	5.2	8.0	27053608.0	-0.1343767245610555	28497235.0	133168541.0	1049187.0
28	5.2	9.0	19021970.0	-0.09448314706484477	39118131.0	149814829.0	1180115.0
28	5.2	10.0	12695465.0	-0.06305905679861705	51335670.0	166460609.0	1311551.0
28	5.2	11.0	8059933.0	-0.040034120281537376	64879357.0	183106623.0	1442753.0
28	5.2	12.0	4968049.0	-0.02467656632264455	79436541.0	199753257.0	1573335.0
28	5.2	13.0	3166513.0	-0.015728240211804707	94694210.0	216398969.0	1704839.0
28	5.2	14.0	2292419.0	-0.011386568347613016	110378860.0	233045181.0	1835843.0
28	5.2	15.0	1968706.0	-0.009778668483098349	126275386.0	249691403.0	1966837.0
28	5.2	16.0	1889800.0	-0.009386738141377768	142247129.0	266337053.0	2098403.0
28	5.2	17.0	1876842.0	-0.009322375059127808	158235181.0	282983064.0	2229608.0
28	5.2	18.0	1878213.0	-0.009329184889793396	174224513.0	299629431.0	2360457.0
28	5.2	19.0	1876106.0	-0.009318719307581583	190215823.0	316275356.0	2491748.0
28	5.2	20.0	1876288.0	-0.009319623311360678	206207618.0	332921760.0	2622560.0
28	5.2	21.0	1878616.0	-0.009331186612447103	222197097.0	349567375.0	2754161.0
28	5.2	22.0	1878112.0	-0.009328683217366537	238187049.0	366213210.0	2885542.0
28	5.2	23.0	1875257.0	-0.009314502278963724	254178029.0	382858655.0	3017313.0
28	5.2	24.0	1876148.0	-0.009318927923838297	270169311.0	399504315.0	3148869.0
28	5.2	25.0	1877825.0	-0.009327257672945658	286159249.0	416150845.0	3279555.0
28	5.2	26.0	1879253.0	-0.00933435062567393	302148901.0	432796848.0	3410768.0
28	5.2	27.0	1877384.0	-0.009325067202250162	318138086.0	449442780.0	3542052.0
28	5.2	28.0	1877417.0	-0.009325231115023295	334127748.0	466088282.0	3673766.0
28	5.2	29.0	1876805.0	-0.00932219127813975	350118059.0	482734713.0	3804551.0
28	5.2	30.0	1875648.0	-0.009316444396972656	366109606.0	499381548.0	3934932.0
28	5.2	31.0	1875122.0	-0.009313831726710001	382099650.0	516027612.0	4066084.0
28	5.2	32.0	1878224.0	-0.00932923952738444	398090731.0	532673968.0	4196944.0
28	5.2	33.0	1877965.0	-0.009327953060468039	414083109.0	549320236.0	4327892.0
28	5.2	34.0	1876625.0	-0.009321297208468119	430076022.0	565966126.0	4459218.0
28	5.2	35.0	1875211.0	-0.009314273794492086	446067717.0	582612574.0	4589986.0
28	5.2	36.0	1879063.0	-0.009333406885464987	462058307.0	599258779.0	4720997.0
28	5.2	37.0	1877923.0	-0.009327744444211325	478047770.0	615904824.0	4852168.0
28	5.2	38.0	1878168.0	-0.009328961372375488	494038014.0	632551047.0	4983161.0
28	5.2	39.0	1876571.0	-0.00932102898756663	510030041.0	649197051.0	5114373.0
28	5.2	40.0	1878090.0	-0.009328573942184448	526021323.0	665843560.0	5245080.0
28	5.2	41.0	1879093.0	-0.009333555897076925	542009392.0	682489675.0	5376181.0
28	5.2	42.0	1877865.0	-0.00932745635509491	557999435.0	699136100.0	5506972.0
28	5.2	43.0	1877074.0	-0.009323527415593466	573990499.0	715782072.0	5638216.0
28	5.2	44.0	1875697.0	-0.00931668778260549	589982624.0	732427792.0	5769712.0
28	5.2	45.0	1876490.0	-0.009320626656214396	605975043.0	749074152.0	5900568.0
28	5.2	46.0	1877143.0	-0.009323870142300924	621964916.0	765719798.0	6032138.0
28	5.2	47.0	1878971.0	-0.009332949916521708	637957407.0	782366451.0	6162701.0
28	5.2	48.0	1877552.0	-0.009325901667277018	653945468.0	799012166.0	6294202.0
28	5.2	49.0	1877622.0	-0.009326249361038208	669936745.0	815658340.0	6425244.0
28	5.2	50.0	1876932.0	-0.009322822093963623	685927592.0	832304152.0	6556648.0
28	5.2	51.0	1876016.0	-0.009318272272745768	701918268.0	848950546.0	6687470.0
28	5.2	52.0	1875751.0	-0.009316956003506979	717909028.0	865596813.0	6818419.0
28	5.2	53.0	1875588.0	-0.00931614637374878	733900390.0	882243468.0	6948980.0
28	5.2	54.0	1876311.0	-0.009319737553596497	749892065.0	898889429.0	7080235.0
28	5.2	55.0	1876231.0	-0.009319340189297995	765881493.0	915535041.0	7211839.0
28	5.2	56.0	1877570.0	-0.00932599107424418	781871299.0	932181030.0	7343066.0
28	5.2	57.0	1876822.0	-0.009322275718053183	797862515.0	948826821.0	7474491.0
28	5.2	58.0	1876739.0	-0.009321863452593485	813852188.0	965473097.0	7605431.0
28	5.2	59.0	1877029.0	-0.009323303898175558	829843749.0	982119404.0	7736340.0
28	5.2	60.0	1878664.0	-0.009331425031026205	845832399.0	998765332.0	7867628.0
28	5.2	61.0	1879037.0	-0.009333277742067972	861820712.0	1015411844.0	7998332.0
28	5.2	62.0	1875777.0	-0.009317085146903992	877811263.0	1032058029.0	8129363.0
28	5.2	63.0	1879327.0	-0.009334718187650045	893802743.0	1048704363.0	8260245.0
28	5.2	64.0	1874761.0	-0.00931203862031301	909793230.0	1065350606.0	8391218.0
28	5.2	65.0	1878915.0	-0.009332671761512756	925784773.0	1081996602.0	8522438.0
28	5.2	66.0	1876732.0	-0.009321828683217367	941774460.0	1098641980.0	8654276.0
28	5.2	67.0	1878110.0	-0.009328673283259073	957763923.0	1115287970.0	8785502.0
28	5.2	68.0	1876209.0	-0.009319230914115906	973752980.0	1131932936.0	8917752.0
28	5.2	69.0	1877937.0	-0.009327813982963562	989744073.0	1148579358.0	9048546.0
28	5.2	70.0	1877583.0	-0.009326055645942688	1005734583.0	1165225579.0	9179541.0
28	5.2	71.0	1879471.0	-0.00933543344338735	1021724245.0	1181871703.0	9310633.0
28	5.2	72.0	1874739.0	-0.00931192934513092	1037716066.0	1198517776.0	9441776.0
28	5.2	73.0	1876398.0	-0.009320169687271118	1053707334.0	1215164393.0	9572375.0
28	5.2	74.0	1876563.0	-0.00932098925113678	1069697474.0	1231810114.0	9703870.0
28	5.2	75.0	1878572.0	-0.009330968062082926	1085688544.0	1248456483.0	9834717.0
28	5.2	76.0	1874952.0	-0.009312987327575684	1101680309.0	1265102734.0	9965682.0
28	5.2	77.0	1877279.0	-0.009324545661608378	1117671759.0	1281749439.0	10096193.0
28	5.2	78.0	1879230.0	-0.00933423638343811	1133661702.0	1298395575.0	10227273.0
28	5.2	79.0	1877932.0	-0.009327789147694906	1149653504.0	1315042688.0	10357376.0
28	5.2	80.0	1878065.0	-0.009328449765841166	1165643753.0	1331688992.0	10488288.0
28	5.2	81.0	1878276.0	-0.009329497814178467	1181633917.0	1348335215.0	10619281.0
28	5.2	82.0	1877330.0	-0.009324798981348673	1197623177.0	1364981106.0	10750606.0
28	5.2	83.0	1874736.0	-0.009311914443969727	1213613145.0	1381627353.0	10881575.0
28	5.2	84.0	1878282.0	-0.009329527616500854	1229603996.0	1398273789.0	11012355.0
28	5.2	85.0	1877344.0	-0.009324868520100912	1245594516.0	1414920269.0	11143091.0
28	5.2	86.0	1877564.0	-0.009325961271921793	1261584210.0	1431565531.0	11275045.0
28	5.2	87.0	1878992.0	-0.009333054224650065	1277574096.0	1448212006.0	11405786.0
28	5.2	88.0	1877686.0	-0.00932656725247701	1293566367.0	1464858546.0	11536462.0
28	5.2	89.0	1878144.0	-0.009328842163085938	1309556946.0	1481504827.0	11667397.0
28	5.2	90.0	1878531.0	-0.009330764412879944	1325547768.0	1498151260.0	11798180.0
28	5.2	91.0	1878646.0	-0.009331335624059042	1341538391.0	1514798136.0	11928520.0
28	5.2	92.0	1876846.0	-0.009322394927342733	1357529206.0	1531444083.0	12059789.0
28	5.2	93.0	1876697.0	-0.009321654836336771	1373519600.0	1548090361.0	12190727.0
28	5.2	94.0	1877085.0	-0.00932358205318451	1389508885.0	1564736333.0	12321971.0
28	5.2	95.0	1879120.0	-0.00933369000752767	1405497592.0	1581382220.0	12453300.0
28	5.2	96.0	1878526.0	-0.009330739577611288	1421488198.0	1598028212.0	12584524.0
28	5.2	97.0	1877318.0	-0.009324739376703898	1437477759.0	1614674561.0	12715391.0
28	5.2	98.0	1878731.0	-0.0093317578236262	1453468947.0	1631320705.0	12846463.0
28	5.2	99.0	1875739.0	-0.009316896398862204	1469459136.0	1647966251.0	12978133.0
28	5.2	100.0	1879861.0	-0.00933737059434255	1485448431.0	1664612191.0	13109409.0
29	5.1	1.0	99464925.0	-0.4940476268529892	357956.0	16645927.0	131289.0
29	5.1	2.0	92594315.0	-0.459920937816302	985969.0	33292242.0	262190.0
29	5.1	3.0	84029969.0	-0.4173813710610072	2083385.0	49938038.0	393610.0
29	5.1	4.0	73923236.0	-0.3671806852022807	3942718.0	66584548.0	524316.0
29	5.1	5.0	62788268.0	-0.3118727008501689	6938987.0	83230952.0	655128.0
29	5.1	6.0	51432594.0	-0.2554684579372406	11435459.0	99877073.0	786223.0
29	5.1	7.0	40669265.0	-0.2020064244667689	17680549.0	116523473.0	917039.0
29	5.1	8.0	31012859.0	-0.15404253701368967	25738593.0	133169655.0	1048073.0
29	5.1	9.0	22722451.0	-0.11286363502343495	35566280.0	149815968.0	1178976.0
29	5.1	10.0	15927441.0	-0.0791124552488327	47001478.0	166461853.0	1310307.0
29	5.1	11.0	10653392.0	-0.05291597048441569	59828230.0	183107830.0	1441546.0
29	5.1	12.0	6831867.0	-0.033934250473976135	73778282.0	199754002.0	1572590.0
29	5.1	13.0	4333372.0	-0.021524091561635334	88582483.0	216400320.0	1703488.0
29	5.1	14.0	2893721.0	-0.014373267690340677	103966130.0	233046327.0	1834697.0
29	5.1	15.0	2200262.0	-0.01092881957689921	119699601.0	249692913.0	1965327.0
29	5.1	16.0	1951337.0	-0.0096923957268397	135605044.0	266339313.0	2096143.0
29	5.1	17.0	1893624.0	-0.009405732154846191	151569221.0	282985842.0	2226830.0
29	5.1	18.0	1884466.0	-0.009360243876775106	167543384.0	299631436.0	2358452.0
29	5.1	19.0	1884459.0	-0.009360209107398987	183518948.0	316277295.0	2489809.0
29	5.1	20.0	1884747.0	-0.009361639618873596	199495833.0	332923210.0	2621110.0
29	5.1	21.0	1885053.0	-0.009363159537315369	215472520.0	349569538.0	2751998.0
29	5.1	22.0	1882694.0	-0.009351442257563273	231449862.0	366215901.0	2882851.0
29	5.1	23.0	1882454.0	-0.009350250164667765	247427521.0	382861902.0	3014066.0
29	5.1	24.0	1884459.0	-0.009360209107398987	263404084.0	399508294.0	3144890.0
29	5.1	25.0	1884402.0	-0.009359925985336304	279380207.0	416154532.0	3275868.0
29	5.1	26.0	1882264.0	-0.009349306424458822	295358754.0	432800916.0	3406700.0
29	5.1	27.0	1881958.0	-0.00934778650601705	311335410.0	449446912.0	3537920.0
29	5.1	28.0	1883471.0	-0.009355301658312479	327312459.0	466092907.0	3669141.0
29	5.1	29.0	1883368.0	-0.009354790051778158	343288223.0	482739330.0	3799934.0
29	5.1	30.0	1885646.0	-0.009366105000178019	359265331.0	499385223.0	3931257.0
29	5.1	31.0	1883220.0	-0.009354054927825928	375242301.0	516030316.0	4063380.0
29	5.1	32.0	1884969.0	-0.009362742304801941	391220642.0	532676612.0	4194300.0
29	5.1	33.0	1883356.0	-0.009354730447133383	407198205.0	549322637.0	4325491.0
29	5.1	34.0	1881813.0	-0.009347066283226013	423175885.0	565968825.0	4456519.0
29	5.1	35.0	1885487.0	-0.009365315238634745	439153684.0	582615092.0	4587468.0
29	5.1	36.0	1883217.0	-0.009354040026664734	455132209.0	599261357.0	4718419.0
29	5.1	37.0	1883603.0	-0.009355957309405008	471108855.0	615907615.0	4849377.0
29	5.1	38.0	1882547.0	-0.009350712100664774	487086307.0	632554199.0	4980009.0
29	5.1	39.0	1883721.0	-0.0093565434217453	503062971.0	649200830.0	5110594.0
29	5.1	40.0	1882866.0	-0.009352296590805054	519039776.0	665846824.0	5241816.0
29	5.1	41.0	1883756.0	-0.009356717268625895	535018085.0	682493059.0	5372797.0
29	5.1	42.0	1884734.0	-0.009361575047175089	550996739.0	699139128.0	5503944.0
29	5.1	43.0	1883057.0	-0.009353245298067728	566974143.0	715785496.0	5634792.0
29	5.1	44.0	1884494.0	-0.009360382954279581	582951111.0	732432077.0	5765427.0
29	5.1	45.0	1881650.0	-0.009346256653467814	598927080.0	749078171.0	5896549.0
29	5.1	46.0	1884628.0	-0.009361048539479574	614903567.0	765724531.0	6027405.0
29	5.1	47.0	1882046.0	-0.009348223606745401	630879446.0	782370181.0	6158971.0
29	5.1	48.0	1882502.0	-0.009350488583246866	646855202.0	799015819.0	6290549.0
29	5.1	49.0	1884288.0	-0.009359359741210938	662830773.0	815661801.0	6421783.0
29	5.1	50.0	1885171.0	-0.00936374564965566	678807055.0	832307746.0	6553054.0
29	5.1	51.0	1883154.0	-0.009353727102279663	694784432.0	848953824.0	6684192.0
29	5.1	52.0	1883688.0	-0.009356379508972168	710762332.0	865600509.0	6814723.0
29	5.1	53.0	1881673.0	-0.009346370895703634	726740895.0	882246945.0	6945503.0
29	5.1	54.0	1883373.0	-0.009354814887046814	742717839.0	898893546.0	7076118.0
29	5.1	55.0	1882992.0	-0.009352922439575195	758694916.0	915539794.0	7207086.0
29	5.1	56.0	1886254.0	-0.00936912496884664	774671231.0	932185400.0	7338696.0
29	5.1	57.0	1886042.0	-0.009368071953455607	790646472.0	948831792.0	7469520.0
29	5.1	58.0	1883926.0	-0.009357561667760214	806621878.0	965478024.0	7600504.0
29	5.1	59.0	1885551.0	-0.009365633130073547	822599310.0	982124011.0	7731733.0
29	5.1	60.0	1884856.0	-0.009362181027730307	838576094.0	998770204.0	7862756.0
29	5.1	61.0	1884283.0	-0.009359334905942282	854552730.0	1015416728.0	7993448.0
29	5.1	62.0	1881547.0	-0.009345745046933493	870529731.0	1032063135.0	8124257.0
29	5.1	63.0	1883541.0	-0.00935564935207367	886506170.0	1048709169.0	8255439.0
29	5.1	64.0	1883713.0	-0.00935650368531545	902484872.0	1065355470.0	8386354.0
29	5.1	65.0	1883010.0	-0.009353011846542358	918464025.0	1082001536.0	8517504.0
29	5.1	66.0	1881896.0	-0.009347478548685709	934440623.0	1098647160.0	8649096.0
29	5.1	67.0	1884352.0	-0.00935967763264974	950418922.0	1115293476.0	8779996.0
29	5.1	68.0	1884904.0	-0.009362419446309408	966396422.0	1131939926.0	8910762.0
29	5.1	69.0	1884232.0	-0.009359081586201986	982373395.0	1148586054.0	9041850.0
29	5.1	70.0	1883015.0	-0.009353036681811014	998351388.0	1165231796.0	9173324.0
29	5.1	71.0	1884837.0	-0.009362086653709412	1014326925.0	1181877813.0	9304523.0
29	5.1	72.0	1885052.0	-0.009363154570261637	1030302544.0	1198524167.0	9435385.0
29	5.1	73.0	1886051.0	-0.009368116656939188	1046279335.0	1215169693.0	9567075.0
29	5.1	74.0	1881786.0	-0.009346932172775269	1062256561.0	1231816239.0	9697745.0
29	5.1	75.0	1883868.0	-0.009357273578643799	1078233999.0	1248462575.0	9828625.0
29	5.1	76.0	1882764.0	-0.009351789951324463	1094211877.0	1265108616.0	9959800.0
29	5.1	77.0	1882888.0	-0.009352405865987143	1110189545.0	1281754957.0	10090675.0
29	5.1	78.0	1881534.0	-0.009345680475234985	1126166149.0	1298401223.0	10221625.0
29	5.1	79.0	1883918.0	-0.009357521931330362	1142140947.0	1315047526.0	10352538.0
29	5.1	80.0	1882669.0	-0.009351318081219992	1158117716.0	1331693392.0	10483888.0
29	5.1	81.0	1884338.0	-0.009359608093897501	1174095224.0	1348339034.0	10615462.0
29	5.1	82.0	1884118.0	-0.00935851534207662	1190071150.0	1364985027.0	10746685.0
29	5.1	83.0	1879615.0	-0.009336148699124655	1206047279.0	1381630940.0	10877988.0
29	5.1	84.0	1882008.0	-0.009348034858703613	1222025093.0	1398277515.0	11008629.0
29	5.1	85.0	1884527.0	-0.009360546867052713	1238003637.0	1414924050.0	11139310.0
29	5.1	86.0	1883801.0	-0.009356940786043802	1253979359.0	1431570243.0	11270333.0
29	5.1	87.0	1883095.0	-0.009353434046109518	1269956445.0	1448216152.0	11401640.0
29	5.1	88.0	1883224.0	-0.009354074796040853	1285934186.0	1464862173.0	11532835.0
29	5.1	89.0	1882427.0	-0.00935011605421702	1301912209.0	1481508792.0	11663432.0
29	5.1	90.0	1884777.0	-0.009361788630485535	1317890243.0	1498155413.0	11794027.0
29	5.1	91.0	1883178.0	-0.009353846311569214	1333866465.0	1514801479.0	11925177.0
29	5.1	92.0	1881709.0	-0.00934654970963796	1349843642.0	1531447731.0	12056141.0
29	5.1	93.0	1882646.0	-0.009351203838984171	1365821205.0	1548093917.0	12187171.0
29	5.1	94.0	1882242.0	-0.009349197149276733	1381797746.0	1564739827.0	12318477.0
29	5.1	95.0	1884705.0	-0.009361431002616882	1397775083.0	1581385860.0	12449660.0
29	5.1	96.0	1882090.0	-0.009348442157109579	1413751781.0	1598031774.0	12580962.0
29	5.1	97.0	1884638.0	-0.009361098210016886	1429731104.0	1614678700.0	12711252.0
29	5.1	98.0	1884927.0	-0.009362533688545227	1445708403.0	1631324926.0	12842242.0
29	5.1	99.0	1886257.0	-0.009369139870007833	1461684494.0	1647970970.0	12973414.0
29	5.1	100.0	1883200.0	-0.009353955586751303	1477661174.0	1664616804.0	13104796.0
30	5.0	1.0	99835888.0	-0.49589022000630695	333463.0	16646803.0	130413.0
30	5.0	2.0	93490714.0	-0.4643733998139699	907973.0	33292683.0	261749.0
30	5.0	3.0	85617610.0	-0.4252672692139943	1893762.0	49938625.0	393023.0
30	5.0	4.0	76295427.0	-0.37896348536014557	3548816.0	66585048.0	523816.0
30	5.0	5.0	65868117.0	-0.3271704763174057	6211794.0	83231303.0	654777.0
30	5.0	6.0	55079978.0	-0.2735852102438609	10221077.0	99877570.0	785726.0
30	5.0	7.0	44629970.0	-0.22167945901552835	15832530.0	116523308.0	917204.0
30	5.0	8.0	35037422.0	-0.17403275767962137	23165274.0	133169310.0	1048418.0
30	5.0	9.0	26630630.0	-0.13227577010790506	32195304.0	149815592.0	1179352.0
30	5.0	10.0	19508070.0	-0.09689763188362122	42817777.0	166461380.0	1310780.0
30	5.0	11.0	13723258.0	-0.06816415985425313	54866125.0	183107531.0	1441845.0
30	5.0	12.0	9274077.0	-0.0460648387670517	68120785.0	199753670.0	1572922.0
30	5.0	13.0	6060203.0	-0.030101353923479717	82348901.0	216399611.0	1704197.0
30	5.0	14.0	3958044.0	-0.019659817218780518	97304341.0	233045452.0	1835572.0
30	5.0	15.0	2744981.0	-0.01363446811834971	112755279.0	249691325.0	1966915.0
30	5.0	16.0	2155538.0	-0.01070667306582133	128508089.0	266337591.0	2097865.0
30	5.0	17.0	1949702.0	-0.009684274593989054	144407712.0	282983818.0	2228854.0
30	5.0	18.0	1898216.0	-0.00942854086558024	160360563.0	299630648.0	2359240.0
30	5.0	19.0	1892888.0	-0.009402076403299967	176321431.0	316276400.0	2490704.0
30	5.0	20.0	1891410.0	-0.009394735097885132	192284316.0	332922848.0	2621472.0
30	5.0	21.0	1889974.0	-0.00938760240872701	208246804.0	349569005.0	2752531.0
30	5.0	22.0	1889685.0	-0.00938616693019867	224209181.0	366215151.0	2883601.0
30	5.0	23.0	1893416.0	-0.009404699007670084	240173713.0	382861597.0	3014371.0
30	5.0	24.0	1892922.0	-0.009402245283126831	256135084.0	399507178.0	3146006.0
30	5.0	25.0	1892266.0	-0.00939898689587911	272098728.0	416153291.0	3277109.0
30	5.0	26.0	1889753.0	-0.009386504689852396	288062211.0	432799784.0	3407832.0
30	5.0	27.0	1891164.0	-0.009393513202667236	304024949.0	449445677.0	3539155.0
30	5.0	28.0	1889629.0	-0.009385888775189718	319988461.0	466092231.0	3669817.0
30	5.0	29.0	1890007.0	-0.009387766321500143	335952593.0	482738649.0	3800615.0
30	5.0	30.0	1890734.0	-0.009391377369562784	351915362.0	499384892.0	3931588.0
30	5.0	31.0	1888681.0	-0.009381180008252462	367877327.0	516031589.0	4062107.0
30	5.0	32.0	1888962.0	-0.009382575750350952	383839413.0	532677367.0	4193545.0
30	5.0	33.0	1891319.0	-0.009394283095995585	399804146.0	549323716.0	4324412.0
30	5.0	34.0	1892978.0	-0.009402523438135782	415765667.0	565968926.0	4456418.0
30	5.0	35.0	1890107.0	-0.00938826302687327	431728008.0	582615193.0	4587367.0
30	5.0	36.0	1890832.0	-0.009391864140828451	447692541.0	599261875.0	4717901.0
30	5.0	37.0	1892548.0	-0.009400387605031332	463654428.0	615907708.0	4849284.0
30	5.0	38.0	1890097.0	-0.009388213356335958	479616494.0	632553386.0	4980822.0
30	5.0	39.0	1892990.0	-0.009402583042780558	495577885.0	649199237.0	5112187.0
30	5.0	40.0	1893592.0	-0.009405573209126791	511538633.0	665845461.0	5243179.0
30	5.0	41.0	1889771.0	-0.00938659409681956	527499962.0	682492335.0	5373521.0
30	5.0	42.0	1889717.0	-0.00938632587591807	543463639.0	699138473.0	5504599.0
30	5.0	43.0	1891174.0	-0.00939356287320455	559427101.0	715785050.0	5635238.0
30	5.0	44.0	1891558.0	-0.009395470221837362	575390701.0	732430895.0	5766609.0
30	5.0	45.0	1892159.0	-0.009398455421129862	591353188.0	749076761.0	5897959.0
30	5.0	46.0	1891815.0	-0.009396746754646301	607316639.0	765723132.0	6028804.0
30	5.0	47.0	1891451.0	-0.009394938747088114	623278976.0	782369232.0	6159920.0
30	5.0	48.0	1889546.0	-0.00938547650973002	639242184.0	799014795.0	6291573.0
30	5.0	49.0	1889425.0	-0.009384875496228537	655205254.0	815661501.0	6422083.0
30	5.0	50.0	1885459.0	-0.00936517616113027	671168511.0	832307901.0	6552899.0
30	5.0	51.0	1891665.0	-0.009396001696586609	687131837.0	848954480.0	6683536.0
30	5.0	52.0	1888629.0	-0.009380921721458435	703095572.0	865600598.0	6814634.0
30	5.0	53.0	1890188.0	-0.009388665358225504	719058810.0	882246940.0	6945508.0
30	5.0	54.0	1889773.0	-0.009386604030927023	735021386.0	898892861.0	7076803.0
30	5.0	55.0	1890851.0	-0.009391958514849344	750984380.0	915539396.0	7207484.0
30	5.0	56.0	1892147.0	-0.009398395816485086	766946020.0	932185385.0	7338711.0
30	5.0	57.0	1891280.0	-0.009394089380900065	782909745.0	948831944.0	7469368.0
30	5.0	58.0	1888963.0	-0.009382580717404684	798873650.0	965479037.0	7599491.0
30	5.0	59.0	1892621.0	-0.009400750199953714	814838048.0	982124957.0	7730787.0
30	5.0	60.0	1891156.0	-0.009393473466237387	830801005.0	998771088.0	7861872.0
30	5.0	61.0	1891335.0	-0.009394362568855286	846764371.0	1015416156.0	7994020.0
30	5.0	62.0	1891182.0	-0.0093936026096344	862727153.0	1032062131.0	8125261.0
30	5.0	63.0	1889332.0	-0.009384413560231527	878690430.0	1048708384.0	8256224.0
30	5.0	64.0	1887472.0	-0.009375174840291342	894654366.0	1065354416.0	8387408.0
30	5.0	65.0	1887991.0	-0.009377752741177877	910617859.0	1082000774.0	8518266.0
30	5.0	66.0	1890920.0	-0.009392301241556803	926579526.0	1098646310.0	8649946.0
30	5.0	67.0	1890668.0	-0.00939104954401652	942541156.0	1115292329.0	8781143.0
30	5.0	68.0	1890375.0	-0.009389594197273254	958504155.0	1131939135.0	8911553.0
30	5.0	69.0	1892115.0	-0.009398236870765686	974467033.0	1148584899.0	9043005.0
30	5.0	70.0	1890612.0	-0.009390771389007568	990429295.0	1165230703.0	9174417.0
30	5.0	71.0	1888725.0	-0.009381398558616638	1006392814.0	1181877230.0	9305106.0
30	5.0	72.0	1890987.0	-0.0093926340341568	1022355048.0	1198523025.0	9436527.0
30	5.0	73.0	1892141.0	-0.009398366014162699	1038318865.0	1215169127.0	9567641.0
30	5.0	74.0	1887957.0	-0.009377583861351013	1054281905.0	1231815238.0	9698746.0
30	5.0	75.0	1889864.0	-0.009387056032816568	1070245864.0	1248461222.0	9829978.0
30	5.0	76.0	1893795.0	-0.00940658152103424	1086209910.0	1265107329.0	9961087.0
30	5.0	77.0	1891563.0	-0.009395495057106018	1102171208.0	1281753885.0	10091747.0
30	5.0	78.0	1893673.0	-0.009405975540479025	1118134167.0	1298400135.0	10222713.0
30	5.0	79.0	1888218.0	-0.009378880262374878	1134096057.0	1315046523.0	10353541.0
30	5.0	80.0	1889985.0	-0.009387657046318054	1150058532.0	1331691828.0	10485452.0
30	5.0	81.0	1889575.0	-0.009385620554288229	1166020599.0	1348337484.0	10617012.0
30	5.0	82.0	1889671.0	-0.009386097391446432	1181983505.0	1364983600.0	10748112.0
30	5.0	83.0	1892819.0	-0.009401733676592508	1197945960.0	1381629637.0	10879291.0
30	5.0	84.0	1890365.0	-0.009389544526735941	1213907646.0	1398275531.0	11010613.0
30	5.0	85.0	1892410.0	-0.009399702151616415	1229871632.0	1414921986.0	11141374.0
30	5.0	86.0	1890003.0	-0.009387746453285217	1245834826.0	1431568330.0	11272246.0
30	5.0	87.0	1890008.0	-0.009387771288553873	1261797381.0	1448214626.0	11403166.0
30	5.0	88.0	1889805.0	-0.009386762976646423	1277760936.0	1464861106.0	11533902.0
30	5.0	89.0	1889320.0	-0.009384353955586752	1293723769.0	1481507127.0	11665097.0
30	5.0	90.0	1888925.0	-0.009382391969362894	1309688874.0	1498153342.0	11796098.0
30	5.0	91.0	1890654.0	-0.009390980005264282	1325650633.0	1514799709.0	11926947.0
30	5.0	92.0	1889688.0	-0.009386181831359863	1341615046.0	1531445843.0	12058029.0
30	5.0	93.0	1891368.0	-0.009394526481628418	1357578002.0	1548092000.0	12189088.0
30	5.0	94.0	1891699.0	-0.009396170576413473	1373540854.0	1564738182.0	12320122.0
30	5.0	95.0	1889177.0	-0.009383643666903177	1389504697.0	1581384254.0	12451266.0
30	5.0	96.0	1890206.0	-0.009388754765192667	1405467959.0	1598030595.0	12582141.0
30	5.0	97.0	1892368.0	-0.009399493535359701	1421430842.0	1614676372.0	12713580.0
30	5.0	98.0	1890842.0	-0.009391913811365763	1437393860.0	1631322126.0	12845042.0
30	5.0	99.0	1892720.0	-0.009401241938273111	1453357324.0	1647968446.0	12975938.0
30	5.0	100.0	1891580.0	-0.00939557949701945	1469319220.0	1664614686.0	13106914.0
31	4.9	1.0	100255744.0	-0.4979756673177083	305146.0	16646568.0	130648.0
31	4.9	2.0	94445369.0	-0.4691152224938075	824468.0	33293374.0	261058.0
31	4.9	3.0	87267911.0	-0.4334644029537837	1701461.0	49940203.0	391445.0
31	4.9	4.0	78719857.0	-0.3910057594378789	3155711.0	66586610.0	522254.0
31	4.9	5.0	69043310.0	-0.34294183055559796	5487066.0	83232553.0	653527.0
31	4.9	6.0	58835564.0	-0.2922394076983134	9016599.0	99878479.0	784817.0
31	4.9	7.0	48764770.0	-0.24221723278363547	14005402.0	116524520.0	915992.0
31	4.9	8.0	39335095.0	-0.19537953039010367	20594726.0	133170747.0	1046981.0
31	4.9	9.0	30856024.0	-0.153263529141744	28814767.0	149816737.0	1178207.0
31	4.9	10.0	23494646.0	-0.11669916907946269	38591305.0	166463208.0	1308952.0
31	4.9	11.0	17314701.0	-0.08600305020809174	49801605.0	183109687.0	1439689.0
31	4.9	12.0	12321788.0	-0.06120298306147257	62268468.0	199756034.0	1570558.0
31	4.9	13.0	8465886.0	-0.04205051064491272	75797214.0	216401806.0	1702002.0
31	4.9	14.0	5678023.0	-0.02820304532845815	90172982.0	233047515.0	1833509.0
31	4.9	15.0	3821088.0	-0.018979549407958984	105194137.0	249693265.0	1964975.0
31	4.9	16.0	2715976.0	-0.013490398724873861	120661621.0	266338889.0	2096567.0
31	4.9	17.0	2169139.0	-0.010774229963620504	136401736.0	282984589.0	2228083.0
31	4.9	18.0	1956528.0	-0.009718179702758789	152286261.0	299630493.0	2359395.0
31	4.9	19.0	1906965.0	-0.009471997618675232	168221426.0	316276464.0	2490640.0
31	4.9	20.0	1897974.0	-0.00942733883857727	184166636.0	332922694.0	2621626.0
31	4.9	21.0	1897708.0	-0.00942601760228475	200113893.0	349568449.0	2753087.0
31	4.9	22.0	1897346.0	-0.009424219528834024	216064641.0	366214946.0	2883806.0
31	4.9	23.0	1896674.0	-0.009420881668726603	232014317.0	382860961.0	3015007.0
31	4.9	24.0	1897188.0	-0.009423434734344482	247963198.0	399507186.0	3145998.0
31	4.9	25.0	1898349.0	-0.009429201483726501	263911152.0	416153111.0	3277289.0
31	4.9	26.0	1898187.0	-0.009428396821022034	279859596.0	432799343.0	3408273.0
31	4.9	27.0	1896717.0	-0.009421095252037048	295806708.0	449445259.0	3539573.0
31	4.9	28.0	1898429.0	-0.009429598848025003	311753366.0	466090861.0	3671187.0
31	4.9	29.0	1897100.0	-0.009422997633616129	327701298.0	482736962.0	3802302.0
31	4.9	30.0	1898554.0	-0.009430219729741415	343649032.0	499382860.0	3933620.0
31	4.9	31.0	1898209.0	-0.009428506096204122	359596667.0	516029007.0	4064689.0
31	4.9	32.0	1897100.0	-0.009422997633616129	375546558.0	532675061.0	4195851.0
31	4.9	33.0	1898059.0	-0.00942776103814443	391495569.0	549321391.0	4326737.0
31	4.9	34.0	1898846.0	-0.009431670109430948	407443299.0	565967722.0	4457622.0
31	4.9	35.0	1897194.0	-0.00942346453666687	423390777.0	582614357.0	4588203.0
31	4.9	36.0	1895224.0	-0.009413679440816244	439341098.0	599260952.0	4718824.0
31	4.9	37.0	1897785.0	-0.009426400065422058	455289508.0	615907252.0	4849740.0
31	4.9	38.0	1897616.0	-0.00942556063334147	471237638.0	632553298.0	4980910.0
31	4.9	39.0	1897692.0	-0.009425938129425049	487187250.0	649198929.0	5112495.0
31	4.9	40.0	1896814.0	-0.009421577056248983	503136313.0	665845137.0	5243503.0
31	4.9	41.0	1897392.0	-0.009424448013305664	519086249.0	682491813.0	5374043.0
31	4.9	42.0	1896129.0	-0.009418174624443054	535034707.0	699137353.0	5505719.0
31	4.9	43.0	1896277.0	-0.009418909748395285	550984048.0	715783509.0	5636779.0
31	4.9	44.0	1899228.0	-0.009433567523956299	566930847.0	732429778.0	5767726.0
31	4.9	45.0	1900132.0	-0.009438057740529379	582878823.0	749076299.0	5898421.0
31	4.9	46.0	1897167.0	-0.009423330426216125	598825220.0	765722025.0	6029911.0
31	4.9	47.0	1896631.0	-0.009420668085416159	614773841.0	782368321.0	6160831.0
31	4.9	48.0	1897249.0	-0.009423737724622091	630720656.0	799014108.0	6292260.0
31	4.9	49.0	1896757.0	-0.0094212939341863	646670463.0	815660468.0	6423116.0
31	4.9	50.0	1901128.0	-0.009443004926045736	662617285.0	832305944.0	6554856.0
31	4.9	51.0	1896143.0	-0.009418244163195292	678565897.0	848952179.0	6685837.0
31	4.9	52.0	1896498.0	-0.009420007467269897	694515244.0	865598483.0	6816749.0
31	4.9	53.0	1897871.0	-0.009426827232042948	710464085.0	882244199.0	6948249.0
31	4.9	54.0	1898493.0	-0.009429916739463806	726412597.0	898890902.0	7078762.0
31	4.9	55.0	1897120.0	-0.009423096974690756	742359958.0	915536874.0	7210006.0
31	4.9	56.0	1898972.0	-0.00943229595820109	758307187.0	932183166.0	7340930.0
31	4.9	57.0	1897078.0	-0.009422888358434042	774256598.0	948829336.0	7471976.0
31	4.9	58.0	1896403.0	-0.009419535597165426	790205877.0	965476095.0	7602433.0
31	4.9	59.0	1897193.0	-0.009423459569613138	806155100.0	982122127.0	7733617.0
31	4.9	60.0	1895026.0	-0.00941269596417745	822103891.0	998767781.0	7865179.0
31	4.9	61.0	1900218.0	-0.009438484907150269	838052466.0	1015414267.0	7995909.0
31	4.9	62.0	1896469.0	-0.00941986342271169	854000575.0	1032061148.0	8126244.0
31	4.9	63.0	1899392.0	-0.009434382120768229	869949609.0	1048706908.0	8257700.0
31	4.9	64.0	1896797.0	-0.00942149261633555	885896607.0	1065352686.0	8389138.0
31	4.9	65.0	1893721.0	-0.009406213959058126	901846662.0	1081999416.0	8519624.0
31	4.9	66.0	1898924.0	-0.009432057539621988	917793701.0	1098644787.0	8651469.0
31	4.9	67.0	1896426.0	-0.009419649839401245	933742449.0	1115290498.0	8782974.0
31	4.9	68.0	1897595.0	-0.009425456325213114	949690630.0	1131936867.0	8913821.0
31	4.9	69.0	1898088.0	-0.009427905082702637	965638720.0	1148583524.0	9044380.0
31	4.9	70.0	1894668.0	-0.00941091775894165	981586810.0	1165230041.0	9175079.0
31	4.9	71.0	1897587.0	-0.009425416588783264	997534986.0	1181875781.0	9306555.0
31	4.9	72.0	1897351.0	-0.009424244364102682	1013485520.0	1198522348.0	9437204.0
31	4.9	73.0	1896939.0	-0.009422197937965393	1029433178.0	1215168540.0	9568228.0
31	4.9	74.0	1897596.0	-0.009425461292266846	1045380747.0	1231814402.0	9699582.0
31	4.9	75.0	1897493.0	-0.009424949685732523	1061329518.0	1248460586.0	9830614.0
31	4.9	76.0	1897093.0	-0.009422962864240011	1077278432.0	1265106774.0	9961642.0
31	4.9	77.0	1896299.0	-0.009419019023577372	1093227425.0	1281753120.0	10092512.0
31	4.9	78.0	1897320.0	-0.009424090385437012	1109175903.0	1298399858.0	10222990.0
31	4.9	79.0	1895963.0	-0.00941735009352366	1125125622.0	1315046529.0	10353535.0
31	4.9	80.0	1895125.0	-0.009413187702496847	1141074058.0	1331692725.0	10484555.0
31	4.9	81.0	1897614.0	-0.009425550699234009	1157022055.0	1348338691.0	10615805.0
31	4.9	82.0	1897614.0	-0.009425550699234009	1172969085.0	1364984603.0	10747109.0
31	4.9	83.0	1899208.0	-0.009433468182881674	1188917620.0	1381631052.0	10877876.0
31	4.9	84.0	1897279.0	-0.00942388673623403	1204865580.0	1398277463.0	11008681.0
31	4.9	85.0	1900397.0	-0.009439374009768168	1220812336.0	1414923888.0	11139472.0
31	4.9	86.0	1895767.0	-0.00941637655099233	1236761571.0	1431570409.0	11270167.0
31	4.9	87.0	1898427.0	-0.009429588913917542	1252710350.0	1448216826.0	11400966.0
31	4.9	88.0	1896589.0	-0.009420459469159445	1268657811.0	1464862674.0	11532334.0
31	4.9	89.0	1897778.0	-0.009426365296045939	1284606008.0	1481508781.0	11663443.0
31	4.9	90.0	1895567.0	-0.009415383140246073	1300553520.0	1498154902.0	11794538.0
31	4.9	91.0	1895983.0	-0.009417449434598288	1316501850.0	1514801342.0	11925314.0
31	4.9	92.0	1898685.0	-0.009430870413780212	1332451544.0	1531447646.0	12056226.0
31	4.9	93.0	1897767.0	-0.009426310658454895	1348400721.0	1548093751.0	12187337.0
31	4.9	94.0	1898385.0	-0.009429380297660828	1364348574.0	1564739864.0	12318440.0
31	4.9	95.0	1897487.0	-0.009424919883410135	1380296886.0	1581386695.0	12448825.0
31	4.9	96.0	1899109.0	-0.009432976444562277	1396244090.0	1598033140.0	12579596.0
31	4.9	97.0	1898794.0	-0.009431411822636923	1412191963.0	1614679078.0	12710874.0
31	4.9	98.0	1896292.0	-0.009418984254201254	1428139639.0	1631325242.0	12841926.0
31	4.9	99.0	1897033.0	-0.009422664841016134	1444088597.0	1647971672.0	12972712.0
31	4.9	100.0	1897056.0	-0.009422779083251953	1460038972.0	1664617976.0	13103624.0
32	4.8	1.0	100628021.0	-0.499824787179629	280798.0	16646615.0	130601.0
32	4.8	2.0	95309305.0	-0.4734064390261968	749863.0	33292803.0	261629.0
32	4.8	3.0	88768128.0	-0.4409160614013672	1529560.0	49938917.0	392731.0
32	4.8	4.0	80934704.0	-0.4020070234934489	2809554.0	66584903.0	523961.0
32	4.8	5.0	72037909.0	-0.3578161646922429	4844690.0	83230678.0	655402.0
32	4.8	6.0	62472336.0	-0.3103034496307373	7935772.0	99876307.0	786989.0
32	4.8	7.0	52843288.0	-0.2624754508336385	12340036.0	116522627.0	917885.0
32	4.8	8.0	43642868.0	-0.21677647034327188	18226799.0	133168498.0	1049230.0
32	4.8	9.0	35210133.0	-0.17489062249660492	25643937.0	149814522.0	1180422.0
32	4.8	10.0	27706623.0	-0.13762028515338898	34570590.0	166460910.0	1311250.0
32	4.8	11.0	21218229.0	-0.10539208352565765	44915111.0	183106580.0	1442796.0
32	4.8	12.0	15763109.0	-0.07829620937506358	56546846.0	199752236.0	1574356.0
32	4.8	13.0	11356717.0	-0.05640942354996999	69308082.0	216397888.0	1705920.0
32	4.8	14.0	7940478.0	-0.03944078087806702	83014005.0	233044255.0	1836769.0
32	4.8	15.0	5450836.0	-0.02707459529240926	97483639.0	249690958.0	1967282.0
32	4.8	16.0	3769819.0	-0.018724893530209858	112531502.0	266337409.0	2098047.0
32	4.8	17.0	2747940.0	-0.013649165630340576	127985492.0	282983273.0	2229399.0
32	4.8	18.0	2204099.0	-0.010947878162066141	143698995.0	299629138.0	2360750.0
32	4.8	19.0	1980307.0	-0.009836291273434957	159557817.0	316275388.0	2491716.0
32	4.8	20.0	1918386.0	-0.00952872633934021	175473851.0	332922042.0	2622278.0
32	4.8	21.0	1908036.0	-0.009477317333221436	191403567.0	349567880.0	2753656.0
32	4.8	22.0	1905096.0	-0.009462714195251465	207334507.0	366213678.0	2885074.0
32	4.8	23.0	1905906.0	-0.009466737508773804	223267054.0	382860205.0	3015763.0
32	4.8	24.0	1905277.0	-0.009463613231976828	239201158.0	399506204.0	3146980.0
32	4.8	25.0	1907210.0	-0.009473214546839396	255134336.0	416152994.0	3277406.0
32	4.8	26.0	1905528.0	-0.009464859962463379	271065987.0	432799164.0	3408452.0
32	4.8	27.0	1902575.0	-0.009450192252794901	286999593.0	449445773.0	3539059.0
32	4.8	28.0	1902732.0	-0.009450972080230713	302934562.0	466091974.0	3670074.0
32	4.8	29.0	1904594.0	-0.00946022073427836	318867834.0	482738243.0	3801021.0
32	4.8	30.0	1905532.0	-0.009464879830678305	334798566.0	499384022.0	3932458.0
32	4.8	31.0	1905270.0	-0.009463578462600708	350731813.0	516030308.0	4063388.0
32	4.8	32.0	1903094.0	-0.009452770153681437	366666749.0	532676672.0	4194240.0
32	4.8	33.0	1902594.0	-0.009450286626815796	382600199.0	549323307.0	4324821.0
32	4.8	34.0	1903634.0	-0.00945545236269633	398533631.0	565969281.0	4456063.0
32	4.8	35.0	1904030.0	-0.009457419315973917	414466660.0	582615824.0	4586736.0
32	4.8	36.0	1905907.0	-0.009466742475827536	430400412.0	599262093.0	4717683.0
32	4.8	37.0	1905760.0	-0.009466012318929037	446333980.0	615908586.0	4848406.0
32	4.8	38.0	1904485.0	-0.009459679325421652	462267162.0	632555256.0	4978952.0
32	4.8	39.0	1905573.0	-0.009465083479881287	478199638.0	649201395.0	5110029.0
32	4.8	40.0	1904814.0	-0.009461313486099243	494131569.0	665846794.0	5241846.0
32	4.8	41.0	1904510.0	-0.009459803501764933	510066509.0	682492745.0	5373111.0
32	4.8	42.0	1906114.0	-0.009467770655949911	525999009.0	699138982.0	5504090.0
32	4.8	43.0	1902869.0	-0.009451652566591898	541932280.0	715784726.0	5635562.0
32	4.8	44.0	1903551.0	-0.009455040097236633	557864160.0	732431171.0	5766333.0
32	4.8	45.0	1908241.0	-0.009478335579236349	573798158.0	749077746.0	5896974.0
32	4.8	46.0	1906124.0	-0.009467820326487223	589730492.0	765724540.0	6027396.0
32	4.8	47.0	1905404.0	-0.0094642440478007	605662673.0	782370002.0	6159150.0
32	4.8	48.0	1904982.0	-0.009462147951126099	621595520.0	799015909.0	6290459.0
32	4.8	49.0	1904145.0	-0.009457990527153015	637529510.0	815662900.0	6420684.0
32	4.8	50.0	1907137.0	-0.009472851951917013	653461493.0	832308676.0	6552124.0
32	4.8	51.0	1904305.0	-0.009458785255750021	669394920.0	848955257.0	6682759.0
32	4.8	52.0	1906500.0	-0.009469687938690186	685327240.0	865600865.0	6814367.0
32	4.8	53.0	1903964.0	-0.009457091490427652	701260987.0	882246495.0	6945953.0
32	4.8	54.0	1904659.0	-0.009460543592770895	717194759.0	898892398.0	7077266.0
32	4.8	55.0	1905064.0	-0.009462555249532064	733127666.0	915538334.0	7208546.0
32	4.8	56.0	1904920.0	-0.00946183999379476	749060049.0	932183967.0	7340129.0
32	4.8	57.0	1905537.0	-0.00946490466594696	764991564.0	948829647.0	7471665.0
32	4.8	58.0	1907608.0	-0.009475191434224447	780922832.0	965475250.0	7603278.0
32	4.8	59.0	1905033.0	-0.009462401270866394	796855587.0	982121462.0	7734282.0
32	4.8	60.0	1902833.0	-0.009451473752657572	812789929.0	998768078.0	7864882.0
32	4.8	61.0	1903929.0	-0.009456917643547058	828722799.0	1015414025.0	7996151.0
32	4.8	62.0	1905696.0	-0.009465694427490234	844655525.0	1032060417.0	8126975.0
32	4.8	63.0	1906038.0	-0.009467393159866333	860588485.0	1048706351.0	8258257.0
32	4.8	64.0	1906075.0	-0.009467576940854391	876519817.0	1065352913.0	8388911.0
32	4.8	65.0	1904501.0	-0.009459758798281351	892453656.0	1081999682.0	8519358.0
32	4.8	66.0	1904789.0	-0.00946118930975596	908386563.0	1098645158.0	8651098.0
32	4.8	67.0	1903162.0	-0.009453107913335165	924321458.0	1115291550.0	8781922.0
32	4.8	68.0	1903348.0	-0.009454031785329184	940254010.0	1131937997.0	8912691.0
32	4.8	69.0	1906524.0	-0.009469807147979736	956185959.0	1148583838.0	9044066.0
32	4.8	70.0	1907970.0	-0.009476989507675171	972118890.0	1165230349.0	9174771.0
32	4.8	71.0	1904490.0	-0.009459704160690308	988051928.0	1181876206.0	9306130.0
32	4.8	72.0	1904324.0	-0.009458879629770914	1003987689.0	1198522245.0	9437307.0
32	4.8	73.0	1905320.0	-0.009463826815287272	1019922024.0	1215168383.0	9568385.0
32	4.8	74.0	1906960.0	-0.009471972783406576	1035853069.0	1231814149.0	9699835.0
32	4.8	75.0	1904198.0	-0.009458253781000773	1051786024.0	1248460059.0	9831141.0
32	4.8	76.0	1905603.0	-0.009465232491493225	1067719575.0	1265105940.0	9962476.0
32	4.8	77.0	1903251.0	-0.009453549981117249	1083652684.0	1281752193.0	10093439.0
32	4.8	78.0	1902539.0	-0.009450013438860575	1099585877.0	1298398108.0	10224740.0
32	4.8	79.0	1904933.0	-0.009461904565493265	1115518407.0	1315043851.0	10356213.0
32	4.8	80.0	1904277.0	-0.009458646178245544	1131450586.0	1331689533.0	10487747.0
32	4.8	81.0	1906200.0	-0.0094681978225708	1147382791.0	1348335761.0	10618735.0
32	4.8	82.0	1907779.0	-0.009476040800412497	1163313710.0	1364982079.0	10749633.0
32	4.8	83.0	1905842.0	-0.009466419617335001	1179245113.0	1381628003.0	10880925.0
32	4.8	84.0	1902266.0	-0.009448657433191935	1195176849.0	1398273328.0	11012816.0
32	4.8	85.0	1905701.0	-0.00946571926275889	1211109471.0	1414919090.0	11144270.0
32	4.8	86.0	1907158.0	-0.00947295626004537	1227042525.0	1431565775.0	11274801.0
32	4.8	87.0	1904509.0	-0.009459798534711203	1242976008.0	1448212327.0	11405465.0
32	4.8	88.0	1907119.0	-0.00947276254494985	1258909189.0	1464858512.0	11536496.0
32	4.8	89.0	1905190.0	-0.009463181098302206	1274842329.0	1481505348.0	11666876.0
32	4.8	90.0	1905019.0	-0.009462331732114157	1290774491.0	1498150916.0	11798524.0
32	4.8	91.0	1905738.0	-0.009465903043746948	1306708572.0	1514797027.0	11929629.0
32	4.8	92.0	1904304.0	-0.009458780288696289	1322642178.0	1531443209.0	12060663.0
32	4.8	93.0	1903672.0	-0.009455641110738119	1338573414.0	1548088967.0	12192121.0
32	4.8	94.0	1906869.0	-0.009471520781517029	1354505047.0	1564734773.0	12323531.0
32	4.8	95.0	1906186.0	-0.009468128283818563	1370436820.0	1581381177.0	12454343.0
32	4.8	96.0	1903527.0	-0.009454920887947083	1386370702.0	1598027914.0	12584822.0
32	4.8	97.0	1906010.0	-0.009467254082361857	1402303868.0	1614674028.0	12715924.0
32	4.8	98.0	1904343.0	-0.009458974003791809	1418236583.0	1631320304.0	12846864.0
32	4.8	99.0	1905215.0	-0.009463305274645487	1434170000.0	1647966270.0	12978114.0
32	4.8	100.0	1908843.0	-0.00948132574558258	1450101757.0	1664612247.0	13109353.0
33	4.7	1.0	100997504.0	-0.5016600290934244	256340.0	16645903.0	131313.0
33	4.7	2.0	96150130.0	-0.47758286197980243	679149.0	33291971.0	262461.0
33	4.7	3.0	90181006.0	-0.4479339023431142	1371298.0	49936961.0	394687.0
33	4.7	4.0	83056670.0	-0.4125469426314036	2493917.0	66583345.0	525519.0
33	4.7	5.0	74845538.0	-0.37176180879275006	4272271.0	83229702.0	656378.0
33	4.7	6.0	65947069.0	-0.3275626351435979	6967984.0	99875195.0	788101.0
33	4.7	7.0	56815978.0	-0.2822080155213674	10838153.0	116521440.0	919072.0
33	4.7	8.0	47970198.0	-0.23827055096626282	16055653.0	133167733.0	1049995.0
33	4.7	9.0	39701151.0	-0.19719775021076202	22704507.0	149814377.0	1180567.0
33	4.7	10.0	32191314.0	-0.15989598631858826	30787295.0	166461025.0	1311135.0
33	4.7	11.0	25566739.0	-0.12699136634667715	40243074.0	183106832.0	1442544.0
33	4.7	12.0	19808805.0	-0.09839139878749847	50981159.0	199753526.0	1573066.0
33	4.7	13.0	14967790.0	-0.07434581716855367	62872603.0	216400335.0	1703473.0
33	4.7	14.0	11010200.0	-0.05468825499216715	75773169.0	233047178.0	1833846.0
33	4.7	15.0	7906021.0	-0.039269631107648216	89526969.0	249693271.0	1964969.0
33	4.7	16.0	5586383.0	-0.02774786452452342	103978004.0	266339309.0	2096147.0
33	4.7	17.0	3969335.0	-0.01971590022246043	118968630.0	282985891.0	2226781.0
33	4.7	18.0	2920756.0	-0.014507551987965902	134353243.0	299632492.0	2357396.0
33	4.7	19.0	2314736.0	-0.011497418085734049	150003518.0	316278957.0	2488147.0
33	4.7	20.0	2029168.0	-0.010078986485799154	165816302.0	332924922.0	2619398.0
33	4.7	21.0	1935907.0	-0.009615754087766012	181703877.0	349571151.0	2750385.0
33	4.7	22.0	1917903.0	-0.009526327252388	197617424.0	366217334.0	2881418.0
33	4.7	23.0	1912985.0	-0.009501899282137552	213534306.0	382864144.0	3011824.0
33	4.7	24.0	1912857.0	-0.009501263499259949	229449882.0	399510042.0	3143142.0
33	4.7	25.0	1913886.0	-0.009506374597549438	245365646.0	416156342.0	3274058.0
33	4.7	26.0	1913221.0	-0.009503071506818136	261281332.0	432802702.0	3404914.0
33	4.7	27.0	1913344.0	-0.009503682454427084	277198252.0	449448912.0	3535920.0
33	4.7	28.0	1911187.0	-0.009492968519528707	293113823.0	466094903.0	3667145.0
33	4.7	29.0	1911887.0	-0.009496445457140604	309031562.0	482741316.0	3797948.0
33	4.7	30.0	1912586.0	-0.00949991742769877	324949169.0	499387536.0	3928944.0
33	4.7	31.0	1913472.0	-0.009504318237304688	340865317.0	516034368.0	4059328.0
33	4.7	32.0	1912085.0	-0.009497428933779398	356784142.0	532680648.0	4190264.0
33	4.7	33.0	1913537.0	-0.00950464109579722	372700811.0	549326797.0	4321331.0
33	4.7	34.0	1911270.0	-0.009493380784988403	388617929.0	565972701.0	4452643.0
33	4.7	35.0	1912157.0	-0.00949778656164805	404535775.0	582618683.0	4583877.0
33	4.7	36.0	1914075.0	-0.009507313370704651	420452632.0	599264889.0	4714887.0
33	4.7	37.0	1912782.0	-0.009500890970230103	436370858.0	615911433.0	4845559.0
33	4.7	38.0	1914427.0	-0.009509061773618063	452287032.0	632557696.0	4976512.0
33	4.7	39.0	1912897.0	-0.0095014621814092	468204529.0	649203809.0	5107615.0
33	4.7	40.0	1910865.0	-0.009491369128227234	484122127.0	665849656.0	5238984.0
33	4.7	41.0	1911805.0	-0.00949603815873464	500039675.0	682495742.0	5370114.0
33	4.7	42.0	1913432.0	-0.009504119555155436	515955158.0	699141589.0	5501483.0
33	4.7	43.0	1912826.0	-0.009501109520594278	531871137.0	715787442.0	5632846.0
33	4.7	44.0	1912131.0	-0.009497657418251038	547788299.0	732433838.0	5763666.0
33	4.7	45.0	1913770.0	-0.00950579841931661	563704645.0	749080011.0	5894709.0
33	4.7	46.0	1913933.0	-0.009506608049074808	579621481.0	765726127.0	6025809.0
33	4.7	47.0	1912941.0	-0.009501680731773376	595537606.0	782372320.0	6156832.0
33	4.7	48.0	1914061.0	-0.009507243831952414	611454571.0	799018591.0	6287777.0
33	4.7	49.0	1916228.0	-0.009518007437388102	627371700.0	815664718.0	6418866.0
33	4.7	50.0	1912630.0	-0.009500135978062948	643286918.0	832310549.0	6550251.0
33	4.7	51.0	1911203.0	-0.009493047992388407	659203757.0	848956697.0	6681319.0
33	4.7	52.0	1912392.0	-0.009498953819274902	675122108.0	865602826.0	6812406.0
33	4.7	53.0	1912509.0	-0.009499534964561462	691038333.0	882248406.0	6944042.0
33	4.7	54.0	1913195.0	-0.009502942363421122	706954924.0	898894653.0	7075011.0
33	4.7	55.0	1911868.0	-0.00949635108311971	722871044.0	915541116.0	7205764.0
33	4.7	56.0	1912064.0	-0.009497324625651041	738787541.0	932187267.0	7336829.0
33	4.7	57.0	1912156.0	-0.00949778159459432	754704158.0	948833175.0	7468137.0
33	4.7	58.0	1913176.0	-0.009502847989400228	770622190.0	965479994.0	7598534.0
33	4.7	59.0	1912497.0	-0.009499475359916687	786540652.0	982126559.0	7729185.0
33	4.7	60.0	1912866.0	-0.00950130820274353	802455754.0	998772859.0	7860101.0
33	4.7	61.0	1912140.0	-0.00949770212173462	818372163.0	1015418819.0	7991357.0
33	4.7	62.0	1915166.0	-0.00951273242632548	834289965.0	1032065092.0	8122300.0
33	4.7	63.0	1911449.0	-0.009494269887606302	850206860.0	1048711410.0	8253198.0
33	4.7	64.0	1911954.0	-0.0094967782497406	866123767.0	1065356684.0	8385140.0
33	4.7	65.0	1913323.0	-0.009503578146298727	882040467.0	1082002414.0	8516626.0
33	4.7	66.0	1914527.0	-0.00950955847899119	897956930.0	1098648794.0	8647462.0
33	4.7	67.0	1913205.0	-0.009502992033958435	913872046.0	1115294465.0	8779007.0
33	4.7	68.0	1913403.0	-0.009503975510597229	929788805.0	1131940624.0	8910064.0
33	4.7	69.0	1914583.0	-0.009509836634000143	945706978.0	1148586768.0	9041136.0
33	4.7	70.0	1914189.0	-0.009507879614830017	961622529.0	1165232640.0	9172480.0
33	4.7	71.0	1913921.0	-0.009506548444430033	977539193.0	1181878614.0	9303722.0
33	4.7	72.0	1914924.0	-0.00951153039932251	993457510.0	1198525161.0	9434391.0
33	4.7	73.0	1911999.0	-0.009497001767158508	1009375232.0	1215171471.0	9565297.0
33	4.7	74.0	1912899.0	-0.009501472115516663	1025292284.0	1231817405.0	9696579.0
33	4.7	75.0	1912133.0	-0.0094976673523585	1041209820.0	1248463511.0	9827689.0
33	4.7	76.0	1911094.0	-0.009492506583531698	1057127367.0	1265110184.0	9958232.0
33	4.7	77.0	1910782.0	-0.009490956862767538	1073046233.0	1281756837.0	10088795.0
33	4.7	78.0	1912849.0	-0.009501223762830099	1088963360.0	1298402836.0	10220012.0
33	4.7	79.0	1912318.0	-0.009498586257298788	1104880512.0	1315048296.0	10351768.0
33	4.7	80.0	1914257.0	-0.009508217374483744	1120796283.0	1331693830.0	10483450.0
33	4.7	81.0	1914198.0	-0.009507924318313599	1136712918.0	1348340106.0	10614390.0
33	4.7	82.0	1912509.0	-0.009499534964561462	1152629550.0	1364985754.0	10745958.0
33	4.7	83.0	1912832.0	-0.009501139322916666	1168546576.0	1381632056.0	10876872.0
33	4.7	84.0	1911264.0	-0.009493350982666016	1184464070.0	1398278162.0	11007982.0
33	4.7	85.0	1913011.0	-0.009502028425534567	1200382460.0	1414924771.0	11138589.0
33	4.7	86.0	1911879.0	-0.009496405720710754	1216300178.0	1431571633.0	11268943.0
33	4.7	87.0	1911746.0	-0.009495745102564493	1232215024.0	1448217355.0	11400437.0
33	4.7	88.0	1911601.0	-0.009495024879773458	1248133196.0	1464863368.0	11531640.0
33	4.7	89.0	1914028.0	-0.009507079919179281	1264050213.0	1481509763.0	11662461.0
33	4.7	90.0	1913552.0	-0.00950471560160319	1279965955.0	1498155826.0	11793614.0
33	4.7	91.0	1915030.0	-0.009512056907018026	1295881451.0	1514801050.0	11925606.0
33	4.7	92.0	1913138.0	-0.009502659241358439	1311797308.0	1531447272.0	12056600.0
33	4.7	93.0	1913732.0	-0.00950560967127482	1327713654.0	1548094567.0	12186521.0
33	4.7	94.0	1911805.0	-0.00949603815873464	1343631266.0	1564740789.0	12317515.0
33	4.7	95.0	1913321.0	-0.009503568212191263	1359547182.0	1581386848.0	12448672.0
33	4.7	96.0	1911087.0	-0.009492471814155579	1375463975.0	1598032537.0	12580199.0
33	4.7	97.0	1912584.0	-0.009499907493591309	1391380967.0	1614678872.0	12711080.0
33	4.7	98.0	1912745.0	-0.009500707189242045	1407297147.0	1631324480.0	12842688.0
33	4.7	99.0	1913935.0	-0.009506617983182272	1423215501.0	1647970888.0	12973496.0
33	4.7	100.0	1912959.0	-0.00950177013874054	1439131231.0	1664617143.0	13104457.0
34	4.6	1.0	101332504.0	-0.5033239920934042	234143.0	16646289.0	130927.0
34	4.6	2.0	96943260.0	-0.4815223813056946	613050.0	33292142.0	262290.0
34	4.6	3.0	91552624.0	-0.4547468026479085	1223058.0	49938017.0	393631.0
34	4.6	4.0	85081089.0	-0.4226023405790329	2202298.0	66584035.0	524829.0
34	4.6	5.0	77606377.0	-0.3854750444491704	3738151.0	83230560.0	655520.0
34	4.6	6.0	69362375.0	-0.3445266435543696	6069136.0	99876876.0	786420.0
34	4.6	7.0	60793825.0	-0.3019661953051885	9429640.0	116523057.0	917455.0
34	4.6	8.0	52339639.0	-0.25997379918893176	14003587.0	133169316.0	1048412.0
34	4.6	9.0	44292047.0	-0.22000097731749216	19896815.0	149815455.0	1179489.0
34	4.6	10.0	36841580.0	-0.18299410740534464	27139320.0	166461832.0	1310328.0
34	4.6	11.0	30115781.0	-0.14958670238653818	35705319.0	183107527.0	1441849.0
34	4.6	12.0	24158756.0	-0.11999783913294475	45528095.0	199754156.0	1572436.0
34	4.6	13.0	18983615.0	-0.09429263571898143	56514569.0	216400081.0	1703727.0
34	4.6	14.0	14590395.0	-0.07247127592563629	68544044.0	233045912.0	1835112.0
34	4.6	15.0	10955464.0	-0.054416378339131675	81495504.0	249691782.0	1966458.0
34	4.6	16.0	8057854.0	-0.04002379377683004	95233058.0	266337510.0	2097946.0
34	4.6	17.0	5843262.0	-0.029023796319961548	109620105.0	282983689.0	2228983.0
34	4.6	18.0	4234034.0	-0.02103067437807719	124524822.0	299629594.0	2360294.0
34	4.6	19.0	3149268.0	-0.01564258337020874	139816989.0	316275956.0	2491148.0
34	4.6	20.0	2475811.0	-0.012297486265500387	155385535.0	332922220.0	2622100.0
34	4.6	21.0	2108628.0	-0.010473668575286865	171136671.0	349568518.0	2753018.0
34	4.6	22.0	1966391.0	-0.009767169753710428	186988095.0	366214485.0	2884267.0
34	4.6	23.0	1929653.0	-0.00958469013373057	202877425.0	382860783.0	3015185.0
34	4.6	24.0	1921173.0	-0.009542569518089294	218775087.0	399507211.0	3145973.0
34	4.6	25.0	1920351.0	-0.00953848659992218	234673793.0	416153634.0	3276766.0
34	4.6	26.0	1921896.0	-0.009546160697937012	250574386.0	432799795.0	3407821.0
34	4.6	27.0	1921559.0	-0.009544486800829569	266473136.0	449446431.0	3538401.0
34	4.6	28.0	1922838.0	-0.00955083966255188	282372138.0	466092401.0	3669647.0
34	4.6	29.0	1921994.0	-0.009546647469202677	298271182.0	482738202.0	3801062.0
34	4.6	30.0	1921499.0	-0.009544188777605692	314171657.0	499384202.0	3932278.0
34	4.6	31.0	1920251.0	-0.009537989894549051	330072267.0	516030556.0	4063140.0
34	4.6	32.0	1921561.0	-0.009544496734937033	345973039.0	532676546.0	4194366.0
34	4.6	33.0	1920223.0	-0.009537850817044577	361872899.0	549322699.0	4325429.0
34	4.6	34.0	1920227.0	-0.0095378706852595	377772552.0	565969233.0	4456111.0
34	4.6	35.0	1921824.0	-0.00954580307006836	393673530.0	582615834.0	4586726.0
34	4.6	36.0	1919893.0	-0.009536211689313253	409573776.0	599262091.0	4717685.0
34	4.6	37.0	1921366.0	-0.009543528159459433	425474729.0	615907413.0	4849579.0
34	4.6	38.0	1920574.0	-0.009539594252904257	441374236.0	632553804.0	4980404.0
34	4.6	39.0	1921646.0	-0.00954491893450419	457273699.0	649200087.0	5111337.0
34	4.6	40.0	1922313.0	-0.009548231959342957	473174360.0	665845945.0	5242695.0
34	4.6	41.0	1920890.0	-0.009541163841883341	489074075.0	682491875.0	5373981.0
34	4.6	42.0	1921365.0	-0.0095435231924057	504975493.0	699138703.0	5504369.0
34	4.6	43.0	1922163.0	-0.009547486901283264	520873238.0	715784147.0	5636141.0
34	4.6	44.0	1918442.0	-0.009529004494349161	536773724.0	732430664.0	5766840.0
34	4.6	45.0	1921326.0	-0.00954332947731018	552672914.0	749076966.0	5897754.0
34	4.6	46.0	1922799.0	-0.00955064594745636	568573148.0	765723538.0	6028398.0
34	4.6	47.0	1922686.0	-0.009550084670384726	584472491.0	782369657.0	6159495.0
34	4.6	48.0	1921400.0	-0.009543697039286295	600371436.0	799015873.0	6290495.0
34	4.6	49.0	1920347.0	-0.009538466731707254	616271495.0	815662273.0	6421311.0
34	4.6	50.0	1921062.0	-0.009542018175125122	632172939.0	832308672.0	6552128.0
34	4.6	51.0	1920559.0	-0.009539519747098288	648074477.0	848954853.0	6683163.0
34	4.6	52.0	1922626.0	-0.009549786647160849	663972295.0	865600922.0	6814310.0
34	4.6	53.0	1918618.0	-0.009529878695805868	679873494.0	882247722.0	6944726.0
34	4.6	54.0	1921929.0	-0.009546324610710144	695773774.0	898893568.0	7076096.0
34	4.6	55.0	1921662.0	-0.009544998407363892	711673090.0	915539628.0	7207252.0
34	4.6	56.0	1921374.0	-0.009543567895889282	727575189.0	932186245.0	7337851.0
34	4.6	57.0	1922322.0	-0.009548276662826538	743474742.0	948832470.0	7468842.0
34	4.6	58.0	1919443.0	-0.009533976515134176	759375673.0	965478364.0	7600164.0
34	4.6	59.0	1922298.0	-0.009548157453536987	775276381.0	982124709.0	7731035.0
34	4.6	60.0	1920328.0	-0.009538372357686361	791175905.0	998770522.0	7862438.0
34	4.6	61.0	1920800.0	-0.009540716807047525	807076208.0	1015416208.0	7993968.0
34	4.6	62.0	1919654.0	-0.009535024563471476	822974820.0	1032062275.0	8125117.0
34	4.6	63.0	1921102.0	-0.009542216857274374	838874992.0	1048707960.0	8256648.0
34	4.6	64.0	1919637.0	-0.009534940123558044	854776796.0	1065354446.0	8387378.0
34	4.6	65.0	1920594.0	-0.009539693593978882	870676125.0	1082000188.0	8518852.0
34	4.6	66.0	1921091.0	-0.009542162219683329	886578355.0	1098646477.0	8649779.0
34	4.6	67.0	1919420.0	-0.009533862272898356	902478979.0	1115293112.0	8780360.0
34	4.6	68.0	1918743.0	-0.009530499577522278	918378101.0	1131938910.0	8911778.0
34	4.6	69.0	1922375.0	-0.009548539916674295	934280145.0	1148585675.0	9042229.0
34	4.6	70.0	1920212.0	-0.009537796179453531	950180715.0	1165232364.0	9172756.0
34	4.6	71.0	1922342.0	-0.009548376003901163	966081263.0	1181878959.0	9303377.0
34	4.6	72.0	1919779.0	-0.009535645445187887	981981907.0	1198525275.0	9434277.0
34	4.6	73.0	1922127.0	-0.009547308087348938	997881054.0	1215170348.0	9566420.0
34	4.6	74.0	1918751.0	-0.009530539313952128	1013780665.0	1231816217.0	9697767.0
34	4.6	75.0	1922268.0	-0.009548008441925049	1029682591.0	1248462482.0	9828718.0
34	4.6	76.0	1920861.0	-0.009541019797325134	1045584680.0	1265108416.0	9960000.0
34	4.6	77.0	1920172.0	-0.009537597497304281	1061486197.0	1281754140.0	10091492.0
34	4.6	78.0	1923520.0	-0.009554227193196615	1077386390.0	1298400228.0	10222620.0
34	4.6	79.0	1923042.0	-0.009551852941513062	1093287288.0	1315045969.0	10354095.0
34	4.6	80.0	1921405.0	-0.009543721874554953	1109186988.0	1331691791.0	10485489.0
34	4.6	81.0	1925060.0	-0.00956187645594279	1125086337.0	1348337779.0	10616717.0
34	4.6	82.0	1922519.0	-0.0095492551724116	1140985456.0	1364983933.0	10747779.0
34	4.6	83.0	1923870.0	-0.009555965662002563	1156884987.0	1381629990.0	10878938.0
34	4.6	84.0	1921468.0	-0.009544034798940023	1172783788.0	1398276457.0	11009687.0
34	4.6	85.0	1920795.0	-0.00954069197177887	1188684594.0	1414922191.0	11141169.0
34	4.6	86.0	1919323.0	-0.009533380468686422	1204583720.0	1431568343.0	11272233.0
34	4.6	87.0	1921496.0	-0.009544173876444498	1220482847.0	1448213889.0	11403903.0
34	4.6	88.0	1920667.0	-0.009540056188901266	1236381990.0	1464859552.0	11535456.0
34	4.6	89.0	1920550.0	-0.009539475043614706	1252282828.0	1481505909.0	11666315.0
34	4.6	90.0	1922166.0	-0.009547501802444458	1268181066.0	1498152342.0	11797098.0
34	4.6	91.0	1920911.0	-0.009541268150011698	1284079891.0	1514798678.0	11927978.0
34	4.6	92.0	1919470.0	-0.00953411062558492	1299981510.0	1531444885.0	12058987.0
34	4.6	93.0	1920633.0	-0.009539887309074402	1315882046.0	1548092253.0	12188835.0
34	4.6	94.0	1923207.0	-0.009552672505378723	1331782816.0	1564738528.0	12319776.0
34	4.6	95.0	1922870.0	-0.00955099860827128	1347680703.0	1581384326.0	12451194.0
34	4.6	96.0	1920714.0	-0.009540289640426636	1363581324.0	1598030428.0	12582308.0
34	4.6	97.0	1921956.0	-0.009546458721160889	1379482004.0	1614677046.0	12712906.0
34	4.6	98.0	1921545.0	-0.009544417262077332	1395381781.0	1631322740.0	12844428.0
34	4.6	99.0	1919126.0	-0.009532401959101358	1411281175.0	1647968482.0	12975902.0
34	4.6	100.0	1920117.0	-0.00953732430934906	1427182115.0	1664614729.0	13106871.0
35	4.5	1.0	101632656.0	-0.504814863204956	214572.0	16645965.0	131251.0
35	4.5	2.0	97640852.0	-0.48498735825220746	555364.0	33292607.0	261825.0
35	4.5	3.0	92782792.0	-0.4608571132024129	1094323.0	49938385.0	393263.0
35	4.5	4.0	86961141.0	-0.4319406598806381	1944675.0	66584579.0	524285.0
35	4.5	5.0	80196463.0	-0.3983401407798131	3266111.0	83230747.0	655333.0
35	4.5	6.0	72653768.0	-0.3608751694361369	5265033.0	99876867.0	786429.0
35	4.5	7.0	64668974.0	-0.32121426860491437	8156375.0	116522926.0	917586.0
35	4.5	8.0	56651376.0	-0.2813904285430908	12128943.0	133168853.0	1048875.0
35	4.5	9.0	48883525.0	-0.24280709524949393	17306327.0	149815424.0	1179520.0
35	4.5	10.0	41587003.0	-0.2065648784240087	23738026.0	166461665.0	1310495.0
35	4.5	11.0	34869723.0	-0.17319978773593903	31425763.0	183107134.0	1442242.0
35	4.5	12.0	28802337.0	-0.1430627554655075	40320531.0	199752805.0	1573787.0
35	4.5	13.0	23420673.0	-0.11633174121379852	50367773.0	216398872.0	1704936.0
35	4.5	14.0	18705717.0	-0.09291230142116547	61475179.0	233044186.0	1836838.0
35	4.5	15.0	14669197.0	-0.07286268969376881	73540387.0	249690300.0	1967940.0
35	4.5	16.0	11294525.0	-0.056100512544314064	86451652.0	266336730.0	2098726.0
35	4.5	17.0	8542707.0	-0.04243208467960358	100091385.0	282982161.0	2230511.0
35	4.5	18.0	6385465.0	-0.031716947754224144	114342657.0	299628849.0	2361039.0
35	4.5	19.0	4744277.0	-0.023565078775087994	129096211.0	316275266.0	2491838.0
35	4.5	20.0	3574395.0	-0.017754212021827698	144239120.0	332921437.0	2622883.0
35	4.5	21.0	2780859.0	-0.013812676072120667	159676865.0	349567578.0	2753958.0
35	4.5	22.0	2289668.0	-0.011372903982798258	175324039.0	366214108.0	2884644.0
35	4.5	23.0	2042553.0	-0.01014547049999237	191107692.0	382860267.0	3015701.0
35	4.5	24.0	1952798.0	-0.009699652592341105	206962555.0	399506230.0	3146954.0
35	4.5	25.0	1934684.0	-0.009609679381052652	222839382.0	416152078.0	3278322.0
35	4.5	26.0	1931467.0	-0.009593700369199118	238721600.0	432798845.0	3408771.0
35	4.5	27.0	1929785.0	-0.0095853457848231	254605851.0	449445178.0	3539654.0
35	4.5	28.0	1928439.0	-0.009578660130500793	270487711.0	466090484.0	3671564.0
35	4.5	29.0	1931772.0	-0.009595215320587158	286371774.0	482736434.0	3802830.0
35	4.5	30.0	1929831.0	-0.009585574269294739	302254723.0	499382563.0	3933917.0
35	4.5	31.0	1928747.0	-0.009580189983050028	318139347.0	516028817.0	4064879.0
35	4.5	32.0	1928358.0	-0.00957825779914856	334021997.0	532675127.0	4195785.0
35	4.5	33.0	1931199.0	-0.009592369198799133	349904936.0	549321217.0	4326911.0
35	4.5	34.0	1927971.0	-0.009576335549354553	365788916.0	565967302.0	4458042.0
35	4.5	35.0	1928044.0	-0.009576698144276937	381672164.0	582613793.0	4588767.0
35	4.5	36.0	1930116.0	-0.009586989879608154	397555973.0	599260301.0	4719475.0
35	4.5	37.0	1929362.0	-0.009583244721094767	413439104.0	615906803.0	4850189.0
35	4.5	38.0	1931242.0	-0.009592582782109579	429322902.0	632553080.0	4981128.0
35	4.5	39.0	1929754.0	-0.00958519180615743	445205267.0	649198951.0	5112473.0
35	4.5	40.0	1928025.0	-0.009576603770256042	461087614.0	665844871.0	5243769.0
35	4.5	41.0	1930883.0	-0.009590799609820047	476969524.0	682491056.0	5374800.0
35	4.5	42.0	1930584.0	-0.009589314460754395	492852258.0	699137661.0	5505411.0
35	4.5	43.0	1931261.0	-0.009592677156130472	508735597.0	715783545.0	5636743.0
35	4.5	44.0	1929826.0	-0.009585549434026083	524617928.0	732429843.0	5767661.0
35	4.5	45.0	1929863.0	-0.00958573321501414	540498747.0	749075764.0	5898956.0
35	4.5	46.0	1927613.0	-0.009574557344118753	556383462.0	765721032.0	6030904.0
35	4.5	47.0	1929580.0	-0.009584327538808187	572266139.0	782367332.0	6161820.0
35	4.5	48.0	1932120.0	-0.009596943855285645	588149679.0	799013395.0	6292973.0
35	4.5	49.0	1930565.0	-0.0095892200867335	604031968.0	815659289.0	6424295.0
35	4.5	50.0	1929963.0	-0.009586229920387268	619914174.0	832304718.0	6556082.0
35	4.5	51.0	1931176.0	-0.009592254956563314	635797366.0	848950931.0	6687085.0
35	4.5	52.0	1928386.0	-0.009578396876653036	651678575.0	865596783.0	6818449.0
35	4.5	53.0	1927937.0	-0.009576166669527689	667561915.0	882243193.0	6949255.0
35	4.5	54.0	1928314.0	-0.009578039248784384	683445413.0	898888512.0	7081152.0
35	4.5	55.0	1931007.0	-0.009591415524482727	699328272.0	915534473.0	7212407.0
35	4.5	56.0	1928856.0	-0.009580731391906738	715210197.0	932180203.0	7343893.0
35	4.5	57.0	1927699.0	-0.009574984510739645	731094522.0	948826663.0	7474649.0
35	4.5	58.0	1928248.0	-0.009577711423238119	746979553.0	965472820.0	7605708.0
35	4.5	59.0	1928054.0	-0.009576747814814249	762861865.0	982118805.0	7736939.0
35	4.5	60.0	1930086.0	-0.009586840867996216	778742679.0	998764858.0	7868102.0
35	4.5	61.0	1929233.0	-0.009582603971163431	794625394.0	1015410689.0	7999487.0
35	4.5	62.0	1928439.0	-0.009578660130500793	810507502.0	1032056948.0	8130444.0
35	4.5	63.0	1929965.0	-0.00958623985449473	826391726.0	1048703447.0	8261161.0
35	4.5	64.0	1929889.0	-0.009585862358411154	842275315.0	1065349229.0	8392595.0
35	4.5	65.0	1930370.0	-0.0095882515112559	858159606.0	1081996121.0	8522919.0
35	4.5	66.0	1929898.0	-0.009585907061894735	874043826.0	1098642519.0	8653737.0
35	4.5	67.0	1930206.0	-0.00958743691444397	889925212.0	1115288172.0	8785300.0
35	4.5	68.0	1928754.0	-0.009580224752426147	905807359.0	1131934068.0	8916620.0
35	4.5	69.0	1930692.0	-0.009589850902557373	921689418.0	1148579506.0	9048398.0
35	4.5	70.0	1928672.0	-0.009579817454020182	937573824.0	1165225889.0	9179231.0
35	4.5	71.0	1929410.0	-0.009583483139673868	953456966.0	1181872646.0	9309690.0
35	4.5	72.0	1928467.0	-0.00957879920800527	969339810.0	1198519417.0	9440135.0
35	4.5	73.0	1927968.0	-0.00957632064819336	985223322.0	1215165889.0	9570879.0
35	4.5	74.0	1930551.0	-0.009589150547981262	1001106729.0	1231811701.0	9702283.0
35	4.5	75.0	1929141.0	-0.009582147002220154	1016988369.0	1248457730.0	9833470.0
35	4.5	76.0	1928462.0	-0.009578774372736612	1032871825.0	1265104172.0	9964244.0
35	4.5	77.0	1929764.0	-0.009585241476694742	1048754686.0	1281750645.0	10094987.0
35	4.5	78.0	1928887.0	-0.009580885370572409	1064637115.0	1298396375.0	10226473.0
35	4.5	79.0	1930232.0	-0.009587566057840982	1080519500.0	1315042237.0	10357827.0
35	4.5	80.0	1930387.0	-0.009588335951169332	1096402512.0	1331688130.0	10489150.0
35	4.5	81.0	1928735.0	-0.009580130378405253	1112285847.0	1348334509.0	10619987.0
35	4.5	82.0	1929953.0	-0.009586180249849955	1128168824.0	1364980374.0	10751338.0
35	4.5	83.0	1929250.0	-0.009582688411076864	1144052115.0	1381626537.0	10882391.0
35	4.5	84.0	1929787.0	-0.009585355718930563	1159935084.0	1398272815.0	11013329.0
35	4.5	85.0	1929126.0	-0.009582072496414185	1175816126.0	1414918098.0	11145262.0
35	4.5	86.0	1929837.0	-0.009585604071617126	1191698120.0	1431563922.0	11276654.0
35	4.5	87.0	1929583.0	-0.009584342439969381	1207581777.0	1448210486.0	11407306.0
35	4.5	88.0	1931496.0	-0.009593844413757324	1223462732.0	1464856162.0	11538846.0
35	4.5	89.0	1931086.0	-0.009591807921727499	1239344936.0	1481502068.0	11670156.0
35	4.5	90.0	1927587.0	-0.00957442820072174	1255227092.0	1498148113.0	11801327.0
35	4.5	91.0	1931195.0	-0.009592349330584208	1271109060.0	1514794409.0	11932247.0
35	4.5	92.0	1927849.0	-0.009575729568799337	1286991074.0	1531440339.0	12063533.0
35	4.5	93.0	1927416.0	-0.009573578834533691	1302872946.0	1548086865.0	12194223.0
35	4.5	94.0	1928932.0	-0.009581108887990316	1318755857.0	1564732768.0	12325536.0
35	4.5	95.0	1928871.0	-0.009580805897712708	1334637910.0	1581378948.0	12456572.0
35	4.5	96.0	1931947.0	-0.009596084554990133	1350520672.0	1598025225.0	12587511.0
35	4.5	97.0	1931554.0	-0.00959413250287374	1366402448.0	1614671643.0	12718309.0
35	4.5	98.0	1929277.0	-0.009582822521527609	1382285325.0	1631317854.0	12849314.0
35	4.5	99.0	1929761.0	-0.009585226575533548	1398168632.0	1647963826.0	12980558.0
35	4.5	100.0	1931161.0	-0.009592180450757345	1414050227.0	1664609188.0	13112412.0
36	4.4	1.0	101932120.0	-0.5063023169835409	195082.0	16646118.0	131098.0
36	4.4	2.0	98353457.0	-0.48852690557638806	498088.0	33291786.0	262646.0
36	4.4	3.0	93994909.0	-0.4668777634700139	970576.0	49938124.0	393524.0
36	4.4	4.0	88783825.0	-0.4409940292437871	1704289.0	66584166.0	524698.0
36	4.4	5.0	82693629.0	-0.41074369847774506	2831182.0	83230391.0	655689.0
36	4.4	6.0	75841756.0	-0.37671007712682086	4526911.0	99875757.0	787539.0
36	4.4	7.0	68484489.0	-0.3401661366224289	6985427.0	116521553.0	918959.0
36	4.4	8.0	60947313.0	-0.3027285784482956	10394609.0	133167939.0	1049789.0
36	4.4	9.0	53527638.0	-0.2658746540546417	14882047.0	149814439.0	1180505.0
36	4.4	10.0	46427049.0	-0.23060564696788788	20524573.0	166460233.0	1311927.0
36	4.4	11.0	39812892.0	-0.19775277376174927	27344538.0	183106597.0	1442779.0
36	4.4	12.0	33724789.0	-0.16751283903916678	35319405.0	199752325.0	1574267.0
36	4.4	13.0	28212951.0	-0.1401352435350418	44411532.0	216398005.0	1705803.0
36	4.4	14.0	23299175.0	-0.11572825411955516	54549541.0	233043992.0	1837032.0
36	4.4	15.0	18956859.0	-0.09415973722934723	65653515.0	249690397.0	1967843.0
36	4.4	16.0	15195518.0	-0.07547695438067119	77644091.0	266336509.0	2098947.0
36	4.4	17.0	11978689.0	-0.059498791893323265	90420452.0	282982570.0	2230102.0
36	4.4	18.0	9308936.0	-0.04623798529307047	103887371.0	299628389.0	2361499.0
36	4.4	19.0	7139001.0	-0.03545980155467987	117946817.0	316274255.0	2492849.0
36	4.4	20.0	5447299.0	-0.027057026823361714	132499858.0	332920128.0	2624192.0
36	4.4	21.0	4171807.0	-0.02072158952554067	147451422.0	349566416.0	2755120.0
36	4.4	22.0	3245917.0	-0.016122644146283466	162714702.0	366212505.0	2886247.0
36	4.4	23.0	2619632.0	-0.013011852900187174	178212646.0	382858791.0	3017177.0
36	4.4	24.0	2222205.0	-0.011037811636924744	193882188.0	399505294.0	3147890.0
36	4.4	25.0	2021497.0	-0.010040884216626486	209666760.0	416151104.0	3279296.0
36	4.4	26.0	1956007.0	-0.009715591867764791	225508857.0	432797182.0	3410434.0
36	4.4	27.0	1940900.0	-0.009640554587046305	241367871.0	449443819.0	3541013.0
36	4.4	28.0	1940718.0	-0.009639650583267212	257229800.0	466090814.0	3671234.0
36	4.4	29.0	1937745.0	-0.009624883532524109	273093863.0	482736980.0	3802284.0
36	4.4	30.0	1939628.0	-0.009634236494700113	288958254.0	499383099.0	3933381.0
36	4.4	31.0	1939678.0	-0.009634484847386679	304822054.0	516028530.0	4065166.0
36	4.4	32.0	1941170.0	-0.009641895691553751	320685233.0	532674664.0	4196248.0
36	4.4	33.0	1939305.0	-0.00963263213634491	336546942.0	549320638.0	4327490.0
36	4.4	34.0	1939073.0	-0.009631479779879252	352410274.0	565966257.0	4459087.0
36	4.4	35.0	1937295.0	-0.009622648358345032	368272634.0	582612670.0	4589890.0
36	4.4	36.0	1937523.0	-0.009623780846595764	384136893.0	599259189.0	4720587.0
36	4.4	37.0	1939738.0	-0.009634782870610556	399999198.0	615905481.0	4851511.0
36	4.4	38.0	1936523.0	-0.009618813792864481	415864940.0	632551671.0	4982537.0
36	4.4	39.0	1936853.0	-0.009620452920595804	431727746.0	649198409.0	5113015.0
36	4.4	40.0	1937814.0	-0.009625226259231567	447594158.0	665844733.0	5243907.0
36	4.4	41.0	1937158.0	-0.009621967871983847	463458247.0	682491242.0	5374614.0
36	4.4	42.0	1938315.0	-0.00962771475315094	479323172.0	699137768.0	5505304.0
36	4.4	43.0	1941353.0	-0.009642804662386576	495186049.0	715783414.0	5636874.0
36	4.4	44.0	1939986.0	-0.009636014699935913	511047653.0	732429392.0	5768112.0
36	4.4	45.0	1935947.0	-0.009615952769915262	526912356.0	749075166.0	5899554.0
36	4.4	46.0	1938539.0	-0.009628827373186747	542778364.0	765722219.0	6029717.0
36	4.4	47.0	1937914.0	-0.009625722964604696	558641696.0	782368393.0	6160759.0
36	4.4	48.0	1939326.0	-0.009632736444473267	574507504.0	799014885.0	6291483.0
36	4.4	49.0	1941371.0	-0.009642894069353739	590370456.0	815661444.0	6422140.0
36	4.4	50.0	1936141.0	-0.009616916378339132	606234639.0	832307744.0	6553056.0
36	4.4	51.0	1939495.0	-0.009633575876553854	622099750.0	848954040.0	6683976.0
36	4.4	52.0	1938875.0	-0.009630496303240458	637963788.0	865600028.0	6815204.0
36	4.4	53.0	1939049.0	-0.0096313605705897	653827679.0	882246199.0	6946249.0
36	4.4	54.0	1938997.0	-0.009631102283795675	669691808.0	898893169.0	7076495.0
36	4.4	55.0	1938518.0	-0.00962872306505839	685556801.0	915539268.0	7207612.0
36	4.4	56.0	1940475.0	-0.00963844358921051	701422449.0	932185617.0	7338479.0
36	4.4	57.0	1940047.0	-0.009636317690213522	717287138.0	948831884.0	7469428.0
36	4.4	58.0	1939665.0	-0.009634420275688171	733150377.0	965478150.0	7600378.0
36	4.4	59.0	1940111.0	-0.009636635581652323	749013651.0	982124204.0	7731540.0
36	4.4	60.0	1938722.0	-0.009629736344019571	764877164.0	998770038.0	7862922.0
36	4.4	61.0	1937708.0	-0.00962469975153605	780739913.0	1015416050.0	7994126.0
36	4.4	62.0	1939661.0	-0.009634400407473246	796606306.0	1032062241.0	8125151.0
36	4.4	63.0	1939003.0	-0.009631132086118063	812470038.0	1048708371.0	8256237.0
36	4.4	64.0	1936524.0	-0.009618818759918213	828332957.0	1065353777.0	8388047.0
36	4.4	65.0	1936939.0	-0.009620880087216696	844198210.0	1082000615.0	8518425.0
36	4.4	66.0	1938373.0	-0.009628002842267355	860062565.0	1098646437.0	8649819.0
36	4.4	67.0	1936905.0	-0.009620711207389832	875928502.0	1115293179.0	8780293.0
36	4.4	68.0	1939056.0	-0.00963139533996582	891790524.0	1131938994.0	8911694.0
36	4.4	69.0	1938039.0	-0.009626343846321106	907656468.0	1148585497.0	9042407.0
36	4.4	70.0	1939685.0	-0.009634519616762796	923521531.0	1165232150.0	9172970.0
36	4.4	71.0	1940014.0	-0.00963615377744039	939386063.0	1181878643.0	9303693.0
36	4.4	72.0	1937721.0	-0.009624764323234558	955250221.0	1198524463.0	9435089.0
36	4.4	73.0	1938482.0	-0.009628544251124064	971114217.0	1215170729.0	9566039.0
36	4.4	74.0	1937309.0	-0.009622717897097269	986980011.0	1231816847.0	9697137.0
36	4.4	75.0	1938066.0	-0.00962647795677185	1002844248.0	1248463061.0	9828139.0
36	4.4	76.0	1939599.0	-0.009634092450141907	1018709466.0	1265109069.0	9959347.0
36	4.4	77.0	1938639.0	-0.009629324078559875	1034573635.0	1281754960.0	10090672.0
36	4.4	78.0	1938507.0	-0.009628668427467346	1050436952.0	1298401507.0	10221341.0
36	4.4	79.0	1937019.0	-0.009621277451515198	1066301344.0	1315047143.0	10352921.0
36	4.4	80.0	1939144.0	-0.009631832440694174	1082167573.0	1331693387.0	10483893.0
36	4.4	81.0	1938744.0	-0.00962984561920166	1098031600.0	1348339658.0	10614838.0
36	4.4	82.0	1934438.0	-0.009608457485834757	1113895377.0	1364985490.0	10746222.0
36	4.4	83.0	1936893.0	-0.009620651602745056	1129760509.0	1381631939.0	10876989.0
36	4.4	84.0	1939074.0	-0.009631484746932983	1145624567.0	1398278105.0	11008039.0
36	4.4	85.0	1937273.0	-0.009622539083162943	1161488712.0	1414924160.0	11139200.0
36	4.4	86.0	1937756.0	-0.009624938170115152	1177351215.0	1431570611.0	11269965.0
36	4.4	87.0	1939004.0	-0.009631137053171793	1193216204.0	1448216550.0	11401242.0
36	4.4	88.0	1941702.0	-0.009644538164138794	1209080094.0	1464862350.0	11532658.0
36	4.4	89.0	1937908.0	-0.009625693162282309	1224944816.0	1481508861.0	11663363.0
36	4.4	90.0	1936511.0	-0.009618754188219706	1240809169.0	1498154986.0	11794454.0
36	4.4	91.0	1939378.0	-0.009632994731267294	1256673469.0	1514801369.0	11925287.0
36	4.4	92.0	1938897.0	-0.009630605578422546	1272535884.0	1531447240.0	12056632.0
36	4.4	93.0	1938308.0	-0.00962767998377482	1288399300.0	1548093450.0	12187638.0
36	4.4	94.0	1939178.0	-0.009632001320521036	1304264107.0	1564739403.0	12318901.0
36	4.4	95.0	1938785.0	-0.009630049268404642	1320127190.0	1581385236.0	12450284.0
36	4.4	96.0	1939997.0	-0.009636069337526957	1335990831.0	1598031690.0	12581046.0
36	4.4	97.0	1938304.0	-0.009627660115559896	1351855012.0	1614677765.0	12712187.0
36	4.4	98.0	1938222.0	-0.00962725281715393	1367719122.0	1631323738.0	12843430.0
36	4.4	99.0	1938075.0	-0.009626522660255432	1383583667.0	1647970294.0	12974090.0
36	4.4	100.0	1937320.0	-0.009622772534688314	1399448309.0	1664616423.0	13105177.0
37	4.3	1.0	102216603.0	-0.5077153593301773	176125.0	16645628.0	131588.0
37	4.3	2.0	98994823.0	-0.4917126049598058	445599.0	33291438.0	262994.0
37	4.3	3.0	95098927.0	-0.472361480196317	858545.0	49938512.0	393136.0
37	4.3	4.0	90454968.0	-0.44929468631744385	1490363.0	66584577.0	524287.0
37	4.3	5.0	85042787.0	-0.42241209248701733	2446471.0	83230700.0	655380.0
37	4.3	6.0	78885488.0	-0.391828457514445	3875827.0	99876623.0	786673.0
37	4.3	7.0	72157576.0	-0.3584105571111043	5950162.0	116522537.0	917975.0
37	4.3	8.0	65146362.0	-0.32358548045158386	8840709.0	133169008.0	1048720.0
37	4.3	9.0	58129808.0	-0.28873387972513836	12687992.0	149814828.0	1180116.0
37	4.3	10.0	51334449.0	-0.2549809664487839	17580477.0	166461233.0	1310927.0
37	4.3	11.0	44878855.0	-0.22291568418343863	23557499.0	183107172.0	1442204.0
37	4.3	12.0	38865773.0	-0.19304838279883066	30623276.0	199753484.0	1573108.0
37	4.3	13.0	33326592.0	-0.16553497314453125	38749128.0	216400261.0	1703547.0
37	4.3	14.0	28281869.0	-0.14047756294409433	47895666.0	233046726.0	1834298.0
37	4.3	15.0	23733749.0	-0.11788680652777354	58006352.0	249692839.0	1965401.0
37	4.3	16.0	19693756.0	-0.09781994422276814	69012136.0	266339365.0	2096091.0
37	4.3	17.0	16147415.0	-0.08020507792631786	80835888.0	282985534.0	2227138.0
37	4.3	18.0	13076044.0	-0.06494941314061482	93396179.0	299631176.0	2358712.0
37	4.3	19.0	10456607.0	-0.05193852881590525	106611013.0	316277431.0	2489673.0
37	4.3	20.0	8279791.0	-0.041126166780789696	120390574.0	332923424.0	2620896.0
37	4.3	21.0	6500221.0	-0.032286946972211204	134658708.0	349569375.0	2752161.0
37	4.3	22.0	5079259.0	-0.025228952368100483	149333930.0	366215218.0	2883534.0
37	4.3	23.0	3986129.0	-0.01979931692282359	164349745.0	382861363.0	3014605.0
37	4.3	24.0	3181495.0	-0.015802656610806782	179636895.0	399508074.0	3145110.0
37	4.3	25.0	2611048.0	-0.012969215710957846	195129858.0	416153659.0	3276741.0
37	4.3	26.0	2237595.0	-0.011114254593849182	210778555.0	432799191.0	3408425.0
37	4.3	27.0	2042093.0	-0.01014318565527598	226542763.0	449445500.0	3539332.0
37	4.3	28.0	1968752.0	-0.009778896967569986	242362501.0	466091363.0	3670685.0
37	4.3	29.0	1951342.0	-0.009692420562108358	258202898.0	482737555.0	3801709.0
37	4.3	30.0	1948663.0	-0.009679113825162252	274045130.0	499383464.0	3933016.0
37	4.3	31.0	1949100.0	-0.009681284427642822	289888130.0	516029616.0	4064080.0
37	4.3	32.0	1946825.0	-0.009669984380404154	305734610.0	532676226.0	4194686.0
37	4.3	33.0	1946996.0	-0.009670833746592203	321580585.0	549322226.0	4325902.0
37	4.3	34.0	1949509.0	-0.009683315952618917	337426263.0	565968756.0	4456588.0
37	4.3	35.0	1947075.0	-0.009671226143836975	353270727.0	582615433.0	4587127.0
37	4.3	36.0	1950037.0	-0.009685938556989035	369116695.0	599262107.0	4717669.0
37	4.3	37.0	1947936.0	-0.00967550277709961	384961827.0	615908665.0	4848327.0
37	4.3	38.0	1948553.0	-0.00967856744925181	400806175.0	632554635.0	4979573.0
37	4.3	39.0	1948072.0	-0.009676178296407064	416651938.0	649201068.0	5110356.0
37	4.3	40.0	1948236.0	-0.009676992893218994	432497227.0	665847063.0	5241577.0
37	4.3	41.0	1945683.0	-0.00966431200504303	448342925.0	682493257.0	5372599.0
37	4.3	42.0	1948232.0	-0.009676973025004068	464187793.0	699139143.0	5503929.0
37	4.3	43.0	1948233.0	-0.0096769779920578	480031925.0	715785589.0	5634699.0
37	4.3	44.0	1946135.0	-0.009666557113329569	495877722.0	732431789.0	5765715.0
37	4.3	45.0	1946327.0	-0.009667510787645975	511725177.0	749078491.0	5896229.0
37	4.3	46.0	1948051.0	-0.009676073988278707	527570222.0	765724390.0	6027546.0
37	4.3	47.0	1946454.0	-0.009668141603469849	543412879.0	782369712.0	6159440.0
37	4.3	48.0	1949643.0	-0.009683981537818909	559255897.0	799015603.0	6290765.0
37	4.3	49.0	1947678.0	-0.009674221277236938	575100572.0	815661681.0	6421903.0
37	4.3	50.0	1949084.0	-0.009681204954783121	590945292.0	832308140.0	6552660.0
37	4.3	51.0	1947991.0	-0.00967577596505483	606787772.0	848953947.0	6684069.0
37	4.3	52.0	1946084.0	-0.009666303793589274	622634847.0	865600422.0	6814810.0
37	4.3	53.0	1948912.0	-0.009680350621541342	638478937.0	882246715.0	6945733.0
37	4.3	54.0	1948549.0	-0.009678547581036886	654323671.0	898893253.0	7076411.0
37	4.3	55.0	1946359.0	-0.009667669733365377	670170231.0	915540047.0	7206833.0
37	4.3	56.0	1948499.0	-0.009678299228350321	686014560.0	932185821.0	7338275.0
37	4.3	57.0	1946966.0	-0.009670684734980265	701857905.0	948832231.0	7469081.0
37	4.3	58.0	1947225.0	-0.009671971201896667	717702990.0	965477957.0	7600571.0
37	4.3	59.0	1946854.0	-0.009670128424962362	733547309.0	982123727.0	7732017.0
37	4.3	60.0	1949334.0	-0.009682446718215942	749388752.0	998769013.0	7863947.0
37	4.3	61.0	1947418.0	-0.009672929843266806	765232505.0	1015414528.0	7995648.0
37	4.3	62.0	1950033.0	-0.009685918688774109	781077434.0	1032060586.0	8126806.0
37	4.3	63.0	1948130.0	-0.009676466385523478	796921796.0	1048706563.0	8258045.0
37	4.3	64.0	1947819.0	-0.00967492163181305	812768204.0	1065352531.0	8389293.0
37	4.3	65.0	1947727.0	-0.009674464662869772	828615037.0	1081999038.0	8520002.0
37	4.3	66.0	1945446.0	-0.009663134813308716	844460071.0	1098645228.0	8651028.0
37	4.3	67.0	1946786.0	-0.009669790665308634	860306701.0	1115291820.0	8781652.0
37	4.3	68.0	1949068.0	-0.009681125481923422	876152162.0	1131937925.0	8912763.0
37	4.3	69.0	1950796.0	-0.009689708550771078	891996300.0	1148584399.0	9043505.0
37	4.3	70.0	1945886.0	-0.00966532031695048	907840498.0	1165230457.0	9174663.0
37	4.3	71.0	1947445.0	-0.00967306395371755	923685748.0	1181876437.0	9305899.0
37	4.3	72.0	1946821.0	-0.00966996451218923	939530199.0	1198522332.0	9437220.0
37	4.3	73.0	1948287.0	-0.00967724621295929	955373779.0	1215168402.0	9568366.0
37	4.3	74.0	1950067.0	-0.009686087568600973	971218708.0	1231814568.0	9699416.0
37	4.3	75.0	1947699.0	-0.009674325585365295	987063626.0	1248460663.0	9830537.0
37	4.3	76.0	1948926.0	-0.009680420160293579	1002909057.0	1265106707.0	9961709.0
37	4.3	77.0	1948800.0	-0.009679794311523438	1018753062.0	1281752953.0	10092679.0
37	4.3	78.0	1947102.0	-0.00967136025428772	1034596859.0	1298398815.0	10224033.0
37	4.3	79.0	1949417.0	-0.009682858983675638	1050441669.0	1315045519.0	10354545.0
37	4.3	80.0	1946451.0	-0.009668126702308655	1066286771.0	1331691628.0	10485652.0
37	4.3	81.0	1947574.0	-0.009673704703648886	1082132080.0	1348338195.0	10616301.0
37	4.3	82.0	1947962.0	-0.009675631920496622	1097976197.0	1364984671.0	10747041.0
37	4.3	83.0	1948840.0	-0.00967999299367269	1113820198.0	1381630853.0	10878075.0
37	4.3	84.0	1947116.0	-0.009671429793039957	1129664693.0	1398276941.0	11009203.0
37	4.3	85.0	1947682.0	-0.009674241145451864	1145510677.0	1414923571.0	11139789.0
37	4.3	86.0	1947908.0	-0.009675363699595133	1161355435.0	1431569555.0	11271021.0
37	4.3	87.0	1949457.0	-0.00968305766582489	1177199306.0	1448215699.0	11402093.0
37	4.3	88.0	1949351.0	-0.009682531158129374	1193044306.0	1464862189.0	11532819.0
37	4.3	89.0	1945758.0	-0.009664684534072876	1208889121.0	1481508484.0	11663740.0
37	4.3	90.0	1947882.0	-0.00967523455619812	1224734649.0	1498155278.0	11794162.0
37	4.3	91.0	1949568.0	-0.009683609008789062	1240578797.0	1514801207.0	11925449.0
37	4.3	92.0	1948960.0	-0.009680589040120443	1256422233.0	1531447150.0	12056722.0
37	4.3	93.0	1949354.0	-0.009682546059290567	1272265476.0	1548092982.0	12188106.0
37	4.3	94.0	1946786.0	-0.009669790665308634	1288110141.0	1564738805.0	12319499.0
37	4.3	95.0	1948380.0	-0.009677708148956299	1303955377.0	1581384588.0	12450932.0
37	4.3	96.0	1946810.0	-0.009669909874598185	1319801064.0	1598030590.0	12582146.0
37	4.3	97.0	1945913.0	-0.009665454427401224	1335646900.0	1614677035.0	12712917.0
37	4.3	98.0	1948446.0	-0.009678035974502563	1351491851.0	1631323389.0	12843779.0
37	4.3	99.0	1949600.0	-0.009683767954508463	1367336063.0	1647969046.0	12975338.0
37	4.3	100.0	1949004.0	-0.00968080759048462	1383181381.0	1664615286.0	13106314.0
38	4.2	1.0	102484212.0	-0.5090445876121521	158228.0	16646184.0	131032.0
38	4.2	2.0	99612849.0	-0.49478237330913544	396105.0	33292268.0	262164.0
38	4.2	3.0	96152986.0	-0.477597047885259	755031.0	49938094.0	393554.0
38	4.2	4.0	92031443.0	-0.4571251223484675	1295977.0	66584074.0	524790.0
38	4.2	5.0	87204945.0	-0.43315164744853973	2105716.0	83230091.0	655989.0
38	4.2	6.0	81707610.0	-0.40584608912467957	3303713.0	99875773.0	787523.0
38	4.2	7.0	75635727.0	-0.37568672001361847	5034614.0	116521469.0	919043.0
38	4.2	8.0	69193745.0	-0.34368904928366345	7458368.0	133167267.0	1050461.0
38	4.2	9.0	62625742.0	-0.3110654254754384	10711913.0	149813696.0	1181248.0
38	4.2	10.0	56159491.0	-0.2789472093184789	14897431.0	166460140.0	1312020.0
38	4.2	11.0	49924858.0	-0.24797945221265158	20078401.0	183106399.0	1442977.0
38	4.2	12.0	44047071.0	-0.2187841683626175	26265474.0	199752678.0	1573914.0
38	4.2	13.0	38558776.0	-0.19152351220448813	33457895.0	216398982.0	1704826.0
38	4.2	14.0	33491149.0	-0.16635233660538992	41621464.0	233045168.0	1835856.0
38	4.2	15.0	28835237.0	-0.1432261715332667	50724107.0	249691933.0	1966307.0
38	4.2	16.0	24614111.0	-0.12225961188475291	60712096.0	266337991.0	2097465.0
38	4.2	17.0	20798206.0	-0.10330580671628316	71521677.0	282984268.0	2228404.0
38	4.2	18.0	17411085.0	-0.08648179471492767	83101021.0	299630357.0	2359531.0
38	4.2	19.0	14425702.0	-0.07165323694547017	95373002.0	316276411.0	2490693.0
38	4.2	20.0	11831481.0	-0.05876760184764862	108273353.0	332922631.0	2621689.0
38	4.2	21.0	9616917.0	-0.04776774346828461	121732328.0	349569617.0	2751919.0
38	4.2	22.0	7739647.0	-0.03844324251015981	135680420.0	366215688.0	2883064.0
38	4.2	23.0	6197306.0	-0.03078235189119975	150048788.0	382862241.0	3013727.0
38	4.2	24.0	4956416.0	-0.024618784586588543	164775340.0	399508497.0	3144687.0
38	4.2	25.0	3988219.0	-0.019809698065121967	179799259.0	416154486.0	3275914.0
38	4.2	26.0	3260348.0	-0.016194323698679607	195062557.0	432800479.0	3407137.0
38	4.2	27.0	2721316.0	-0.01351692279179891	210508696.0	449445925.0	3538907.0
38	4.2	28.0	2326208.0	-0.011554400126139322	226106312.0	466091830.0	3670218.0
38	4.2	29.0	2089043.0	-0.010376388827959696	241823279.0	482738158.0	3801106.0
38	4.2	30.0	1990984.0	-0.009889324506123861	257609956.0	499384687.0	3931793.0
38	4.2	31.0	1964833.0	-0.009759431083997091	273427683.0	516030650.0	4063046.0
38	4.2	32.0	1958512.0	-0.009728034337361654	289249578.0	532676298.0	4194614.0
38	4.2	33.0	1957151.0	-0.009721274177233378	305074905.0	549322288.0	4325840.0
38	4.2	34.0	1954967.0	-0.009710426131884256	320899590.0	565968315.0	4457029.0
38	4.2	35.0	1957734.0	-0.009724169969558716	336725731.0	582614661.0	4587899.0
38	4.2	36.0	1957690.0	-0.00972395141919454	352551052.0	599261060.0	4718716.0
38	4.2	37.0	1955942.0	-0.009715269009272257	368377280.0	615907930.0	4849062.0
38	4.2	38.0	1960963.0	-0.009740208586057028	384201658.0	632554183.0	4980025.0
38	4.2	39.0	1958537.0	-0.009728158513704935	400027547.0	649200767.0	5110657.0
38	4.2	40.0	1955765.0	-0.00971438984076182	415850480.0	665846227.0	5242413.0
38	4.2	41.0	1958412.0	-0.009727537631988525	431674845.0	682492070.0	5373786.0
38	4.2	42.0	1957924.0	-0.00972511370976766	447498616.0	699137807.0	5505265.0
38	4.2	43.0	1955074.0	-0.009710957606633505	463322783.0	715783560.0	5636728.0
38	4.2	44.0	1958260.0	-0.009726782639821371	479147038.0	732429576.0	5767928.0
38	4.2	45.0	1959778.0	-0.009734322627385458	494971455.0	749075097.0	5899623.0
38	4.2	46.0	1957795.0	-0.009724472959836325	510796034.0	765721262.0	6030674.0
38	4.2	47.0	1958685.0	-0.009728893637657166	526619168.0	782367202.0	6161950.0
38	4.2	48.0	1958862.0	-0.009729772806167603	542443861.0	799013141.0	6293227.0
38	4.2	49.0	1958577.0	-0.009728357195854187	558266807.0	815659330.0	6424254.0
38	4.2	50.0	1957265.0	-0.009721840421358744	574092007.0	832305845.0	6554955.0
38	4.2	51.0	1957340.0	-0.00972221295038859	589918020.0	848952199.0	6685817.0
38	4.2	52.0	1957244.0	-0.009721736113230387	605743734.0	865599162.0	6816070.0
38	4.2	53.0	1958098.0	-0.009725977977116903	621570281.0	882245552.0	6946896.0
38	4.2	54.0	1956875.0	-0.009719903270403544	637395152.0	898891646.0	7078018.0
38	4.2	55.0	1956808.0	-0.009719570477803549	653219105.0	915537658.0	7209222.0
38	4.2	56.0	1957500.0	-0.009723007678985596	669045047.0	932183869.0	7340227.0
38	4.2	57.0	1956950.0	-0.00972027579943339	684870573.0	948829505.0	7471807.0
38	4.2	58.0	1957936.0	-0.009725173314412435	700695177.0	965475667.0	7602861.0
38	4.2	59.0	1956551.0	-0.009718293944994608	716521823.0	982122764.0	7732980.0
38	4.2	60.0	1956855.0	-0.009719803929328918	732346760.0	998768841.0	7864119.0
38	4.2	61.0	1956110.0	-0.009716103474299112	748172566.0	1015415244.0	7994932.0
38	4.2	62.0	1956181.0	-0.009716456135114035	763997666.0	1032061452.0	8125940.0
38	4.2	63.0	1957509.0	-0.009723052382469177	779821852.0	1048707632.0	8256976.0
38	4.2	64.0	1958172.0	-0.009726345539093018	795647172.0	1065354274.0	8387550.0
38	4.2	65.0	1959593.0	-0.00973340372244517	811472207.0	1082001114.0	8517926.0
38	4.2	66.0	1958725.0	-0.009729092319806417	827293704.0	1098647175.0	8649081.0
38	4.2	67.0	1957787.0	-0.009724433223406473	843118918.0	1115293469.0	8780003.0
38	4.2	68.0	1956624.0	-0.009718656539916992	858943024.0	1131939570.0	8911118.0
38	4.2	69.0	1958179.0	-0.009726380308469137	874768995.0	1148586123.0	9041781.0
38	4.2	70.0	1957082.0	-0.009720931450525919	890595047.0	1165232108.0	9173012.0
38	4.2	71.0	1957389.0	-0.009722456336021423	906420735.0	1181879057.0	9303279.0
38	4.2	72.0	1956362.0	-0.009717355171839396	922244695.0	1198524159.0	9435393.0
38	4.2	73.0	1957436.0	-0.009722689787546793	938069454.0	1215170302.0	9566466.0
38	4.2	74.0	1958666.0	-0.00972879926363627	953894137.0	1231816306.0	9697678.0
38	4.2	75.0	1956753.0	-0.009719297289848328	969719171.0	1248462153.0	9829047.0
38	4.2	76.0	1955455.0	-0.009712850054105123	985544823.0	1265108079.0	9960337.0
38	4.2	77.0	1957139.0	-0.009721214572588602	1001369417.0	1281753956.0	10091676.0
38	4.2	78.0	1959837.0	-0.009734615683555603	1017193453.0	1298400474.0	10222374.0
38	4.2	79.0	1957394.0	-0.00972248117129008	1033017309.0	1315045968.0	10354096.0
38	4.2	80.0	1957527.0	-0.00972314178943634	1048841120.0	1331692904.0	10484376.0
38	4.2	81.0	1959699.0	-0.009733930230140686	1064666696.0	1348340099.0	10614397.0
38	4.2	82.0	1955191.0	-0.009711538751920065	1080490121.0	1364985878.0	10745834.0
38	4.2	83.0	1959914.0	-0.009734998146692911	1096315789.0	1381631989.0	10876939.0
38	4.2	84.0	1958631.0	-0.009728625416755676	1112138785.0	1398278099.0	11008045.0
38	4.2	85.0	1958655.0	-0.009728744626045227	1127960361.0	1414923587.0	11139773.0
38	4.2	86.0	1955926.0	-0.009715189536412558	1143784610.0	1431569478.0	11271098.0
38	4.2	87.0	1957162.0	-0.009721328814824423	1159609225.0	1448215708.0	11402084.0
38	4.2	88.0	1958360.0	-0.009727279345194498	1175434015.0	1464862081.0	11532927.0
38	4.2	89.0	1958791.0	-0.009729420145352682	1191257268.0	1481507689.0	11664535.0
38	4.2	90.0	1956516.0	-0.009718120098114014	1207081713.0	1498153610.0	11795830.0
38	4.2	91.0	1959417.0	-0.009732529520988464	1222909564.0	1514800733.0	11925923.0
38	4.2	92.0	1959485.0	-0.009732867280642191	1238734194.0	1531447156.0	12056716.0
38	4.2	93.0	1959298.0	-0.009731938441594442	1254559628.0	1548093418.0	12187670.0
38	4.2	94.0	1954407.0	-0.009707644581794739	1270383493.0	1564738567.0	12319737.0
38	4.2	95.0	1957615.0	-0.009723578890164694	1286208717.0	1581384687.0	12450833.0
38	4.2	96.0	1958847.0	-0.009729698300361633	1302033869.0	1598030564.0	12582172.0
38	4.2	97.0	1956627.0	-0.009718671441078186	1317859205.0	1614676479.0	12713473.0
38	4.2	98.0	1958270.0	-0.009726832310358683	1333685143.0	1631323264.0	12843904.0
38	4.2	99.0	1957519.0	-0.00972310205300649	1349511165.0	1647969584.0	12974800.0
38	4.2	100.0	1957505.0	-0.009723032514254252	1365336815.0	1664615926.0	13105674.0
39	4.1	1.0	102712005.0	-0.5101760476827621	143704.0	16646149.0	131067.0
39	4.1	2.0	100145257.0	-0.4974268724521001	355032.0	33291702.0	262730.0
39	4.1	3.0	97074713.0	-0.4821753154198329	667699.0	49938500.0	393148.0
39	4.1	4.0	93428694.0	-0.4640653431415558	1129977.0	66584351.0	524513.0
39	4.1	5.0	89178443.0	-0.4429541180531184	1812018.0	83230183.0	655897.0
39	4.1	6.0	84297767.0	-0.4187115381161372	2811856.0	99876882.0	786414.0
39	4.1	7.0	78855626.0	-0.39168013135592145	4250487.0	116523181.0	917331.0
39	4.1	8.0	73001566.0	-0.36260270078976947	6264944.0	133169350.0	1048378.0
39	4.1	9.0	66931074.0	-0.3324502408504486	8990257.0	149815300.0	1179644.0
39	4.1	10.0	60857807.0	-0.30228399733702344	12536130.0	166461656.0	1310504.0
39	4.1	11.0	54919443.0	-0.27278782427310944	16970316.0	183107467.0	1441909.0
39	4.1	12.0	49225594.0	-0.24450617035230002	22325997.0	199753537.0	1573055.0
39	4.1	13.0	43851223.0	-0.21781138082345328	28612767.0	216399824.0	1703984.0
39	4.1	14.0	38817849.0	-0.19281034171581268	35820950.0	233046055.0	1834969.0
39	4.1	15.0	34134941.0	-0.16955008606115976	43924313.0	249691309.0	1966931.0
39	4.1	16.0	29820898.0	-0.1481220026810964	52887637.0	266337085.0	2098371.0
39	4.1	17.0	25875728.0	-0.1285261313120524	62669521.0	282984024.0	2228648.0
39	4.1	18.0	22284583.0	-0.11068872114022572	73222811.0	299630052.0	2359836.0
39	4.1	19.0	19052768.0	-0.09463612238566081	84489339.0	316275958.0	2491146.0
39	4.1	20.0	16158977.0	-0.08026250700155894	96413395.0	332922481.0	2621839.0
39	4.1	21.0	13607763.0	-0.06759048998355865	108933945.0	349568404.0	2753132.0
39	4.1	22.0	11371427.0	-0.056482488910357155	121992972.0	366213934.0	2884818.0
39	4.1	23.0	9431145.0	-0.046845003962516785	135534242.0	382859778.0	3016190.0
39	4.1	24.0	7773042.0	-0.03860911726951599	149503652.0	399505663.0	3147521.0
39	4.1	25.0	6386767.0	-0.031723414858182274	163844805.0	416152011.0	3278389.0
39	4.1	26.0	5226819.0	-0.025961890816688538	178503891.0	432798271.0	3409345.0
39	4.1	27.0	4284117.0	-0.021279439330101013	193441997.0	449445014.0	3539818.0
39	4.1	28.0	3559475.0	-0.017680103580156963	208611588.0	466091008.0	3671040.0
39	4.1	29.0	2996967.0	-0.014886096119880676	223957787.0	482736572.0	3802692.0
39	4.1	30.0	2552354.0	-0.012677679459253946	239452457.0	499382442.0	3934038.0
39	4.1	31.0	2239506.0	-0.011123746633529663	255075696.0	516027674.0	4066022.0
39	4.1	32.0	2060951.0	-0.010236854354540506	270796653.0	532673565.0	4197347.0
39	4.1	33.0	1992266.0	-0.009895692269007364	286574955.0	549319854.0	4328274.0
39	4.1	34.0	1971141.0	-0.009790763258934021	302372000.0	565966095.0	4459249.0
39	4.1	35.0	1967945.0	-0.009774888555208841	318173334.0	582612200.0	4590360.0
39	4.1	36.0	1968338.0	-0.009776840607325235	333976066.0	599258628.0	4721148.0
39	4.1	37.0	1968543.0	-0.009777858853340149	349779736.0	615904666.0	4852326.0
39	4.1	38.0	1969727.0	-0.009783739844957987	365581326.0	632550469.0	4983739.0
39	4.1	39.0	1968298.0	-0.009776641925175985	381384718.0	649196955.0	5114469.0
39	4.1	40.0	1967711.0	-0.009773726264635721	397187360.0	665843345.0	5245295.0
39	4.1	41.0	1968755.0	-0.00977891186873118	412990671.0	682488955.0	5376901.0
39	4.1	42.0	1967706.0	-0.009773701429367065	428794092.0	699135178.0	5507894.0
39	4.1	43.0	1968632.0	-0.009778300921122232	444598729.0	715781867.0	5638421.0
39	4.1	44.0	1966182.0	-0.00976613163948059	460403375.0	732428227.0	5769277.0
39	4.1	45.0	1969451.0	-0.009782368938128153	476207712.0	749074217.0	5900503.0
39	4.1	46.0	1966565.0	-0.009768034021059671	492010882.0	765720517.0	6031419.0
39	4.1	47.0	1967883.0	-0.009774580597877502	507813262.0	782366570.0	6162582.0
39	4.1	48.0	1966746.0	-0.009768933057785034	523617778.0	799012882.0	6293486.0
39	4.1	49.0	1968677.0	-0.00977852443854014	539419756.0	815659197.0	6424387.0
39	4.1	50.0	1967274.0	-0.009771555662155151	555223767.0	832305721.0	6555079.0
39	4.1	51.0	1968220.0	-0.009776254494984945	571025618.0	848951320.0	6686696.0
39	4.1	52.0	1966404.0	-0.009767234325408936	586829920.0	865596564.0	6818668.0
39	4.1	53.0	1966506.0	-0.009767740964889526	602633582.0	882242468.0	6949980.0
39	4.1	54.0	1970285.0	-0.009786511460940043	618436161.0	898889337.0	7080327.0
39	4.1	55.0	1969541.0	-0.009782815972963968	634239247.0	915535309.0	7211571.0
39	4.1	56.0	1966801.0	-0.009769206245740255	650043357.0	932181361.0	7342735.0
39	4.1	57.0	1967078.0	-0.00977058211962382	665846815.0	948827788.0	7473524.0
39	4.1	58.0	1968934.0	-0.009779800971349081	681648790.0	965473336.0	7605192.0
39	4.1	59.0	1968435.0	-0.00977732241153717	697452077.0	982118656.0	7737088.0
39	4.1	60.0	1970074.0	-0.009785463412602743	713254978.0	998764857.0	7868103.0
39	4.1	61.0	1967331.0	-0.009771838784217834	729056039.0	1015411340.0	7998836.0
39	4.1	62.0	1967143.0	-0.009770904978116354	744857563.0	1032057091.0	8130301.0
39	4.1	63.0	1967365.0	-0.009772007664044699	760661908.0	1048703374.0	8261234.0
39	4.1	64.0	1969154.0	-0.009780893723169962	776465543.0	1065349080.0	8392744.0
39	4.1	65.0	1967906.0	-0.009774694840113321	792269369.0	1081995469.0	8523571.0
39	4.1	66.0	1966797.0	-0.00976918637752533	808072935.0	1098640920.0	8655336.0
39	4.1	67.0	1967789.0	-0.009774113694826761	823878017.0	1115287027.0	8786445.0
39	4.1	68.0	1970521.0	-0.009787683685620626	839679655.0	1131932460.0	8918228.0
39	4.1	69.0	1969153.0	-0.009780888756116232	855482877.0	1148579098.0	9048806.0
39	4.1	70.0	1967256.0	-0.009771466255187988	871286681.0	1165225104.0	9180016.0
39	4.1	71.0	1968833.0	-0.00977929929892222	887088335.0	1181871011.0	9311325.0
39	4.1	72.0	1967160.0	-0.009770989418029785	902891814.0	1198517328.0	9442224.0
39	4.1	73.0	1966569.0	-0.009768053889274597	918695544.0	1215163955.0	9572813.0
39	4.1	74.0	1969005.0	-0.009780153632164001	934499896.0	1231810304.0	9703680.0
39	4.1	75.0	1968088.0	-0.009775598843892416	950304412.0	1248456311.0	9834889.0
39	4.1	76.0	1968792.0	-0.009779095649719238	966106857.0	1265102180.0	9966236.0
39	4.1	77.0	1970428.0	-0.009787221749623617	981911317.0	1281748318.0	10097314.0
39	4.1	78.0	1968678.0	-0.009778529405593872	997714830.0	1298394906.0	10227942.0
39	4.1	79.0	1968164.0	-0.009775976339975992	1013517938.0	1315040519.0	10359545.0
39	4.1	80.0	1970751.0	-0.00978882610797882	1029322853.0	1331686909.0	10490371.0
39	4.1	81.0	1967660.0	-0.009773472944895426	1045125111.0	1348332940.0	10621556.0
39	4.1	82.0	1970753.0	-0.009788836042086283	1060929500.0	1364979704.0	10752008.0
39	4.1	83.0	1969324.0	-0.009781738122304281	1076732428.0	1381625283.0	10883645.0
39	4.1	84.0	1968556.0	-0.009777923425038656	1092535047.0	1398271768.0	11014376.0
39	4.1	85.0	1968211.0	-0.009776209791501364	1108336852.0	1414918164.0	11145196.0
39	4.1	86.0	1970164.0	-0.009785910447438559	1124138410.0	1431563416.0	11277160.0
39	4.1	87.0	1967416.0	-0.009772260983784994	1139940523.0	1448209069.0	11408723.0
39	4.1	88.0	1965813.0	-0.009764298796653748	1155744792.0	1464855214.0	11539794.0
39	4.1	89.0	1968522.0	-0.009777754545211792	1171548577.0	1481501681.0	11670543.0
39	4.1	90.0	1970987.0	-0.009789998332659403	1187353951.0	1498148180.0	11801260.0
39	4.1	91.0	1969794.0	-0.009784072637557983	1203155382.0	1514794389.0	11932267.0
39	4.1	92.0	1968956.0	-0.009779910246531168	1218957880.0	1531440465.0	12063407.0
39	4.1	93.0	1966758.0	-0.00976899266242981	1234761595.0	1548086674.0	12194414.0
39	4.1	94.0	1968561.0	-0.009777948260307312	1250564919.0	1564732228.0	12326076.0
39	4.1	95.0	1968540.0	-0.009777843952178955	1266367442.0	1581378575.0	12456945.0
39	4.1	96.0	1970345.0	-0.00978680948416392	1282169274.0	1598024850.0	12587886.0
39	4.1	97.0	1969281.0	-0.009781524538993835	1297972388.0	1614670786.0	12719166.0
39	4.1	98.0	1970142.0	-0.00978580117225647	1313776142.0	1631317489.0	12849679.0
39	4.1	99.0	1968636.0	-0.009778320789337158	1329580534.0	1647964039.0	12980345.0
39	4.1	100.0	1969471.0	-0.00978246827920278	1345382473.0	1664609795.0	13111805.0
40	4.0	1.0	102956111.0	-0.5113885353008906	127834.0	16646353.0	130863.0
40	4.0	2.0	100691539.0	-0.5001402844985327	312834.0	33292406.0	262026.0
40	4.0	3.0	97989020.0	-0.48671672741572064	581869.0	49938219.0	393429.0
40	4.0	4.0	94803246.0	-0.4708928167819977	973766.0	66584129.0	524735.0
40	4.0	5.0	91068087.0	-0.4523400813341141	1544758.0	83229879.0	656201.0
40	4.0	6.0	86771559.0	-0.4309989959001541	2369501.0	99876569.0	786727.0
40	4.0	7.0	81937720.0	-0.406989057858785	3550663.0	116522701.0	917811.0
40	4.0	8.0	76682309.0	-0.38088514904181164	5205165.0	133169195.0	1048533.0
40	4.0	9.0	71148616.0	-0.35339899857838947	7454645.0	149815395.0	1179549.0
40	4.0	10.0	65507737.0	-0.3253804494937261	10406563.0	166461417.0	1310743.0
40	4.0	11.0	59924096.0	-0.2976462046305339	14135381.0	183107653.0	1441723.0
40	4.0	12.0	54487478.0	-0.270642230908076	18698380.0	199753132.0	1573460.0
40	4.0	13.0	49300424.0	-0.24487785498301187	24113829.0	216398961.0	1704847.0
40	4.0	14.0	44376094.0	-0.22041844328244528	30384203.0	233044670.0	1836354.0
40	4.0	15.0	39761638.0	-0.19749819238980612	37497868.0	249691300.0	1966940.0
40	4.0	16.0	35442349.0	-0.17604405184586844	45426376.0	266337721.0	2097735.0
40	4.0	17.0	31433538.0	-0.1561320722103119	54142732.0	282984208.0	2228464.0
40	4.0	18.0	27723607.0	-0.1377046455939611	63610409.0	299630624.0	2359264.0
40	4.0	19.0	24313218.0	-0.12076506018638611	73792183.0	316277141.0	2489963.0
40	4.0	20.0	21194885.0	-0.1052761326233546	84642888.0	332923076.0	2621244.0
40	4.0	21.0	18366071.0	-0.09122526148955028	96118149.0	349569231.0	2752305.0
40	4.0	22.0	15823954.0	-0.07859842975934346	108168466.0	366215319.0	2883433.0
40	4.0	23.0	13542958.0	-0.06726860006650288	120744441.0	382861368.0	3014600.0
40	4.0	24.0	11526386.0	-0.05725217858950297	133803681.0	399507615.0	3145569.0
40	4.0	25.0	9757046.0	-0.0484637717405955	147295596.0	416153203.0	3277197.0
40	4.0	26.0	8213164.0	-0.04079522689183553	161174032.0	432799455.0	3408161.0
40	4.0	27.0	6902257.0	-0.034283881386121116	175398555.0	449445152.0	3539680.0
40	4.0	28.0	5782992.0	-0.02872443199157715	189919091.0	466091032.0	3671016.0
40	4.0	29.0	4831539.0	-0.02399851381778717	204701888.0	482737420.0	3801844.0
40	4.0	30.0	4074710.0	-0.02023930350939433	219715127.0	499383592.0	3932888.0
40	4.0	31.0	3484567.0	-0.017308031519254048	234912320.0	516030046.0	4063650.0
40	4.0	32.0	2990030.0	-0.014851639668146769	250252688.0	532675947.0	4194965.0
40	4.0	33.0	2580069.0	-0.012815341353416443	265722550.0	549321903.0	4326225.0
40	4.0	34.0	2270206.0	-0.011276235183080038	281315873.0	565967162.0	4458182.0
40	4.0	35.0	2089113.0	-0.010376736521720886	297007851.0	582613680.0	4588880.0
40	4.0	36.0	2004832.0	-0.009958108266194662	312758392.0	599259906.0	4719870.0
40	4.0	37.0	1985964.0	-0.009864389896392822	328533085.0	615907025.0	4849967.0
40	4.0	38.0	1981876.0	-0.00984408458073934	344310470.0	632553282.0	4980926.0
40	4.0	39.0	1982368.0	-0.00984652837117513	360091290.0	649199895.0	5111529.0
40	4.0	40.0	1979333.0	-0.009831453363100687	375870581.0	665846402.0	5242238.0
40	4.0	41.0	1983234.0	-0.009850829839706421	391649860.0	682492038.0	5373818.0
40	4.0	42.0	1978996.0	-0.009829779465993246	407428949.0	699138411.0	5504661.0
40	4.0	43.0	1980136.0	-0.009835441907246908	423211435.0	715784646.0	5635642.0
40	4.0	44.0	1979240.0	-0.009830991427103678	438991281.0	732430673.0	5766831.0
40	4.0	45.0	1979498.0	-0.009832272926966349	454771615.0	749076728.0	5897992.0
40	4.0	46.0	1980705.0	-0.009838268160820007	470552406.0	765723495.0	6028441.0
40	4.0	47.0	1979315.0	-0.009831363956133524	486331883.0	782369993.0	6159159.0
40	4.0	48.0	1977642.0	-0.009823054075241089	502113415.0	799015929.0	6290439.0
40	4.0	49.0	1979687.0	-0.009833211700121561	517895752.0	815662610.0	6420974.0
40	4.0	50.0	1978397.0	-0.009826804200808207	533677493.0	832308552.0	6552248.0
40	4.0	51.0	1979170.0	-0.00983064373334249	549458628.0	848955104.0	6682912.0
40	4.0	52.0	1977466.0	-0.009822179873784384	565239927.0	865601220.0	6814012.0
40	4.0	53.0	1977322.0	-0.009821464618047079	581022711.0	882247535.0	6944913.0
40	4.0	54.0	1978256.0	-0.009826103846232096	596805131.0	898893160.0	7076504.0
40	4.0	55.0	1980082.0	-0.009835173686345419	612586983.0	915539194.0	7207686.0
40	4.0	56.0	1978950.0	-0.009829550981521606	628367749.0	932185540.0	7338556.0
40	4.0	57.0	1981281.0	-0.009841129183769226	644146708.0	948831723.0	7469589.0
40	4.0	58.0	1981227.0	-0.009840860962867737	659928168.0	965478108.0	7600420.0
40	4.0	59.0	1983815.0	-0.009853715697924295	675707641.0	982123836.0	7731908.0
40	4.0	60.0	1980366.0	-0.009836584329605103	691486612.0	998769973.0	7862987.0
40	4.0	61.0	1979724.0	-0.00983339548110962	707265902.0	1015415446.0	7994730.0
40	4.0	62.0	1980195.0	-0.009835734963417053	723047685.0	1032062236.0	8125156.0
40	4.0	63.0	1981643.0	-0.00984292725721995	738827855.0	1048708173.0	8256435.0
40	4.0	64.0	1980520.0	-0.00983734925587972	754607124.0	1065354093.0	8387731.0
40	4.0	65.0	1981992.0	-0.009844660758972168	770387019.0	1081999782.0	8519258.0
40	4.0	66.0	1978492.0	-0.00982727607091268	786165638.0	1098646069.0	8650187.0
40	4.0	67.0	1980362.0	-0.009836564461390177	801947424.0	1115291924.0	8781548.0
40	4.0	68.0	1979234.0	-0.00983096162478129	817729029.0	1131937830.0	8912858.0
40	4.0	69.0	1977807.0	-0.00982387363910675	833510785.0	1148584500.0	9043404.0
40	4.0	70.0	1978663.0	-0.009828125437100729	849291822.0	1165230771.0	9174349.0
40	4.0	71.0	1981125.0	-0.009840354323387146	865073687.0	1181877230.0	9305106.0
40	4.0	72.0	1977552.0	-0.009822607040405273	880854149.0	1198522900.0	9436652.0
40	4.0	73.0	1980845.0	-0.009838963548342386	896633771.0	1215169200.0	9567568.0
40	4.0	74.0	1977967.0	-0.009824668367703756	912414490.0	1231814851.0	9699133.0
40	4.0	75.0	1979290.0	-0.009831239779790243	928195668.0	1248461441.0	9829759.0
40	4.0	76.0	1975694.0	-0.00981337825457255	943977578.0	1265107748.0	9960668.0
40	4.0	77.0	1977177.0	-0.009820744395256042	959758893.0	1281753761.0	10091871.0
40	4.0	78.0	1979573.0	-0.009832645455996195	975538850.0	1298400238.0	10222610.0
40	4.0	79.0	1980960.0	-0.009839534759521484	991317050.0	1315046414.0	10353650.0
40	4.0	80.0	1979721.0	-0.009833380579948425	1007098952.0	1331692064.0	10485216.0
40	4.0	81.0	1978567.0	-0.009827648599942526	1022880286.0	1348337878.0	10616618.0
40	4.0	82.0	1979193.0	-0.009830757975578308	1038660044.0	1364983957.0	10747755.0
40	4.0	83.0	1978184.0	-0.009825746218363443	1054439933.0	1381629105.0	10879823.0
40	4.0	84.0	1975879.0	-0.009814297159512838	1070221407.0	1398275443.0	11010701.0
40	4.0	85.0	1978931.0	-0.009829456607500711	1086003869.0	1414921369.0	11141991.0
40	4.0	86.0	1979066.0	-0.009830127159754435	1101785498.0	1431567559.0	11273017.0
40	4.0	87.0	1978540.0	-0.009827514489491781	1117565923.0	1448213766.0	11404026.0
40	4.0	88.0	1977337.0	-0.009821539123853048	1133347391.0	1464860210.0	11534798.0
40	4.0	89.0	1979503.0	-0.009832297762235006	1149127265.0	1481506139.0	11666085.0
40	4.0	90.0	1981286.0	-0.009841154019037882	1164907157.0	1498152112.0	11797328.0
40	4.0	91.0	1978236.0	-0.00982600450515747	1180686593.0	1514797831.0	11928825.0
40	4.0	92.0	1976689.0	-0.009818320473035177	1196467334.0	1531443951.0	12059921.0
40	4.0	93.0	1978814.0	-0.009828875462214151	1212249634.0	1548090244.0	12190844.0
40	4.0	94.0	1981951.0	-0.009844457109769186	1228028717.0	1564736485.0	12321819.0
40	4.0	95.0	1979374.0	-0.00983165701230367	1243807783.0	1581382498.0	12453022.0
40	4.0	96.0	1978718.0	-0.009828398625055948	1259589672.0	1598028695.0	12584041.0
40	4.0	97.0	1981636.0	-0.009842892487843832	1275367677.0	1614674793.0	12715159.0
40	4.0	98.0	1979403.0	-0.009831801056861877	1291148354.0	1631320727.0	12846441.0
40	4.0	99.0	1979448.0	-0.009832024574279785	1306930292.0	1647967387.0	12976997.0
40	4.0	100.0	1983313.0	-0.009851222236951193	1322709501.0	1664613398.0	13108202.0
41	3.9	1.0	103165265.0	-0.5124274144570032	114169.0	16646493.0	130723.0
41	3.9	2.0	101150954.0	-0.5024222234884897	277234.0	33292979.0	261453.0
41	3.9	3.0	98775379.0	-0.4906226148207982	509706.0	49939288.0	392360.0
41	3.9	4.0	95995973.0	-0.47681715587774914	840981.0	66585318.0	523546.0
41	3.9	5.0	92741095.0	-0.4606500019629796	1317724.0	83231831.0	654249.0
41	3.9	6.0	88999437.0	-0.4420649856328964	1994723.0	99878779.0	784517.0
41	3.9	7.0	84767455.0	-0.4210445036490758	2957276.0	116524339.0	916173.0
41	3.9	8.0	80123322.0	-0.3979768455028534	4297666.0	133170454.0	1047274.0
41	3.9	9.0	75133189.0	-0.3731905867656072	6123922.0	149817433.0	1177511.0
41	3.9	10.0	69970664.0	-0.34754804770151776	8540806.0	166464012.0	1308148.0
41	3.9	11.0	64785947.0	-0.3217952797810237	11630080.0	183110362.0	1439014.0
41	3.9	12.0	59671189.0	-0.29639000197251636	15451929.0	199756503.0	1570089.0
41	3.9	13.0	54702757.0	-0.2717115332682927	20042714.0	216402836.0	1700972.0
41	3.9	14.0	49960223.0	-0.24815511206785837	25414077.0	233049634.0	1831390.0
41	3.9	15.0	45455886.0	-0.22578182816505432	31571401.0	249695995.0	1962245.0
41	3.9	16.0	41215404.0	-0.20471912622451782	38494175.0	266340780.0	2094676.0
41	3.9	17.0	37221603.0	-0.18488170206546783	46162680.0	282986146.0	2226526.0
41	3.9	18.0	33481281.0	-0.16630332171916962	54552437.0	299632007.0	2357881.0
41	3.9	19.0	29992759.0	-0.14897564550240835	63632449.0	316278541.0	2488563.0
41	3.9	20.0	26752187.0	-0.13287955025831857	73376633.0	332924331.0	2619989.0
41	3.9	21.0	23752286.0	-0.11797888080279033	83751526.0	349569919.0	2751617.0
41	3.9	22.0	20997629.0	-0.10429635147253673	94712333.0	366216079.0	2882673.0
41	3.9	23.0	18487162.0	-0.091826726992925	106223849.0	382862617.0	3013351.0
41	3.9	24.0	16185522.0	-0.08039435744285583	118245276.0	399508610.0	3144574.0
41	3.9	25.0	14113652.0	-0.07010326782862346	130738790.0	416154147.0	3276253.0
41	3.9	26.0	12244238.0	-0.06081778804461161	143663973.0	432800374.0	3407242.0
41	3.9	27.0	10577467.0	-0.052538846929868065	156990700.0	449446201.0	3538631.0
41	3.9	28.0	9102864.0	-0.04521441459655762	170673638.0	466092642.0	3669406.0
41	3.9	29.0	7817158.0	-0.038828243811925255	184681294.0	482738413.0	3800851.0
41	3.9	30.0	6700681.0	-0.033282642563184105	198975056.0	499384372.0	3932108.0
41	3.9	31.0	5725358.0	-0.02843816081682841	213519088.0	516030396.0	4063300.0
41	3.9	32.0	4883751.0	-0.024257853627204895	228296604.0	532676328.0	4194584.0
41	3.9	33.0	4213445.0	-0.020928407708803814	243276247.0	549321917.0	4326211.0
41	3.9	34.0	3665794.0	-0.01820819576581319	258417318.0	565968150.0	4457194.0
41	3.9	35.0	3197490.0	-0.015882104635238647	273685262.0	582614577.0	4587983.0
41	3.9	36.0	2778815.0	-0.013802523414293924	289073776.0	599261480.0	4718296.0
41	3.9	37.0	2434244.0	-0.012091020743052164	304580308.0	615907746.0	4849246.0
41	3.9	38.0	2191473.0	-0.010885164141654968	320196319.0	632554277.0	4979931.0
41	3.9	39.0	2059483.0	-0.010229562719662985	335890924.0	649200101.0	5111323.0
41	3.9	40.0	2007515.0	-0.009971434871355692	351626928.0	665846119.0	5242521.0
41	3.9	41.0	1992952.0	-0.009899099667867025	367379596.0	682492673.0	5373183.0
41	3.9	42.0	1991482.0	-0.00989179809888204	383136085.0	699139002.0	5504070.0
41	3.9	43.0	1991200.0	-0.009890397389729818	398895010.0	715785535.0	5634753.0
41	3.9	44.0	1992132.0	-0.009895026683807373	414651723.0	732431633.0	5765871.0
41	3.9	45.0	1992041.0	-0.009894574681917826	430408154.0	749077936.0	5896784.0
41	3.9	46.0	1988751.0	-0.009878233075141907	446165004.0	765724187.0	6027749.0
41	3.9	47.0	1991848.0	-0.00989361604054769	461922069.0	782370529.0	6158623.0
41	3.9	48.0	1990535.0	-0.009887094298998514	477677770.0	799016639.0	6289729.0
41	3.9	49.0	1991007.0	-0.00988943874835968	493436075.0	815662486.0	6421098.0
41	3.9	50.0	1990075.0	-0.009884809454282125	509193849.0	832308648.0	6552152.0
41	3.9	51.0	1989597.0	-0.009882435202598572	524948811.0	848954577.0	6683439.0
41	3.9	52.0	1991890.0	-0.009893824656804403	540706553.0	865600600.0	6814632.0
41	3.9	53.0	1992283.0	-0.009895776708920797	556461819.0	882246573.0	6945875.0
41	3.9	54.0	1992445.0	-0.009896581371625265	572217424.0	898892471.0	7077193.0
41	3.9	55.0	1990643.0	-0.009887630740801493	587975137.0	915538681.0	7208199.0
41	3.9	56.0	1996521.0	-0.009916827082633972	603730000.0	932184625.0	7339471.0
41	3.9	57.0	1991644.0	-0.009892602761586508	619485800.0	948831070.0	7470242.0
41	3.9	58.0	1990605.0	-0.009887441992759705	635241094.0	965476797.0	7601731.0
41	3.9	59.0	1990035.0	-0.009884610772132874	650999750.0	982122301.0	7733443.0
41	3.9	60.0	1992186.0	-0.009895294904708862	666758556.0	998768737.0	7864223.0
41	3.9	61.0	1992184.0	-0.0098952849706014	682514473.0	1015414525.0	7995651.0
41	3.9	62.0	1991011.0	-0.009889458616574606	698271385.0	1032060227.0	8127165.0
41	3.9	63.0	1991106.0	-0.009889930486679077	714026929.0	1048705802.0	8258806.0
41	3.9	64.0	1990232.0	-0.009885589281717936	729784373.0	1065352064.0	8389760.0
41	3.9	65.0	1990402.0	-0.009886433680852255	745540914.0	1081998680.0	8520360.0
41	3.9	66.0	1990274.0	-0.00988579789797465	761297075.0	1098644843.0	8651413.0
41	3.9	67.0	1990866.0	-0.00988873839378357	777053482.0	1115291031.0	8782441.0
41	3.9	68.0	1992350.0	-0.009896109501520792	792811085.0	1131937355.0	8913333.0
41	3.9	69.0	1991648.0	-0.009892622629801432	808569312.0	1148583394.0	9044510.0
41	3.9	70.0	1992341.0	-0.00989606479803721	824326868.0	1165229385.0	9175735.0
41	3.9	71.0	1988869.0	-0.009878819187482199	840083796.0	1181875761.0	9306575.0
41	3.9	72.0	1991329.0	-0.009891038139661154	855841960.0	1198522520.0	9437032.0
41	3.9	73.0	1991220.0	-0.009890496730804443	871597974.0	1215168779.0	9567989.0
41	3.9	74.0	1989628.0	-0.009882589181264242	887355405.0	1231815285.0	9698699.0
41	3.9	75.0	1989372.0	-0.009881317615509033	903113413.0	1248461132.0	9830068.0
41	3.9	76.0	1989472.0	-0.009881814320882162	918869775.0	1265106698.0	9961718.0
41	3.9	77.0	1991518.0	-0.009891976912816366	934626443.0	1281752352.0	10093280.0
41	3.9	78.0	1992642.0	-0.009897559881210327	950383776.0	1298398437.0	10224411.0
41	3.9	79.0	1990337.0	-0.00988611082235972	966139790.0	1315044582.0	10355482.0
41	3.9	80.0	1989859.0	-0.009883736570676168	981897202.0	1331690605.0	10486675.0
41	3.9	81.0	1986232.0	-0.009865721066792807	997654973.0	1348336432.0	10618064.0
41	3.9	82.0	1990034.0	-0.009884605805079142	1013414744.0	1364982426.0	10749286.0
41	3.9	83.0	1993965.0	-0.009904131293296814	1029172043.0	1381628936.0	10879992.0
41	3.9	84.0	1991087.0	-0.009889836112658182	1044929220.0	1398275297.0	11010847.0
41	3.9	85.0	1990408.0	-0.009886463483174643	1060686161.0	1414921466.0	11141894.0
41	3.9	86.0	1989220.0	-0.009880562623341879	1076445101.0	1431567814.0	11272762.0
41	3.9	87.0	1992177.0	-0.00989525020122528	1092202179.0	1448214223.0	11403569.0
41	3.9	88.0	1990828.0	-0.009888549645741781	1107957415.0	1464860021.0	11534987.0
41	3.9	89.0	1990904.0	-0.009888927141825357	1123715030.0	1481505592.0	11666632.0
41	3.9	90.0	1991009.0	-0.009889448682467142	1139471750.0	1498152056.0	11797384.0
41	3.9	91.0	1990530.0	-0.009887069463729858	1155229768.0	1514798095.0	11928561.0
41	3.9	92.0	1991624.0	-0.009892503420511881	1170987457.0	1531444290.0	12059582.0
41	3.9	93.0	1990768.0	-0.009888251622517904	1186743061.0	1548090565.0	12190523.0
41	3.9	94.0	1991342.0	-0.00989110271135966	1202501130.0	1564737135.0	12321169.0
41	3.9	95.0	1990823.0	-0.009888524810473124	1218259911.0	1581383384.0	12452136.0
41	3.9	96.0	1992425.0	-0.009896482030550638	1234016747.0	1598029669.0	12583067.0
41	3.9	97.0	1991308.0	-0.009890933831532797	1249773312.0	1614675811.0	12714141.0
41	3.9	98.0	1990327.0	-0.009886061151822409	1265530602.0	1631322220.0	12844948.0
41	3.9	99.0	1991658.0	-0.009892672300338745	1281287213.0	1647968429.0	12975955.0
41	3.9	100.0	1993688.0	-0.009902755419413248	1297045090.0	1664615031.0	13106569.0
42	3.8	1.0	103353128.0	-0.5133605400721232	101942.0	16645850.0	131366.0
42	3.8	2.0	101588000.0	-0.5045930544535319	244027.0	33292104.0	262328.0
42	3.8	3.0	99523115.0	-0.49433665970961255	442738.0	49937950.0	393698.0
42	3.8	4.0	97098299.0	-0.4822924683491389	722463.0	66584345.0	524519.0
42	3.8	5.0	94285765.0	-0.46832246085007984	1116811.0	83230082.0	655998.0
42	3.8	6.0	91050921.0	-0.4522548168897629	1670277.0	99876766.0	786530.0
42	3.8	7.0	87367157.0	-0.43395736316839856	2447298.0	116522808.0	917704.0
42	3.8	8.0	83281839.0	-0.41366536915302277	3523555.0	133168740.0	1048988.0
42	3.8	9.0	78845845.0	-0.39163154860337573	4990865.0	149814443.0	1180501.0
42	3.8	10.0	74172031.0	-0.3684164633353551	6944263.0	166461388.0	1310772.0
42	3.8	11.0	69402387.0	-0.3447253853082657	9463935.0	183107405.0	1441971.0
42	3.8	12.0	64632369.0	-0.32103244960308075	12620077.0	199752915.0	1573677.0
42	3.8	13.0	59955749.0	-0.29780342678229016	16450803.0	216399357.0	1704451.0
42	3.8	14.0	55423718.0	-0.27529258529345196	20987445.0	233045662.0	1835362.0
42	3.8	15.0	51065626.0	-0.2536457081635793	26238965.0	249691708.0	1966532.0
42	3.8	16.0	46914159.0	-0.23302514851093292	32203812.0	266337414.0	2098042.0
42	3.8	17.0	42986580.0	-0.21351665258407593	38869282.0	282983389.0	2229283.0
42	3.8	18.0	39277255.0	-0.19509223600228628	46218296.0	299629689.0	2360199.0
42	3.8	19.0	35779707.0	-0.17771972715854645	54233915.0	316275400.0	2491704.0
42	3.8	20.0	32494822.0	-0.16140352686246237	62886361.0	332922069.0	2622251.0
42	3.8	21.0	29421537.0	-0.14613835513591766	72150462.0	349568792.0	2752744.0
42	3.8	22.0	26564338.0	-0.1319464941819509	81998482.0	366214827.0	2883925.0
42	3.8	23.0	23891933.0	-0.11867251495520274	92404288.0	382861228.0	3014740.0
42	3.8	24.0	21415580.0	-0.10637233654658	103331951.0	399507437.0	3145747.0
42	3.8	25.0	19136635.0	-0.09505269428094228	114755072.0	416153375.0	3277025.0
42	3.8	26.0	17035569.0	-0.08461658656597137	126641987.0	432799724.0	3407892.0
42	3.8	27.0	15103825.0	-0.07502151032288869	138955117.0	449445716.0	3539116.0
42	3.8	28.0	13344623.0	-0.06628345946470897	151666616.0	466092171.0	3669877.0
42	3.8	29.0	11776717.0	-0.058495586117108665	164748519.0	482738183.0	3801081.0
42	3.8	30.0	10352897.0	-0.05142339567343394	178162526.0	499384075.0	3932405.0
42	3.8	31.0	9081260.0	-0.04510710636774699	191886162.0	516029538.0	4064158.0
42	3.8	32.0	7978474.0	-0.03962950905164083	205893097.0	532675513.0	4195399.0
42	3.8	33.0	6988077.0	-0.03471015393733978	220136782.0	549321503.0	4326625.0
42	3.8	34.0	6095737.0	-0.03027785321076711	234597795.0	565967677.0	4457667.0
42	3.8	35.0	5307221.0	-0.02636125187079112	249268579.0	582613653.0	4588907.0
42	3.8	36.0	4653721.0	-0.02311528225739797	264134798.0	599259225.0	4720551.0
42	3.8	37.0	4125393.0	-0.02049104869365692	279154885.0	615905032.0	4851960.0
42	3.8	38.0	3677017.0	-0.018263941009839375	294291202.0	632551004.0	4983204.0
42	3.8	39.0	3260095.0	-0.01619306703408559	309530105.0	649196654.0	5114770.0
42	3.8	40.0	2871687.0	-0.014263823628425598	324873007.0	665843025.0	5245615.0
42	3.8	41.0	2535565.0	-0.012594287594159445	340325922.0	682489608.0	5376248.0
42	3.8	42.0	2278526.0	-0.011317561070124308	355881435.0	699135488.0	5507584.0
42	3.8	43.0	2118436.0	-0.010522385438283285	371525396.0	715781708.0	5638580.0
42	3.8	44.0	2035328.0	-0.010109583536783854	387222205.0	732427382.0	5770122.0
42	3.8	45.0	2009588.0	-0.00998173157374064	402945918.0	749073282.0	5901438.0
42	3.8	46.0	2006433.0	-0.009966060519218445	418674761.0	765719408.0	6032528.0
42	3.8	47.0	2003389.0	-0.009950940807660421	434406772.0	782365790.0	6163362.0
42	3.8	48.0	2002687.0	-0.009947453935941061	450138800.0	799011709.0	6294659.0
42	3.8	49.0	2002648.0	-0.009947260220845541	465870994.0	815657906.0	6425678.0
42	3.8	50.0	2000442.0	-0.009936302900314331	481603864.0	832304098.0	6556702.0
42	3.8	51.0	2003471.0	-0.009951348106066385	497336139.0	848950172.0	6687844.0
42	3.8	52.0	2004443.0	-0.009956176082293192	513066942.0	865596020.0	6819212.0
42	3.8	53.0	2002803.0	-0.00994803011417389	528797245.0	882242028.0	6950420.0
42	3.8	54.0	2004842.0	-0.009958157936731974	544528557.0	898887942.0	7081722.0
42	3.8	55.0	2004599.0	-0.009956950942675272	560259426.0	915533459.0	7213421.0
42	3.8	56.0	2005083.0	-0.009959354996681213	575991317.0	932179657.0	7344439.0
42	3.8	57.0	2002246.0	-0.009945263465245565	591723702.0	948826334.0	7474978.0
42	3.8	58.0	2002899.0	-0.009948506951332092	607457054.0	965473134.0	7605394.0
42	3.8	59.0	2004909.0	-0.00995849072933197	623189014.0	982119535.0	7736209.0
42	3.8	60.0	2004691.0	-0.009957407911618551	638920769.0	998765304.0	7867656.0
42	3.8	61.0	2006581.0	-0.009966795643170675	654652433.0	1015411410.0	7998766.0
42	3.8	62.0	2005375.0	-0.009960805376370748	670385049.0	1032057147.0	8130245.0
42	3.8	63.0	2002185.0	-0.009944960474967957	686115529.0	1048703239.0	8261369.0
42	3.8	64.0	2003809.0	-0.00995302697022756	701849210.0	1065349632.0	8392192.0
42	3.8	65.0	2002820.0	-0.00994811455408732	717580848.0	1081995088.0	8523952.0
42	3.8	66.0	2002696.0	-0.009947498639424643	733313356.0	1098641038.0	8655218.0
42	3.8	67.0	2005113.0	-0.009959504008293152	749044811.0	1115286415.0	8787057.0
42	3.8	68.0	2002197.0	-0.009945020079612732	764776631.0	1131931859.0	8918829.0
42	3.8	69.0	2003029.0	-0.00994915266831716	780508491.0	1148577586.0	9050318.0
42	3.8	70.0	2004400.0	-0.009955962498982748	796241227.0	1165223654.0	9181466.0
42	3.8	71.0	2002173.0	-0.009944900870323181	811972235.0	1181869430.0	9312906.0
42	3.8	72.0	2003209.0	-0.00995004673798879	827705447.0	1198515519.0	9444033.0
42	3.8	73.0	2002543.0	-0.009946738680203756	843440128.0	1215161932.0	9574836.0
42	3.8	74.0	2003248.0	-0.00995024045308431	859171835.0	1231808113.0	9705871.0
42	3.8	75.0	2003600.0	-0.00995198885599772	874904952.0	1248454478.0	9836722.0
42	3.8	76.0	2003444.0	-0.00995121399561564	890636944.0	1265100944.0	9967472.0
42	3.8	77.0	2001198.0	-0.00994005799293518	906369674.0	1281746851.0	10098781.0
42	3.8	78.0	2002748.0	-0.009947756926218668	922100769.0	1298392911.0	10229937.0
42	3.8	79.0	2003174.0	-0.009949872891108194	937831487.0	1315039007.0	10361057.0
42	3.8	80.0	2003596.0	-0.009951968987782797	953563454.0	1331685137.0	10492143.0
42	3.8	81.0	2003478.0	-0.009951382875442505	969295658.0	1348331258.0	10623238.0
42	3.8	82.0	2001797.0	-0.009943033258120218	985028732.0	1364977874.0	10753838.0
42	3.8	83.0	2002280.0	-0.009945432345072428	1000762676.0	1381623543.0	10885385.0
42	3.8	84.0	2006615.0	-0.009966964522997538	1016493871.0	1398269924.0	11016220.0
42	3.8	85.0	2002427.0	-0.009946162501970926	1032224826.0	1414916366.0	11146994.0
42	3.8	86.0	2003277.0	-0.009950384497642517	1047957022.0	1431562798.0	11277778.0
42	3.8	87.0	2002893.0	-0.009948477149009705	1063689696.0	1448209792.0	11408000.0
42	3.8	88.0	2003607.0	-0.00995202362537384	1079423537.0	1464854744.0	11540264.0
42	3.8	89.0	2005168.0	-0.009959777196248373	1095154518.0	1481500335.0	11671889.0
42	3.8	90.0	2003255.0	-0.009950275222460428	1110885259.0	1498146427.0	11803013.0
42	3.8	91.0	2002680.0	-0.009947419166564941	1126618814.0	1514792513.0	11934143.0
42	3.8	92.0	2004796.0	-0.009957929452260336	1142349619.0	1531438580.0	12065292.0
42	3.8	93.0	2002652.0	-0.009947280089060465	1158081875.0	1548085019.0	12196069.0
42	3.8	94.0	2001307.0	-0.009940599401791891	1173815869.0	1564732129.0	12326175.0
42	3.8	95.0	2003681.0	-0.009952391187349955	1189549113.0	1581378807.0	12456713.0
42	3.8	96.0	2001898.0	-0.009943534930547079	1205281718.0	1598024705.0	12588031.0
42	3.8	97.0	2007063.0	-0.009969189763069153	1221013612.0	1614671240.0	12718712.0
42	3.8	98.0	2001604.0	-0.009942074616750082	1236744813.0	1631317077.0	12850091.0
42	3.8	99.0	2003074.0	-0.009949376185735067	1252479030.0	1647963318.0	12981066.0
42	3.8	100.0	2006089.0	-0.009964351852734884	1268209671.0	1664609002.0	13112598.0
43	3.7	1.0	103541616.0	-0.5142967700958252	89328.0	16645916.0	131300.0
43	3.7	2.0	102007672.0	-0.5066775878270467	211933.0	33292060.0	262372.0
43	3.7	3.0	100219434.0	-0.49779531359672546	380745.0	49938020.0	393628.0
43	3.7	4.0	98132218.0	-0.4874279995759328	614199.0	66584210.0	524654.0
43	3.7	5.0	95720275.0	-0.47544774909814197	937550.0	83230421.0	655659.0
43	3.7	6.0	92954670.0	-0.4617108404636383	1383685.0	99876842.0	786454.0
43	3.7	7.0	89802216.0	-0.4460524320602417	2002742.0	116523756.0	916756.0
43	3.7	8.0	86278792.0	-0.4285513957341512	2851741.0	133170183.0	1047545.0
43	3.7	9.0	82419950.0	-0.4093843201796214	4005036.0	149816204.0	1178740.0
43	3.7	10.0	78288941.0	-0.3888653765122096	5540551.0	166461582.0	1310578.0
43	3.7	11.0	73986362.0	-0.36749423543612164	7539959.0	183107583.0	1441793.0
43	3.7	12.0	69607048.0	-0.3457419474919637	10074220.0	199754369.0	1572223.0
43	3.7	13.0	65254385.0	-0.3241220364967982	13191064.0	216400946.0	1702862.0
43	3.7	14.0	60989029.0	-0.30293578406174976	16931060.0	233046580.0	1834444.0
43	3.7	15.0	56842286.0	-0.28233868877093	21308140.0	249692944.0	1965296.0
43	3.7	16.0	52853737.0	-0.26252735157807666	26334161.0	266339548.0	2095908.0
43	3.7	17.0	49024425.0	-0.24350695312023163	32007853.0	282985502.0	2227170.0
43	3.7	18.0	45372061.0	-0.22536546488602957	38320843.0	299631790.0	2358098.0
43	3.7	19.0	41914415.0	-0.20819115142027536	45256682.0	316277023.0	2490081.0
43	3.7	20.0	38623185.0	-0.1918434351682663	52801254.0	332923512.0	2620808.0
43	3.7	21.0	35521925.0	-0.17643931011358896	60935490.0	349569766.0	2751770.0
43	3.7	22.0	32603624.0	-0.16194395224253336	69641222.0	366216205.0	2882547.0
43	3.7	23.0	29851393.0	-0.14827347298463187	78890220.0	382862023.0	3013945.0
43	3.7	24.0	27259803.0	-0.1354009062051773	88663795.0	399507950.0	3145234.0
43	3.7	25.0	24835223.0	-0.12335788706938426	98936628.0	416153933.0	3276467.0
43	3.7	26.0	22582756.0	-0.11216976245244344	109684736.0	432800504.0	3407112.0
43	3.7	27.0	20474333.0	-0.1016971121231715	120876914.0	449446895.0	3537937.0
43	3.7	28.0	18527505.0	-0.09202711284160614	132490130.0	466093979.0	3668069.0
43	3.7	29.0	16728843.0	-0.08309306204319	144495947.0	482740312.0	3798952.0
43	3.7	30.0	15061645.0	-0.07481199999650319	156873314.0	499386659.0	3929821.0
43	3.7	31.0	13542888.0	-0.0672682523727417	169599221.0	516032347.0	4061349.0
43	3.7	32.0	12151290.0	-0.06035611033439636	182641468.0	532678175.0	4192737.0
43	3.7	33.0	10864459.0	-0.05396435161431631	195971484.0	549324291.0	4323837.0
43	3.7	34.0	9698667.0	-0.048173800110816956	209577892.0	565969860.0	4455484.0
43	3.7	35.0	8670840.0	-0.043068528175354004	223443113.0	582616523.0	4586037.0
43	3.7	36.0	7760537.0	-0.0385470042626063	237525113.0	599262849.0	4716927.0
43	3.7	37.0	6912541.0	-0.034334962566693626	251798491.0	615908603.0	4848389.0
43	3.7	38.0	6122567.0	-0.030411119262377422	266265080.0	632555128.0	4979080.0
43	3.7	39.0	5434362.0	-0.026992768049240112	280916994.0	649200965.0	5110459.0
43	3.7	40.0	4872835.0	-0.024203633268674214	295739871.0	665847182.0	5241458.0
43	3.7	41.0	4413356.0	-0.02192137638727824	310689616.0	682492806.0	5373050.0
43	3.7	42.0	4007047.0	-0.019903217752774555	325737982.0	699138940.0	5504132.0
43	3.7	43.0	3620852.0	-0.017984966437021892	340874982.0	715784965.0	5635323.0
43	3.7	44.0	3243835.0	-0.016112302740414936	356098154.0	732430456.0	5767048.0
43	3.7	45.0	2884483.0	-0.01432738204797109	371421036.0	749076482.0	5898238.0
43	3.7	46.0	2568974.0	-0.012760231892267862	386843974.0	765722920.0	6029016.0
43	3.7	47.0	2317485.0	-0.011511072516441345	402364841.0	782369020.0	6160132.0
43	3.7	48.0	2151701.0	-0.010687614480654398	417972387.0	799015457.0	6290911.0
43	3.7	49.0	2061128.0	-0.010237733523050943	433634249.0	815661695.0	6421889.0
43	3.7	50.0	2027400.0	-0.010070204734802246	449326901.0	832308308.0	6552492.0
43	3.7	51.0	2020793.0	-0.010037387410799662	465029182.0	848954707.0	6683309.0
43	3.7	52.0	2016364.0	-0.010015388329823812	480731835.0	865600241.0	6814991.0
43	3.7	53.0	2017276.0	-0.010019918282826742	496436540.0	882246107.0	6946341.0
43	3.7	54.0	2017832.0	-0.010022679964701334	512142191.0	898892093.0	7077571.0
43	3.7	55.0	2016167.0	-0.010014409820238749	527849200.0	915538768.0	7208112.0
43	3.7	56.0	2017171.0	-0.010019396742184957	543554755.0	932185054.0	7339042.0
43	3.7	57.0	2015956.0	-0.01001336177190145	559260745.0	948830789.0	7470523.0
43	3.7	58.0	2017885.0	-0.010022943218549093	574967612.0	965477377.0	7601151.0
43	3.7	59.0	2015367.0	-0.010010436177253723	590671591.0	982123224.0	7732520.0
43	3.7	60.0	2018730.0	-0.010027140378952026	606377294.0	998769722.0	7863238.0
43	3.7	61.0	2016868.0	-0.010017891724904379	622084605.0	1015415884.0	7994292.0
43	3.7	62.0	2018919.0	-0.010028079152107239	637790138.0	1032061484.0	8125908.0
43	3.7	63.0	2016822.0	-0.01001766324043274	653495588.0	1048707275.0	8257333.0
43	3.7	64.0	2017255.0	-0.010019813974698385	669201866.0	1065353522.0	8388302.0
43	3.7	65.0	2016651.0	-0.01001681387424469	684908974.0	1082000024.0	8519016.0
43	3.7	66.0	2016766.0	-0.010017385085423788	700616210.0	1098646351.0	8649905.0
43	3.7	67.0	2017015.0	-0.010018621881802877	716320858.0	1115292403.0	8781069.0
43	3.7	68.0	2017197.0	-0.01001952588558197	732027343.0	1131938439.0	8912249.0
43	3.7	69.0	2015990.0	-0.010013530651728312	747733001.0	1148585353.0	9042551.0
43	3.7	70.0	2016806.0	-0.010017583767573038	763437753.0	1165231124.0	9173996.0
43	3.7	71.0	2019711.0	-0.010032013058662415	779145319.0	1181877054.0	9305282.0
43	3.7	72.0	2015239.0	-0.01000980039437612	794850386.0	1198522717.0	9436835.0
43	3.7	73.0	2017985.0	-0.01002343992392222	810555499.0	1215168463.0	9568305.0
43	3.7	74.0	2016166.0	-0.010014404853185018	826262728.0	1231814808.0	9699176.0
43	3.7	75.0	2015596.0	-0.010011573632558187	841969626.0	1248460803.0	9830397.0
43	3.7	76.0	2013857.0	-0.010002935926119486	857675025.0	1265107039.0	9961377.0
43	3.7	77.0	2017243.0	-0.01001975437005361	873381827.0	1281753158.0	10092474.0
43	3.7	78.0	2014923.0	-0.010008230805397034	889088346.0	1298399217.0	10223631.0
43	3.7	79.0	2016961.0	-0.010018353660901388	904791630.0	1315044871.0	10355193.0
43	3.7	80.0	2016687.0	-0.010016992688179016	920497503.0	1331690725.0	10486555.0
43	3.7	81.0	2016231.0	-0.010014727711677551	936202428.0	1348337016.0	10617480.0
43	3.7	82.0	2018100.0	-0.010024011135101318	951906449.0	1364982964.0	10748748.0
43	3.7	83.0	2019557.0	-0.010031248132387796	967610821.0	1381629032.0	10879896.0
43	3.7	84.0	2017924.0	-0.010023136933644613	983316306.0	1398275434.0	11010710.0
43	3.7	85.0	2018227.0	-0.010024641950925192	999021300.0	1414921551.0	11141809.0
43	3.7	86.0	2014090.0	-0.010004093249638876	1014728702.0	1431568935.0	11271641.0
43	3.7	87.0	2016476.0	-0.010015944639841715	1030435557.0	1448215638.0	11402154.0
43	3.7	88.0	2019489.0	-0.01003091037273407	1046139093.0	1464861910.0	11533098.0
43	3.7	89.0	2018802.0	-0.010027498006820679	1061843536.0	1481508545.0	11663679.0
43	3.7	90.0	2013752.0	-0.010002414385477701	1077549041.0	1498154264.0	11795176.0
43	3.7	91.0	2015995.0	-0.01001355548699697	1093255422.0	1514800263.0	11926393.0
43	3.7	92.0	2016921.0	-0.010018154978752136	1108959409.0	1531446434.0	12057438.0
43	3.7	93.0	2018534.0	-0.010026166836420694	1124664309.0	1548092550.0	12188538.0
43	3.7	94.0	2013444.0	-0.010000884532928467	1140369908.0	1564738243.0	12320061.0
43	3.7	95.0	2018115.0	-0.010024085640907288	1156075649.0	1581384687.0	12450833.0
43	3.7	96.0	2017251.0	-0.01001979410648346	1171782201.0	1598030739.0	12581997.0
43	3.7	97.0	2015745.0	-0.010012313723564148	1187489010.0	1614677281.0	12712671.0
43	3.7	98.0	2016647.0	-0.010016794006029764	1203194919.0	1631323765.0	12843403.0
43	3.7	99.0	2017092.0	-0.010019004344940186	1218900680.0	1647969505.0	12974879.0
43	3.7	100.0	2017098.0	-0.010019034147262573	1234604470.0	1664615716.0	13105884.0
44	3.6	1.0	103703252.0	-0.5150996247927347	78540.0	16646366.0	130850.0
44	3.6	2.0	102366903.0	-0.5084619075059891	184843.0	33292425.0	262007.0
44	3.6	3.0	100825746.0	-0.5008068978786469	327781.0	49938816.0	392832.0
44	3.6	4.0	99049441.0	-0.491983895500501	521989.0	66585116.0	523748.0
44	3.6	5.0	96995041.0	-0.4817795803149541	785690.0	83231360.0	654720.0
44	3.6	6.0	94648813.0	-0.4701257397731145	1144326.0	99877818.0	785478.0
44	3.6	7.0	91969231.0	-0.45681611200173694	1633466.0	116524160.0	916352.0
44	3.6	8.0	88966593.0	-0.4419018477201462	2298424.0	133170034.0	1047694.0
44	3.6	9.0	85642972.0	-0.4253932436307271	3196779.0	149816423.0	1178521.0
44	3.6	10.0	82042171.0	-0.40750787158807117	4390013.0	166462293.0	1309867.0
44	3.6	11.0	78227637.0	-0.38856087625026703	5950538.0	183107961.0	1441415.0
44	3.6	12.0	74282766.0	-0.3689664900302887	7945047.0	199754758.0	1571834.0
44	3.6	13.0	70293991.0	-0.3491540302832921	10429702.0	216401208.0	1702600.0
44	3.6	14.0	66316718.0	-0.3293987015883128	13448437.0	233047217.0	1833807.0
44	3.6	15.0	62418231.0	-0.31003470718860626	17029943.0	249693501.0	1964739.0
44	3.6	16.0	58621148.0	-0.29117439190546673	21186645.0	266339978.0	2095478.0
44	3.6	17.0	54962413.0	-0.27300125857194263	25930271.0	282985995.0	2226677.0
44	3.6	18.0	51433308.0	-0.25547200441360474	31262400.0	299632330.0	2357558.0
44	3.6	19.0	48052420.0	-0.23867895205815634	37171180.0	316278190.0	2488914.0
44	3.6	20.0	44827277.0	-0.22265949348608652	43656943.0	332924665.0	2619655.0
44	3.6	21.0	41758561.0	-0.20741701622804007	50698768.0	349571086.0	2750450.0
44	3.6	22.0	38840287.0	-0.1929217924674352	58283291.0	366217903.0	2880849.0
44	3.6	23.0	36066180.0	-0.17914265394210815	66393734.0	382863596.0	3012372.0
44	3.6	24.0	33451451.0	-0.16615515450636545	75013910.0	399510123.0	3143061.0
44	3.6	25.0	30979378.0	-0.15387623508771262	84123304.0	416156329.0	3274071.0
44	3.6	26.0	28631551.0	-0.1422144522269567	93697391.0	432802445.0	3405171.0
44	3.6	27.0	26425212.0	-0.13125544786453247	103717489.0	449448665.0	3536167.0
44	3.6	28.0	24352014.0	-0.12095776200294495	114160376.0	466094761.0	3667287.0
44	3.6	29.0	22393887.0	-0.11123163998126984	125014571.0	482741329.0	3797935.0
44	3.6	30.0	20560723.0	-0.10212621589501698	136257843.0	499387095.0	3929385.0
44	3.6	31.0	18866266.0	-0.09370975693066914	147859829.0	516033062.0	4060634.0
44	3.6	32.0	17270558.0	-0.08578378955523173	159802607.0	532679379.0	4191533.0
44	3.6	33.0	15769031.0	-0.07832562426726024	172071078.0	549325322.0	4322806.0
44	3.6	34.0	14391486.0	-0.07148328423500061	184648520.0	565971793.0	4453551.0
44	3.6	35.0	13132146.0	-0.06522807478904724	197506927.0	582618392.0	4584168.0
44	3.6	36.0	11944972.0	-0.05933131774266561	210622883.0	599264634.0	4715142.0
44	3.6	37.0	10834803.0	-0.05381704866886139	223987424.0	615910739.0	4846253.0
44	3.6	38.0	9829227.0	-0.048822298645973206	237598331.0	632556876.0	4977332.0
44	3.6	39.0	8949286.0	-0.04445158441861471	251425015.0	649203276.0	5108148.0
44	3.6	40.0	8145387.0	-0.04045857489109039	265434027.0	665848976.0	5239664.0
44	3.6	41.0	7381394.0	-0.03666378060976664	279610231.0	682495331.0	5370525.0
44	3.6	42.0	6654304.0	-0.033052285512288414	293949432.0	699141670.0	5501402.0
44	3.6	43.0	5991197.0	-0.029758597413698833	308460722.0	715787321.0	5632967.0
44	3.6	44.0	5423861.0	-0.026940609018007915	323135841.0	732433666.0	5763838.0
44	3.6	45.0	4969734.0	-0.024684935808181763	337950086.0	749079083.0	5895637.0
44	3.6	46.0	4592164.0	-0.02280952533086141	352861314.0	765725585.0	6026351.0
44	3.6	47.0	4244129.0	-0.021080816785494488	367846591.0	782371415.0	6157737.0
44	3.6	48.0	3896060.0	-0.0193519393603007	382904346.0	799017623.0	6288745.0
44	3.6	49.0	3555749.0	-0.017661596337954204	398036292.0	815663745.0	6419839.0
44	3.6	50.0	3224707.0	-0.016017292936642964	413247780.0	832309849.0	6550951.0
44	3.6	51.0	2900375.0	-0.014406318465868631	428544963.0	848956746.0	6681270.0
44	3.6	52.0	2610515.0	-0.012966568271319071	443934379.0	865603237.0	6811995.0
44	3.6	53.0	2369428.0	-0.011769076188405355	459413367.0	882249173.0	6943275.0
44	3.6	54.0	2195058.0	-0.010902971029281616	474976459.0	898895509.0	7074155.0
44	3.6	55.0	2093896.0	-0.010400493939717611	490597394.0	915541945.0	7204935.0
44	3.6	56.0	2049309.0	-0.010179027915000916	506256111.0	932188201.0	7335895.0
44	3.6	57.0	2032975.0	-0.010097896059354147	521929661.0	948834381.0	7466931.0
44	3.6	58.0	2030516.0	-0.010085682074228922	537606424.0	965480369.0	7598159.0
44	3.6	59.0	2028659.0	-0.01007645825544993	553284249.0	982126441.0	7729303.0
44	3.6	60.0	2032805.0	-0.010097051660219828	568961355.0	998772498.0	7860462.0
44	3.6	61.0	2029656.0	-0.01008141040802002	584638300.0	1015418272.0	7991904.0
44	3.6	62.0	2030336.0	-0.010084788004557291	600315092.0	1032064131.0	8123261.0
44	3.6	63.0	2030273.0	-0.01008447508017222	615993392.0	1048710237.0	8254371.0
44	3.6	64.0	2031674.0	-0.010091433922449747	631669758.0	1065356816.0	8385008.0
44	3.6	65.0	2031224.0	-0.01008919874827067	647348143.0	1082003214.0	8515826.0
44	3.6	66.0	2031701.0	-0.010091568032900492	663027588.0	1098649173.0	8647083.0
44	3.6	67.0	2032792.0	-0.010096987088521322	678703991.0	1115295796.0	8777676.0
44	3.6	68.0	2031736.0	-0.010091741879781088	694380357.0	1131941918.0	8908770.0
44	3.6	69.0	2030010.0	-0.010083168745040894	710057804.0	1148588022.0	9039882.0
44	3.6	70.0	2030615.0	-0.010086173812548319	725734909.0	1165234280.0	9170840.0
44	3.6	71.0	2030632.0	-0.010086258252461752	741410428.0	1181880760.0	9301576.0
44	3.6	72.0	2031085.0	-0.010088508327802023	757089843.0	1198526767.0	9432785.0
44	3.6	73.0	2029014.0	-0.010078221559524536	772766003.0	1215173230.0	9563538.0
44	3.6	74.0	2030025.0	-0.010083243250846863	788444383.0	1231819407.0	9694577.0
44	3.6	75.0	2032881.0	-0.010097429156303406	804121333.0	1248465957.0	9825243.0
44	3.6	76.0	2030035.0	-0.010083292921384176	819796857.0	1265112086.0	9956330.0
44	3.6	77.0	2030598.0	-0.010086089372634888	835474930.0	1281757754.0	10087878.0
44	3.6	78.0	2031415.0	-0.010090147455533346	851152384.0	1298403783.0	10219065.0
44	3.6	79.0	2030155.0	-0.01008388896783193	866827801.0	1315049423.0	10350641.0
44	3.6	80.0	2031534.0	-0.010090738534927368	882505612.0	1331695675.0	10481605.0
44	3.6	81.0	2031277.0	-0.010089462002118429	898183236.0	1348341959.0	10612537.0
44	3.6	82.0	2031349.0	-0.010089819629987081	913857098.0	1364987358.0	10744354.0
44	3.6	83.0	2031166.0	-0.010088910659154257	929535264.0	1381633803.0	10875125.0
44	3.6	84.0	2031328.0	-0.010089715321858725	945210761.0	1398279794.0	11006350.0
44	3.6	85.0	2029929.0	-0.01008276641368866	960887310.0	1414926093.0	11137267.0
44	3.6	86.0	2031084.0	-0.010088503360748291	976565119.0	1431571872.0	11268704.0
44	3.6	87.0	2031277.0	-0.010089462002118429	992241363.0	1448217482.0	11400310.0
44	3.6	88.0	2035047.0	-0.010108187794685364	1007918792.0	1464863723.0	11531285.0
44	3.6	89.0	2030699.0	-0.010086591045061747	1023595148.0	1481509543.0	11662681.0
44	3.6	90.0	2029026.0	-0.010078281164169312	1039275256.0	1498155740.0	11793700.0
44	3.6	91.0	2031104.0	-0.010088602701822916	1054953556.0	1514801776.0	11924880.0
44	3.6	92.0	2031888.0	-0.010092496871948242	1070631847.0	1531448022.0	12055850.0
44	3.6	93.0	2029116.0	-0.010078728199005127	1086309117.0	1548093813.0	12187275.0
44	3.6	94.0	2029976.0	-0.01008299986521403	1101986968.0	1564739535.0	12318769.0
44	3.6	95.0	2031655.0	-0.010091339548428854	1117663270.0	1581385754.0	12449766.0
44	3.6	96.0	2032037.0	-0.010093236962954203	1133340122.0	1598032036.0	12580700.0
44	3.6	97.0	2030534.0	-0.010085771481196085	1149017228.0	1614678147.0	12711805.0
44	3.6	98.0	2027815.0	-0.010072266062100729	1164695977.0	1631324694.0	12842474.0
44	3.6	99.0	2030511.0	-0.010085657238960266	1180373088.0	1647971067.0	12973317.0
44	3.6	100.0	2029735.0	-0.010081802805264791	1196051293.0	1664617400.0	13104200.0
45	3.5	1.0	103853355.0	-0.5158451944589615	68768.0	16646068.0	131148.0
45	3.5	2.0	102706521.0	-0.5101488083600998	159226.0	33291821.0	262611.0
45	3.5	3.0	101384478.0	-0.5035821497440338	279909.0	49937728.0	393920.0
45	3.5	4.0	99864280.0	-0.4960312445958455	441070.0	66583784.0	525080.0
45	3.5	5.0	98136614.0	-0.48744983474413556	655199.0	83230837.0	655243.0
45	3.5	6.0	96158003.0	-0.47762196759382886	942324.0	99876922.0	786374.0
45	3.5	7.0	93905726.0	-0.466434786717097	1328779.0	116522900.0	917612.0
45	3.5	8.0	91368803.0	-0.45383375386397046	1845604.0	133168994.0	1048734.0
45	3.5	9.0	88551125.0	-0.4398381958405177	2535169.0	149814478.0	1180466.0
45	3.5	10.0	85461547.0	-0.4244920959075292	3449740.0	166460339.0	1311821.0
45	3.5	11.0	82131098.0	-0.40794957677523297	4646814.0	183107199.0	1442177.0
45	3.5	12.0	78644252.0	-0.3906302253405253	6185984.0	199753466.0	1573126.0
45	3.5	13.0	75049383.0	-0.37277431786060333	8122083.0	216399700.0	1704108.0
45	3.5	14.0	71414978.0	-0.3547220329443614	10504144.0	233045932.0	1835092.0
45	3.5	15.0	67811761.0	-0.3368246604998906	13364481.0	249692509.0	1965731.0
45	3.5	16.0	64242182.0	-0.3190943698088328	16731612.0	266338607.0	2096849.0
45	3.5	17.0	60777419.0	-0.3018847058216731	20619029.0	282984813.0	2227859.0
45	3.5	18.0	57418365.0	-0.2852001041173935	25032893.0	299630203.0	2359685.0
45	3.5	19.0	54170822.0	-0.269069383541743	29975362.0	316276758.0	2490346.0
45	3.5	20.0	51059928.0	-0.25361740589141846	35446123.0	332922808.0	2621512.0
45	3.5	21.0	48062813.0	-0.23873057464758554	41433644.0	349568927.0	2752609.0
45	3.5	22.0	45209226.0	-0.22455665469169617	47925479.0	366214796.0	2883956.0
45	3.5	23.0	42481689.0	-0.21100883185863495	54909751.0	382860746.0	3015222.0
45	3.5	24.0	39865835.0	-0.19801574448744455	62379797.0	399506695.0	3146489.0
45	3.5	25.0	37376515.0	-0.1856511582930883	70314745.0	416152814.0	3277586.0
45	3.5	26.0	35013355.0	-0.1739132155974706	78709384.0	432798921.0	3408695.0
45	3.5	27.0	32753360.0	-0.16268769900004068	87538418.0	449445084.0	3539748.0
45	3.5	28.0	30608141.0	-0.15203228096167246	96789937.0	466091000.0	3671048.0
45	3.5	29.0	28570245.0	-0.14190994203090668	106441524.0	482736912.0	3802352.0
45	3.5	30.0	26641811.0	-0.13233130673567453	116485766.0	499383019.0	3933461.0
45	3.5	31.0	24824684.0	-0.12330553929011027	126898829.0	516029287.0	4064409.0
45	3.5	32.0	23081311.0	-0.11464611192544301	137665861.0	532675920.0	4194992.0
45	3.5	33.0	21436657.0	-0.10647702713807423	148776983.0	549322331.0	4325797.0
45	3.5	34.0	19904499.0	-0.09886671602725983	160210266.0	565968464.0	4456880.0
45	3.5	35.0	18452858.0	-0.0916563371817271	171948601.0	582614511.0	4588049.0
45	3.5	36.0	17082162.0	-0.08484801650047302	183972804.0	599260651.0	4719125.0
45	3.5	37.0	15798560.0	-0.07847229639689128	196283324.0	615906936.0	4850056.0
45	3.5	38.0	14616104.0	-0.07259897391001384	208857844.0	632552631.0	4981577.0
45	3.5	39.0	13520622.0	-0.06715765595436096	221670840.0	649199737.0	5111687.0
45	3.5	40.0	12467587.0	-0.06192717452843984	234703349.0	665845182.0	5243458.0
45	3.5	41.0	11473565.0	-0.05698981384436289	247954471.0	682491131.0	5374725.0
45	3.5	42.0	10562043.0	-0.05246223509311676	261422435.0	699136937.0	5506135.0
45	3.5	43.0	9766143.0	-0.04850895702838898	275089984.0	715783147.0	5637141.0
45	3.5	44.0	9044042.0	-0.04492224256197611	288922259.0	732428989.0	5768515.0
45	3.5	45.0	8362778.0	-0.041538367668787636	302898030.0	749075693.0	5899027.0
45	3.5	46.0	7688883.0	-0.03819109499454498	317009331.0	765721630.0	6030306.0
45	3.5	47.0	7036525.0	-0.03495079775651296	331267223.0	782367559.0	6161593.0
45	3.5	48.0	6423375.0	-0.03190524876117706	345674302.0	799013974.0	6292394.0
45	3.5	49.0	5897140.0	-0.029291411240895588	360232962.0	815659865.0	6423719.0
45	3.5	50.0	5469605.0	-0.027167821923891704	374923415.0	832305381.0	6555419.0
45	3.5	51.0	5125807.0	-0.025460158785184223	389713856.0	848951159.0	6686857.0
45	3.5	52.0	4827446.0	-0.023978183666865032	404571711.0	865597103.0	6818129.0
45	3.5	53.0	4534172.0	-0.022521475950876873	419484442.0	882243207.0	6949241.0
45	3.5	54.0	4239005.0	-0.021055365602175396	434453550.0	898889709.0	7079955.0
45	3.5	55.0	3935831.0	-0.01954948405424754	449482444.0	915536172.0	7210708.0
45	3.5	56.0	3638949.0	-0.01807485520839691	464574592.0	932182014.0	7342082.0
45	3.5	57.0	3339743.0	-0.016588682929674785	479734849.0	948828443.0	7472869.0
45	3.5	58.0	3046681.0	-0.015133028229077658	494971122.0	965474777.0	7603751.0
45	3.5	59.0	2769027.0	-0.013753905892372131	510287957.0	982120946.0	7734798.0
45	3.5	60.0	2521694.0	-0.012525389591852823	525688841.0	998766781.0	7866179.0
45	3.5	61.0	2319024.0	-0.011518716812133789	541171481.0	1015412948.0	7997228.0
45	3.5	62.0	2184450.0	-0.010850280523300171	556721215.0	1032059152.0	8128240.0
45	3.5	63.0	2099881.0	-0.010430221756299337	572321458.0	1048705547.0	8259061.0
45	3.5	64.0	2061578.0	-0.01023996869723002	587951810.0	1065351182.0	8390642.0
45	3.5	65.0	2050092.0	-0.01018291711807251	603595386.0	1081997978.0	8521062.0
45	3.5	66.0	2047273.0	-0.010168914993604025	619240911.0	1098644159.0	8652097.0
45	3.5	67.0	2046092.0	-0.010163048903147379	634887841.0	1115290123.0	8783349.0
45	3.5	68.0	2046119.0	-0.010163183013598124	650535397.0	1131936239.0	8914449.0
45	3.5	69.0	2045675.0	-0.010160977641741434	666184091.0	1148582333.0	9045571.0
45	3.5	70.0	2045110.0	-0.01015817125638326	681828442.0	1165228109.0	9177011.0
45	3.5	71.0	2047039.0	-0.010167752703030905	697474582.0	1181874287.0	9308049.0
45	3.5	72.0	2046392.0	-0.010164539019266764	713123662.0	1198520488.0	9439064.0
45	3.5	73.0	2041977.0	-0.010142609477043152	728772406.0	1215166807.0	9569961.0
45	3.5	74.0	2047569.0	-0.010170385241508484	744420865.0	1231812726.0	9701258.0
45	3.5	75.0	2045762.0	-0.010161409775416056	760068412.0	1248459201.0	9831999.0
45	3.5	76.0	2048489.0	-0.010174954930941263	775716681.0	1265104973.0	9963443.0
45	3.5	77.0	2047648.0	-0.010170777638753256	791362209.0	1281750889.0	10094743.0
45	3.5	78.0	2045391.0	-0.01015956699848175	807009531.0	1298396925.0	10225923.0
45	3.5	79.0	2045097.0	-0.010158106684684753	822655927.0	1315042845.0	10357219.0
45	3.5	80.0	2048427.0	-0.010174646973609924	838303707.0	1331688618.0	10488662.0
45	3.5	81.0	2045916.0	-0.010162174701690674	853951790.0	1348334860.0	10619636.0
45	3.5	82.0	2043451.0	-0.010149930914243063	869599803.0	1364980906.0	10750806.0
45	3.5	83.0	2047262.0	-0.01016886035601298	885247212.0	1381626644.0	10882284.0
45	3.5	84.0	2045926.0	-0.010162224372227987	900892307.0	1398272463.0	11013681.0
45	3.5	85.0	2045739.0	-0.010161295533180237	916541097.0	1414918669.0	11144691.0
45	3.5	86.0	2045362.0	-0.010159422953923544	932188949.0	1431565067.0	11275509.0
45	3.5	87.0	2047633.0	-0.010170703132947287	947837320.0	1448211162.0	11406630.0
45	3.5	88.0	2044597.0	-0.010155623157819113	963483108.0	1464857613.0	11537395.0
45	3.5	89.0	2048227.0	-0.010173653562863668	979132084.0	1481503547.0	11668677.0
45	3.5	90.0	2043688.0	-0.010151108105977377	994780172.0	1498149684.0	11799756.0
45	3.5	91.0	2044470.0	-0.01015499234199524	1010428077.0	1514795742.0	11930914.0
45	3.5	92.0	2042982.0	-0.01014760136604309	1026078069.0	1531441950.0	12061922.0
45	3.5	93.0	2047328.0	-0.010169188181559244	1041725989.0	1548088081.0	12193007.0
45	3.5	94.0	2046269.0	-0.010163928071657816	1057372338.0	1564733598.0	12324706.0
45	3.5	95.0	2046215.0	-0.010163659850756327	1073019422.0	1581379461.0	12456059.0
45	3.5	96.0	2046224.0	-0.010163704554239908	1088667724.0	1598025743.0	12586993.0
45	3.5	97.0	2047604.0	-0.010170559088389078	1104314772.0	1614672093.0	12717859.0
45	3.5	98.0	2045322.0	-0.010159224271774292	1119960446.0	1631317496.0	12849672.0
45	3.5	99.0	2045234.0	-0.010158787171045939	1135608315.0	1647963525.0	12980859.0
45	3.5	100.0	2046287.0	-0.010164017478624979	1151257290.0	1664610302.0	13111298.0
46	3.4	1.0	103981259.0	-0.5164805004994074	60166.0	16645994.0	131222.0
46	3.4	2.0	102988353.0	-0.5115486830472946	138446.0	33291759.0	262673.0
46	3.4	3.0	101863640.0	-0.5059621731440226	240122.0	49937827.0	393821.0
46	3.4	4.0	100585411.0	-0.49961314102013904	372775.0	66583609.0	525255.0
46	3.4	5.0	99124843.0	-0.49235842128594715	547451.0	83229716.0	656364.0
46	3.4	6.0	97467732.0	-0.4841274619102478	777300.0	99875957.0	787339.0
46	3.4	7.0	95591764.0	-0.4748094280560811	1079950.0	116522315.0	918197.0
46	3.4	8.0	93479623.0	-0.46431831022103626	1479489.0	133168663.0	1049065.0
46	3.4	9.0	91123110.0	-0.45261338353157043	2006459.0	149815066.0	1179878.0
46	3.4	10.0	88520364.0	-0.4396854043006897	2698981.0	166461089.0	1311071.0
46	3.4	11.0	85685562.0	-0.42560479044914246	3601567.0	183107177.0	1442199.0
46	3.4	12.0	82665101.0	-0.41060199836889905	4764395.0	199753401.0	1573191.0
46	3.4	13.0	79498039.0	-0.3948710312445958	6237316.0	216398899.0	1704909.0
46	3.4	14.0	76239771.0	-0.3786870390176773	8068094.0	233044821.0	1836203.0
46	3.4	15.0	72957765.0	-0.3623851388692856	10296437.0	249691050.0	1967190.0
46	3.4	16.0	69687247.0	-0.3461403002341588	12948931.0	266337722.0	2097734.0
46	3.4	17.0	66467316.0	-0.3301467299461365	16050663.0	282983745.0	2228927.0
46	3.4	18.0	63309880.0	-0.3144635756810506	19614002.0	299629596.0	2360292.0
46	3.4	19.0	60240774.0	-0.29921916127204895	23648625.0	316275964.0	2491140.0
46	3.4	20.0	57264835.0	-0.28443751235802966	28158934.0	332922410.0	2621910.0
46	3.4	21.0	54383666.0	-0.2701265911261241	33138680.0	349568918.0	2752618.0
46	3.4	22.0	51620816.0	-0.2564033667246501	38585682.0	366215340.0	2883412.0
46	3.4	23.0	48953819.0	-0.24315624932448068	44494523.0	382861488.0	3014480.0
46	3.4	24.0	46392290.0	-0.23043299714724222	50848961.0	399507569.0	3145615.0
46	3.4	25.0	43936898.0	-0.2182369331518809	57648850.0	416154361.0	3276039.0
46	3.4	26.0	41580856.0	-0.2065343459447225	64875099.0	432800176.0	3407440.0
46	3.4	27.0	39317327.0	-0.19529127577940622	72520810.0	449445715.0	3539117.0
46	3.4	28.0	37152039.0	-0.1845361739397049	80575940.0	466091650.0	3670398.0
46	3.4	29.0	35079445.0	-0.17424148817857107	89024112.0	482738379.0	3800885.0
46	3.4	30.0	33100420.0	-0.16441156466801962	97854904.0	499384256.0	3932224.0
46	3.4	31.0	31218320.0	-0.1550630728403727	107051122.0	516030399.0	4063297.0
46	3.4	32.0	29417870.0	-0.14612014094988504	116604171.0	532676648.0	4194264.0
46	3.4	33.0	27695775.0	-0.13756640255451202	126502006.0	549323011.0	4325117.0
46	3.4	34.0	26055455.0	-0.12941884497801462	136729004.0	565969109.0	4456235.0
46	3.4	35.0	24492633.0	-0.12165622413158417	147273502.0	582615540.0	4587020.0
46	3.4	36.0	23006010.0	-0.1142720878124237	158119474.0	599262281.0	4717495.0
46	3.4	37.0	21606301.0	-0.10731965800126393	169263811.0	615908248.0	4848744.0
46	3.4	38.0	20292726.0	-0.10079506039619446	180684695.0	632554684.0	4979524.0
46	3.4	39.0	19033552.0	-0.09454067548116048	192355698.0	649200247.0	5111177.0
46	3.4	40.0	17821296.0	-0.08851933479309082	204278901.0	665846460.0	5242180.0
46	3.4	41.0	16685981.0	-0.08288016418615977	216449783.0	682492608.0	5373248.0
46	3.4	42.0	15647700.0	-0.07772296667098999	228861151.0	699139209.0	5503863.0
46	3.4	43.0	14678989.0	-0.07291132708390553	241473623.0	715785395.0	5634893.0
46	3.4	44.0	13750241.0	-0.06829818586508433	254270642.0	732431347.0	5766157.0
46	3.4	45.0	12831185.0	-0.06373318533102672	267253030.0	749077294.0	5897426.0
46	3.4	46.0	11948304.0	-0.05934786796569824	280430702.0	765723457.0	6028479.0
46	3.4	47.0	11144683.0	-0.05535623927911123	293800260.0	782369591.0	6159561.0
46	3.4	48.0	10440282.0	-0.051857441663742065	307346936.0	799015670.0	6290698.0
46	3.4	49.0	9810792.0	-0.04873073101043701	321038396.0	815661757.0	6421827.0
46	3.4	50.0	9223720.0	-0.045814712842305504	334847420.0	832307261.0	6553539.0
46	3.4	51.0	8635443.0	-0.042892709374427795	348767408.0	848953327.0	6684689.0
46	3.4	52.0	8042365.0	-0.039946859081586204	362805810.0	865599648.0	6815584.0
46	3.4	53.0	7456091.0	-0.03703480462233225	376969225.0	882246178.0	6946270.0
46	3.4	54.0	6901394.0	-0.034279594818751015	391269975.0	898892412.0	7077252.0
46	3.4	55.0	6406300.0	-0.031820436318715416	405706798.0	915538813.0	7208067.0
46	3.4	56.0	5992601.0	-0.029765571157137554	420267818.0	932184739.0	7339357.0
46	3.4	57.0	5659701.0	-0.02811203896999359	434935785.0	948830784.0	7470528.0
46	3.4	58.0	5393476.0	-0.026789685090382893	449674262.0	965477199.0	7601329.0
46	3.4	59.0	5152047.0	-0.02559049427509308	464461387.0	982123143.0	7732601.0
46	3.4	60.0	4910920.0	-0.02439280351003011	479289803.0	998769417.0	7863543.0
46	3.4	61.0	4672356.0	-0.02320784330368042	494159610.0	1015415760.0	7994416.0
46	3.4	62.0	4421372.0	-0.0219611922899882	509073716.0	1032062090.0	8125302.0
46	3.4	63.0	4173947.0	-0.020732219020525616	524035055.0	1048708169.0	8256439.0
46	3.4	64.0	3914785.0	-0.019444947441418965	539046178.0	1065354140.0	8387684.0
46	3.4	65.0	3654681.0	-0.01815299689769745	554113313.0	1082000270.0	8518770.0
46	3.4	66.0	3388438.0	-0.016830553611119587	569238071.0	1098646493.0	8649763.0
46	3.4	67.0	3121163.0	-0.015502984325091044	584431731.0	1115292571.0	8780901.0
46	3.4	68.0	2868002.0	-0.014245520035425821	599695992.0	1131938924.0	8911764.0
46	3.4	69.0	2635454.0	-0.013090441624323526	615036977.0	1148585223.0	9042681.0
46	3.4	70.0	2431983.0	-0.012079790234565735	630449936.0	1165231146.0	9173974.0
46	3.4	71.0	2271863.0	-0.011284465591112772	645933713.0	1181877065.0	9305271.0
46	3.4	72.0	2163170.0	-0.010744581619898478	661473357.0	1198523215.0	9436337.0
46	3.4	73.0	2099894.0	-0.010430286327997843	677055861.0	1215169806.0	9566962.0
46	3.4	74.0	2075977.0	-0.01031148930390676	692657405.0	1231815980.0	9698004.0
46	3.4	75.0	2064574.0	-0.010254849990208944	708270688.0	1248461829.0	9829371.0
46	3.4	76.0	2063474.0	-0.010249386231104532	723886997.0	1265108419.0	9959997.0
46	3.4	77.0	2061339.0	-0.010238781571388245	739501926.0	1281754583.0	10091049.0
46	3.4	78.0	2064048.0	-0.010252237319946289	755116909.0	1298400682.0	10222166.0
46	3.4	79.0	2061498.0	-0.010239571332931519	770731746.0	1315046400.0	10353664.0
46	3.4	80.0	2060758.0	-0.01023589571317037	786348488.0	1331692319.0	10484961.0
46	3.4	81.0	2062099.0	-0.01024255653222402	801963946.0	1348338958.0	10615538.0
46	3.4	82.0	2063374.0	-0.010248889525731405	817577435.0	1364984665.0	10747047.0
46	3.4	83.0	2062517.0	-0.010244632760683695	833192333.0	1381631361.0	10877567.0
46	3.4	84.0	2061914.0	-0.010241637627283732	848805837.0	1398277223.0	11008921.0
46	3.4	85.0	2061476.0	-0.01023946205774943	864419949.0	1414923080.0	11140280.0
46	3.4	86.0	2062268.0	-0.010243395964304606	880035518.0	1431569381.0	11271195.0
46	3.4	87.0	2060220.0	-0.01023322343826294	895651367.0	1448215167.0	11402625.0
46	3.4	88.0	2060464.0	-0.010234435399373373	911266119.0	1464861330.0	11533678.0
46	3.4	89.0	2062918.0	-0.01024662454922994	926882952.0	1481507475.0	11664749.0
46	3.4	90.0	2060484.0	-0.010234534740447998	942499178.0	1498154006.0	11795434.0
46	3.4	91.0	2063714.0	-0.01025057832400004	958114896.0	1514800316.0	11926340.0
46	3.4	92.0	2059356.0	-0.010228931903839111	973730188.0	1531446695.0	12057177.0
46	3.4	93.0	2062397.0	-0.010244036714235941	989347782.0	1548093247.0	12187841.0
46	3.4	94.0	2062871.0	-0.010246391097704569	1004962986.0	1564739124.0	12319180.0
46	3.4	95.0	2063918.0	-0.010251591602961222	1020577200.0	1581384685.0	12450835.0
46	3.4	96.0	2062024.0	-0.010242184003194174	1036193598.0	1598030840.0	12581896.0
46	3.4	97.0	2059952.0	-0.010231892267862955	1051810854.0	1614677248.0	12712704.0
46	3.4	98.0	2061939.0	-0.010241761803627014	1067426961.0	1631323186.0	12843982.0
46	3.4	99.0	2061798.0	-0.010241061449050903	1083043548.0	1647969297.0	12975087.0
46	3.4	100.0	2059283.0	-0.010228569308916727	1098658851.0	1664615473.0	13106127.0
47	3.3	1.0	104113778.0	-0.5171387294928232	51530.0	16646102.0	131114.0
47	3.3	2.0	103275193.0	-0.5129734327395757	117104.0	33292309.0	262123.0
47	3.3	3.0	102327447.0	-0.5082659274339676	201299.0	49938519.0	393129.0
47	3.3	4.0	101248895.0	-0.5029087016979853	309769.0	66584655.0	524209.0
47	3.3	5.0	100032080.0	-0.49686471621195477	450135.0	83231243.0	654837.0
47	3.3	6.0	98666124.0	-0.49007993936538696	630506.0	99877337.0	785959.0
47	3.3	7.0	97125756.0	-0.4824288487434387	864234.0	116524041.0	916471.0
47	3.3	8.0	95388956.0	-0.4738020698229472	1168780.0	133170697.0	1047031.0
47	3.3	9.0	93448247.0	-0.4641624639431636	1563674.0	149816215.0	1178729.0
47	3.3	10.0	91308871.0	-0.4535360683997472	2076142.0	166462552.0	1309608.0
47	3.3	11.0	88944078.0	-0.44179001450538635	2740480.0	183108670.0	1440706.0
47	3.3	12.0	86390973.0	-0.4291086047887802	3594272.0	199754769.0	1571823.0
47	3.3	13.0	83671205.0	-0.41559937099615735	4679184.0	216401134.0	1702674.0
47	3.3	14.0	80837557.0	-0.40152448912461597	6037414.0	233047354.0	1833670.0
47	3.3	15.0	77915994.0	-0.38701292872428894	7706012.0	249693825.0	1964415.0
47	3.3	16.0	74962680.0	-0.37234365940093994	9722427.0	266339482.0	2095974.0
47	3.3	17.0	72007209.0	-0.35766367614269257	12116456.0	282985262.0	2227410.0
47	3.3	18.0	69086919.0	-0.34315843880176544	14906459.0	299632417.0	2357471.0
47	3.3	19.0	66209844.0	-0.3288678526878357	18104941.0	316278286.0	2488818.0
47	3.3	20.0	63409839.0	-0.3149600774049759	21718456.0	332923889.0	2620431.0
47	3.3	21.0	60686687.0	-0.30143403510252637	25752203.0	349569395.0	2752141.0
47	3.3	22.0	58038850.0	-0.28828208645184833	30204394.0	366215802.0	2882950.0
47	3.3	23.0	55475814.0	-0.27555134892463684	35075621.0	382861812.0	3014156.0
47	3.3	24.0	53003191.0	-0.26326969762643176	40361247.0	399507944.0	3145240.0
47	3.3	25.0	50618334.0	-0.25142398476600647	46055816.0	416154324.0	3276076.0
47	3.3	26.0	48320572.0	-0.24001087745030722	52147201.0	432800714.0	3406902.0
47	3.3	27.0	46103105.0	-0.22899659971396127	58632460.0	449446370.0	3538462.0
47	3.3	28.0	43970822.0	-0.21840543548266092	65497081.0	466092749.0	3669299.0
47	3.3	29.0	41918435.0	-0.20821111897627512	72736878.0	482738778.0	3800486.0
47	3.3	30.0	39947253.0	-0.19842015206813812	80338985.0	499385294.0	3931186.0
47	3.3	31.0	38041463.0	-0.18895399073759714	88299772.0	516031556.0	4062140.0
47	3.3	32.0	36209646.0	-0.17985525727272034	96605442.0	532678262.0	4192650.0
47	3.3	33.0	34447910.0	-0.17110461990038553	105247540.0	549324194.0	4323934.0
47	3.3	34.0	32761349.0	-0.1627273807922999	114215371.0	565970886.0	4454458.0
47	3.3	35.0	31137375.0	-0.15466101467609406	123493910.0	582617230.0	4585330.0
47	3.3	36.0	29592771.0	-0.1469888836145401	133079978.0	599263527.0	4716249.0
47	3.3	37.0	28116688.0	-0.13965710004170737	142957090.0	615910096.0	4846896.0
47	3.3	38.0	26692893.0	-0.13258503377437592	153115805.0	632556458.0	4977750.0
47	3.3	39.0	25318704.0	-0.12575936317443848	163547011.0	649202610.0	5108814.0
47	3.3	40.0	23999168.0	-0.11920515696207683	174248976.0	665848457.0	5240183.0
47	3.3	41.0	22753773.0	-0.11301921308040619	185210683.0	682494758.0	5371098.0
47	3.3	42.0	21585457.0	-0.10721612473328908	196419102.0	699140342.0	5502730.0
47	3.3	43.0	20456983.0	-0.10161093374093373	207846419.0	715787237.0	5633051.0
47	3.3	44.0	19348882.0	-0.0961069365342458	219492013.0	732433308.0	5764196.0
47	3.3	45.0	18287478.0	-0.09083488583564758	231357512.0	749079086.0	5895634.0
47	3.3	46.0	17300196.0	-0.08593100309371948	243447343.0	765725039.0	6026897.0
47	3.3	47.0	16395871.0	-0.08143917222817738	255737266.0	782371169.0	6157983.0
47	3.3	48.0	15556341.0	-0.07726918160915375	268203912.0	799017205.0	6289163.0
47	3.3	49.0	14742282.0	-0.0732257068157196	280828226.0	815663570.0	6420014.0
47	3.3	50.0	13933093.0	-0.0692064215739568	293607426.0	832310555.0	6550245.0
47	3.3	51.0	13126343.0	-0.06519925097624461	306551617.0	848956743.0	6681273.0
47	3.3	52.0	12358668.0	-0.061386168003082275	319665505.0	865602575.0	6812657.0
47	3.3	53.0	11654635.0	-0.05788919826348623	332952321.0	882249130.0	6943318.0
47	3.3	54.0	11038609.0	-0.05482936402161916	346396707.0	898895695.0	7073969.0
47	3.3	55.0	10497169.0	-0.05214000244935354	359968584.0	915541594.0	7205286.0
47	3.3	56.0	9997837.0	-0.04965979357560476	373643633.0	932187815.0	7336281.0
47	3.3	57.0	9505738.0	-0.047215511401494346	387405878.0	948833651.0	7467661.0
47	3.3	58.0	9002475.0	-0.04471577703952789	401261499.0	965479966.0	7598562.0
47	3.3	59.0	8494230.0	-0.04219129681587219	415212812.0	982125856.0	7729888.0
47	3.3	60.0	7986516.0	-0.0396694540977478	429271065.0	998771702.0	7861258.0
47	3.3	61.0	7493333.0	-0.03721978763739268	443444093.0	1015418019.0	7992157.0
47	3.3	62.0	7030236.0	-0.034919559955596924	457734777.0	1032063358.0	8124034.0
47	3.3	63.0	6622306.0	-0.032893349726994835	472146500.0	1048709586.0	8255022.0
47	3.3	64.0	6292879.0	-0.03125706811745962	486662455.0	1065354920.0	8386904.0
47	3.3	65.0	6033488.0	-0.029968659083048504	501260725.0	1082001149.0	8517891.0
47	3.3	66.0	5827475.0	-0.02894538144270579	515913963.0	1098647010.0	8649246.0
47	3.3	67.0	5639109.0	-0.02800975739955902	530601563.0	1115293515.0	8779957.0
47	3.3	68.0	5460897.0	-0.027124568819999695	545319642.0	1131939907.0	8910781.0
47	3.3	69.0	5269652.0	-0.026174644629160564	560067352.0	1148586017.0	9041887.0
47	3.3	70.0	5076169.0	-0.02521360417207082	574845794.0	1165232342.0	9172778.0
47	3.3	71.0	4881478.0	-0.02424656351407369	589655958.0	1181878588.0	9303748.0
47	3.3	72.0	4682133.0	-0.02325640618801117	604500682.0	1198524803.0	9434749.0
47	3.3	73.0	4481691.0	-0.022260800004005432	619382426.0	1215171178.0	9565590.0
47	3.3	74.0	4268312.0	-0.021200935045878094	634304032.0	1231817558.0	9696426.0
47	3.3	75.0	4051444.0	-0.020123740037282307	649265899.0	1248463685.0	9827515.0
47	3.3	76.0	3830105.0	-0.01902433733145396	664272072.0	1265109638.0	9958778.0
47	3.3	77.0	3611989.0	-0.017940943439801533	679326744.0	1281755757.0	10089875.0
47	3.3	78.0	3385901.0	-0.016817952195803326	694433092.0	1298401461.0	10221387.0
47	3.3	79.0	3163339.0	-0.015712474783261616	709594596.0	1315047047.0	10353017.0
47	3.3	80.0	2946480.0	-0.014635324478149414	724816402.0	1331693629.0	10483651.0
47	3.3	81.0	2741215.0	-0.013615762193997702	740101504.0	1348340172.0	10614324.0
47	3.3	82.0	2554387.0	-0.012687777479489645	755448923.0	1364986375.0	10745337.0
47	3.3	83.0	2391265.0	-0.011877541740735372	770859845.0	1381632922.0	10876006.0
47	3.3	84.0	2263105.0	-0.0112409641345342	786329468.0	1398278959.0	11007185.0
47	3.3	85.0	2172713.0	-0.010791982213656107	801844521.0	1414925012.0	11138348.0
47	3.3	86.0	2118151.0	-0.01052096982796987	817390802.0	1431571345.0	11269231.0
47	3.3	87.0	2090526.0	-0.010383754968643188	832959686.0	1448217455.0	11400337.0
47	3.3	88.0	2082996.0	-0.01034635305404663	848537209.0	1464863310.0	11531698.0
47	3.3	89.0	2080980.0	-0.010336339473724365	864118563.0	1481509072.0	11663152.0
47	3.3	90.0	2079695.0	-0.010329956809679667	879699700.0	1498154485.0	11794955.0
47	3.3	91.0	2078063.0	-0.010321850577990213	895283141.0	1514800988.0	11925668.0
47	3.3	92.0	2078671.0	-0.010324870546658834	910864689.0	1531446965.0	12056907.0
47	3.3	93.0	2080309.0	-0.010333006580670675	926447165.0	1548092648.0	12188440.0
47	3.3	94.0	2076075.0	-0.010311976075172424	942028275.0	1564738039.0	12320265.0
47	3.3	95.0	2079777.0	-0.010330364108085632	957611325.0	1581384256.0	12451264.0
47	3.3	96.0	2079777.0	-0.010330364108085632	973192663.0	1598030140.0	12582596.0
47	3.3	97.0	2077845.0	-0.010320767760276794	988773743.0	1614675861.0	12714091.0
47	3.3	98.0	2078818.0	-0.010325600703557333	1004355724.0	1631321530.0	12845638.0
47	3.3	99.0	2079192.0	-0.010327458381652832	1019937851.0	1647967872.0	12976512.0
47	3.3	100.0	2081507.0	-0.01033895711104075	1035519626.0	1664614379.0	13107221.0
48	3.2	1.0	104220699.0	-0.5176698118448257	44344.0	16646270.0	130946.0
48	3.2	2.0	103504592.0	-0.5141128698984782	100239.0	33293102.0	261330.0
48	3.2	3.0	102707075.0	-0.5101515601078669	170308.0	49938626.0	393022.0
48	3.2	4.0	101813212.0	-0.5057116945584615	258489.0	66584717.0	524147.0
48	3.2	5.0	100809445.0	-0.5007259299357733	370362.0	83231322.0	654758.0
48	3.2	6.0	99675940.0	-0.49509574969609577	513019.0	99877524.0	785772.0
48	3.2	7.0	98410015.0	-0.4888078322013219	694703.0	116524191.0	916321.0
48	3.2	8.0	96993765.0	-0.481773242354393	926308.0	133169774.0	1047954.0
48	3.2	9.0	95417269.0	-0.47394270201524097	1222392.0	149815635.0	1179309.0
48	3.2	10.0	93676011.0	-0.4652937799692154	1600111.0	166461625.0	1310535.0
48	3.2	11.0	91744285.0	-0.45569879313309986	2084707.0	183107783.0	1441593.0
48	3.2	12.0	89639791.0	-0.4452456583579381	2703430.0	199753763.0	1572829.0
48	3.2	13.0	87382085.0	-0.43403151134649914	3483710.0	216399708.0	1704100.0
48	3.2	14.0	84975125.0	-0.4220760116974513	4465210.0	233046265.0	1834759.0
48	3.2	15.0	82446563.0	-0.409516508380572	5684083.0	249692331.0	1965909.0
48	3.2	16.0	79851252.0	-0.39662545919418335	7170570.0	266338590.0	2096866.0
48	3.2	17.0	77204992.0	-0.38348134358723956	8957126.0	282984555.0	2228117.0
48	3.2	18.0	74548810.0	-0.370287944873174	11069710.0	299630520.0	2359368.0
48	3.2	19.0	71914467.0	-0.35720302164554596	13522481.0	316277015.0	2490089.0
48	3.2	20.0	69308891.0	-0.3442609856526057	16334107.0	332923145.0	2621175.0
48	3.2	21.0	66750550.0	-0.33155356844266254	19512485.0	349568941.0	2752595.0
48	3.2	22.0	64250408.0	-0.31913522879282635	23059753.0	366215017.0	2883735.0
48	3.2	23.0	61828064.0	-0.30710331598917645	26983951.0	382861071.0	3014897.0
48	3.2	24.0	59464773.0	-0.29536472260951996	31280282.0	399507180.0	3146004.0
48	3.2	25.0	57181455.0	-0.28402335941791534	35943552.0	416153470.0	3276930.0
48	3.2	26.0	54963110.0	-0.27300472060839337	40974627.0	432799663.0	3407953.0
48	3.2	27.0	52807785.0	-0.2622991055250168	46366517.0	449446020.0	3538812.0
48	3.2	28.0	50741080.0	-0.25203367074330646	52115204.0	466091826.0	3670222.0
48	3.2	29.0	48731819.0	-0.24205356339613596	58214351.0	482738184.0	3801080.0
48	3.2	30.0	46792479.0	-0.23242075741291046	64654638.0	499384532.0	3931948.0
48	3.2	31.0	44919919.0	-0.22311965127786001	71430077.0	516030895.0	4062801.0
48	3.2	32.0	43115566.0	-0.21415733297665915	78531927.0	532676631.0	4194281.0
48	3.2	33.0	41364171.0	-0.20545805990695953	85952180.0	549323053.0	4325075.0
48	3.2	34.0	39674352.0	-0.19706463813781738	93681918.0	565968790.0	4456554.0
48	3.2	35.0	38028374.0	-0.18888897697130838	101719469.0	582615601.0	4586959.0
48	3.2	36.0	36456318.0	-0.18108049035072327	110054773.0	599261850.0	4717926.0
48	3.2	37.0	34942921.0	-0.17356336613496146	118683563.0	615908810.0	4848182.0
48	3.2	38.0	33483372.0	-0.16631370782852173	127581952.0	632554782.0	4979426.0
48	3.2	39.0	32060730.0	-0.15924736857414246	136753917.0	649200671.0	5110753.0
48	3.2	40.0	30699673.0	-0.15248692532380423	146194020.0	665846087.0	5242553.0
48	3.2	41.0	29404214.0	-0.14605231086413065	155893206.0	682492192.0	5373664.0
48	3.2	42.0	28165215.0	-0.1398981362581253	165840455.0	699138187.0	5504885.0
48	3.2	43.0	26956003.0	-0.13389191528161368	176017979.0	715783698.0	5636590.0
48	3.2	44.0	25771408.0	-0.12800796826680502	186424372.0	732429931.0	5767573.0
48	3.2	45.0	24639768.0	-0.12238705158233643	197068867.0	749075872.0	5898848.0
48	3.2	46.0	23579710.0	-0.1171216865380605	207935362.0	765721111.0	6030825.0
48	3.2	47.0	22579374.0	-0.11215296387672424	219004885.0	782367367.0	6161785.0
48	3.2	48.0	21606949.0	-0.1073228766520818	230259622.0	799013999.0	6292369.0
48	3.2	49.0	20638454.0	-0.10251230994860332	241692903.0	815660234.0	6423350.0
48	3.2	50.0	19690615.0	-0.09780434270699818	253314597.0	832306494.0	6554306.0
48	3.2	51.0	18777010.0	-0.09326641758282979	265127888.0	848952497.0	6685519.0
48	3.2	52.0	17927380.0	-0.0890462597211202	277139376.0	865598946.0	6816286.0
48	3.2	53.0	17154382.0	-0.08520673712094624	289326213.0	882245485.0	6946963.0
48	3.2	54.0	16442926.0	-0.08167289694150288	301659854.0	898891787.0	7077877.0
48	3.2	55.0	15748608.0	-0.07822418212890625	314124895.0	915537888.0	7208992.0
48	3.2	56.0	15049174.0	-0.07475005586942036	326714867.0	932184081.0	7340015.0
48	3.2	57.0	14343085.0	-0.0712428738673528	339434960.0	948829529.0	7471783.0
48	3.2	58.0	13650899.0	-0.06780474881331126	352300790.0	965475937.0	7602591.0
48	3.2	59.0	12987513.0	-0.06450967490673065	365315303.0	982122198.0	7733546.0
48	3.2	60.0	12372905.0	-0.06145688394705454	378484016.0	998768729.0	7864231.0
48	3.2	61.0	11836286.0	-0.05879146854082743	391796075.0	1015414848.0	7995328.0
48	3.2	62.0	11374198.0	-0.056496252616246544	405220284.0	1032061182.0	8126210.0
48	3.2	63.0	10963174.0	-0.054454674323399864	418730434.0	1048707144.0	8257464.0
48	3.2	64.0	10561984.0	-0.05246194203694662	432314138.0	1065353278.0	8388546.0
48	3.2	65.0	10159663.0	-0.05046359201272329	445960942.0	1081999758.0	8519282.0
48	3.2	66.0	9737945.0	-0.04836889604727427	459678529.0	1098645730.0	8650526.0
48	3.2	67.0	9298579.0	-0.046186541517575584	473471268.0	1115291117.0	8782355.0
48	3.2	68.0	8864344.0	-0.044029672940572105	487347247.0	1131937526.0	8913162.0
48	3.2	69.0	8429040.0	-0.04186749458312988	501312260.0	1148583708.0	9044196.0
48	3.2	70.0	7995549.0	-0.03971432149410248	515372664.0	1165229855.0	9175265.0
48	3.2	71.0	7580184.0	-0.0376511812210083	529538036.0	1181876481.0	9305855.0
48	3.2	72.0	7202423.0	-0.03577482203642527	543810811.0	1198523297.0	9436255.0
48	3.2	73.0	6869565.0	-0.034121498465538025	558183175.0	1215169769.0	9566999.0
48	3.2	74.0	6606868.0	-0.032816668351491295	572645706.0	1231816178.0	9697806.0
48	3.2	75.0	6402369.0	-0.03180091083049774	587173180.0	1248461968.0	9829232.0
48	3.2	76.0	6241164.0	-0.031000196933746338	601742977.0	1265108382.0	9960034.0
48	3.2	77.0	6098845.0	-0.030293290813763935	616341540.0	1281753830.0	10091802.0
48	3.2	78.0	5962654.0	-0.029616822799046833	630963521.0	1298399824.0	10223024.0
48	3.2	79.0	5825159.0	-0.02893387774626414	645601661.0	1315045190.0	10354874.0
48	3.2	80.0	5680144.0	-0.0282135804494222	660264549.0	1331692021.0	10485259.0
48	3.2	81.0	5536754.0	-0.027501354614893597	674948420.0	1348338417.0	10616079.0
48	3.2	82.0	5390754.0	-0.026776164770126343	689655420.0	1364984725.0	10746987.0
48	3.2	83.0	5242226.0	-0.02603841821352641	704380649.0	1381630524.0	10878404.0
48	3.2	84.0	5087095.0	-0.025267874201138813	719133262.0	1398276856.0	11009288.0
48	3.2	85.0	4931320.0	-0.024494131406148274	733910815.0	1414923117.0	11140243.0
48	3.2	86.0	4771824.0	-0.023701906204223633	748715211.0	1431569034.0	11271542.0
48	3.2	87.0	4608226.0	-0.02288930614789327	763551158.0	1448214985.0	11402807.0
48	3.2	88.0	4442477.0	-0.02206602195898692	778413670.0	1464861006.0	11534002.0
48	3.2	89.0	4267878.0	-0.021198779344558716	793307911.0	1481507496.0	11664728.0
48	3.2	90.0	4096339.0	-0.020346735914548237	808236360.0	1498153317.0	11796123.0
48	3.2	91.0	3917444.0	-0.019458154837290447	823202346.0	1514799366.0	11927290.0
48	3.2	92.0	3731899.0	-0.018536542852719624	838205284.0	1531445040.0	12058832.0
48	3.2	93.0	3545936.0	-0.01761285463968913	853251855.0	1548091068.0	12190020.0
48	3.2	94.0	3354283.0	-0.01666090389092763	868343725.0	1564736701.0	12321603.0
48	3.2	95.0	3166203.0	-0.01572670042514801	883480756.0	1581382574.0	12452946.0
48	3.2	96.0	2984803.0	-0.014825676878293356	898671857.0	1598029752.0	12582984.0
48	3.2	97.0	2810390.0	-0.013959358135859171	913912137.0	1614676015.0	12713937.0
48	3.2	98.0	2644332.0	-0.013134539127349854	929208439.0	1631322430.0	12844738.0
48	3.2	99.0	2500926.0	-0.012422233819961548	944556712.0	1647968247.0	12976137.0
48	3.2	100.0	2369210.0	-0.011767993370691935	959956704.0	1664614401.0	13107199.0
49	3.1	1.0	104317688.0	-0.5181515614191691	37761.0	16646740.0	130476.0
49	3.1	2.0	103719883.0	-0.5151822318633398	84279.0	33292505.0	261927.0
49	3.1	3.0	103056912.0	-0.5118892192840576	141817.0	49938599.0	393049.0
49	3.1	4.0	102318629.0	-0.5082221279541651	213112.0	66584949.0	523915.0
49	3.1	5.0	101492029.0	-0.504116361339887	302371.0	83231119.0	654961.0
49	3.1	6.0	100573677.0	-0.4995548576116562	413162.0	99877170.0	786126.0
49	3.1	7.0	99555982.0	-0.4944999118645986	552068.0	116523014.0	917498.0
49	3.1	8.0	98419392.0	-0.48885440826416016	725827.0	133169733.0	1047995.0
49	3.1	9.0	97158878.0	-0.4825933674971263	943812.0	149815723.0	1179221.0
49	3.1	10.0	95759435.0	-0.47564225892225903	1218953.0	166462182.0	1309978.0
49	3.1	11.0	94216470.0	-0.46797826886177063	1565779.0	183108866.0	1440510.0
49	3.1	12.0	92520079.0	-0.45955220361550647	2003620.0	199754988.0	1571604.0
49	3.1	13.0	90673482.0	-0.4503800570964813	2553725.0	216401083.0	1702725.0
49	3.1	14.0	88690031.0	-0.44052814940611523	3241873.0	233047590.0	1833434.0
49	3.1	15.0	86581863.0	-0.43005676567554474	4094679.0	249693986.0	1964254.0
49	3.1	16.0	84371127.0	-0.4190759211778641	5143933.0	266340349.0	2095107.0
49	3.1	17.0	82087707.0	-0.40773405134677887	6417623.0	282986604.0	2226068.0
49	3.1	18.0	79752736.0	-0.3961361249287923	7944238.0	299633533.0	2356355.0
49	3.1	19.0	77392936.0	-0.38441487153371173	9743084.0	316279676.0	2487428.0
49	3.1	20.0	75037641.0	-0.3727159947156906	11834517.0	332925859.0	2618461.0
49	3.1	21.0	72695671.0	-0.3610833038886388	14233725.0	349572273.0	2749263.0
49	3.1	22.0	70389041.0	-0.34962614874045056	16949920.0	366218232.0	2880520.0
49	3.1	23.0	68115613.0	-0.3383339097102483	19989372.0	382864458.0	3011510.0
49	3.1	24.0	65895993.0	-0.32730893790721893	23349690.0	399509923.0	3143261.0
49	3.1	25.0	63729381.0	-0.3165472596883774	27044119.0	416156079.0	3274321.0
49	3.1	26.0	61619980.0	-0.3060697515805562	31063357.0	432801597.0	3406019.0
49	3.1	27.0	59564229.0	-0.2958587259054184	35407918.0	449448216.0	3536616.0
49	3.1	28.0	57564085.0	-0.28592390318711597	40081609.0	466094453.0	3667595.0
49	3.1	29.0	55628840.0	-0.2763114372889201	45070899.0	482740444.0	3798820.0
49	3.1	30.0	53749294.0	-0.26697563131650287	50375331.0	499386750.0	3929730.0
49	3.1	31.0	51925098.0	-0.2579147517681122	55992549.0	516033194.0	4060502.0
49	3.1	32.0	50150028.0	-0.24909788370132446	61915951.0	532679560.0	4191352.0
49	3.1	33.0	48432923.0	-0.24056893090407053	68139619.0	549325505.0	4322623.0
49	3.1	34.0	46767236.0	-0.2322953740755717	74656884.0	565970887.0	4454457.0
49	3.1	35.0	45151221.0	-0.22426854074001312	81462593.0	582617081.0	4585479.0
49	3.1	36.0	43588281.0	-0.21650533378124237	88556831.0	599263861.0	4715915.0
49	3.1	37.0	42086193.0	-0.20904438197612762	95924887.0	615909971.0	4847021.0
49	3.1	38.0	40623784.0	-0.20178051789601645	103557728.0	632556133.0	4978075.0
49	3.1	39.0	39209706.0	-0.19475671648979187	111451745.0	649201791.0	5109633.0
49	3.1	40.0	37841821.0	-0.18796235819657645	119606795.0	665848063.0	5240577.0
49	3.1	41.0	36526644.0	-0.18142980337142944	128008154.0	682494564.0	5371292.0
49	3.1	42.0	35248764.0	-0.1750825047492981	136649214.0	699140908.0	5502164.0
49	3.1	43.0	33995458.0	-0.1688572665055593	145521575.0	715788020.0	5632268.0
49	3.1	44.0	32783270.0	-0.16283626357714334	154630995.0	732434201.0	5763303.0
49	3.1	45.0	31618442.0	-0.15705050031344095	163971757.0	749080094.0	5894626.0
49	3.1	46.0	30508188.0	-0.15153580904006958	173531553.0	765725839.0	6026097.0
49	3.1	47.0	29443424.0	-0.14624706904093424	183296820.0	782371305.0	6157847.0
49	3.1	48.0	28396917.0	-0.14104901254177094	193256249.0	799017521.0	6288847.0
49	3.1	49.0	27357873.0	-0.1358880251646042	203411216.0	815663557.0	6420027.0
49	3.1	50.0	26342520.0	-0.13084471225738525	213766620.0	832310125.0	6550675.0
49	3.1	51.0	25379516.0	-0.12606141964594522	224326526.0	848956736.0	6681280.0
49	3.1	52.0	24480588.0	-0.12159639596939087	235074660.0	865602682.0	6812550.0
49	3.1	53.0	23631566.0	-0.1173792580763499	245996522.0	882248316.0	6944132.0
49	3.1	54.0	22807641.0	-0.11328677833080292	257071790.0	898894583.0	7075081.0
49	3.1	55.0	21984305.0	-0.10919722417990367	268292878.0	915540221.0	7206659.0
49	3.1	56.0	21155995.0	-0.10508296390374501	279667837.0	932186973.0	7337123.0
49	3.1	57.0	20331504.0	-0.10098767280578613	291206996.0	948833456.0	7467856.0
49	3.1	58.0	19544715.0	-0.09707964956760406	302915792.0	965479041.0	7599487.0
49	3.1	59.0	18809403.0	-0.09342731535434723	314791739.0	982125494.0	7730250.0
49	3.1	60.0	18141654.0	-0.09011057019233704	326823305.0	998772437.0	7860523.0
49	3.1	61.0	17528563.0	-0.08706531425317128	338987681.0	1015418155.0	7992021.0
49	3.1	62.0	16950859.0	-0.08419582744439442	351256509.0	1032064042.0	8123350.0
49	3.1	63.0	16372331.0	-0.081322247783343	363628912.0	1048710101.0	8254507.0
49	3.1	64.0	15781319.0	-0.07838665942351024	376102213.0	1065356055.0	8385769.0
49	3.1	65.0	15182713.0	-0.0754133512576421	388681658.0	1082001758.0	8517282.0
49	3.1	66.0	14583277.0	-0.07243592043717702	401377913.0	1098647978.0	8648278.0
49	3.1	67.0	13986139.0	-0.06946990390618642	414202888.0	1115294266.0	8779206.0
49	3.1	68.0	13422343.0	-0.06666949888070424	427159100.0	1131940012.0	8910676.0
49	3.1	69.0	12905425.0	-0.06410193940003713	440249051.0	1148586209.0	9041695.0
49	3.1	70.0	12457734.0	-0.06187823414802551	453459606.0	1165232348.0	9172772.0
49	3.1	71.0	12078886.0	-0.05999647577603658	466769084.0	1181878917.0	9303419.0
49	3.1	72.0	11739891.0	-0.05831266939640045	480155338.0	1198525896.0	9433656.0
49	3.1	73.0	11430598.0	-0.05677639444669088	493598592.0	1215172188.0	9564580.0
49	3.1	74.0	11107794.0	-0.055173009634017944	507087393.0	1231817976.0	9696008.0
49	3.1	75.0	10777310.0	-0.05353147784868876	520629009.0	1248464227.0	9826973.0
49	3.1	76.0	10440217.0	-0.051857118805249534	534219813.0	1265110708.0	9957708.0
49	3.1	77.0	10095902.0	-0.05014688769976298	547871210.0	1281756737.0	10088895.0
49	3.1	78.0	9746193.0	-0.04840986430644989	561582649.0	1298403010.0	10219838.0
49	3.1	79.0	9384142.0	-0.04661153753598531	575360494.0	1315049388.0	10350676.0
49	3.1	80.0	9012677.0	-0.044766450921694435	589213250.0	1331696054.0	10481226.0
49	3.1	81.0	8635346.0	-0.04289222757021586	603145435.0	1348342524.0	10611972.0
49	3.1	82.0	8265762.0	-0.04105648398399353	617160885.0	1364988513.0	10743199.0
49	3.1	83.0	7915231.0	-0.03931537767251333	631268820.0	1381634209.0	10874719.0
49	3.1	84.0	7592751.0	-0.03771360218524933	645467099.0	1398280230.0	11005914.0
49	3.1	85.0	7308468.0	-0.03630155324935913	659757954.0	1414926156.0	11137204.0
49	3.1	86.0	7078243.0	-0.03515801330407461	674126076.0	1431572484.0	11268092.0
49	3.1	87.0	6902426.0	-0.0342847208182017	688556141.0	1448218421.0	11399371.0
49	3.1	88.0	6770243.0	-0.03362816075483958	703027194.0	1464865064.0	11529944.0
49	3.1	89.0	6660797.0	-0.03308453659216563	717525880.0	1481511255.0	11660969.0
49	3.1	90.0	6562975.0	-0.03259864946206411	732038377.0	1498157421.0	11792019.0
49	3.1	91.0	6465459.0	-0.03211428225040436	746562808.0	1514803562.0	11923094.0
49	3.1	92.0	6368914.0	-0.031634738047917686	761102920.0	1531449815.0	12054057.0
49	3.1	93.0	6266069.0	-0.03112390140692393	775656484.0	1548095999.0	12185089.0
49	3.1	94.0	6167515.0	-0.030634378393491108	790223910.0	1564742755.0	12315549.0
49	3.1	95.0	6069765.0	-0.03014884889125824	804805842.0	1581389034.0	12446486.0
49	3.1	96.0	5967727.0	-0.02964202066262563	819400675.0	1598035686.0	12577050.0
49	3.1	97.0	5870363.0	-0.029158408443133037	834012434.0	1614682190.0	12707762.0
49	3.1	98.0	5766413.0	-0.028642083207766216	848637048.0	1631328307.0	12838861.0
49	3.1	99.0	5662162.0	-0.028124262889226277	863276179.0	1647974056.0	12970328.0
49	3.1	100.0	5549942.0	-0.02756686011950175	877930912.0	1664620006.0	13101594.0
50	3.0	1.0	104402532.0	-0.518572986125946	32011.0	16646449.0	130767.0
50	3.0	2.0	103902622.0	-0.5160899062951406	70827.0	33292313.0	262119.0
50	3.0	3.0	103356261.0	-0.5133761018514633	117678.0	49938552.0	393096.0
50	3.0	4.0	102749175.0	-0.5103606730699539	175055.0	66584858.0	524006.0
50	3.0	5.0	102075721.0	-0.5070155908664068	245452.0	83230835.0	655245.0
50	3.0	6.0	101337079.0	-0.5033467163642248	331176.0	99875819.0	787477.0
50	3.0	7.0	100519269.0	-0.49928461015224457	436710.0	116521678.0	918834.0
50	3.0	8.0	99609921.0	-0.49476782977581024	567437.0	133167281.0	1050447.0
50	3.0	9.0	98612796.0	-0.4898150563240051	727938.0	149813252.0	1181692.0
50	3.0	10.0	97512614.0	-0.48435039321581524	925966.0	166458797.0	1313363.0
50	3.0	11.0	96290436.0	-0.4782797694206238	1173739.0	183104941.0	1444435.0
50	3.0	12.0	94955341.0	-0.4716482808192571	1480408.0	199750246.0	1576346.0
50	3.0	13.0	93498249.0	-0.46441082656383514	1861537.0	216396036.0	1707772.0
50	3.0	14.0	91915179.0	-0.4565476328134537	2333945.0	233042295.0	1838729.0
50	3.0	15.0	90212668.0	-0.44809116919835407	2918035.0	249688537.0	1969703.0
50	3.0	16.0	88404774.0	-0.43911126255989075	3634480.0	266334724.0	2100732.0
50	3.0	17.0	86491659.0	-0.4296087175607681	4508630.0	282980940.0	2231732.0
50	3.0	18.0	84504442.0	-0.41973810394605	5565870.0	299626753.0	2363135.0
50	3.0	19.0	82451107.0	-0.40953907867272693	6830229.0	316272957.0	2494147.0
50	3.0	20.0	80374819.0	-0.39922604461510974	8318878.0	332919152.0	2625168.0
50	3.0	21.0	78283964.0	-0.388840655485789	10051784.0	349565681.0	2755855.0
50	3.0	22.0	76191420.0	-0.37844687700271606	12043441.0	366211418.0	2887334.0
50	3.0	23.0	74116305.0	-0.36813966929912567	14303359.0	382857595.0	3018373.0
50	3.0	24.0	72061741.0	-0.35793453951676685	16842923.0	399503802.0	3149382.0
50	3.0	25.0	70048872.0	-0.3479365110397339	19664482.0	416149659.0	3280741.0
50	3.0	26.0	68076608.0	-0.33814016977945965	22773001.0	432795975.0	3411641.0
50	3.0	27.0	66149104.0	-0.3285661538441976	26166106.0	449442143.0	3542689.0
50	3.0	28.0	64258883.0	-0.319177324573199	29842157.0	466088681.0	3673367.0
50	3.0	29.0	62415811.0	-0.31002268691857654	33811383.0	482734680.0	3804584.0
50	3.0	30.0	60623573.0	-0.3011205444733302	38058336.0	499381066.0	3935414.0
50	3.0	31.0	58874816.0	-0.2924343744913737	42585877.0	516026897.0	4066799.0
50	3.0	32.0	57173966.0	-0.2839861611525218	47394873.0	532672714.0	4198198.0
50	3.0	33.0	55512867.0	-0.27573539316654205	52483339.0	549318894.0	4329234.0
50	3.0	34.0	53899436.0	-0.26772139469782513	57842565.0	565965303.0	4460041.0
50	3.0	35.0	52336760.0	-0.25995949904123944	63464395.0	582611002.0	4591558.0
50	3.0	36.0	50818661.0	-0.25241901973883313	69350683.0	599257298.0	4722478.0
50	3.0	37.0	49334343.0	-0.24504633247852325	75498682.0	615903529.0	4853463.0
50	3.0	38.0	47898148.0	-0.23791267474492392	81896677.0	632549778.0	4984430.0
50	3.0	39.0	46504780.0	-0.2309917410214742	88538249.0	649195895.0	5115529.0
50	3.0	40.0	45156387.0	-0.22429420053958893	95426955.0	665842564.0	5246076.0
50	3.0	41.0	43841010.0	-0.21776065230369568	102550778.0	682489021.0	5376835.0
50	3.0	42.0	42557986.0	-0.21138780315717062	109909757.0	699135083.0	5507989.0
50	3.0	43.0	41305702.0	-0.20516764124234518	117493577.0	715781040.0	5639248.0
50	3.0	44.0	40084694.0	-0.19910282890001932	125300748.0	732427136.0	5770368.0
50	3.0	45.0	38904347.0	-0.19323998192946115	133329627.0	749073272.0	5901448.0
50	3.0	46.0	37773166.0	-0.18762134512265524	141574766.0	765719535.0	6032401.0
50	3.0	47.0	36672830.0	-0.1821559170881907	150023365.0	782365656.0	6163496.0
50	3.0	48.0	35587338.0	-0.17676421999931335	158671925.0	799012104.0	6294264.0
50	3.0	49.0	34520916.0	-0.17146724462509155	167509630.0	815657698.0	6425886.0
50	3.0	50.0	33485473.0	-0.16632414360841116	176552531.0	832303627.0	6557173.0
50	3.0	51.0	32489023.0	-0.16137472291787466	185794634.0	848950175.0	6687841.0
50	3.0	52.0	31542625.0	-0.15667391320069632	195227087.0	865597197.0	6818035.0
50	3.0	53.0	30629913.0	-0.15214042365550995	204834650.0	882243397.0	6949051.0
50	3.0	54.0	29737780.0	-0.14770915110905966	214603004.0	898888895.0	7080769.0
50	3.0	55.0	28843099.0	-0.14326522250970206	224532590.0	915535163.0	7211717.0
50	3.0	56.0	27950162.0	-0.1388299564520518	234629666.0	932181341.0	7342755.0
50	3.0	57.0	27081452.0	-0.13451502720514932	244902555.0	948827302.0	7474010.0
50	3.0	58.0	26250644.0	-0.13038835922876993	255351100.0	965473657.0	7604871.0
50	3.0	59.0	25482247.0	-0.12657169004281363	265964752.0	982119490.0	7736254.0
50	3.0	60.0	24767133.0	-0.12301968038082123	276726789.0	998765508.0	7867452.0
50	3.0	61.0	24081819.0	-0.11961568892002106	287617655.0	1015411527.0	7998649.0
50	3.0	62.0	23393589.0	-0.11619721353054047	298624989.0	1032057648.0	8129744.0
50	3.0	63.0	22686924.0	-0.11268717050552368	309756781.0	1048703598.0	8261010.0
50	3.0	64.0	21979046.0	-0.10917110244433086	321018146.0	1065350061.0	8391763.0
50	3.0	65.0	21271721.0	-0.10565778116385142	332416941.0	1081995998.0	8523042.0
50	3.0	66.0	20584638.0	-0.10224500298500061	343960367.0	1098641542.0	8654714.0
50	3.0	67.0	19938553.0	-0.09903586407502492	355651472.0	1115287803.0	8785669.0
50	3.0	68.0	19351450.0	-0.09611969192822774	367484615.0	1131934038.0	8916650.0
50	3.0	69.0	18831616.0	-0.0935376485188802	379439388.0	1148579266.0	9048638.0
50	3.0	70.0	18351896.0	-0.09115485350290935	391494671.0	1165225035.0	9180085.0
50	3.0	71.0	17886463.0	-0.0888430227835973	403633702.0	1181871343.0	9310993.0
50	3.0	72.0	17419258.0	-0.08652239044507344	415848697.0	1198517517.0	9442035.0
50	3.0	73.0	16939034.0	-0.08413709203402202	428138072.0	1215163561.0	9573207.0
50	3.0	74.0	16443931.0	-0.08167788883050282	440509171.0	1231809558.0	9704426.0
50	3.0	75.0	15940513.0	-0.07917738457520802	452969228.0	1248455382.0	9835818.0
50	3.0	76.0	15429025.0	-0.07663679619630177	465527097.0	1265101437.0	9966979.0
50	3.0	77.0	14917290.0	-0.0740949809551239	478188719.0	1281747538.0	10098094.0
50	3.0	78.0	14414556.0	-0.0715978741645813	490962322.0	1298393256.0	10229592.0
50	3.0	79.0	13933922.0	-0.06921053926150005	503851155.0	1315040056.0	10360008.0
50	3.0	80.0	13503637.0	-0.06707329054673512	516857795.0	1331686875.0	10490405.0
50	3.0	81.0	13126078.0	-0.06519793470700581	529966670.0	1348333664.0	10620832.0
50	3.0	82.0	12809264.0	-0.06362430254618327	543160600.0	1364979592.0	10752120.0
50	3.0	83.0	12542504.0	-0.06229929129282633	556421095.0	1381625392.0	10883536.0
50	3.0	84.0	12295024.0	-0.06107004483540853	569727272.0	1398271325.0	11014819.0
50	3.0	85.0	12053295.0	-0.05986936390399933	583067402.0	1414917767.0	11145593.0
50	3.0	86.0	11809615.0	-0.0586589922507604	596444594.0	1431564025.0	11276551.0
50	3.0	87.0	11558819.0	-0.057413275043169655	609857016.0	1448209774.0	11408018.0
50	3.0	88.0	11298577.0	-0.056120639046033226	623308467.0	1464856789.0	11538219.0
50	3.0	89.0	11031300.0	-0.05479305982589722	636798716.0	1481503234.0	11668990.0
50	3.0	90.0	10757543.0	-0.0534332940975825	650330627.0	1498148695.0	11800745.0
50	3.0	91.0	10474758.0	-0.05202868580818176	663908262.0	1514794518.0	11932138.0
50	3.0	92.0	10189082.0	-0.050609717766443886	677539429.0	1531440447.0	12063425.0
50	3.0	93.0	9890019.0	-0.049124255776405334	691219337.0	1548086456.0	12194632.0
50	3.0	94.0	9591067.0	-0.047639345129330955	704957051.0	1564733202.0	12325102.0
50	3.0	95.0	9279392.0	-0.04609123865763346	718758273.0	1581378944.0	12456576.0
50	3.0	96.0	8969732.0	-0.044553140799204506	732623707.0	1598025041.0	12587695.0
50	3.0	97.0	8659056.0	-0.04300999641418457	746562400.0	1614671042.0	12718910.0
50	3.0	98.0	8355028.0	-0.0414998730023702	760573595.0	1631317017.0	12850151.0
50	3.0	99.0	8071683.0	-0.040092483162879944	774664198.0	1647962862.0	12981522.0
50	3.0	100.0	7816021.0	-0.038822596271832786	788834812.0	1664608972.0	13112628.0
51	2.9	1.0	104483796.0	-0.518976628780365	26517.0	16645886.0	131330.0
51	2.9	2.0	104073431.0	-0.5169383237759272	58408.0	33291408.0	263024.0
51	2.9	3.0	103628652.0	-0.5147290825843811	96090.0	49937333.0	394315.0
51	2.9	4.0	103143591.0	-0.5123197585344315	141214.0	66582950.0	525914.0
51	2.9	5.0	102606388.0	-0.5096514423688253	195741.0	83229611.0	656469.0
51	2.9	6.0	102015647.0	-0.5067172000805537	261836.0	99875538.0	787758.0
51	2.9	7.0	101368290.0	-0.5035017430782318	341639.0	116521263.0	919249.0
51	2.9	8.0	100660929.0	-0.49998824298381805	437883.0	133167584.0	1050144.0
51	2.9	9.0	99876691.0	-0.49609289069970447	554793.0	149813856.0	1181088.0
51	2.9	10.0	99018517.0	-0.4918302943309148	696924.0	166459889.0	1312271.0
51	2.9	11.0	98074743.0	-0.48714251816272736	870277.0	183105059.0	1444317.0
51	2.9	12.0	97037156.0	-0.4819887677828471	1082163.0	199751029.0	1575563.0
51	2.9	13.0	95908181.0	-0.4763810882965724	1341628.0	216397109.0	1706699.0
51	2.9	14.0	94677683.0	-0.47026913861433667	1659125.0	233043309.0	1837715.0
51	2.9	15.0	93347085.0	-0.46365998685359955	2046734.0	249689559.0	1968681.0
51	2.9	16.0	91916014.0	-0.4565517803033193	2519751.0	266336016.0	2099440.0
51	2.9	17.0	90381881.0	-0.4489316592613856	3096221.0	282982383.0	2230289.0
51	2.9	18.0	88752554.0	-0.4408387045065562	3794527.0	299628879.0	2361009.0
51	2.9	19.0	87052616.0	-0.4323950211207072	4633112.0	316275227.0	2491877.0
51	2.9	20.0	85295134.0	-0.42366551359494525	5634623.0	332921145.0	2623175.0
51	2.9	21.0	83492454.0	-0.41471150517463684	6812071.0	349567457.0	2754079.0
51	2.9	22.0	81661500.0	-0.4056170582771301	8189484.0	366213568.0	2885184.0
51	2.9	23.0	79811821.0	-0.39642960329850513	9778131.0	382859799.0	3016169.0
51	2.9	24.0	77962922.0	-0.3872460226217906	11589272.0	399505747.0	3147437.0
51	2.9	25.0	76127161.0	-0.37812769909699756	13633536.0	416151916.0	3278484.0
51	2.9	26.0	74312236.0	-0.3691128691037496	15918550.0	432798332.0	3409284.0
51	2.9	27.0	72521852.0	-0.36021993557612103	18446578.0	449444537.0	3540295.0
51	2.9	28.0	70762351.0	-0.3514803995688756	21221815.0	466090845.0	3671203.0
51	2.9	29.0	69037329.0	-0.34291212260723114	24249061.0	482737178.0	3802086.0
51	2.9	30.0	67349117.0	-0.3345266828934352	27524445.0	499383363.0	3933117.0
51	2.9	31.0	65684867.0	-0.3262602637211482	31046469.0	516028899.0	4064797.0
51	2.9	32.0	64070179.0	-0.318240021665891	34820738.0	532675349.0	4195563.0
51	2.9	33.0	62498216.0	-0.3104319969813029	38843105.0	549321556.0	4326572.0
51	2.9	34.0	60957400.0	-0.302778681119283	43111471.0	565966807.0	4458537.0
51	2.9	35.0	59446541.0	-0.29527416328589123	47623040.0	582612449.0	4590111.0
51	2.9	36.0	57982644.0	-0.2880029082298279	52371983.0	599258330.0	4721446.0
51	2.9	37.0	56551368.0	-0.2808936834335327	57361452.0	615904488.0	4852504.0
51	2.9	38.0	55155188.0	-0.27395878235499066	62579567.0	632550336.0	4983872.0
51	2.9	39.0	53798047.0	-0.2672177900870641	68028612.0	649196186.0	5115238.0
51	2.9	40.0	52479332.0	-0.26066766182581586	73707089.0	665841783.0	5246857.0
51	2.9	41.0	51191896.0	-0.25427289803822833	79607593.0	682487522.0	5378334.0
51	2.9	42.0	49943647.0	-0.24807277818520865	85723032.0	699133434.0	5509638.0
51	2.9	43.0	48720570.0	-0.24199768900871277	92052049.0	715779995.0	5640293.0
51	2.9	44.0	47532805.0	-0.23609799643357596	98590300.0	732426676.0	5770828.0
51	2.9	45.0	46372083.0	-0.2303326278924942	105334219.0	749072477.0	5902243.0
51	2.9	46.0	45245284.0	-0.22473575671513876	112282694.0	765717938.0	6033998.0
51	2.9	47.0	44137601.0	-0.2192338357369105	119430861.0	782363893.0	6165259.0
51	2.9	48.0	43056573.0	-0.2138643115758896	126771501.0	799010508.0	6295860.0
51	2.9	49.0	41994902.0	-0.2085909346739451	134297311.0	815657270.0	6426314.0
51	2.9	50.0	40956288.0	-0.2034320831298828	142016919.0	832303413.0	6557387.0
51	2.9	51.0	39964102.0	-0.1985038419564565	149928979.0	848949187.0	6688829.0
51	2.9	52.0	38996153.0	-0.19369598726431528	158023984.0	865595786.0	6819446.0
51	2.9	53.0	38060231.0	-0.18904721240202585	166289755.0	882241757.0	6950691.0
51	2.9	54.0	37131011.0	-0.18443172673384348	174720788.0	898888467.0	7081197.0
51	2.9	55.0	36210935.0	-0.17986165980497995	183311963.0	915534531.0	7212349.0
51	2.9	56.0	35302184.0	-0.1753478447596232	192072130.0	932180525.0	7343571.0
51	2.9	57.0	34419121.0	-0.17096162339051565	201003969.0	948826487.0	7474825.0
51	2.9	58.0	33567134.0	-0.1667297581831614	210114635.0	965472529.0	7605999.0
51	2.9	59.0	32769307.0	-0.16276690860589346	219388163.0	982118766.0	7736978.0
51	2.9	60.0	32005601.0	-0.15897353986899057	228803784.0	998764920.0	7868040.0
51	2.9	61.0	31257447.0	-0.1552574187517166	238353198.0	1015411092.0	7999084.0
51	2.9	62.0	30507655.0	-0.15153316160043082	248032587.0	1032057238.0	8130154.0
51	2.9	63.0	29749385.0	-0.14776679376761118	257846340.0	1048702937.0	8261671.0
51	2.9	64.0	28994116.0	-0.14401533206303915	267795200.0	1065349010.0	8392814.0
51	2.9	65.0	28252589.0	-0.14033212761084238	277899012.0	1081994511.0	8524529.0
51	2.9	66.0	27540054.0	-0.13679292798042297	288155609.0	1098641058.0	8655198.0
51	2.9	67.0	26874097.0	-0.13348508377869925	298558180.0	1115286570.0	8786902.0
51	2.9	68.0	26258229.0	-0.13042603433132172	309095675.0	1131932707.0	8917981.0
51	2.9	69.0	25690038.0	-0.12760379910469055	319749435.0	1148578657.0	9049247.0
51	2.9	70.0	25133527.0	-0.12483957906564076	330497445.0	1165225114.0	9180006.0
51	2.9	71.0	24572175.0	-0.12205131351947784	341336514.0	1181871302.0	9311034.0
51	2.9	72.0	23998685.0	-0.11920275787512462	352268018.0	1198517422.0	9442130.0
51	2.9	73.0	23417248.0	-0.11631472905476888	363300359.0	1215164123.0	9572645.0
51	2.9	74.0	22815239.0	-0.1133245180050532	374438687.0	1231810715.0	9703269.0
51	2.9	75.0	22208554.0	-0.11031108101209004	385695002.0	1248457072.0	9834128.0
51	2.9	76.0	21614553.0	-0.10736064612865448	397071160.0	1265103653.0	9964763.0
51	2.9	77.0	21042823.0	-0.1045208324988683	408576252.0	1281749567.0	10096065.0
51	2.9	78.0	20512918.0	-0.10188876589139302	420212312.0	1298395801.0	10227047.0
51	2.9	79.0	20037522.0	-0.09952744841575623	431965119.0	1315041936.0	10358128.0
51	2.9	80.0	19614599.0	-0.09742676715056102	443818430.0	1331688120.0	10489160.0
51	2.9	81.0	19225886.0	-0.09549600879351298	455752029.0	1348334858.0	10619638.0
51	2.9	82.0	18859782.0	-0.09367755055427551	467751937.0	1364981170.0	10750542.0
51	2.9	83.0	18491105.0	-0.09184631208578746	479806318.0	1381627356.0	10881572.0
51	2.9	84.0	18109454.0	-0.08995063106218974	491916057.0	1398273387.0	11012757.0
51	2.9	85.0	17719213.0	-0.0880122830470403	504089224.0	1414919531.0	11143829.0
51	2.9	86.0	17317309.0	-0.08601600428422292	516325824.0	1431565564.0	11275012.0
51	2.9	87.0	16908395.0	-0.08398490647474925	528632740.0	1448211499.0	11406293.0
51	2.9	88.0	16493502.0	-0.08192411065101624	541009161.0	1464856888.0	11538120.0
51	2.9	89.0	16069156.0	-0.0798163612683614	553470903.0	1481503323.0	11668901.0
51	2.9	90.0	15637075.0	-0.07767019172509511	566016392.0	1498149664.0	11799776.0
51	2.9	91.0	15209361.0	-0.07554571330547333	578658302.0	1514795967.0	11930689.0
51	2.9	92.0	14796883.0	-0.07349691291650136	591397463.0	1531442928.0	12060944.0
51	2.9	93.0	14409929.0	-0.07157489160696666	604234373.0	1548089097.0	12191991.0
51	2.9	94.0	14061376.0	-0.06984361012776692	617166074.0	1564734932.0	12323372.0
51	2.9	95.0	13756796.0	-0.06833074490229289	630186475.0	1581381012.0	12454508.0
51	2.9	96.0	13509354.0	-0.06710168719291687	643278919.0	1598026908.0	12585828.0
51	2.9	97.0	13298635.0	-0.06605503459771474	656421935.0	1614672776.0	12717176.0
51	2.9	98.0	13111896.0	-0.06512749195098877	669603432.0	1631319071.0	12848097.0
51	2.9	99.0	12929300.0	-0.0642205278078715	682811068.0	1647965431.0	12978953.0
51	2.9	100.0	12746416.0	-0.06331213315327962	696044205.0	1664611435.0	13110165.0
52	2.8	1.0	104552265.0	-0.5193167179822922	21821.0	16645760.0	131456.0
52	2.8	2.0	104214085.0	-0.5176369597514471	48056.0	33292197.0	262235.0
52	2.8	3.0	103848833.0	-0.5158227334419886	78788.0	49938661.0	392987.0
52	2.8	4.0	103455067.0	-0.5138668765624365	114798.0	66585037.0	523827.0
52	2.8	5.0	103019728.0	-0.5117045243581136	157997.0	83231169.0	654911.0
52	2.8	6.0	102551101.0	-0.5093768288691839	208605.0	99877093.0	786203.0
52	2.8	7.0	102042146.0	-0.5068488220373789	268581.0	116522957.0	917555.0
52	2.8	8.0	101486886.0	-0.504090815782547	339866.0	133169345.0	1048383.0
52	2.8	9.0	100881997.0	-0.5010862996180853	424697.0	149815511.0	1179433.0
52	2.8	10.0	100216701.0	-0.49778173863887787	526934.0	166461561.0	1310599.0
52	2.8	11.0	99489349.0	-0.494168942173322	649431.0	183108355.0	1441021.0
52	2.8	12.0	98702235.0	-0.4902593046426773	795927.0	199754071.0	1572521.0
52	2.8	13.0	97841951.0	-0.48598622779051465	972174.0	216400486.0	1703322.0
52	2.8	14.0	96906141.0	-0.4813380092382431	1184483.0	233046269.0	1834755.0
52	2.8	15.0	95887743.0	-0.4762795716524124	1440671.0	249692760.0	1965480.0
52	2.8	16.0	94789014.0	-0.47082212567329407	1749994.0	266338512.0	2096944.0
52	2.8	17.0	93605631.0	-0.4649441987276077	2123194.0	282984709.0	2227963.0
52	2.8	18.0	92339886.0	-0.4586571753025055	2572771.0	299630288.0	2359600.0
52	2.8	19.0	90995659.0	-0.4519803275664647	3112055.0	316275652.0	2491452.0
52	2.8	20.0	89578208.0	-0.4449397722880046	3756513.0	332921696.0	2622624.0
52	2.8	21.0	88100283.0	-0.4375988394021988	4522588.0	349567790.0	2753746.0
52	2.8	22.0	86568932.0	-0.42999253670374554	5425797.0	366214413.0	2884339.0
52	2.8	23.0	85001734.0	-0.42220818003018695	6479288.0	382860670.0	3015298.0
52	2.8	24.0	83398854.0	-0.4142465889453888	7699926.0	399506663.0	3146521.0
52	2.8	25.0	81792344.0	-0.4062669674555461	9096750.0	416152689.0	3277711.0
52	2.8	26.0	80173772.0	-0.3982274333635966	10682080.0	432799320.0	3408296.0
52	2.8	27.0	78563415.0	-0.3902287036180496	12462651.0	449445296.0	3539536.0
52	2.8	28.0	76962483.0	-0.38227678835392	14449550.0	466090634.0	3671414.0
52	2.8	29.0	75380924.0	-0.3744210998217265	16642389.0	482736701.0	3802563.0
52	2.8	30.0	73813728.0	-0.3666367530822754	19046879.0	499382700.0	3933780.0
52	2.8	31.0	72272866.0	-0.3589832087357839	21668675.0	516028945.0	4064751.0
52	2.8	32.0	70749494.0	-0.35141653815905255	24503642.0	532675917.0	4194995.0
52	2.8	33.0	69267227.0	-0.34405403832594555	27552351.0	549322860.0	4325268.0
52	2.8	34.0	67812751.0	-0.3368295778830846	30819233.0	565969718.0	4455626.0
52	2.8	35.0	66391727.0	-0.3297712753216426	34300618.0	582615966.0	4586594.0
52	2.8	36.0	65000934.0	-0.3228631317615509	37996404.0	599262228.0	4717548.0
52	2.8	37.0	63639895.0	-0.3161027779181798	41902438.0	615908372.0	4848620.0
52	2.8	38.0	62301073.0	-0.30945277710755664	46024773.0	632554311.0	4979897.0
52	2.8	39.0	60994925.0	-0.30296506981054944	50351844.0	649200755.0	5110669.0
52	2.8	40.0	59719701.0	-0.29663096368312836	54890473.0	665847055.0	5241585.0
52	2.8	41.0	58476361.0	-0.2904552270968755	59628749.0	682492526.0	5373330.0
52	2.8	42.0	57257242.0	-0.28439979751904804	64571060.0	699138547.0	5504525.0
52	2.8	43.0	56070311.0	-0.27850424746672314	69709064.0	715784422.0	5635866.0
52	2.8	44.0	54904950.0	-0.27271583676338196	75042721.0	732430544.0	5766960.0
52	2.8	45.0	53768639.0	-0.26707171897093457	80571030.0	749076745.0	5897975.0
52	2.8	46.0	52662768.0	-0.2615787982940674	86290497.0	765722756.0	6029180.0
52	2.8	47.0	51587064.0	-0.2562357187271118	92190838.0	782368899.0	6160253.0
52	2.8	48.0	50529964.0	-0.250985046227773	98273238.0	799015597.0	6290771.0
52	2.8	49.0	49492020.0	-0.2458295226097107	104536234.0	815661966.0	6421618.0
52	2.8	50.0	48477562.0	-0.24079065521558127	110980448.0	832307879.0	6552921.0
52	2.8	51.0	47494162.0	-0.235906054576238	117602701.0	848953893.0	6684123.0
52	2.8	52.0	46535880.0	-0.2311462163925171	124401361.0	865600005.0	6815227.0
52	2.8	53.0	45602041.0	-0.22650778790314993	131363793.0	882246367.0	6946081.0
52	2.8	54.0	44684855.0	-0.2219520757595698	138485367.0	898892539.0	7077125.0
52	2.8	55.0	43773063.0	-0.21742315590381622	145764297.0	915538536.0	7208344.0
52	2.8	56.0	42873430.0	-0.21295463045438132	153206175.0	932184293.0	7339803.0
52	2.8	57.0	41998212.0	-0.20860737562179565	160816092.0	948830587.0	7470725.0
52	2.8	58.0	41152147.0	-0.2044049253066381	168586169.0	965476498.0	7602030.0
52	2.8	59.0	40341743.0	-0.20037960509459177	176511589.0	982123314.0	7732430.0
52	2.8	60.0	39559472.0	-0.19649402300516763	184574850.0	998769249.0	7863711.0
52	2.8	61.0	38786951.0	-0.1926568696896235	192771713.0	1015415542.0	7994634.0
52	2.8	62.0	38014724.0	-0.18882117668787637	201106307.0	1032062059.0	8125333.0
52	2.8	63.0	37242484.0	-0.18498541911443075	209574804.0	1048708087.0	8256521.0
52	2.8	64.0	36470791.0	-0.18115237851937613	218180066.0	1065353574.0	8388250.0
52	2.8	65.0	35714444.0	-0.17739556233088175	226935555.0	1081999972.0	8519068.0
52	2.8	66.0	34986553.0	-0.17378008862336478	235842071.0	1098645873.0	8650383.0
52	2.8	67.0	34297781.0	-0.1703589210907618	244890700.0	1115292157.0	8781315.0
52	2.8	68.0	33648488.0	-0.16713384787241617	254067508.0	1131938618.0	8912070.0
52	2.8	69.0	33026176.0	-0.16404279073079428	263364018.0	1148585135.0	9042769.0
52	2.8	70.0	32408259.0	-0.16097356379032135	272764892.0	1165231356.0	9173764.0
52	2.8	71.0	31790615.0	-0.15790569285551706	282268429.0	1181877640.0	9304696.0
52	2.8	72.0	31158075.0	-0.1547638326883316	291874886.0	1198523636.0	9435916.0
52	2.8	73.0	30519088.0	-0.15158994992574057	301595134.0	1215169941.0	9566827.0
52	2.8	74.0	29882309.0	-0.14842703441778818	311438040.0	1231816651.0	9697333.0
52	2.8	75.0	29247136.0	-0.14527209599812826	321407863.0	1248462520.0	9828680.0
52	2.8	76.0	28638668.0	-0.14224980274836221	331505602.0	1265108644.0	9959772.0
52	2.8	77.0	28065899.0	-0.13940482834974924	341739435.0	1281754734.0	10090898.0
52	2.8	78.0	27533561.0	-0.13676067690054575	352090401.0	1298401165.0	10221683.0
52	2.8	79.0	27047655.0	-0.13434715569019318	362543539.0	1315047586.0	10352478.0
52	2.8	80.0	26590669.0	-0.1320772816737493	373084106.0	1331693581.0	10483699.0
52	2.8	81.0	26143091.0	-0.1298541376988093	383702436.0	1348339587.0	10614909.0
52	2.8	82.0	25694630.0	-0.1276266078154246	394390301.0	1364985409.0	10746303.0
52	2.8	83.0	25235710.0	-0.12534712751706442	405147215.0	1381631507.0	10877421.0
52	2.8	84.0	24764884.0	-0.12300850947697957	415981956.0	1398277903.0	11008241.0
52	2.8	85.0	24275991.0	-0.12058015167713165	426893024.0	1414923973.0	11139387.0
52	2.8	86.0	23782209.0	-0.11812750995159149	437895665.0	1431569937.0	11270639.0
52	2.8	87.0	23283875.0	-0.11565225819746654	448989649.0	1448215828.0	11401964.0
52	2.8	88.0	22784508.0	-0.11317187547683716	460185176.0	1464861699.0	11533309.0
52	2.8	89.0	22285350.0	-0.11069253087043762	471485801.0	1481508276.0	11663948.0
52	2.8	90.0	21814079.0	-0.10835170249144237	482897781.0	1498154443.0	11794997.0
52	2.8	91.0	21372750.0	-0.10615959763526917	494414595.0	1514799861.0	11926795.0
52	2.8	92.0	20978735.0	-0.10420250395933787	506034071.0	1531446254.0	12057618.0
52	2.8	93.0	20636255.0	-0.10250138739744823	517740221.0	1548092278.0	12188810.0
52	2.8	94.0	20327706.0	-0.10096880793571472	529516338.0	1564738222.0	12320082.0
52	2.8	95.0	20041633.0	-0.09954786797364552	541348706.0	1581384281.0	12451239.0
52	2.8	96.0	19762449.0	-0.09816114604473114	553225913.0	1598030287.0	12582449.0
52	2.8	97.0	19481683.0	-0.09676656623681386	565141263.0	1614676901.0	12713051.0
52	2.8	98.0	19193445.0	-0.09533487260341644	577097582.0	1631322966.0	12844202.0
52	2.8	99.0	18898121.0	-0.09386798242727916	589097270.0	1647968680.0	12975704.0
52	2.8	100.0	18599456.0	-0.09238449732462566	601141104.0	1664614187.0	13107413.0
53	2.7	1.0	104607628.0	-0.5195917089780172	17956.0	16646223.0	130993.0
53	2.7	2.0	104336174.0	-0.5182433823744456	39068.0	33292436.0	261996.0
53	2.7	3.0	104044065.0	-0.5167924612760544	63537.0	49937787.0	393861.0
53	2.7	4.0	103732179.0	-0.5152433067560196	91580.0	66584034.0	524830.0
53	2.7	5.0	103391485.0	-0.513551061352094	124403.0	83230894.0	655186.0
53	2.7	6.0	103025517.0	-0.511733278632164	162637.0	99877579.0	785717.0
53	2.7	7.0	102623047.0	-0.5097341885169347	207991.0	116523286.0	917226.0
53	2.7	8.0	102194070.0	-0.5076034367084503	260298.0	133169845.0	1047883.0
53	2.7	9.0	101731253.0	-0.5053045998016993	321587.0	149815873.0	1179071.0
53	2.7	10.0	101228071.0	-0.5028052677710851	393578.0	166461848.0	1310312.0
53	2.7	11.0	100680517.0	-0.5000855376323065	478769.0	183108079.0	1441297.0
53	2.7	12.0	100088960.0	-0.4971472422281901	578953.0	199754469.0	1572123.0
53	2.7	13.0	99443789.0	-0.4939426432053248	697427.0	216400500.0	1703308.0
53	2.7	14.0	98747377.0	-0.49048352738221485	837172.0	233047056.0	1833968.0
53	2.7	15.0	97991922.0	-0.4867311418056488	1003805.0	249693767.0	1964473.0
53	2.7	16.0	97179236.0	-0.48269448677698773	1201052.0	266340364.0	2095092.0
53	2.7	17.0	96302856.0	-0.4783414602279663	1435223.0	282986797.0	2225875.0
53	2.7	18.0	95365836.0	-0.47368723154067993	1713710.0	299632317.0	2357571.0
53	2.7	19.0	94355243.0	-0.4686675618092219	2045720.0	316278282.0	2488822.0
53	2.7	20.0	93278703.0	-0.463320329785347	2439310.0	332923989.0	2620331.0
53	2.7	21.0	92137847.0	-0.4576536367336909	2905085.0	349569945.0	2751591.0
53	2.7	22.0	90933907.0	-0.45167360206445056	3455088.0	366216222.0	2882530.0
53	2.7	23.0	89673205.0	-0.4454116274913152	4102331.0	382862617.0	3013351.0
53	2.7	24.0	88363913.0	-0.43890830377737683	4859338.0	399508348.0	3144836.0
53	2.7	25.0	87018168.0	-0.432223916053772	5740815.0	416154749.0	3275651.0
53	2.7	26.0	85637984.0	-0.4253684679667155	6753522.0	432801122.0	3406494.0
53	2.7	27.0	84243537.0	-0.41844217479228973	7913666.0	449447467.0	3537365.0
53	2.7	28.0	82838915.0	-0.4114653418461482	9226476.0	466093510.0	3668538.0
53	2.7	29.0	81434597.0	-0.40449001888434094	10702398.0	482739707.0	3799557.0
53	2.7	30.0	80035917.0	-0.39754270017147064	12345865.0	499386486.0	3929994.0
53	2.7	31.0	78635031.0	-0.39058442413806915	14163710.0	516032249.0	4061447.0
53	2.7	32.0	77255140.0	-0.3837304313977559	16158431.0	532678376.0	4192536.0
53	2.7	33.0	75887530.0	-0.3769374390443166	18331489.0	549324460.0	4323668.0
53	2.7	34.0	74541513.0	-0.37025170028209686	20689959.0	565970837.0	4454507.0
53	2.7	35.0	73217574.0	-0.36367562413215637	23233226.0	582617360.0	4585200.0
53	2.7	36.0	71915012.0	-0.3572057286898295	25960494.0	599263398.0	4716378.0
53	2.7	37.0	70629917.0	-0.350822592775027	28875361.0	615909827.0	4847165.0
53	2.7	38.0	69373204.0	-0.34458043177922565	31971765.0	632555342.0	4978866.0
53	2.7	39.0	68134778.0	-0.33842910329500836	35257104.0	649201480.0	5109944.0
53	2.7	40.0	66929911.0	-0.3324444641669591	38725606.0	665847951.0	5240689.0
53	2.7	41.0	65744732.0	-0.3265576163927714	42373087.0	682494316.0	5371540.0
53	2.7	42.0	64580851.0	-0.3207765569289525	46203377.0	699140857.0	5502215.0
53	2.7	43.0	63437458.0	-0.31509726246198017	50214478.0	715787782.0	5632506.0
53	2.7	44.0	62322865.0	-0.30956101914246875	54400588.0	732434232.0	5763272.0
53	2.7	45.0	61230261.0	-0.30413399636745453	58761701.0	749080491.0	5894229.0
53	2.7	46.0	60163217.0	-0.2988339314858119	63296807.0	765726637.0	6025299.0
53	2.7	47.0	59126278.0	-0.29368339975674945	68006693.0	782373184.0	6155968.0
53	2.7	48.0	58103113.0	-0.28860128422578174	72882763.0	799018926.0	6287442.0
53	2.7	49.0	57102828.0	-0.2836328148841858	77924238.0	815665032.0	6418552.0
53	2.7	50.0	56117108.0	-0.278736690680186	83134339.0	832311629.0	6549171.0
53	2.7	51.0	55158673.0	-0.27397609253724414	88506102.0	848957457.0	6680559.0
53	2.7	52.0	54221559.0	-0.26932139694690704	94040702.0	865603576.0	6811656.0
53	2.7	53.0	53305789.0	-0.2647727181514104	99730134.0	882249646.0	6942802.0
53	2.7	54.0	52406928.0	-0.26030802726745605	105571192.0	898896213.0	7073451.0
53	2.7	55.0	51521791.0	-0.2559115042289098	111563041.0	915542379.0	7204501.0
53	2.7	56.0	50644353.0	-0.2515532225370407	117703017.0	932188883.0	7335213.0
53	2.7	57.0	49789717.0	-0.24730819960435232	123994070.0	948834716.0	7466596.0
53	2.7	58.0	48953564.0	-0.2431549827257792	130438732.0	965481118.0	7597410.0
53	2.7	59.0	48141030.0	-0.23911908268928528	137031128.0	982127157.0	7728587.0
53	2.7	60.0	47351865.0	-0.23519925773143768	143764509.0	998773638.0	7859322.0
53	2.7	61.0	46578355.0	-0.23135719199975333	150628387.0	1015420077.0	7990099.0
53	2.7	62.0	45815164.0	-0.22756638129552206	157624740.0	1032066507.0	8120885.0
53	2.7	63.0	45053713.0	-0.22378421326478323	164750557.0	1048712138.0	8252470.0
53	2.7	64.0	44290439.0	-0.21999299029509226	172009915.0	1065357907.0	8383917.0
53	2.7	65.0	43543492.0	-0.21628286441167197	179407711.0	1082003513.0	8515527.0
53	2.7	66.0	42817500.0	-0.21267682313919067	186946437.0	1098650060.0	8646196.0
53	2.7	67.0	42120863.0	-0.20921658972899118	194616926.0	1115295776.0	8777696.0
53	2.7	68.0	41456912.0	-0.2059187094370524	202418729.0	1131941308.0	8909380.0
53	2.7	69.0	40813669.0	-0.20272368689378104	210334735.0	1148587316.0	9040588.0
53	2.7	70.0	40184210.0	-0.19959713021914163	218359776.0	1165233270.0	9171850.0
53	2.7	71.0	39551567.0	-0.19645475844542185	226484613.0	1181879554.0	9302782.0
53	2.7	72.0	38907819.0	-0.19325722754001617	234719261.0	1198526111.0	9433441.0
53	2.7	73.0	38263070.0	-0.19005472461382547	243064586.0	1215172756.0	9564012.0
53	2.7	74.0	37619036.0	-0.18685577313105264	251529747.0	1231819613.0	9694371.0
53	2.7	75.0	36982969.0	-0.18369639416535696	260114244.0	1248465684.0	9825516.0
53	2.7	76.0	36363200.0	-0.1806179682413737	268823372.0	1265111942.0	9956474.0
53	2.7	77.0	35778775.0	-0.1777150978644689	277660311.0	1281757563.0	10088069.0
53	2.7	78.0	35224425.0	-0.1749616116285324	286613798.0	1298404678.0	10218170.0
53	2.7	79.0	34706675.0	-0.17238991955916086	295671574.0	1315051287.0	10348777.0
53	2.7	80.0	34206908.0	-0.16990755001703897	304820029.0	1331697856.0	10479424.0
53	2.7	81.0	33721318.0	-0.1674955983956655	314051447.0	1348343791.0	10610705.0
53	2.7	82.0	33223149.0	-0.1650211662054062	323360502.0	1364990475.0	10741237.0
53	2.7	83.0	32718418.0	-0.16251414020856222	332746764.0	1381637135.0	10871793.0
53	2.7	84.0	32202466.0	-0.15995137890179953	342216351.0	1398283823.0	11002321.0
53	2.7	85.0	31673499.0	-0.15732397139072418	351776049.0	1414929816.0	11133544.0
53	2.7	86.0	31141198.0	-0.15468000372250876	361429970.0	1431575498.0	11265078.0
53	2.7	87.0	30607930.0	-0.15203123291333517	371187159.0	1448221568.0	11396224.0
53	2.7	88.0	30081203.0	-0.1494149516026179	381052979.0	1464867253.0	11527755.0
53	2.7	89.0	29566221.0	-0.14685700833797455	391027197.0	1481513613.0	11658611.0
53	2.7	90.0	29075653.0	-0.14442033072312674	401117974.0	1498159499.0	11789941.0
53	2.7	91.0	28629368.0	-0.1422036091486613	411313080.0	1514805351.0	11921305.0
53	2.7	92.0	28225906.0	-0.14019959171613058	421602567.0	1531451177.0	12052695.0
53	2.7	93.0	27851088.0	-0.1383378505706787	431971673.0	1548097784.0	12183304.0
53	2.7	94.0	27500382.0	-0.13659587502479553	442407938.0	1564743787.0	12314517.0
53	2.7	95.0	27156321.0	-0.13488690555095673	452897728.0	1581389750.0	12445770.0
53	2.7	96.0	26802044.0	-0.13312719265619913	463437478.0	1598035981.0	12576755.0
53	2.7	97.0	26440882.0	-0.13133328159650168	474028112.0	1614682799.0	12707153.0
53	2.7	98.0	26069564.0	-0.12948892513910928	484672778.0	1631328313.0	12838855.0
53	2.7	99.0	25687358.0	-0.1275904874006907	495381225.0	1647974522.0	12969862.0
53	2.7	100.0	25299381.0	-0.1256633847951889	506147257.0	1664620944.0	13100656.0
54	2.6	1.0	104658125.0	-0.5198425302902857	14501.0	16645936.0	131280.0
54	2.6	2.0	104441952.0	-0.5187687873840332	31325.0	33291518.0	262914.0
54	2.6	3.0	104212941.0	-0.5176312774419785	50343.0	49938162.0	393486.0
54	2.6	4.0	103966155.0	-0.5164054781198502	72230.0	66584099.0	524765.0
54	2.6	5.0	103701176.0	-0.5150893131891886	97338.0	83230373.0	655707.0
54	2.6	6.0	103416130.0	-0.5136734743913015	126303.0	99876510.0	786786.0
54	2.6	7.0	103111500.0	-0.5121603608131409	159463.0	116522709.0	917803.0
54	2.6	8.0	102784374.0	-0.5105355083942413	197465.0	133168573.0	1049155.0
54	2.6	9.0	102434896.0	-0.5087996323903402	241336.0	149814274.0	1180670.0
54	2.6	10.0	102056778.0	-0.5069214999675751	292193.0	166460606.0	1311554.0
54	2.6	11.0	101647116.0	-0.5048866868019104	351187.0	183106716.0	1442660.0
54	2.6	12.0	101207995.0	-0.5027055492003759	419478.0	199752715.0	1573877.0
54	2.6	13.0	100735128.0	-0.5003567934036255	498720.0	216399306.0	1704502.0
54	2.6	14.0	100225345.0	-0.49782467385133106	590461.0	233045606.0	1835418.0
54	2.6	15.0	99680653.0	-0.4951191594203313	697390.0	249692314.0	1965926.0
54	2.6	16.0	99087684.0	-0.49217385053634644	822619.0	266338452.0	2097004.0
54	2.6	17.0	98451888.0	-0.4890158176422119	968972.0	282984267.0	2228405.0
54	2.6	18.0	97767069.0	-0.48561428487300873	1140175.0	299629965.0	2359923.0
54	2.6	19.0	97030932.0	-0.4819578528404236	1340860.0	316276126.0	2490978.0
54	2.6	20.0	96244888.0	-0.4780535300572713	1576229.0	332922032.0	2622288.0
54	2.6	21.0	95405952.0	-0.47388648986816406	1851653.0	349568068.0	2753468.0
54	2.6	22.0	94518674.0	-0.46947933236757916	2174957.0	366213833.0	2884919.0
54	2.6	23.0	93565922.0	-0.46474696199099225	2554717.0	382859551.0	3016417.0
54	2.6	24.0	92571352.0	-0.4598068793614705	2997273.0	399506087.0	3147097.0
54	2.6	25.0	91522414.0	-0.45459674795468646	3514168.0	416151543.0	3278857.0
54	2.6	26.0	90429022.0	-0.44916581114133197	4114178.0	432797084.0	3410532.0
54	2.6	27.0	89295493.0	-0.443535511692365	4807917.0	449442963.0	3541869.0
54	2.6	28.0	88142063.0	-0.4378063629070918	5602850.0	466089793.0	3672255.0
54	2.6	29.0	86961592.0	-0.4319429000218709	6511090.0	482735994.0	3803270.0
54	2.6	30.0	85759574.0	-0.42597241202990216	7540567.0	499382191.0	3934289.0
54	2.6	31.0	84549248.0	-0.4199606577555339	8699591.0	516028220.0	4065476.0
54	2.6	32.0	83335671.0	-0.41393275558948517	9990091.0	532673725.0	4197187.0
54	2.6	33.0	82125870.0	-0.4079236090183258	11424088.0	549319240.0	4328888.0
54	2.6	34.0	80920733.0	-0.40193762878576916	13002797.0	565965214.0	4460130.0
54	2.6	35.0	79717566.0	-0.3959614336490631	14730116.0	582610793.0	4591767.0
54	2.6	36.0	78525114.0	-0.39003846049308777	16610239.0	599257060.0	4722716.0
54	2.6	37.0	77349359.0	-0.38419842223326367	18643537.0	615902693.0	4854299.0
54	2.6	38.0	76191855.0	-0.3784490376710892	20831361.0	632549426.0	4984782.0
54	2.6	39.0	75050053.0	-0.3727776457866033	23175873.0	649195094.0	5116330.0
54	2.6	40.0	73920078.0	-0.3671649992465973	25677492.0	665841451.0	5247189.0
54	2.6	41.0	72811898.0	-0.3616606096426646	28333818.0	682487452.0	5378404.0
54	2.6	42.0	71721387.0	-0.3562439829111099	31149625.0	699133658.0	5509414.0
54	2.6	43.0	70651813.0	-0.3509313513835271	34122811.0	715779836.0	5640452.0
54	2.6	44.0	69596023.0	-0.3456871857245763	37251090.0	732426105.0	5771399.0
54	2.6	45.0	68559493.0	-0.34053868552049	40536651.0	749072682.0	5902038.0
54	2.6	46.0	67549182.0	-0.3355204164981842	43975258.0	765718194.0	6033742.0
54	2.6	47.0	66550895.0	-0.33056187132994336	47569485.0	782363975.0	6165177.0
54	2.6	48.0	65568213.0	-0.32568083703517914	51314106.0	799010552.0	6295816.0
54	2.6	49.0	64604692.0	-0.32089497645696	55209433.0	815657082.0	6426502.0
54	2.6	50.0	63662257.0	-0.31621385117371875	59258274.0	832303324.0	6557476.0
54	2.6	51.0	62738698.0	-0.31162648399670917	63447943.0	848948926.0	6689090.0
54	2.6	52.0	61827705.0	-0.3071015328168869	67783443.0	865594297.0	6820935.0
54	2.6	53.0	60941530.0	-0.30269985397656757	72267241.0	882240834.0	6951614.0
54	2.6	54.0	60073396.0	-0.2983877857526143	76891780.0	898887131.0	7082533.0
54	2.6	55.0	59220437.0	-0.2941510925690333	81657239.0	915533107.0	7213773.0
54	2.6	56.0	58376607.0	-0.28995974361896515	86558497.0	932179336.0	7344760.0
54	2.6	57.0	57546837.0	-0.2858382314443588	91597345.0	948825887.0	7475425.0
54	2.6	58.0	56735479.0	-0.28180817266305286	96775638.0	965472313.0	7606215.0
54	2.6	59.0	55937899.0	-0.2778465499480565	102092343.0	982118224.0	7737520.0
54	2.6	60.0	55164113.0	-0.27400311330954236	107540530.0	998764287.0	7868673.0
54	2.6	61.0	54409413.0	-0.2702544778585434	113115880.0	1015410680.0	7999496.0
54	2.6	62.0	53665692.0	-0.2665603756904602	118806978.0	1032057174.0	8130218.0
54	2.6	63.0	52926537.0	-0.26288895308971405	124625025.0	1048703523.0	8261085.0
54	2.6	64.0	52186751.0	-0.2592143962780635	130571687.0	1065349238.0	8392586.0
54	2.6	65.0	51457298.0	-0.2555911640326182	136640129.0	1081995698.0	8523342.0
54	2.6	66.0	50741790.0	-0.2520371973514557	142837381.0	1098641578.0	8654678.0
54	2.6	67.0	50045801.0	-0.24858018259207407	149165335.0	1115287440.0	8786032.0
54	2.6	68.0	49379620.0	-0.24527122577031454	155612631.0	1131933738.0	8916950.0
54	2.6	69.0	48731876.0	-0.24205384651819864	162173900.0	1148580239.0	9047665.0
54	2.6	70.0	48100533.0	-0.23891793191432953	168846806.0	1165226840.0	9178280.0
54	2.6	71.0	47470666.0	-0.2357893486817678	175621556.0	1181872502.0	9309834.0
54	2.6	72.0	46842444.0	-0.232668936252594	182500038.0	1198518517.0	9441035.0
54	2.6	73.0	46207476.0	-0.22951501607894897	189484805.0	1215164365.0	9572403.0
54	2.6	74.0	45573971.0	-0.2263683627049128	196580308.0	1231810276.0	9703708.0
54	2.6	75.0	44946656.0	-0.2232524553934733	203789019.0	1248456615.0	9834585.0
54	2.6	76.0	44329808.0	-0.22018853823343912	211119223.0	1265103118.0	9965298.0
54	2.6	77.0	43741988.0	-0.2172688047091166	218566814.0	1281749708.0	10095924.0
54	2.6	78.0	43180262.0	-0.21447868148485819	226123746.0	1298396100.0	10226748.0
54	2.6	79.0	42642713.0	-0.21180864671866098	233789200.0	1315043014.0	10357050.0
54	2.6	80.0	42122891.0	-0.20922666291395822	241548776.0	1331688532.0	10488748.0
54	2.6	81.0	41613692.0	-0.20669744412104288	249391144.0	1348334500.0	10619996.0
54	2.6	82.0	41104256.0	-0.20416704813639322	257311013.0	1364980316.0	10751396.0
54	2.6	83.0	40591098.0	-0.20161816477775574	265315872.0	1381626259.0	10882669.0
54	2.6	84.0	40065959.0	-0.19900977114836374	273406646.0	1398272425.0	11013719.0
54	2.6	85.0	39533759.0	-0.19636630515257517	281587054.0	1414918823.0	11144537.0
54	2.6	86.0	38992497.0	-0.19367782771587372	289861428.0	1431564805.0	11275771.0
54	2.6	87.0	38458853.0	-0.19102718929449716	298234463.0	1448210352.0	11407440.0
54	2.6	88.0	37929527.0	-0.1883979986111323	306713722.0	1464856954.0	11538054.0
54	2.6	89.0	37420007.0	-0.1858671853939692	315301784.0	1481503410.0	11668814.0
54	2.6	90.0	36928321.0	-0.18342495461304983	323993711.0	1498149270.0	11800170.0
54	2.6	91.0	36474422.0	-0.1811704138914744	332787346.0	1514795610.0	11931046.0
54	2.6	92.0	36051823.0	-0.17907134195168814	341672817.0	1531441757.0	12062115.0
54	2.6	93.0	35651894.0	-0.17708487311999002	350631714.0	1548087549.0	12193539.0
54	2.6	94.0	35265469.0	-0.17516547938187918	359661417.0	1564733739.0	12324565.0
54	2.6	95.0	34884738.0	-0.17327436804771423	368749557.0	1581378814.0	12456706.0
54	2.6	96.0	34495681.0	-0.17134190102418265	377894491.0	1598024855.0	12587881.0
54	2.6	97.0	34100095.0	-0.1693770041068395	387099431.0	1614671491.0	12718461.0
54	2.6	98.0	33694349.0	-0.16736164192358652	396364092.0	1631317384.0	12849784.0
54	2.6	99.0	33281894.0	-0.16531295577685037	405689641.0	1647963114.0	12981270.0
54	2.6	100.0	32855086.0	-0.16319297750790915	415089764.0	1664609345.0	13112255.0
55	2.5	1.0	104698370.0	-0.5200424293677012	11677.0	16647217.0	129999.0
55	2.5	2.0	104527723.0	-0.5191948165496191	24974.0	33292905.0	261527.0
55	2.5	3.0	104347620.0	-0.5183002352714539	39848.0	49938403.0	393245.0
55	2.5	4.0	104157456.0	-0.5173556804656982	56497.0	66584506.0	524358.0
55	2.5	5.0	103951113.0	-0.5163307636976242	75813.0	83230594.0	655486.0
55	2.5	6.0	103730783.0	-0.5152363727490107	97580.0	99876596.0	786700.0
55	2.5	7.0	103500487.0	-0.5140924801429113	121778.0	116522535.0	917977.0
55	2.5	8.0	103251666.0	-0.5128565728664398	149524.0	133168908.0	1048820.0
55	2.5	9.0	102986759.0	-0.5115407655636469	180988.0	149815896.0	1179048.0
55	2.5	10.0	102704741.0	-0.5101399670044581	216845.0	166461896.0	1310264.0
55	2.5	11.0	102405105.0	-0.5086516588926315	257214.0	183107806.0	1441570.0
55	2.5	12.0	102085429.0	-0.5070638110240301	303258.0	199753222.0	1573370.0
55	2.5	13.0	101740619.0	-0.5053511212269465	356158.0	216399885.0	1703923.0
55	2.5	14.0	101370782.0	-0.5035141209761301	416488.0	233046103.0	1834921.0
55	2.5	15.0	100980572.0	-0.5015759269396464	485212.0	249691978.0	1966262.0
55	2.5	16.0	100555604.0	-0.49946508804957074	565007.0	266337741.0	2097715.0
55	2.5	17.0	100099941.0	-0.4972017854452133	656210.0	282984407.0	2228265.0
55	2.5	18.0	99615336.0	-0.49479472637176514	761108.0	299631206.0	2358682.0
55	2.5	19.0	99098361.0	-0.49222688376903534	881568.0	316277241.0	2489863.0
55	2.5	20.0	98545902.0	-0.4894827902317047	1020716.0	332922693.0	2621627.0
55	2.5	21.0	97957283.0	-0.4865590880314509	1181244.0	349568905.0	2752631.0
55	2.5	22.0	97327384.0	-0.48343034585316974	1366774.0	366214625.0	2884127.0
55	2.5	23.0	96655342.0	-0.48009227712949115	1582019.0	382860632.0	3015336.0
55	2.5	24.0	95942918.0	-0.47655362884203595	1830041.0	399506367.0	3146817.0
55	2.5	25.0	95185803.0	-0.47279299795627594	2117631.0	416152692.0	3277708.0
55	2.5	26.0	94391195.0	-0.468846137324969	2449432.0	432798933.0	3408683.0
55	2.5	27.0	93553289.0	-0.46468421320120495	2833368.0	449444860.0	3539972.0
55	2.5	28.0	92672128.0	-0.46030743916829425	3276295.0	466091400.0	3670648.0
55	2.5	29.0	91754297.0	-0.4557485232750575	3786255.0	482737387.0	3801877.0
55	2.5	30.0	90810441.0	-0.45106033980846405	4368339.0	499383764.0	3932716.0
55	2.5	31.0	89835415.0	-0.44621733327706653	5032568.0	516029558.0	4064138.0
55	2.5	32.0	88834505.0	-0.44124575952688855	5786557.0	532674794.0	4196118.0
55	2.5	33.0	87820226.0	-0.436207781235377	6633374.0	549320830.0	4327298.0
55	2.5	34.0	86796212.0	-0.43112144867579144	7583167.0	565967610.0	4457734.0
55	2.5	35.0	85760283.0	-0.4259759336709976	8642523.0	582613820.0	4588740.0
55	2.5	36.0	84718917.0	-0.42080341279506683	9813557.0	599260005.0	4719771.0
55	2.5	37.0	83680102.0	-0.41564356287320453	11100269.0	615905678.0	4851314.0
55	2.5	38.0	82641800.0	-0.41048626104990643	12511229.0	632551573.0	4982635.0
55	2.5	39.0	81609451.0	-0.4053585280974706	14047376.0	649197911.0	5113513.0
55	2.5	40.0	80583842.0	-0.40026427308718365	15710175.0	665844052.0	5244588.0
55	2.5	41.0	79570125.0	-0.3952290862798691	17505160.0	682489505.0	5376351.0
55	2.5	42.0	78567041.0	-0.39024671415487927	19427827.0	699135775.0	5507297.0
55	2.5	43.0	77573665.0	-0.3853125621875127	21483870.0	715782003.0	5638285.0
55	2.5	44.0	76598274.0	-0.3804677426815033	23667169.0	732428295.0	5769209.0
55	2.5	45.0	75640204.0	-0.3757089575131734	25983756.0	749074473.0	5900247.0
55	2.5	46.0	74694610.0	-0.371012141307195	28430842.0	765720563.0	6031373.0
55	2.5	47.0	73763797.0	-0.3663887431224187	31011644.0	782367217.0	6161935.0
55	2.5	48.0	72840947.0	-0.36180489758650464	33725000.0	799013826.0	6292542.0
55	2.5	49.0	71930656.0	-0.3572834332784017	36566891.0	815660208.0	6423376.0
55	2.5	50.0	71037526.0	-0.3528472085793813	39542844.0	832306588.0	6554212.0
55	2.5	51.0	70164978.0	-0.3485132157802582	42646980.0	848952249.0	6685767.0
55	2.5	52.0	69304626.0	-0.3442398011684418	45884651.0	865598962.0	6816270.0
55	2.5	53.0	68457410.0	-0.3400316337744395	49246397.0	882244900.0	6947548.0
55	2.5	54.0	67618840.0	-0.33586641152699787	52738046.0	898891710.0	7077954.0
55	2.5	55.0	66801382.0	-0.3318060537179311	56356441.0	915537766.0	7209114.0
55	2.5	56.0	65996976.0	-0.32781052589416504	60097522.0	932184014.0	7340082.0
55	2.5	57.0	65197984.0	-0.3238418896993001	63966727.0	948830065.0	7471247.0
55	2.5	58.0	64419605.0	-0.31997563938299817	67956734.0	965475768.0	7602760.0
55	2.5	59.0	63655316.0	-0.31617937485376996	72069102.0	982121814.0	7733930.0
55	2.5	60.0	62904186.0	-0.3124484717845917	76308169.0	998768345.0	7864615.0
55	2.5	61.0	62166452.0	-0.3087841073671977	80665522.0	1015414650.0	7995526.0
55	2.5	62.0	61445612.0	-0.30520365635554	85141158.0	1032060878.0	8126514.0
55	2.5	63.0	60731405.0	-0.30165615181128186	89727580.0	1048707248.0	8257360.0
55	2.5	64.0	60022048.0	-0.2981327374776204	94434598.0	1065353214.0	8388610.0
55	2.5	65.0	59320613.0	-0.2946486721436183	99251459.0	1081999494.0	8519546.0
55	2.5	66.0	58628304.0	-0.2912099361419678	104181742.0	1098645466.0	8650790.0
55	2.5	67.0	57956789.0	-0.2878744850556056	109227236.0	1115291255.0	8782217.0
55	2.5	68.0	57298372.0	-0.2846040924390157	114386833.0	1131937353.0	8913335.0
55	2.5	69.0	56657920.0	-0.2814229329427083	119653348.0	1148583249.0	9044655.0
55	2.5	70.0	56032818.0	-0.27831801772117615	125030572.0	1165229449.0	9175671.0
55	2.5	71.0	55417334.0	-0.27526087562243146	130504899.0	1181875306.0	9307030.0
55	2.5	72.0	54807401.0	-0.2722313056389491	136076718.0	1198521530.0	9438022.0
55	2.5	73.0	54199553.0	-0.26921209196249646	141747645.0	1215167619.0	9569149.0
55	2.5	74.0	53587886.0	-0.26617390910784405	147517534.0	1231814134.0	9699850.0
55	2.5	75.0	52979987.0	-0.2631544421116511	153390523.0	1248460161.0	9831039.0
55	2.5	76.0	52380406.0	-0.26017629106839496	159370397.0	1265106127.0	9962289.0
55	2.5	77.0	51790251.0	-0.2572449594736099	165457876.0	1281752625.0	10093007.0
55	2.5	78.0	51225478.0	-0.25443970163663227	171650818.0	1298399156.0	10223692.0
55	2.5	79.0	50681117.0	-0.2517358313004176	177948015.0	1315045656.0	10354408.0
55	2.5	80.0	50159168.0	-0.24914328257242838	184338959.0	1331692096.0	10485184.0
55	2.5	81.0	49647991.0	-0.24660423894723257	190817987.0	1348337578.0	10616918.0
55	2.5	82.0	49144591.0	-0.24410382409890494	197379840.0	1364983289.0	10748423.0
55	2.5	83.0	48637551.0	-0.24158532917499542	204021824.0	1381629416.0	10879512.0
55	2.5	84.0	48121634.0	-0.2390227417151133	210740606.0	1398275684.0	11010460.0
55	2.5	85.0	47598798.0	-0.23642578721046448	217546222.0	1414922906.0	11140454.0
55	2.5	86.0	47075226.0	-0.2338251769542694	224437071.0	1431568719.0	11271857.0
55	2.5	87.0	46545610.0	-0.23119454582532248	231420729.0	1448215203.0	11402589.0
55	2.5	88.0	46023866.0	-0.22860301534334818	238503120.0	1464861869.0	11533139.0
55	2.5	89.0	45506606.0	-0.22603375713030496	245681068.0	1481508112.0	11664112.0
55	2.5	90.0	45008748.0	-0.2235608696937561	252957851.0	1498154255.0	11795185.0
55	2.5	91.0	44527631.0	-0.22117113570372263	260338573.0	1514800513.0	11926143.0
55	2.5	92.0	44076888.0	-0.21893227100372314	267808604.0	1531446781.0	12057091.0
55	2.5	93.0	43651851.0	-0.21682108938694	275363626.0	1548092343.0	12188745.0
55	2.5	94.0	43244284.0	-0.21479668219884238	282993372.0	1564738236.0	12320068.0
55	2.5	95.0	42840904.0	-0.21279307206471762	290688300.0	1581384437.0	12451083.0
55	2.5	96.0	42441491.0	-0.21080916623274484	298448966.0	1598030814.0	12581922.0
55	2.5	97.0	42034678.0	-0.2087885042031606	306266904.0	1614676510.0	12713442.0
55	2.5	98.0	41625412.0	-0.20675565799077353	314148598.0	1631322369.0	12844799.0
55	2.5	99.0	41207239.0	-0.2046785702308019	322096543.0	1647968143.0	12976241.0
55	2.5	100.0	40777084.0	-0.20254196723302206	330112624.0	1664614457.0	13107143.0
56	2.4	1.0	104734166.0	-0.5202202300230662	9141.0	16646462.0	130754.0
56	2.4	2.0	104603008.0	-0.5195687611897787	19355.0	33292695.0	261737.0
56	2.4	3.0	104464580.0	-0.5188811818758646	30725.0	49939712.0	391936.0
56	2.4	4.0	104316801.0	-0.5181471556425095	43563.0	66585807.0	523057.0
56	2.4	5.0	104160011.0	-0.5173683712879816	57731.0	83231497.0	654583.0
56	2.4	6.0	103997070.0	-0.5165590345859528	73372.0	99877219.0	786077.0
56	2.4	7.0	103824757.0	-0.5157031466563543	90875.0	116524117.0	916395.0
56	2.4	8.0	103641255.0	-0.5147916823625565	110520.0	133170509.0	1047219.0
56	2.4	9.0	103444233.0	-0.5138130635023117	132808.0	149816360.0	1178584.0
56	2.4	10.0	103237663.0	-0.5127870192130407	157389.0	166463759.0	1308401.0
56	2.4	11.0	103018342.0	-0.5116976400216421	185005.0	183109811.0	1439565.0
56	2.4	12.0	102785712.0	-0.5105421543121338	216028.0	199755918.0	1570674.0
56	2.4	13.0	102538999.0	-0.5093167175849279	250857.0	216401797.0	1702011.0
56	2.4	14.0	102281934.0	-0.5080398619174957	289256.0	233048161.0	1832863.0
56	2.4	15.0	102002295.0	-0.5066508799791336	333255.0	249694590.0	1963650.0
56	2.4	16.0	101705434.0	-0.5051763554414114	382932.0	266341235.0	2094221.0
56	2.4	17.0	101391472.0	-0.5036168893178304	438958.0	282988076.0	2224596.0
56	2.4	18.0	101056808.0	-0.5019545952479044	502334.0	299634044.0	2355844.0
56	2.4	19.0	100700859.0	-0.5001865774393082	574145.0	316280068.0	2487036.0
56	2.4	20.0	100323364.0	-0.49831153949101764	654914.0	332926339.0	2617981.0
56	2.4	21.0	99925349.0	-0.49633457760016125	746250.0	349572022.0	2749514.0
56	2.4	22.0	99499761.0	-0.49422065913677216	850159.0	366218344.0	2880408.0
56	2.4	23.0	99046219.0	-0.4919678916533788	968254.0	382864991.0	3010977.0
56	2.4	24.0	98567133.0	-0.48958824574947357	1103066.0	399511360.0	3141824.0
56	2.4	25.0	98058461.0	-0.48706164459387463	1256570.0	416157705.0	3272695.0
56	2.4	26.0	97511623.0	-0.4843454708655675	1432870.0	432803838.0	3403778.0
56	2.4	27.0	96934949.0	-0.4814811001221339	1633878.0	449450332.0	3534500.0
56	2.4	28.0	96325879.0	-0.4784558167060216	1863708.0	466096348.0	3665700.0
56	2.4	29.0	95683457.0	-0.47526487211386365	2126655.0	482742601.0	3796663.0
56	2.4	30.0	95010190.0	-0.4719207187493642	2425928.0	499388221.0	3928259.0
56	2.4	31.0	94305478.0	-0.4684203763802846	2767897.0	516034333.0	4059363.0
56	2.4	32.0	93566671.0	-0.46475068231423694	3157109.0	532680555.0	4190357.0
56	2.4	33.0	92794821.0	-0.4609168618917465	3600482.0	549326580.0	4321548.0
56	2.4	34.0	92003046.0	-0.4569840729236603	4101118.0	565972710.0	4452634.0
56	2.4	35.0	91186398.0	-0.45292773842811584	4668021.0	582619059.0	4583501.0
56	2.4	36.0	90352315.0	-0.4487848033507665	5305467.0	599265035.0	4714741.0
56	2.4	37.0	89503305.0	-0.4445677250623703	6018958.0	615910846.0	4846146.0
56	2.4	38.0	88645497.0	-0.4403069466352463	6812673.0	632557387.0	4976821.0
56	2.4	39.0	87776989.0	-0.4359930207331975	7691583.0	649203527.0	5107897.0
56	2.4	40.0	86895517.0	-0.4316147019465764	8661883.0	665850023.0	5238617.0
56	2.4	41.0	86013159.0	-0.4272319823503494	9724358.0	682496008.0	5369848.0
56	2.4	42.0	85133312.0	-0.4228617350260417	10886208.0	699142139.0	5500933.0
56	2.4	43.0	84248902.0	-0.41846882303555805	12150506.0	715788133.0	5632155.0
56	2.4	44.0	83375657.0	-0.41413136819998425	13515153.0	732433793.0	5763711.0
56	2.4	45.0	82501451.0	-0.40978914002577466	14982644.0	749079746.0	5894974.0
56	2.4	46.0	81630895.0	-0.4054650415976842	16558122.0	765726113.0	6025823.0
56	2.4	47.0	80768871.0	-0.4011833220720291	18241445.0	782372487.0	6156665.0
56	2.4	48.0	79918434.0	-0.3969591557979584	20034082.0	799018867.0	6287501.0
56	2.4	49.0	79076661.0	-0.39277802407741547	21935707.0	815665085.0	6418499.0
56	2.4	50.0	78248226.0	-0.3886631429195404	23948585.0	832311203.0	6549597.0
56	2.4	51.0	77427342.0	-0.38458576798439026	26072110.0	848956961.0	6681055.0
56	2.4	52.0	76620395.0	-0.380577618877093	28306492.0	865602867.0	6812365.0
56	2.4	53.0	75825334.0	-0.37662850817044574	30653311.0	882249360.0	6943088.0
56	2.4	54.0	75042963.0	-0.3727424293756485	33110565.0	898895515.0	7074149.0
56	2.4	55.0	74268796.0	-0.36889710028966266	35673806.0	915541778.0	7205102.0
56	2.4	56.0	73504798.0	-0.36510228117307025	38348164.0	932187491.0	7336605.0
56	2.4	57.0	72752286.0	-0.3613645136356354	41131513.0	948833362.0	7467950.0
56	2.4	58.0	72014768.0	-0.35770122210184735	44020664.0	965479040.0	7599488.0
56	2.4	59.0	71285094.0	-0.35407689213752747	47021825.0	982125509.0	7730235.0
56	2.4	60.0	70563091.0	-0.35049066444238025	50131982.0	998771843.0	7861117.0
56	2.4	61.0	69856921.0	-0.34698308010896045	53343546.0	1015418508.0	7991668.0
56	2.4	62.0	69155758.0	-0.3435003658135732	56663092.0	1032064355.0	8123037.0
56	2.4	63.0	68471695.0	-0.34010258813699085	60087959.0	1048711025.0	8253583.0
56	2.4	64.0	67800160.0	-0.336767037709554	63617489.0	1065356960.0	8384864.0
56	2.4	65.0	67133919.0	-0.3334577828645706	67250198.0	1082003080.0	8515960.0
56	2.4	66.0	66476006.0	-0.33018989364306134	70982687.0	1098649712.0	8646544.0
56	2.4	67.0	65823283.0	-0.32694778343041736	74817051.0	1115295760.0	8777712.0
56	2.4	68.0	65180182.0	-0.3237534662087758	78752194.0	1131941266.0	8909422.0
56	2.4	69.0	64549494.0	-0.3206208050251007	82791581.0	1148586849.0	9041055.0
56	2.4	70.0	63937227.0	-0.31757964193820953	86933189.0	1165233264.0	9171856.0
56	2.4	71.0	63332687.0	-0.3145768592755	91168656.0	1181878898.0	9303438.0
56	2.4	72.0	62743862.0	-0.31165213386217755	95500661.0	1198525007.0	9434545.0
56	2.4	73.0	62161626.0	-0.3087601363658905	99923829.0	1215171232.0	9565536.0
56	2.4	74.0	61587325.0	-0.3059075524409612	104441933.0	1231817537.0	9696447.0
56	2.4	75.0	61010174.0	-0.30304081241289776	109052130.0	1248463807.0	9827393.0
56	2.4	76.0	60435276.0	-0.30018526315689087	113752658.0	1265109103.0	9959313.0
56	2.4	77.0	59871206.0	-0.29738349715868634	118545731.0	1281755329.0	10090303.0
56	2.4	78.0	59316995.0	-0.2946307013432185	123435993.0	1298401170.0	10221678.0
56	2.4	79.0	58769142.0	-0.29190948605537415	128416136.0	1315046808.0	10353256.0
56	2.4	80.0	58241425.0	-0.2892882873614629	133490924.0	1331692202.0	10485078.0
56	2.4	81.0	57726501.0	-0.286730632185936	138660376.0	1348339111.0	10615385.0
56	2.4	82.0	57224976.0	-0.2842395305633545	143915481.0	1364985809.0	10745903.0
56	2.4	83.0	56731661.0	-0.28178920845190686	149244607.0	1381632224.0	10876704.0
56	2.4	84.0	56242922.0	-0.27936161557833356	154655810.0	1398278726.0	11007418.0
56	2.4	85.0	55753737.0	-0.2769318073987961	160143777.0	1414925180.0	11138180.0
56	2.4	86.0	55262107.0	-0.2744898547728856	165706419.0	1431571118.0	11269458.0
56	2.4	87.0	54765090.0	-0.2720211446285248	171348700.0	1448217528.0	11400264.0
56	2.4	88.0	54266925.0	-0.2695467323064804	177072101.0	1464863278.0	11531730.0
56	2.4	89.0	53771894.0	-0.2670878867308299	182888188.0	1481509031.0	11663193.0
56	2.4	90.0	53287283.0	-0.2646807978550593	188789393.0	1498155019.0	11794421.0
56	2.4	91.0	52819205.0	-0.26235582927862805	194781500.0	1514801246.0	11925410.0
56	2.4	92.0	52367230.0	-0.2601108451684316	200861295.0	1531448016.0	12055856.0
56	2.4	93.0	51929193.0	-0.2579350918531418	207021317.0	1548093369.0	12187719.0
56	2.4	94.0	51508475.0	-0.25584536294142407	213265974.0	1564739438.0	12318866.0
56	2.4	95.0	51106110.0	-0.25384679436683655	219577071.0	1581385132.0	12450388.0
56	2.4	96.0	50711721.0	-0.25188784301280975	225952346.0	1598031194.0	12581542.0
56	2.4	97.0	50320833.0	-0.24994628131389618	232392885.0	1614677279.0	12712673.0
56	2.4	98.0	49925096.0	-0.2479806343714396	238890362.0	1631322925.0	12844243.0
56	2.4	99.0	49521860.0	-0.24597773949305216	245444497.0	1647968830.0	12975554.0
56	2.4	100.0	49112366.0	-0.24394376079241434	252065608.0	1664615297.0	13106303.0
57	2.3	1.0	104760866.0	-0.5203528503576914	7226.0	16646135.0	131081.0
57	2.3	2.0	104660870.0	-0.5198561648527781	15075.0	33291892.0	262540.0
57	2.3	3.0	104558349.0	-0.5193469375371933	23480.0	49938059.0	393589.0
57	2.3	4.0	104448085.0	-0.5187992503245672	33023.0	66583888.0	524976.0
57	2.3	5.0	104333779.0	-0.5182314862807592	43351.0	83230108.0	655972.0
57	2.3	6.0	104212039.0	-0.5176267971595129	54779.0	99876608.0	786688.0
57	2.3	7.0	104086750.0	-0.5170044799645742	67137.0	116522673.0	917839.0
57	2.3	8.0	103950738.0	-0.516328901052475	81052.0	133168916.0	1048812.0
57	2.3	9.0	103811474.0	-0.5156371692816416	96239.0	149814964.0	1179980.0
57	2.3	10.0	103664278.0	-0.5149060388406118	113043.0	166460818.0	1311342.0
57	2.3	11.0	103508573.0	-0.5141326437393824	131682.0	183106866.0	1442510.0
57	2.3	12.0	103343550.0	-0.513312965631485	152210.0	199753319.0	1573273.0
57	2.3	13.0	103171245.0	-0.5124571174383163	174777.0	216399593.0	1704215.0
57	2.3	14.0	102989760.0	-0.5115556716918945	199672.0	233045993.0	1835031.0
57	2.3	15.0	102797550.0	-0.5106009542942047	227514.0	249692364.0	1965876.0
57	2.3	16.0	102594064.0	-0.509590228398641	258567.0	266338830.0	2096626.0
57	2.3	17.0	102378889.0	-0.5085214426120123	292938.0	282984485.0	2228187.0
57	2.3	18.0	102152284.0	-0.507395883401235	330966.0	299630337.0	2359551.0
57	2.3	19.0	101913686.0	-0.5062107543150584	373499.0	316276148.0	2490956.0
57	2.3	20.0	101662164.0	-0.5049614310264587	420505.0	332922715.0	2621605.0
57	2.3	21.0	101395761.0	-0.5036381930112839	473025.0	349569532.0	2752004.0
57	2.3	22.0	101113221.0	-0.5022348016500473	531594.0	366215745.0	2883007.0
57	2.3	23.0	100814494.0	-0.5007510085900625	597398.0	382861771.0	3014197.0
57	2.3	24.0	100501456.0	-0.4991961320241292	670377.0	399507692.0	3145492.0
57	2.3	25.0	100168641.0	-0.49754302203655243	752252.0	416153797.0	3276603.0
57	2.3	26.0	99814645.0	-0.4957847048838933	844380.0	432800613.0	3407003.0
57	2.3	27.0	99442399.0	-0.4939357390006383	947739.0	449446762.0	3538070.0
57	2.3	28.0	99049856.0	-0.4919859568277995	1063883.0	466093308.0	3668740.0
57	2.3	29.0	98635928.0	-0.4899299542109172	1194079.0	482739111.0	3800153.0
57	2.3	30.0	98199077.0	-0.48776009182135266	1340935.0	499384934.0	3931546.0
57	2.3	31.0	97737444.0	-0.4854671359062195	1506363.0	516030680.0	4063016.0
57	2.3	32.0	97249710.0	-0.4830445349216461	1693076.0	532677155.0	4193757.0
57	2.3	33.0	96736463.0	-0.48049520949522656	1904199.0	549324072.0	4324056.0
57	2.3	34.0	96195686.0	-0.4778091410795848	2143099.0	565969716.0	4455628.0
57	2.3	35.0	95635204.0	-0.47502519687016803	2411409.0	582615519.0	4587041.0
57	2.3	36.0	95048423.0	-0.47211062411467236	2714056.0	599260914.0	4718862.0
57	2.3	37.0	94437037.0	-0.4690738370021184	3054878.0	615906792.0	4850200.0
57	2.3	38.0	93803803.0	-0.46592852969964343	3436942.0	632553387.0	4980821.0
57	2.3	39.0	93147810.0	-0.4626701772212982	3866015.0	649199392.0	5112032.0
57	2.3	40.0	92472904.0	-0.4593178828557332	4345826.0	665845389.0	5243251.0
57	2.3	41.0	91781613.0	-0.4558842033147812	4880162.0	682491683.0	5374173.0
57	2.3	42.0	91077933.0	-0.4523889869451523	5473779.0	699137381.0	5505691.0
57	2.3	43.0	90362455.0	-0.4488351692756017	6131573.0	715783598.0	5636690.0
57	2.3	44.0	89635918.0	-0.44522642095883685	6857355.0	732430116.0	5767388.0
57	2.3	45.0	88905459.0	-0.44159819185733795	7651940.0	749075866.0	5898854.0
57	2.3	46.0	88165383.0	-0.4379221946001053	8520725.0	765722123.0	6029813.0
57	2.3	47.0	87426857.0	-0.4342538962761561	9466802.0	782368844.0	6160308.0
57	2.3	48.0	86690785.0	-0.4305977871020635	10490126.0	799015362.0	6291006.0
57	2.3	49.0	85950138.0	-0.42691895365715027	11596203.0	815661302.0	6422282.0
57	2.3	50.0	85211282.0	-0.4232490162054698	12786001.0	832307930.0	6552870.0
57	2.3	51.0	84478173.0	-0.41960762441158295	14058482.0	848953586.0	6684430.0
57	2.3	52.0	83749228.0	-0.41598691542943317	15421443.0	865599993.0	6815239.0
57	2.3	53.0	83022837.0	-0.4123788923025131	16870531.0	882246581.0	6945867.0
57	2.3	54.0	82303046.0	-0.40880365173021954	18408471.0	898892672.0	7076992.0
57	2.3	55.0	81592698.0	-0.4052753150463104	20033873.0	915538240.0	7208640.0
57	2.3	56.0	80885376.0	-0.4017620086669922	21750828.0	932184527.0	7339569.0
57	2.3	57.0	80183790.0	-0.3982771933078766	23557697.0	948830688.0	7470624.0
57	2.3	58.0	79492562.0	-0.39484382669130963	25456579.0	965477017.0	7601511.0
57	2.3	59.0	78808094.0	-0.3914440373579661	27446164.0	982122748.0	7732996.0
57	2.3	60.0	78132353.0	-0.3880875955025355	29526497.0	998769474.0	7863486.0
57	2.3	61.0	77466385.0	-0.3847796966632207	31699600.0	1015414978.0	7995198.0
57	2.3	62.0	76808706.0	-0.38151296973228455	33962472.0	1032061066.0	8126326.0
57	2.3	63.0	76157480.0	-0.37827829519907635	36316095.0	1048706989.0	8257619.0
57	2.3	64.0	75516677.0	-0.3750953922669093	38763135.0	1065353101.0	8388723.0
57	2.3	65.0	74880794.0	-0.37193692723910016	41296112.0	1081999527.0	8519513.0
57	2.3	66.0	74255472.0	-0.36883091926574707	43923016.0	1098645109.0	8651147.0
57	2.3	67.0	73641457.0	-0.3657810737689336	46636322.0	1115290469.0	8783003.0
57	2.3	68.0	73035024.0	-0.36276888847351074	49440311.0	1131937005.0	8913683.0
57	2.3	69.0	72440426.0	-0.3598154882589976	52331178.0	1148582850.0	9045054.0
57	2.3	70.0	71846826.0	-0.3568670451641083	55312158.0	1165228956.0	9176164.0
57	2.3	71.0	71262439.0	-0.35396436353524524	58378663.0	1181875303.0	9307033.0
57	2.3	72.0	70686756.0	-0.3511049151420593	61533589.0	1198521367.0	9438185.0
57	2.3	73.0	70121015.0	-0.3482948491970698	64777589.0	1215167000.0	9569768.0
57	2.3	74.0	69563265.0	-0.34552447497844696	68105821.0	1231813163.0	9700821.0
57	2.3	75.0	69015743.0	-0.3428049037853877	71516997.0	1248459056.0	9832144.0
57	2.3	76.0	68474678.0	-0.3401174048582713	75005860.0	1265105143.0	9963273.0
57	2.3	77.0	67934168.0	-0.33743266264597577	78581753.0	1281751005.0	10094627.0
57	2.3	78.0	67403742.0	-0.33479800820350647	82239333.0	1298397528.0	10225320.0
57	2.3	79.0	66875542.0	-0.332174410422643	85974773.0	1315043478.0	10356586.0
57	2.3	80.0	66354940.0	-0.32958855231602985	89795818.0	1331690234.0	10487046.0
57	2.3	81.0	65845537.0	-0.3270583202441533	93699557.0	1348336098.0	10618398.0
57	2.3	82.0	65347432.0	-0.3245842059453328	97685167.0	1364982140.0	10749572.0
57	2.3	83.0	64861277.0	-0.3221694479386012	101749593.0	1381628045.0	10880883.0
57	2.3	84.0	64382866.0	-0.31979315479596454	105891305.0	1398274235.0	11011909.0
57	2.3	85.0	63911602.0	-0.3174523611863454	110111105.0	1414920659.0	11142701.0
57	2.3	86.0	63446278.0	-0.3151410718758901	114398622.0	1431566467.0	11274109.0
57	2.3	87.0	62981120.0	-0.3128306070963542	118759425.0	1448213002.0	11404790.0
57	2.3	88.0	62515909.0	-0.31051987906297046	123189411.0	1464859142.0	11535866.0
57	2.3	89.0	62052802.0	-0.3082196017106374	127692506.0	1481505070.0	11667154.0
57	2.3	90.0	61587740.0	-0.3059096137682597	132269814.0	1498151949.0	11797491.0
57	2.3	91.0	61126493.0	-0.3036185751358668	136923123.0	1514798449.0	11928207.0
57	2.3	92.0	60670177.0	-0.30135202904542285	141655431.0	1531445054.0	12058818.0
57	2.3	93.0	60224470.0	-0.2991381784280141	146465708.0	1548091728.0	12189360.0
57	2.3	94.0	59785982.0	-0.2969601849714915	151350268.0	1564737322.0	12320982.0
57	2.3	95.0	59364746.0	-0.294867883125941	156315348.0	1581384347.0	12451173.0
57	2.3	96.0	58955726.0	-0.2928362588087718	161351650.0	1598030516.0	12582220.0
57	2.3	97.0	58555771.0	-0.29084966083367664	166456910.0	1614676551.0	12713401.0
57	2.3	98.0	58171263.0	-0.28893978893756866	171626293.0	1631322438.0	12844730.0
57	2.3	99.0	57789328.0	-0.28704269727071124	176854000.0	1647967936.0	12976448.0
57	2.3	100.0	57410742.0	-0.2851622402667999	182138966.0	1664614095.0	13107505.0
58	2.2	1.0	104785102.0	-0.5204732318719228	5506.0	16645965.0	131251.0
58	2.2	2.0	104708949.0	-0.5200949758291245	11521.0	33291949.0	262483.0
58	2.2	3.0	104630799.0	-0.5197068005800247	17954.0	49938098.0	393550.0
58	2.2	4.0	104549692.0	-0.5193039377530416	24892.0	66584395.0	524469.0
58	2.2	5.0	104464677.0	-0.5188816636800766	32450.0	83230581.0	655499.0
58	2.2	6.0	104377375.0	-0.5184480299552282	40557.0	99876832.0	786464.0
58	2.2	7.0	104285485.0	-0.5179916073878607	49439.0	116523452.0	917060.0
58	2.2	8.0	104185922.0	-0.5174970726172129	59399.0	133169062.0	1048666.0
58	2.2	9.0	104084457.0	-0.5169930905103683	69966.0	149815281.0	1179663.0
58	2.2	10.0	103977960.0	-0.516464114189148	81500.0	166460930.0	1311230.0
58	2.2	11.0	103866674.0	-0.5159113506476084	94062.0	183107229.0	1442147.0
58	2.2	12.0	103750059.0	-0.5153321176767349	107741.0	199753170.0	1573422.0
58	2.2	13.0	103627364.0	-0.5147226850191752	122780.0	216399284.0	1704524.0
58	2.2	14.0	103501780.0	-0.5140989025433859	139071.0	233045675.0	1835349.0
58	2.2	15.0	103369562.0	-0.5134421686331431	156849.0	249692359.0	1965881.0
58	2.2	16.0	103231477.0	-0.512756293018659	176243.0	266338306.0	2097150.0
58	2.2	17.0	103085925.0	-0.5120333284139633	197504.0	282984733.0	2227939.0
58	2.2	18.0	102931295.0	-0.5112652728954951	220957.0	299630886.0	2359002.0
58	2.2	19.0	102769090.0	-0.5104595919450124	246498.0	316277348.0	2489756.0
58	2.2	20.0	102601477.0	-0.509627049167951	274324.0	332923797.0	2620523.0
58	2.2	21.0	102424055.0	-0.5087457845608393	305104.0	349570040.0	2751496.0
58	2.2	22.0	102240643.0	-0.5078347673018774	338876.0	366216414.0	2882338.0
58	2.2	23.0	102046044.0	-0.5068681836128235	375983.0	382862816.0	3013152.0
58	2.2	24.0	101842649.0	-0.5058579097191492	416901.0	399508878.0	3144306.0
58	2.2	25.0	101627345.0	-0.5047884831825892	461683.0	416155167.0	3275233.0
58	2.2	26.0	101400796.0	-0.5036632021268209	511658.0	432801393.0	3406223.0
58	2.2	27.0	101164670.0	-0.502490351597468	566163.0	449447260.0	3537572.0
58	2.2	28.0	100913300.0	-0.5012417833010355	626738.0	466093069.0	3668979.0
58	2.2	29.0	100649951.0	-0.49993371466795605	693439.0	482739920.0	3799344.0
58	2.2	30.0	100374104.0	-0.49856356779734295	767539.0	499385591.0	3930889.0
58	2.2	31.0	100084007.0	-0.4971226404110591	849496.0	516030938.0	4062758.0
58	2.2	32.0	99777817.0	-0.49560177822907764	940306.0	532677028.0	4193884.0
58	2.2	33.0	99456135.0	-0.4940039664506912	1041143.0	549323084.0	4325044.0
58	2.2	34.0	99120136.0	-0.492335041364034	1152729.0	565969567.0	4455777.0
58	2.2	35.0	98764397.0	-0.4905680666367213	1277603.0	582615732.0	4586828.0
58	2.2	36.0	98391171.0	-0.48871423304080963	1416424.0	599261256.0	4718520.0
58	2.2	37.0	98003366.0	-0.4867879847685496	1570914.0	615907647.0	4849345.0
58	2.2	38.0	97594118.0	-0.4847552279631297	1743104.0	632554192.0	4980016.0
58	2.2	39.0	97164238.0	-0.4826199909051259	1935271.0	649199912.0	5111512.0
58	2.2	40.0	96717026.0	-0.4803986648718516	2149563.0	665846147.0	5242493.0
58	2.2	41.0	96248334.0	-0.4780706465244293	2389113.0	682492755.0	5373101.0
58	2.2	42.0	95764316.0	-0.4756665031115214	2654061.0	699138495.0	5504577.0
58	2.2	43.0	95264582.0	-0.47318429748217267	2948664.0	715783916.0	5636372.0
58	2.2	44.0	94745549.0	-0.4706062326828639	3277673.0	732429869.0	5767635.0
58	2.2	45.0	94207403.0	-0.4679332325855891	3642433.0	749076620.0	5898100.0
58	2.2	46.0	93651863.0	-0.4651738355557124	4047950.0	765722608.0	6029328.0
58	2.2	47.0	93087158.0	-0.4623689154783885	4494514.0	782368734.0	6160418.0
58	2.2	48.0	92508056.0	-0.4594924847284953	4987858.0	799015493.0	6290875.0
58	2.2	49.0	91925519.0	-0.45659899214903515	5528869.0	815661205.0	6422379.0
58	2.2	50.0	91328214.0	-0.4536321461200714	6122137.0	832307232.0	6553568.0
58	2.2	51.0	90726836.0	-0.4506450692812602	6769874.0	848952683.0	6685333.0
58	2.2	52.0	90120024.0	-0.44763100147247314	7475091.0	865599268.0	6815964.0
58	2.2	53.0	89508526.0	-0.4445936580499013	8239294.0	882245525.0	6946923.0
58	2.2	54.0	88895226.0	-0.44154736399650574	9064734.0	898891525.0	7078139.0
58	2.2	55.0	88280295.0	-0.4384929686784744	9953964.0	915537856.0	7209024.0
58	2.2	56.0	87664770.0	-0.43543562293052673	10909306.0	932183940.0	7340156.0
58	2.2	57.0	87047898.0	-0.432371586561203	11929862.0	948830599.0	7470713.0
58	2.2	58.0	86435058.0	-0.4293275773525238	13018499.0	965477281.0	7601247.0
58	2.2	59.0	85824981.0	-0.42629729211330414	14175908.0	982123102.0	7732642.0
58	2.2	60.0	85218411.0	-0.4232844263315201	15405106.0	998769298.0	7863662.0
58	2.2	61.0	84616091.0	-0.420292670528094	16705896.0	1015415168.0	7995008.0
58	2.2	62.0	84013990.0	-0.417302002509435	18076082.0	1032061299.0	8126093.0
58	2.2	63.0	83418852.0	-0.414345920085907	19520807.0	1048707266.0	8257342.0
58	2.2	64.0	82829234.0	-0.41141725579897565	21040504.0	1065353144.0	8388680.0
58	2.2	65.0	82239540.0	-0.4084882140159607	22631964.0	1081999572.0	8519468.0
58	2.2	66.0	81662170.0	-0.40562038620313007	24296159.0	1098646525.0	8649731.0
58	2.2	67.0	81086637.0	-0.40276168286800385	26035688.0	1115292732.0	8780740.0
58	2.2	68.0	80520496.0	-0.3999496301015218	27851036.0	1131939040.0	8911648.0
58	2.2	69.0	79959717.0	-0.3971642106771469	29736668.0	1148585167.0	9042737.0
58	2.2	70.0	79402083.0	-0.3943944126367569	31700786.0	1165231250.0	9173870.0
58	2.2	71.0	78849440.0	-0.39164940516153973	33737298.0	1181877860.0	9304476.0
58	2.2	72.0	78305277.0	-0.3889465183019638	35849834.0	1198524039.0	9435513.0
58	2.2	73.0	77768171.0	-0.3862786839405696	38038150.0	1215169958.0	9566810.0
58	2.2	74.0	77237790.0	-0.3836442530155182	40295776.0	1231815356.0	9698628.0
58	2.2	75.0	76716575.0	-0.38105535010496777	42627022.0	1248460260.0	9830940.0
58	2.2	76.0	76198926.0	-0.37848415970802307	45031780.0	1265106168.0	9962248.0
58	2.2	77.0	75692696.0	-0.3759696880976359	47511397.0	1281752576.0	10093056.0
58	2.2	78.0	75186222.0	-0.3734540045261383	50061049.0	1298398654.0	10224194.0
58	2.2	79.0	74689676.0	-0.3709876338640849	52681992.0	1315045233.0	10354831.0
58	2.2	80.0	74195809.0	-0.36853456993897754	55375538.0	1331691699.0	10485581.0
58	2.2	81.0	73709854.0	-0.36612080534299213	58139953.0	1348337677.0	10616819.0
58	2.2	82.0	73227990.0	-0.3637273609638214	60973274.0	1364984189.0	10747523.0
58	2.2	83.0	72749532.0	-0.3613508343696594	63878734.0	1381629911.0	10879017.0
58	2.2	84.0	72282231.0	-0.35902972519397736	66856173.0	1398276400.0	11009744.0
58	2.2	85.0	71821706.0	-0.3567422727743785	69904757.0	1414922367.0	11140993.0
58	2.2	86.0	71367414.0	-0.35448578000068665	73021713.0	1431568727.0	11271849.0
58	2.2	87.0	70919315.0	-0.3522600481907527	76203993.0	1448214917.0	11402875.0
58	2.2	88.0	70479870.0	-0.3500773012638092	79456488.0	1464860975.0	11534033.0
58	2.2	89.0	70043185.0	-0.34790826340516406	82775079.0	1481506868.0	11665356.0
58	2.2	90.0	69609275.0	-0.3457530091206233	86156805.0	1498152587.0	11796853.0
58	2.2	91.0	69179601.0	-0.34361879527568817	89599307.0	1514798243.0	11928413.0
58	2.2	92.0	68746039.0	-0.3414652695258458	93106263.0	1531444839.0	12059033.0
58	2.2	93.0	68314325.0	-0.33932092289129895	96681762.0	1548090703.0	12190385.0
58	2.2	94.0	67886688.0	-0.33719682693481445	100321732.0	1564736536.0	12321768.0
58	2.2	95.0	67462405.0	-0.3350893904765447	104030962.0	1581382730.0	12452790.0
58	2.2	96.0	67048471.0	-0.33303335805733997	107809433.0	1598029311.0	12583425.0
58	2.2	97.0	66639002.0	-0.33099950353304547	111650512.0	1614675617.0	12714335.0
58	2.2	98.0	66240973.0	-0.32902247210343677	115562424.0	1631321799.0	12845369.0
58	2.2	99.0	65852072.0	-0.3270907799402873	119536944.0	1647967843.0	12976541.0
58	2.2	100.0	65474818.0	-0.325216939051946	123578318.0	1664613663.0	13107937.0
59	2.1	1.0	104805123.0	-0.5205726772546768	4042.0	16645972.0	131244.0
59	2.1	2.0	104750629.0	-0.5203020026286443	8347.0	33292238.0	262194.0
59	2.1	3.0	104693173.0	-0.5200166155894598	13054.0	49938455.0	393193.0
59	2.1	4.0	104634553.0	-0.519725446899732	18093.0	66584433.0	524431.0
59	2.1	5.0	104574100.0	-0.5194251736005148	23446.0	83230750.0	655330.0
59	2.1	6.0	104511750.0	-0.5191154778003693	29109.0	99876840.0	786456.0
59	2.1	7.0	104445184.0	-0.5187848409016927	35367.0	116523623.0	916889.0
59	2.1	8.0	104377865.0	-0.5184504638115565	41935.0	133169974.0	1047754.0
59	2.1	9.0	104307779.0	-0.5181023428837458	49011.0	149816743.0	1178201.0
59	2.1	10.0	104233336.0	-0.517732580502828	56722.0	166463528.0	1308632.0
59	2.1	11.0	104156036.0	-0.5173486272493998	65066.0	183109673.0	1439703.0
59	2.1	12.0	104076549.0	-0.5169538110494614	73921.0	199755884.0	1570708.0
59	2.1	13.0	103992478.0	-0.5165362258752187	83630.0	216402561.0	1701247.0
59	2.1	14.0	103905680.0	-0.5161050955454508	94051.0	233049016.0	1832008.0
59	2.1	15.0	103817337.0	-0.5156662911176682	105085.0	249695166.0	1963074.0
59	2.1	16.0	103723771.0	-0.515201543768247	117165.0	266341219.0	2094237.0
59	2.1	17.0	103627066.0	-0.5147212048371633	130013.0	282987379.0	2225293.0
59	2.1	18.0	103526464.0	-0.5142215092976888	144028.0	299633560.0	2356328.0
59	2.1	19.0	103420618.0	-0.5136957665284475	159144.0	316279824.0	2487280.0
59	2.1	20.0	103311901.0	-0.5131557633479437	175354.0	332925239.0	2619081.0
59	2.1	21.0	103199500.0	-0.5125974615414938	192890.0	349571447.0	2750089.0
59	2.1	22.0	103080842.0	-0.5120080808798472	211848.0	366218209.0	2880543.0
59	2.1	23.0	102958142.0	-0.5113986233870188	232369.0	382864486.0	3011482.0
59	2.1	24.0	102828669.0	-0.5107555240392685	254772.0	399510372.0	3142812.0
59	2.1	25.0	102694923.0	-0.5100912004709244	278881.0	416156403.0	3273997.0
59	2.1	26.0	102554487.0	-0.509393647313118	305032.0	432802344.0	3405272.0
59	2.1	27.0	102409608.0	-0.5086740255355835	333229.0	449448529.0	3536303.0
59	2.1	28.0	102256243.0	-0.5079122533400854	364109.0	466094894.0	3667154.0
59	2.1	29.0	102096060.0	-0.5071166157722473	397640.0	482741277.0	3797987.0
59	2.1	30.0	101929078.0	-0.5062872072060903	434303.0	499387846.0	3928634.0
59	2.1	31.0	101755613.0	-0.5054255972305933	474160.0	516033973.0	4059723.0
59	2.1	32.0	101572308.0	-0.5045151114463806	517620.0	532680437.0	4190475.0
59	2.1	33.0	101380178.0	-0.5035607914129893	564855.0	549325856.0	4322272.0
59	2.1	34.0	101181138.0	-0.5025721490383148	616680.0	565972170.0	4453174.0
59	2.1	35.0	100972528.0	-0.501535971959432	673132.0	582617306.0	4585254.0
59	2.1	36.0	100754258.0	-0.5004518131415049	734839.0	599262992.0	4716784.0
59	2.1	37.0	100522979.0	-0.49930303792158764	802679.0	615909259.0	4847733.0
59	2.1	38.0	100285758.0	-0.49812474846839905	875979.0	632554942.0	4979266.0
59	2.1	39.0	100034677.0	-0.4968776156504949	957306.0	649201572.0	5109852.0
59	2.1	40.0	99774224.0	-0.4955839316050212	1046403.0	665847223.0	5241417.0
59	2.1	41.0	99501723.0	-0.49423040449619293	1144109.0	682493474.0	5372382.0
59	2.1	42.0	99218215.0	-0.49282220502694446	1251456.0	699139578.0	5503494.0
59	2.1	43.0	98919711.0	-0.4913395196199417	1369515.0	715785477.0	5634811.0
59	2.1	44.0	98607092.0	-0.4897867242495219	1500048.0	732431758.0	5765746.0
59	2.1	45.0	98282271.0	-0.48817332088947296	1643252.0	749078750.0	5895970.0
59	2.1	46.0	97943630.0	-0.4864912728468577	1800282.0	765724735.0	6027201.0
59	2.1	47.0	97588456.0	-0.48472710450490314	1973640.0	782370520.0	6158632.0
59	2.1	48.0	97225252.0	-0.4829230507214864	2164863.0	799017085.0	6289283.0
59	2.1	49.0	96847007.0	-0.48104428748289746	2375069.0	815663030.0	6420554.0
59	2.1	50.0	96454032.0	-0.4790923595428467	2606773.0	832308889.0	6551911.0
59	2.1	51.0	96049633.0	-0.47708368798096973	2862067.0	848955708.0	6682308.0
59	2.1	52.0	95630729.0	-0.4750029693047206	3141990.0	865601921.0	6813311.0
59	2.1	53.0	95198000.0	-0.4728535811106364	3449606.0	882247957.0	6944491.0
59	2.1	54.0	94750068.0	-0.47062867879867554	3787957.0	898894683.0	7074981.0
59	2.1	55.0	94294470.0	-0.46836569905281067	4156766.0	915540620.0	7206260.0
59	2.1	56.0	93830582.0	-0.4660615424315135	4559695.0	932186977.0	7337119.0
59	2.1	57.0	93355022.0	-0.46369941035906476	5001766.0	948832598.0	7468714.0
59	2.1	58.0	92873121.0	-0.46130578219890594	5481678.0	965478462.0	7600066.0
59	2.1	59.0	92381779.0	-0.4588652600844701	6003138.0	982124869.0	7730875.0
59	2.1	60.0	91887798.0	-0.4564116299152374	6566841.0	998771011.0	7861949.0
59	2.1	61.0	91389758.0	-0.4539378384749095	7177248.0	1015416887.0	7993289.0
59	2.1	62.0	90887994.0	-0.4514455497264862	7833716.0	1032062942.0	8124450.0
59	2.1	63.0	90383440.0	-0.44893940289815265	8540412.0	1048708727.0	8255881.0
59	2.1	64.0	89879202.0	-0.4464348256587982	9295972.0	1065354934.0	8386890.0
59	2.1	65.0	89371195.0	-0.44391152759393054	10100726.0	1082000348.0	8518692.0
59	2.1	66.0	88865086.0	-0.44139765699704486	10957761.0	1098646746.0	8649510.0
59	2.1	67.0	88360879.0	-0.4388932337363561	11867889.0	1115292863.0	8780609.0
59	2.1	68.0	87855425.0	-0.4363826165596644	12834628.0	1131939140.0	8911548.0
59	2.1	69.0	87351157.0	-0.433877890308698	13858370.0	1148585366.0	9042538.0
59	2.1	70.0	86848290.0	-0.43138012290000916	14938357.0	1165231024.0	9174096.0
59	2.1	71.0	86345605.0	-0.42888325949509937	16074558.0	1181876876.0	9305460.0
59	2.1	72.0	85849503.0	-0.42641909420490265	17270221.0	1198523392.0	9436160.0
59	2.1	73.0	85354469.0	-0.42396023372809094	18521192.0	1215169939.0	9566829.0
59	2.1	74.0	84866405.0	-0.42153599361578625	19834194.0	1231816380.0	9697604.0
59	2.1	75.0	84378853.0	-0.41911429663499195	21202448.0	1248462946.0	9828254.0
59	2.1	76.0	83899897.0	-0.4167352964480718	22630774.0	1265109036.0	9959380.0
59	2.1	77.0	83421443.0	-0.41435878972212475	24119087.0	1281755262.0	10090370.0
59	2.1	78.0	82952434.0	-0.4120291968186696	25663617.0	1298400808.0	10222040.0
59	2.1	79.0	82484523.0	-0.4097050577402115	27271379.0	1315047402.0	10352662.0
59	2.1	80.0	82018970.0	-0.4073926309744517	28936764.0	1331694337.0	10482943.0
59	2.1	81.0	81556712.0	-0.4050965706507365	30662246.0	1348340130.0	10614366.0
59	2.1	82.0	81103268.0	-0.4028442899386088	32447415.0	1364986090.0	10745622.0
59	2.1	83.0	80652523.0	-0.40060541530450183	34291684.0	1381631993.0	10876935.0
59	2.1	84.0	80203228.0	-0.39837374289830524	36195948.0	1398278292.0	11007852.0
59	2.1	85.0	79759030.0	-0.396167387564977	38159838.0	1414924640.0	11138720.0
59	2.1	86.0	79319656.0	-0.39398499329884845	40183998.0	1431570668.0	11269908.0
59	2.1	87.0	78885335.0	-0.3918276975552241	42266790.0	1448216133.0	11401659.0
59	2.1	88.0	78456833.0	-0.3896993050972621	44410729.0	1464862430.0	11532578.0
59	2.1	89.0	78036494.0	-0.3876114586989085	46614477.0	1481508408.0	11663816.0
59	2.1	90.0	77618666.0	-0.3855360845724742	48871700.0	1498154340.0	11795100.0
59	2.1	91.0	77206298.0	-0.38348783055941266	51192630.0	1514800658.0	11925998.0
59	2.1	92.0	76800576.0	-0.3814725875854492	53569750.0	1531446685.0	12057187.0
59	2.1	93.0	76397308.0	-0.37946953376134235	56002697.0	1548092768.0	12188320.0
59	2.1	94.0	75999965.0	-0.3774959097305934	58493052.0	1564738440.0	12319864.0
59	2.1	95.0	75604989.0	-0.3755340427160263	61038630.0	1581384412.0	12451108.0
59	2.1	96.0	75210541.0	-0.37357479830582935	63639840.0	1598030756.0	12581980.0
59	2.1	97.0	74816853.0	-0.3716193288564682	66298857.0	1614676496.0	12713456.0
59	2.1	98.0	74427677.0	-0.3696862707535426	69014378.0	1631322277.0	12844891.0
59	2.1	99.0	74042331.0	-0.3677722364664078	71786121.0	1647968625.0	12975759.0
59	2.1	100.0	73664151.0	-0.36589379608631134	74616039.0	1664614216.0	13107384.0
60	2.0	1.0	104820742.0	-0.5206502576669058	2882.0	16646190.0	131026.0
60	2.0	2.0	104781568.0	-0.5204556783040365	6012.0	33292150.0	262282.0
60	2.0	3.0	104741196.0	-0.5202551484107971	9306.0	49938678.0	392970.0
60	2.0	4.0	104699769.0	-0.5200493782758713	12794.0	66585116.0	523748.0
60	2.0	5.0	104657686.0	-0.5198403497536978	16446.0	83231589.0	654491.0
60	2.0	6.0	104612359.0	-0.5196152081092199	20487.0	99878298.0	784998.0
60	2.0	7.0	104566479.0	-0.5193873196840286	24793.0	116525111.0	915401.0
60	2.0	8.0	104520149.0	-0.5191571960846583	29187.0	133170979.0	1046749.0
60	2.0	9.0	104470633.0	-0.5189112474521002	34009.0	149817194.0	1177750.0
60	2.0	10.0	104420761.0	-0.5186635305484136	39027.0	166462942.0	1309218.0
60	2.0	11.0	104369067.0	-0.5184067636728287	44389.0	183108459.0	1440917.0
60	2.0	12.0	104315178.0	-0.5181390941143036	50148.0	199754805.0	1571787.0
60	2.0	13.0	104259086.0	-0.5178604821364085	56327.0	216400798.0	1703010.0
60	2.0	14.0	104202307.0	-0.5175784577926	62698.0	233047559.0	1833465.0
60	2.0	15.0	104142846.0	-0.5172831118106842	69602.0	249693533.0	1964707.0
60	2.0	16.0	104083273.0	-0.5169872095187505	76837.0	266339175.0	2096281.0
60	2.0	17.0	104021827.0	-0.5166820039351782	84547.0	282984966.0	2227706.0
60	2.0	18.0	103955958.0	-0.5163548290729523	92913.0	299631545.0	2358343.0
60	2.0	19.0	103889168.0	-0.5160230795542399	101781.0	316277667.0	2489437.0
60	2.0	20.0	103820283.0	-0.5156809240579605	111055.0	332923398.0	2620922.0
60	2.0	21.0	103748975.0	-0.5153267333904902	121124.0	349569744.0	2751792.0
60	2.0	22.0	103675037.0	-0.5149594793717066	131782.0	366215766.0	2882986.0
60	2.0	23.0	103599026.0	-0.5145819286505381	143108.0	382861780.0	3014188.0
60	2.0	24.0	103518719.0	-0.51418303946654	155416.0	399508198.0	3144986.0
60	2.0	25.0	103435560.0	-0.5137699842453003	168384.0	416154460.0	3275940.0
60	2.0	26.0	103348643.0	-0.5133382628361384	182550.0	432800535.0	3407081.0
60	2.0	27.0	103258227.0	-0.5128891617059708	197540.0	449446587.0	3538245.0
60	2.0	28.0	103167001.0	-0.5124360372622808	213513.0	466092359.0	3669689.0
60	2.0	29.0	103071234.0	-0.511960357427597	230672.0	482737985.0	3801279.0
60	2.0	30.0	102973106.0	-0.5114729503790537	249017.0	499384211.0	3932269.0
60	2.0	31.0	102871112.0	-0.5109663407007853	268561.0	516030994.0	4062702.0
60	2.0	32.0	102764390.0	-0.5104362467924753	289486.0	532677306.0	4193606.0
60	2.0	33.0	102651022.0	-0.5098731418450674	312370.0	549323116.0	4325012.0
60	2.0	34.0	102535724.0	-0.5093004504839579	336671.0	565969367.0	4455977.0
60	2.0	35.0	102416058.0	-0.5087060630321503	362774.0	582615884.0	4586676.0
60	2.0	36.0	102292158.0	-0.5080906450748444	390855.0	599262586.0	4717190.0
60	2.0	37.0	102162034.0	-0.507444312175115	421260.0	615908475.0	4848517.0
60	2.0	38.0	102029208.0	-0.5067845582962036	453698.0	632554050.0	4980158.0
60	2.0	39.0	101892114.0	-0.5061036050319672	488514.0	649200132.0	5111292.0
60	2.0	40.0	101747974.0	-0.5053876539071401	525947.0	665846381.0	5242259.0
60	2.0	41.0	101598472.0	-0.5046450694402059	566396.0	682492952.0	5372904.0
60	2.0	42.0	101443930.0	-0.5038774510224661	610011.0	699139187.0	5503885.0
60	2.0	43.0	101281503.0	-0.503070667386055	657171.0	715786119.0	5634169.0
60	2.0	44.0	101111573.0	-0.5022266159454981	708442.0	732431854.0	5765650.0
60	2.0	45.0	100935730.0	-0.5013531943162283	763665.0	749077974.0	5896746.0
60	2.0	46.0	100752764.0	-0.5004443923632304	823608.0	765723772.0	6028164.0
60	2.0	47.0	100559824.0	-0.4994860490163167	888487.0	782369763.0	6159389.0
60	2.0	48.0	100361860.0	-0.4985027511914571	958760.0	799016173.0	6290195.0
60	2.0	49.0	100155365.0	-0.49747707943121594	1035111.0	815662460.0	6421124.0
60	2.0	50.0	99940116.0	-0.4964079260826111	1117923.0	832307928.0	6552872.0
60	2.0	51.0	99716535.0	-0.4952973872423172	1207780.0	848954033.0	6683983.0
60	2.0	52.0	99484653.0	-0.49414561688899994	1305350.0	865600403.0	6814829.0
60	2.0	53.0	99244164.0	-0.49295109510421753	1411508.0	882246313.0	6946135.0
60	2.0	54.0	98991990.0	-0.4916985332965851	1526805.0	898892459.0	7077205.0
60	2.0	55.0	98730323.0	-0.4903988192478816	1652627.0	915539119.0	7207761.0
60	2.0	56.0	98459815.0	-0.4890551914771398	1789121.0	932185044.0	7339052.0
60	2.0	57.0	98180453.0	-0.48766758541266125	1937740.0	948831582.0	7469730.0
60	2.0	58.0	97893165.0	-0.48624061048030853	2098610.0	965478202.0	7600326.0
60	2.0	59.0	97591707.0	-0.48474325239658356	2274219.0	982123632.0	7732112.0
60	2.0	60.0	97279922.0	-0.48319459954897565	2466650.0	998769421.0	7863539.0
60	2.0	61.0	96959432.0	-0.4816027084986369	2676176.0	1015416018.0	7994158.0
60	2.0	62.0	96626663.0	-0.47994982699553174	2904083.0	1032062399.0	8124993.0
60	2.0	63.0	96286924.0	-0.4782623251279195	3152617.0	1048708167.0	8256441.0
60	2.0	64.0	95938257.0	-0.4765304774045944	3421567.0	1065353700.0	8388124.0
60	2.0	65.0	95581847.0	-0.474760169784228	3714313.0	1082000298.0	8518742.0
60	2.0	66.0	95215578.0	-0.4729408919811249	4032248.0	1098646178.0	8650078.0
60	2.0	67.0	94844921.0	-0.4710998187462489	4375803.0	1115292943.0	8780529.0
60	2.0	68.0	94466983.0	-0.4692225803931554	4745787.0	1131939395.0	8911293.0
60	2.0	69.0	94079442.0	-0.46729764342308044	5145506.0	1148585618.0	9042286.0
60	2.0	70.0	93685896.0	-0.4653428792953491	5575798.0	1165231880.0	9173240.0
60	2.0	71.0	93293664.0	-0.4633946418762207	6038578.0	1181878311.0	9304025.0
60	2.0	72.0	92895773.0	-0.461418295900027	6536725.0	1198524225.0	9435327.0
60	2.0	73.0	92494237.0	-0.45942384501298267	7068975.0	1215170183.0	9566585.0
60	2.0	74.0	92088692.0	-0.4574094812075297	7638039.0	1231815922.0	9698062.0
60	2.0	75.0	91679940.0	-0.4553791880607605	8244915.0	1248462297.0	9828903.0
60	2.0	76.0	91270198.0	-0.4533439775307973	8893331.0	1265108324.0	9960092.0
60	2.0	77.0	90858082.0	-0.45129697521527606	9579311.0	1281754300.0	10091332.0
60	2.0	78.0	90446482.0	-0.44925253589948017	10306111.0	1298400642.0	10222206.0
60	2.0	79.0	90034783.0	-0.44720760484536487	11073885.0	1315046478.0	10353586.0
60	2.0	80.0	89624134.0	-0.4451678891976674	11884293.0	1331691885.0	10485395.0
60	2.0	81.0	89216684.0	-0.4431440631548564	12736391.0	1348338398.0	10616098.0
60	2.0	82.0	88807016.0	-0.4411092201868693	13633832.0	1364984693.0	10747019.0
60	2.0	83.0	88397273.0	-0.4390740046898524	14575079.0	1381630544.0	10878384.0
60	2.0	84.0	87993843.0	-0.4370701462030411	15561389.0	1398276815.0	11009329.0
60	2.0	85.0	87589695.0	-0.4350627213716507	16593644.0	1414922341.0	11141019.0
60	2.0	86.0	87188187.0	-0.4330684095621109	17669773.0	1431569243.0	11271333.0
60	2.0	87.0	86791364.0	-0.4310973683993022	18792250.0	1448215416.0	11402376.0
60	2.0	88.0	86396432.0	-0.4291357199350993	19961156.0	1464861207.0	11533801.0
60	2.0	89.0	86001950.0	-0.4271763066450755	21177150.0	1481507436.0	11664788.0
60	2.0	90.0	85612161.0	-0.4252402037382126	22437492.0	1498152957.0	11796483.0
60	2.0	91.0	85227000.0	-0.42332708835601807	23746092.0	1514799340.0	11927316.0
60	2.0	92.0	84839313.0	-0.4214014261960983	25100882.0	1531444865.0	12059007.0
60	2.0	93.0	84455625.0	-0.41949562728405	26504628.0	1548090886.0	12190202.0
60	2.0	94.0	84077139.0	-0.4176156669855118	27954557.0	1564737210.0	12321094.0
60	2.0	95.0	83702368.0	-0.41575415929158527	29453762.0	1581383632.0	12451888.0
60	2.0	96.0	83331029.0	-0.4139096985260646	30998580.0	1598029982.0	12582754.0
60	2.0	97.0	82960143.0	-0.4120674878358841	32590262.0	1614676164.0	12713788.0
60	2.0	98.0	82593811.0	-0.4102478971083959	34228989.0	1631322024.0	12845144.0
60	2.0	99.0	82229951.0	-0.40844058493773144	35915211.0	1647968763.0	12975621.0
60	2.0	100.0	81869534.0	-0.4066503743330638	37647466.0	1664615231.0	13106369.0
61	1.9	1.0	104831623.0	-0.5207043041785558	2040.0	16646798.0	130418.0
61	1.9	2.0	104803700.0	-0.5205656091372172	4281.0	33292762.0	261670.0
61	1.9	3.0	104776615.0	-0.5204310764869055	6519.0	49938656.0	392992.0
61	1.9	4.0	104748703.0	-0.5202924360831579	8881.0	66584838.0	524026.0
61	1.9	5.0	104720157.0	-0.5201506465673447	11357.0	83230864.0	655216.0
61	1.9	6.0	104689771.0	-0.519999717672666	14035.0	99876459.0	786837.0
61	1.9	7.0	104658904.0	-0.5198463996251425	16840.0	116521800.0	918712.0
61	1.9	8.0	104626414.0	-0.5196850200494131	19905.0	133167793.0	1049935.0
61	1.9	9.0	104592934.0	-0.5195187230904897	23071.0	149813649.0	1181295.0
61	1.9	10.0	104559715.0	-0.5193537225325903	26314.0	166459627.0	1312533.0
61	1.9	11.0	104525692.0	-0.5191847284634908	29742.0	183105834.0	1443542.0
61	1.9	12.0	104491495.0	-0.5190148701270422	33211.0	199752103.0	1574489.0
61	1.9	13.0	104455436.0	-0.5188357631365458	37003.0	216398122.0	1705686.0
61	1.9	14.0	104417573.0	-0.5186476955811182	41118.0	233044458.0	1836566.0
61	1.9	15.0	104378673.0	-0.5184544771909714	45418.0	249690692.0	1967548.0
61	1.9	16.0	104340398.0	-0.5182643632094065	49783.0	266336902.0	2098554.0
61	1.9	17.0	104299454.0	-0.5180609921614329	54483.0	282982999.0	2229673.0
61	1.9	18.0	104257709.0	-0.5178536425034205	59421.0	299629283.0	2360605.0
61	1.9	19.0	104214960.0	-0.5176413059234619	64600.0	316275467.0	2491637.0
61	1.9	20.0	104171081.0	-0.5174233565727869	70068.0	332921559.0	2622761.0
61	1.9	21.0	104125735.0	-0.5171981205542883	75864.0	349568135.0	2753401.0
61	1.9	22.0	104079997.0	-0.5169709374507269	81928.0	366214979.0	2883773.0
61	1.9	23.0	104032383.0	-0.5167344361543655	88310.0	382860846.0	3015122.0
61	1.9	24.0	103982371.0	-0.5164860238631567	95172.0	399507042.0	3146142.0
61	1.9	25.0	103932016.0	-0.5162359078725179	102334.0	416153900.0	3276500.0
61	1.9	26.0	103879574.0	-0.515975425640742	109983.0	432799868.0	3407748.0
61	1.9	27.0	103826590.0	-0.5157122512658437	117979.0	449445774.0	3539058.0
61	1.9	28.0	103771593.0	-0.5154390782117844	126372.0	466092481.0	3669567.0
61	1.9	29.0	103714097.0	-0.5151534924904505	135396.0	482738717.0	3800547.0
61	1.9	30.0	103654742.0	-0.5148586730162302	144847.0	499384352.0	3932128.0
61	1.9	31.0	103594290.0	-0.5145584046840668	154789.0	516030771.0	4062925.0
61	1.9	32.0	103531163.0	-0.5142448494831721	165353.0	532677179.0	4193733.0
61	1.9	33.0	103468122.0	-0.5139317214488983	176485.0	549323946.0	4324182.0
61	1.9	34.0	103400650.0	-0.5135965843995413	188487.0	565969989.0	4455355.0
61	1.9	35.0	103333561.0	-0.5132633497317632	200892.0	582616189.0	4586371.0
61	1.9	36.0	103261738.0	-0.5129066010316213	214460.0	599262546.0	4717230.0
61	1.9	37.0	103189052.0	-0.5125455657641093	228541.0	615908474.0	4848518.0
61	1.9	38.0	103114287.0	-0.51217420399189	243461.0	632554574.0	4979634.0
61	1.9	39.0	103037310.0	-0.511791855096817	259201.0	649200805.0	5110619.0
61	1.9	40.0	102956778.0	-0.5113918483257294	275968.0	665846735.0	5241905.0
61	1.9	41.0	102873352.0	-0.5109774669011434	294048.0	682492666.0	5373190.0
61	1.9	42.0	102788473.0	-0.5105558683474859	312937.0	699138517.0	5504555.0
61	1.9	43.0	102700801.0	-0.5101203968127569	333043.0	715784779.0	5635509.0
61	1.9	44.0	102609917.0	-0.5096689711014429	354536.0	732430926.0	5766578.0
61	1.9	45.0	102515088.0	-0.5091979503631592	377324.0	749077362.0	5897358.0
61	1.9	46.0	102418250.0	-0.5087169508139292	401759.0	765723900.0	6028036.0
61	1.9	47.0	102319008.0	-0.5082240104675293	427586.0	782369749.0	6159403.0
61	1.9	48.0	102213290.0	-0.5076989034811655	455116.0	799015930.0	6290438.0
61	1.9	49.0	102104744.0	-0.5071597496668497	484525.0	815662081.0	6421503.0
61	1.9	50.0	101995460.0	-0.5066169301668803	515631.0	832308239.0	6552561.0
61	1.9	51.0	101880365.0	-0.5060452471176783	548932.0	848953850.0	6684166.0
61	1.9	52.0	101761270.0	-0.5054536958535513	584494.0	865600340.0	6814892.0
61	1.9	53.0	101638002.0	-0.5048414170742035	622298.0	882246407.0	6946041.0
61	1.9	54.0	101510847.0	-0.5042098313570023	662867.0	898892474.0	7077190.0
61	1.9	55.0	101378374.0	-0.5035518308480581	706200.0	915538630.0	7208250.0
61	1.9	56.0	101243393.0	-0.5028813729683558	752457.0	932184638.0	7339458.0
61	1.9	57.0	101101542.0	-0.5021767914295197	802446.0	948830889.0	7470423.0
61	1.9	58.0	100956435.0	-0.5014560371637344	855573.0	965476721.0	7601807.0
61	1.9	59.0	100805263.0	-0.500705157717069	912662.0	982123269.0	7732475.0
61	1.9	60.0	100648615.0	-0.499927078684171	973911.0	998769565.0	7863395.0
61	1.9	61.0	100484456.0	-0.49911169211069745	1040009.0	1015415517.0	7994659.0
61	1.9	62.0	100317169.0	-0.49828076859315235	1110639.0	1032062181.0	8125211.0
61	1.9	63.0	100143830.0	-0.4974197844664256	1186198.0	1048708051.0	8256557.0
61	1.9	64.0	99963629.0	-0.49652471641699475	1267392.0	1065353584.0	8388240.0
61	1.9	65.0	99777362.0	-0.49559951821962994	1354978.0	1081999984.0	8519056.0
61	1.9	66.0	99584344.0	-0.4946407874425252	1449219.0	1098646174.0	8650082.0
61	1.9	67.0	99383877.0	-0.4936450570821762	1550545.0	1115292744.0	8780728.0
61	1.9	68.0	99178241.0	-0.4926236520210902	1659289.0	1131939132.0	8911556.0
61	1.9	69.0	98966353.0	-0.4915711929400762	1776339.0	1148585480.0	9042424.0
61	1.9	70.0	98748190.0	-0.4904875655968984	1902279.0	1165231575.0	9173545.0
61	1.9	71.0	98522300.0	-0.489365557829539	2038301.0	1181877211.0	9305125.0
61	1.9	72.0	98287576.0	-0.4881996711095174	2185062.0	1198523310.0	9436242.0
61	1.9	73.0	98045404.0	-0.48699678977330524	2343649.0	1215169095.0	9567673.0
61	1.9	74.0	97796096.0	-0.4857584635416667	2514358.0	1231815305.0	9698679.0
61	1.9	75.0	97540238.0	-0.4844876031080882	2698199.0	1248460996.0	9830204.0
61	1.9	76.0	97279317.0	-0.4831915944814682	2895307.0	1265107310.0	9961106.0
61	1.9	77.0	97011571.0	-0.4818616857131322	3107334.0	1281753529.0	10092103.0
61	1.9	78.0	96736229.0	-0.48049404720465344	3336443.0	1298400440.0	10222408.0
61	1.9	79.0	96454038.0	-0.47909238934516907	3581975.0	1315046230.0	10353834.0
61	1.9	80.0	96166127.0	-0.4776623199383418	3846203.0	1331691521.0	10485759.0
61	1.9	81.0	95872678.0	-0.4762047429879506	4130644.0	1348337419.0	10617077.0
61	1.9	82.0	95574416.0	-0.47472325960795086	4435285.0	1364983543.0	10748169.0
61	1.9	83.0	95270732.0	-0.47321484486262005	4761392.0	1381629847.0	10879081.0
61	1.9	84.0	94963643.0	-0.4716895172993342	5110236.0	1398275916.0	11010228.0
61	1.9	85.0	94653429.0	-0.4701486676931381	5481447.0	1414922040.0	11141320.0
61	1.9	86.0	94337988.0	-0.4685818552970886	5877670.0	1431567931.0	11272645.0
61	1.9	87.0	94019423.0	-0.4669995258251826	6300417.0	1448213343.0	11404449.0
61	1.9	88.0	93701123.0	-0.4654185126225154	6747261.0	1464859915.0	11535093.0
61	1.9	89.0	93379231.0	-0.46381965776284534	7223514.0	1481506126.0	11666098.0
61	1.9	90.0	93054599.0	-0.46220719317595166	7726845.0	1498151920.0	11797520.0
61	1.9	91.0	92726380.0	-0.4605769117673238	8260077.0	1514798319.0	11928337.0
61	1.9	92.0	92399348.0	-0.45895252625147503	8824613.0	1531444556.0	12059316.0
61	1.9	93.0	92076344.0	-0.45734814802805585	9418999.0	1548091078.0	12190010.0
61	1.9	94.0	91750502.0	-0.4557296733061473	10043959.0	1564737567.0	12320737.0
61	1.9	95.0	91420740.0	-0.45409172773361206	10700803.0	1581383686.0	12451834.0
61	1.9	96.0	91091474.0	-0.4524562458197276	11391204.0	1598029575.0	12583161.0
61	1.9	97.0	90763134.0	-0.45082536339759827	12114095.0	1614675398.0	12714554.0
61	1.9	98.0	90437908.0	-0.44920994838078815	12868639.0	1631321030.0	12846138.0
61	1.9	99.0	90111289.0	-0.4475876142581304	13657636.0	1647966247.0	12978137.0
61	1.9	100.0	89787588.0	-0.4459797739982605	14482436.0	1664612557.0	13109043.0
62	1.8	1.0	104839816.0	-0.5207449992497762	1421.0	16646255.0	130961.0
62	1.8	2.0	104821221.0	-0.520652636885643	2923.0	33292928.0	261504.0
62	1.8	3.0	104802545.0	-0.5205598721901575	4474.0	49939268.0	392380.0
62	1.8	4.0	104784211.0	-0.5204688062270483	6039.0	66585327.0	523537.0
62	1.8	5.0	104765525.0	-0.5203759918610255	7678.0	83231863.0	654217.0
62	1.8	6.0	104745897.0	-0.5202784985303879	9411.0	99878088.0	785208.0
62	1.8	7.0	104725371.0	-0.5201765447854996	11227.0	116524173.0	916339.0
62	1.8	8.0	104704115.0	-0.5200709650913874	13156.0	133169866.0	1047862.0
62	1.8	9.0	104682837.0	-0.5199652761220932	15136.0	149816266.0	1178678.0
62	1.8	10.0	104661028.0	-0.5198569496472677	17200.0	166462591.0	1309569.0
62	1.8	11.0	104638727.0	-0.5197461793820063	19363.0	183109062.0	1440314.0
62	1.8	12.0	104616224.0	-0.5196344057718912	21555.0	199754819.0	1571773.0
62	1.8	13.0	104592806.0	-0.5195180873076121	23902.0	216401363.0	1702445.0
62	1.8	14.0	104570037.0	-0.5194049924612045	26307.0	233047564.0	1833460.0
62	1.8	15.0	104545818.0	-0.5192846953868866	28830.0	249693870.0	1964370.0
62	1.8	16.0	104520808.0	-0.5191604693730673	31535.0	266340970.0	2094486.0
62	1.8	17.0	104495132.0	-0.5190329353014628	34362.0	282987084.0	2225588.0
62	1.8	18.0	104470153.0	-0.5189088632663091	37188.0	299633306.0	2356582.0
62	1.8	19.0	104444017.0	-0.5187790443499883	40165.0	316279342.0	2487762.0
62	1.8	20.0	104417062.0	-0.5186451574166616	43294.0	332925708.0	2618612.0
62	1.8	21.0	104389055.0	-0.5185060451428095	46640.0	349572646.0	2748890.0
62	1.8	22.0	104360674.0	-0.5183650751908621	50092.0	366219467.0	2879285.0
62	1.8	23.0	104332562.0	-0.5182254413763682	53530.0	382865269.0	3010699.0
62	1.8	24.0	104301554.0	-0.5180714229742686	57400.0	399511601.0	3141583.0
62	1.8	25.0	104271206.0	-0.5179206828276316	61367.0	416157225.0	3273175.0
62	1.8	26.0	104240035.0	-0.5177658547957739	65506.0	432803261.0	3404355.0
62	1.8	27.0	104207862.0	-0.5176060497760773	69812.0	449449604.0	3535228.0
62	1.8	28.0	104174889.0	-0.5174422711133957	74286.0	466095925.0	3666123.0
62	1.8	29.0	104141167.0	-0.5172747721274694	78983.0	482741481.0	3797783.0
62	1.8	30.0	104107154.0	-0.5171058277289072	83853.0	499387169.0	3929311.0
62	1.8	31.0	104071805.0	-0.5169302473465601	88994.0	516033882.0	4059814.0
62	1.8	32.0	104035387.0	-0.5167493571837743	94391.0	532679287.0	4191625.0
62	1.8	33.0	103998172.0	-0.5165645082791647	99975.0	549325219.0	4322909.0
62	1.8	34.0	103961591.0	-0.5163828084866205	105694.0	565971286.0	4454058.0
62	1.8	35.0	103922171.0	-0.5161870072285334	111819.0	582618269.0	4584291.0
62	1.8	36.0	103882141.0	-0.5159881760676702	118322.0	599264350.0	4715426.0
62	1.8	37.0	103842172.0	-0.5157896478970846	124919.0	615910652.0	4846340.0
62	1.8	38.0	103801602.0	-0.5155881345272064	131899.0	632556681.0	4977527.0
62	1.8	39.0	103758786.0	-0.5153754651546478	139178.0	649203309.0	5108115.0
62	1.8	40.0	103715806.0	-0.5151619811852773	146875.0	665849628.0	5239012.0
62	1.8	41.0	103671008.0	-0.5149394671122233	154971.0	682495342.0	5370514.0
62	1.8	42.0	103625031.0	-0.5147110968828201	163491.0	699141388.0	5501684.0
62	1.8	43.0	103577124.0	-0.5144731402397156	172487.0	715787477.0	5632811.0
62	1.8	44.0	103528525.0	-0.514231746395429	181883.0	732433709.0	5763795.0
62	1.8	45.0	103480289.0	-0.5139921555916468	191510.0	749080073.0	5894647.0
62	1.8	46.0	103430283.0	-0.5137437731027603	201698.0	765725945.0	6025991.0
62	1.8	47.0	103378966.0	-0.5134888788064321	212269.0	782372212.0	6156940.0
62	1.8	48.0	103326289.0	-0.5132272293170294	223433.0	799018708.0	6287660.0
62	1.8	49.0	103270952.0	-0.5129523674647013	235328.0	815664192.0	6419392.0
62	1.8	50.0	103214049.0	-0.5126697272062302	247819.0	832310593.0	6550207.0
62	1.8	51.0	103156964.0	-0.5123861829439799	260791.0	848956615.0	6681401.0
62	1.8	52.0	103097695.0	-0.5120917906363806	274605.0	865602647.0	6812585.0
62	1.8	53.0	103036482.0	-0.5117877423763275	288952.0	882248118.0	6944330.0
62	1.8	54.0	102972943.0	-0.5114721407492956	304198.0	898895124.0	7074540.0
62	1.8	55.0	102907686.0	-0.5111480057239532	320228.0	915540801.0	7206079.0
62	1.8	56.0	102840862.0	-0.5108160873254141	337076.0	932187290.0	7336806.0
62	1.8	57.0	102772219.0	-0.5104751338561376	354612.0	948833671.0	7467641.0
62	1.8	58.0	102701714.0	-0.5101249317328135	373159.0	965479491.0	7599037.0
62	1.8	59.0	102629657.0	-0.5097670207420985	392700.0	982125366.0	7730378.0
62	1.8	60.0	102554273.0	-0.5093925843636194	413608.0	998771312.0	7861648.0
62	1.8	61.0	102477381.0	-0.5090106576681137	435513.0	1015417196.0	7992980.0
62	1.8	62.0	102397734.0	-0.5086150467395782	458861.0	1032063381.0	8124011.0
62	1.8	63.0	102315186.0	-0.5082050263881683	483580.0	1048709638.0	8254970.0
62	1.8	64.0	102230783.0	-0.5077857921520869	509579.0	1065355158.0	8386666.0
62	1.8	65.0	102144727.0	-0.5073583473761877	536777.0	1082001566.0	8517474.0
62	1.8	66.0	102055553.0	-0.5069154153267542	565421.0	1098648028.0	8648228.0
62	1.8	67.0	101965086.0	-0.5064660608768463	595533.0	1115294805.0	8778667.0
62	1.8	68.0	101871181.0	-0.5059996296962103	627680.0	1131941101.0	8909587.0
62	1.8	69.0	101774035.0	-0.5055171002944311	661668.0	1148586874.0	9041030.0
62	1.8	70.0	101673741.0	-0.5050189346075058	697810.0	1165233770.0	9171350.0
62	1.8	71.0	101572309.0	-0.5045151164134344	735686.0	1181880063.0	9302273.0
62	1.8	72.0	101466223.0	-0.5039881815512975	776145.0	1198526578.0	9432974.0
62	1.8	73.0	101356388.0	-0.503442625204722	818832.0	1215171931.0	9564837.0
62	1.8	74.0	101244223.0	-0.5028854956229528	864069.0	1231817617.0	9696367.0
62	1.8	75.0	101127900.0	-0.5023077130317688	912366.0	1248464034.0	9827166.0
62	1.8	76.0	101008855.0	-0.5017164101203283	963339.0	1265109548.0	9958868.0
62	1.8	77.0	100885171.0	-0.5011020650466284	1017633.0	1281755962.0	10089670.0
62	1.8	78.0	100757843.0	-0.5004696200291315	1075351.0	1298401807.0	10221041.0
62	1.8	79.0	100626479.0	-0.4998171279827754	1136640.0	1315048489.0	10351575.0
62	1.8	80.0	100491436.0	-0.49914636214574176	1202090.0	1331695038.0	10482242.0
62	1.8	81.0	100350432.0	-0.498445987701416	1271421.0	1348341025.0	10613471.0
62	1.8	82.0	100205705.0	-0.4977271209160487	1345052.0	1364987059.0	10744653.0
62	1.8	83.0	100059122.0	-0.4969990352789561	1423301.0	1381633281.0	10875647.0
62	1.8	84.0	99907887.0	-0.4962478429079056	1506629.0	1398279302.0	11006842.0
62	1.8	85.0	99751136.0	-0.4954692522684733	1595528.0	1414925577.0	11137783.0
62	1.8	86.0	99591106.0	-0.49467437465985614	1689507.0	1431572196.0	11268380.0
62	1.8	87.0	99424041.0	-0.49384455382823944	1790714.0	1448218415.0	11399377.0
62	1.8	88.0	99253912.0	-0.49299951394399005	1898770.0	1464864833.0	11530175.0
62	1.8	89.0	99078630.0	-0.4921288788318634	2013907.0	1481511989.0	11660235.0
62	1.8	90.0	98898239.0	-0.49123286704222363	2136745.0	1498157916.0	11791524.0
62	1.8	91.0	98713591.0	-0.49031571050484973	2267336.0	1514804056.0	11922600.0
62	1.8	92.0	98523817.0	-0.4893730928500493	2406352.0	1531450585.0	12053287.0
62	1.8	93.0	98330232.0	-0.488411545753479	2554852.0	1548096732.0	12184356.0
62	1.8	94.0	98131819.0	-0.487426017721494	2713281.0	1564742571.0	12315733.0
62	1.8	95.0	97928351.0	-0.48641538123289746	2882566.0	1581389028.0	12446492.0
62	1.8	96.0	97721755.0	-0.48538920780022937	3062806.0	1598034812.0	12577924.0
62	1.8	97.0	97509274.0	-0.4843338032563527	3255197.0	1614681080.0	12708872.0
62	1.8	98.0	97291614.0	-0.4832526743412018	3460106.0	1631326575.0	12840593.0
62	1.8	99.0	97069190.0	-0.482147882382075	3678336.0	1647972573.0	12971811.0
62	1.8	100.0	96843384.0	-0.481026291847229	3910344.0	1664617931.0	13103669.0
63	1.7	1.0	104846159.0	-0.5207765052715937	930.0	16646029.0	131187.0
63	1.7	2.0	104834491.0	-0.5207185496886572	1895.0	33292020.0	262412.0
63	1.7	3.0	104822030.0	-0.5206566552321116	2928.0	49938028.0	393620.0
63	1.7	4.0	104810194.0	-0.5205978651841482	3937.0	66584065.0	524799.0
63	1.7	5.0	104797374.0	-0.5205341875553131	5037.0	83230440.0	655640.0
63	1.7	6.0	104784831.0	-0.5204718858003616	6141.0	99876611.0	786685.0
63	1.7	7.0	104772766.0	-0.5204119582970937	7224.0	116522668.0	917844.0
63	1.7	8.0	104759776.0	-0.5203474362691244	8400.0	133168330.0	1049398.0
63	1.7	9.0	104746828.0	-0.5202831228574117	9579.0	149814913.0	1180031.0
63	1.7	10.0	104733152.0	-0.5202151934305826	10862.0	166461306.0	1310854.0
63	1.7	11.0	104719028.0	-0.520145038763682	12183.0	183107105.0	1442271.0
63	1.7	12.0	104705102.0	-0.5200758675734202	13518.0	199753403.0	1573189.0
63	1.7	13.0	104691272.0	-0.5200071732203165	14862.0	216399638.0	1704170.0
63	1.7	14.0	104677091.0	-0.5199367354313532	16303.0	233046041.0	1834983.0
63	1.7	15.0	104662622.0	-0.5198648671309153	17788.0	249692294.0	1965946.0
63	1.7	16.0	104647268.0	-0.5197886029879252	19374.0	266338149.0	2097307.0
63	1.7	17.0	104632236.0	-0.5197139382362366	20964.0	282984243.0	2228429.0
63	1.7	18.0	104615632.0	-0.5196314652760824	22704.0	299630176.0	2359712.0
63	1.7	19.0	104599304.0	-0.5195503632227579	24450.0	316275654.0	2491450.0
63	1.7	20.0	104583278.0	-0.5194707612196604	26192.0	332921188.0	2623132.0
63	1.7	21.0	104566631.0	-0.5193880746761957	28030.0	349567949.0	2753587.0
63	1.7	22.0	104549686.0	-0.5193039079507192	29915.0	366214103.0	2884649.0
63	1.7	23.0	104531892.0	-0.5192155241966248	31961.0	382860758.0	3015210.0
63	1.7	24.0	104514781.0	-0.5191305329402288	33990.0	399506966.0	3146218.0
63	1.7	25.0	104496797.0	-0.5190412054459254	36072.0	416152689.0	3277711.0
63	1.7	26.0	104479125.0	-0.5189534276723862	38200.0	432799015.0	3408601.0
63	1.7	27.0	104460183.0	-0.5188593417406082	40525.0	449445159.0	3539673.0
63	1.7	28.0	104441340.0	-0.5187657475471497	42875.0	466091632.0	3670416.0
63	1.7	29.0	104422143.0	-0.5186703950166702	45293.0	482738038.0	3801226.0
63	1.7	30.0	104402892.0	-0.5185747742652893	47790.0	499384017.0	3932463.0
63	1.7	31.0	104382952.0	-0.5184757312138876	50407.0	516030522.0	4063174.0
63	1.7	32.0	104363581.0	-0.5183795144160589	53019.0	532677136.0	4193776.0
63	1.7	33.0	104342852.0	-0.5182765523592631	55824.0	549323079.0	4325049.0
63	1.7	34.0	104321933.0	-0.5181726465622584	58687.0	565969235.0	4456109.0
63	1.7	35.0	104300304.0	-0.5180652141571045	61714.0	582615991.0	4586569.0
63	1.7	36.0	104278904.0	-0.517958919207255	64806.0	599262700.0	4717076.0
63	1.7	37.0	104256493.0	-0.5178476025660833	68052.0	615909141.0	4847851.0
63	1.7	38.0	104233209.0	-0.5177319496870041	71490.0	632555013.0	4979195.0
63	1.7	39.0	104209991.0	-0.5176166246334711	75000.0	649200957.0	5110467.0
63	1.7	40.0	104186096.0	-0.5174979368845621	78679.0	665847965.0	5240675.0
63	1.7	41.0	104161516.0	-0.5173758467038473	82473.0	682493425.0	5372431.0
63	1.7	42.0	104137977.0	-0.5172589272260666	86294.0	699139165.0	5503907.0
63	1.7	43.0	104113300.0	-0.5171363552411398	90226.0	715785485.0	5634803.0
63	1.7	44.0	104087959.0	-0.5170104851325353	94376.0	732431441.0	5766063.0
63	1.7	45.0	104061885.0	-0.5168809741735458	98771.0	749077952.0	5896768.0
63	1.7	46.0	104035469.0	-0.5167497644821802	103220.0	765724764.0	6027172.0
63	1.7	47.0	104008515.0	-0.5166158825159073	107837.0	782371493.0	6157659.0
63	1.7	48.0	103980987.0	-0.5164791494607925	112573.0	799017927.0	6288441.0
63	1.7	49.0	103952846.0	-0.5163393716017405	117609.0	815664139.0	6419445.0
63	1.7	50.0	103923694.0	-0.5161945720513662	122814.0	832309241.0	6551559.0
63	1.7	51.0	103894285.0	-0.5160484959681829	128202.0	848954840.0	6683176.0
63	1.7	52.0	103863236.0	-0.5158942739168803	133863.0	865601219.0	6814013.0
63	1.7	53.0	103832225.0	-0.5157402406136194	139669.0	882247742.0	6944706.0
63	1.7	54.0	103801657.0	-0.5155884077151617	145625.0	898893505.0	7076159.0
63	1.7	55.0	103769212.0	-0.5154272516568502	151942.0	915539680.0	7207200.0
63	1.7	56.0	103736624.0	-0.5152653853098551	158436.0	932186075.0	7338021.0
63	1.7	57.0	103702762.0	-0.5150971909364065	165250.0	948832408.0	7468904.0
63	1.7	58.0	103668909.0	-0.5149290412664413	172362.0	965478484.0	7600044.0
63	1.7	59.0	103633838.0	-0.5147548417250315	179694.0	982124421.0	7731323.0
63	1.7	60.0	103597212.0	-0.5145729184150696	187501.0	998770280.0	7862680.0
63	1.7	61.0	103560856.0	-0.5143923362096151	195458.0	1015416210.0	7993966.0
63	1.7	62.0	103523679.0	-0.5142076760530472	203684.0	1032062361.0	8125031.0
63	1.7	63.0	103485687.0	-0.5140189677476883	212414.0	1048708588.0	8256020.0
63	1.7	64.0	103446996.0	-0.5138267874717712	221396.0	1065354869.0	8386955.0
63	1.7	65.0	103407398.0	-0.5136301020781199	230782.0	1082000936.0	8518104.0
63	1.7	66.0	103367530.0	-0.5134320755799612	240520.0	1098646126.0	8650130.0
63	1.7	67.0	103325489.0	-0.5132232556740443	250717.0	1115292367.0	8781105.0
63	1.7	68.0	103282952.0	-0.5130119721094767	261336.0	1131938108.0	8912580.0
63	1.7	69.0	103239989.0	-0.5127985725800196	272472.0	1148584012.0	9043892.0
63	1.7	70.0	103195272.0	-0.5125764608383179	283929.0	1165230505.0	9174615.0
63	1.7	71.0	103149950.0	-0.5123513440291086	295830.0	1181876414.0	9305922.0
63	1.7	72.0	103103680.0	-0.5121215184529623	308347.0	1198522922.0	9436630.0
63	1.7	73.0	103057618.0	-0.5118927260239919	321154.0	1215168843.0	9567925.0
63	1.7	74.0	103008833.0	-0.5116504083077112	334746.0	1231815234.0	9698750.0
63	1.7	75.0	102960377.0	-0.5114097247521082	348826.0	1248460939.0	9830261.0
63	1.7	76.0	102908450.0	-0.5111518005530039	363765.0	1265106671.0	9961745.0
63	1.7	77.0	102856789.0	-0.5108951975901922	379168.0	1281752996.0	10092636.0
63	1.7	78.0	102805048.0	-0.5106381972630819	395058.0	1298399209.0	10223639.0
63	1.7	79.0	102749680.0	-0.5103631814320883	412081.0	1315045343.0	10354721.0
63	1.7	80.0	102693842.0	-0.5100858310858408	429562.0	1331691188.0	10486092.0
63	1.7	81.0	102636897.0	-0.509802982211113	448059.0	1348337441.0	10617055.0
63	1.7	82.0	102578221.0	-0.5095115353663763	467273.0	1364983291.0	10748421.0
63	1.7	83.0	102517199.0	-0.5092084358135859	487398.0	1381630177.0	10878751.0
63	1.7	84.0	102455584.0	-0.508902390797933	508438.0	1398276172.0	11009972.0
63	1.7	85.0	102391358.0	-0.5085833768049876	530645.0	1414922428.0	11140932.0
63	1.7	86.0	102328006.0	-0.5082687040170034	553603.0	1431568881.0	11271695.0
63	1.7	87.0	102262545.0	-0.5079435557126999	577927.0	1448214810.0	11402982.0
63	1.7	88.0	102195844.0	-0.5076122482617696	602878.0	1464861399.0	11533609.0
63	1.7	89.0	102126123.0	-0.5072659403085709	629414.0	1481507421.0	11664803.0
63	1.7	90.0	102054184.0	-0.5069086154301962	657138.0	1498153806.0	11795634.0
63	1.7	91.0	101981354.0	-0.5065468649069468	686038.0	1514799303.0	11927353.0
63	1.7	92.0	101906424.0	-0.5061746835708618	716560.0	1531445530.0	12058342.0
63	1.7	93.0	101828573.0	-0.5057879934708277	748691.0	1548091905.0	12189183.0
63	1.7	94.0	101749017.0	-0.5053928345441818	782114.0	1564737571.0	12320733.0
63	1.7	95.0	101668216.0	-0.5049914916356405	817271.0	1581384297.0	12451223.0
63	1.7	96.0	101584019.0	-0.5045732806126276	854587.0	1598029869.0	12582867.0
63	1.7	97.0	101498817.0	-0.5041500777006149	893452.0	1614676422.0	12713530.0
63	1.7	98.0	101412467.0	-0.5037211726109186	934048.0	1631322524.0	12844644.0
63	1.7	99.0	101322400.0	-0.5032738049825033	977025.0	1647968801.0	12975583.0
63	1.7	100.0	101230309.0	-0.5028163840373358	1022000.0	1664615187.0	13106413.0
64	1.6	1.0	104850499.0	-0.5207980622847875	586.0	16646281.0	130935.0
64	1.6	2.0	104842864.0	-0.5207601388295492	1218.0	33292729.0	261703.0
64	1.6	3.0	104835156.0	-0.5207218527793884	1866.0	49939062.0	392586.0
64	1.6	4.0	104827838.0	-0.5206855038801829	2496.0	66585111.0	523753.0
64	1.6	5.0	104819808.0	-0.5206456184387207	3188.0	83231268.0	654812.0
64	1.6	6.0	104812034.0	-0.5206070045630137	3862.0	99876754.0	786542.0
64	1.6	7.0	104803937.0	-0.5205667863289515	4583.0	116523031.0	917481.0
64	1.6	8.0	104795814.0	-0.5205264389514923	5316.0	133168938.0	1048790.0
64	1.6	9.0	104787106.0	-0.5204831858476003	6111.0	149815208.0	1179736.0
64	1.6	10.0	104779069.0	-0.520443265636762	6855.0	166461867.0	1310293.0
64	1.6	11.0	104771078.0	-0.5204035739103953	7603.0	183108006.0	1441370.0
64	1.6	12.0	104762562.0	-0.5203612744808197	8391.0	199754367.0	1572225.0
64	1.6	13.0	104754022.0	-0.5203188558419546	9206.0	216401002.0	1702806.0
64	1.6	14.0	104745780.0	-0.5202779173851013	10013.0	233047401.0	1833623.0
64	1.6	15.0	104736248.0	-0.5202305714289347	10941.0	249694103.0	1964137.0
64	1.6	16.0	104727187.0	-0.5201855649550756	11841.0	266340394.0	2095062.0
64	1.6	17.0	104718176.0	-0.520140806833903	12758.0	282986716.0	2225956.0
64	1.6	18.0	104709023.0	-0.5200953433911005	13710.0	299633074.0	2356814.0
64	1.6	19.0	104699756.0	-0.5200493137041727	14668.0	316279340.0	2487764.0
64	1.6	20.0	104690559.0	-0.5200036317110062	15631.0	332925526.0	2618794.0
64	1.6	21.0	104681618.0	-0.5199592212835947	16600.0	349571612.0	2749924.0
64	1.6	22.0	104672221.0	-0.5199125458796819	17605.0	366217592.0	2881160.0
64	1.6	23.0	104662740.0	-0.5198654532432556	18632.0	382863420.0	3012548.0
64	1.6	24.0	104652518.0	-0.5198146800200144	19758.0	399509658.0	3143526.0
64	1.6	25.0	104642903.0	-0.5197669217983881	20872.0	416156083.0	3274317.0
64	1.6	26.0	104632771.0	-0.5197165956099828	22012.0	432802477.0	3405139.0
64	1.6	27.0	104622379.0	-0.5196649779876074	23174.0	449448262.0	3536570.0
64	1.6	28.0	104612009.0	-0.5196134696404139	24367.0	466094423.0	3667625.0
64	1.6	29.0	104601964.0	-0.5195635755856832	25569.0	482740295.0	3798969.0
64	1.6	30.0	104590950.0	-0.5195088684558868	26866.0	499386474.0	3930006.0
64	1.6	31.0	104579259.0	-0.5194507986307144	28250.0	516032749.0	4060947.0
64	1.6	32.0	104568156.0	-0.519395649433136	29589.0	532678842.0	4192070.0
64	1.6	33.0	104556918.0	-0.5193398296833038	30989.0	549324549.0	4323579.0
64	1.6	34.0	104545457.0	-0.5192829022804896	32432.0	565970249.0	4455095.0
64	1.6	35.0	104533240.0	-0.5192222197850546	33916.0	582617168.0	4585392.0
64	1.6	36.0	104521786.0	-0.5191653271516165	35390.0	599262785.0	4716991.0
64	1.6	37.0	104509519.0	-0.5191043963034948	36961.0	615908428.0	4848564.0
64	1.6	38.0	104497166.0	-0.5190430382887522	38579.0	632553974.0	4980234.0
64	1.6	39.0	104485018.0	-0.5189826985200247	40241.0	649200484.0	5110940.0
64	1.6	40.0	104472292.0	-0.5189194877942404	41951.0	665846420.0	5242220.0
64	1.6	41.0	104460209.0	-0.5188594708840052	43621.0	682493864.0	5371992.0
64	1.6	42.0	104446724.0	-0.5187924901644388	45474.0	699140685.0	5502387.0
64	1.6	43.0	104433974.0	-0.518729160229365	47239.0	715786102.0	5634186.0
64	1.6	44.0	104420267.0	-0.5186610768238703	49176.0	732431985.0	5765519.0
64	1.6	45.0	104406187.0	-0.5185911407073339	51210.0	749078309.0	5896411.0
64	1.6	46.0	104392539.0	-0.5185233503580093	53179.0	765724754.0	6027182.0
64	1.6	47.0	104377693.0	-0.5184496094783148	55346.0	782371074.0	6158078.0
64	1.6	48.0	104362945.0	-0.5183763553698858	57486.0	799017752.0	6288616.0
64	1.6	49.0	104348374.0	-0.5183039804299673	59699.0	815662886.0	6420698.0
64	1.6	50.0	104333754.0	-0.5182313621044159	61988.0	832308952.0	6551848.0
64	1.6	51.0	104318989.0	-0.5181580235560735	64323.0	848954860.0	6683156.0
64	1.6	52.0	104303956.0	-0.5180833538373312	66694.0	865601151.0	6814081.0
64	1.6	53.0	104288236.0	-0.5180052717526754	69185.0	882247865.0	6944583.0
64	1.6	54.0	104272082.0	-0.5179250339667002	71783.0	898893548.0	7076116.0
64	1.6	55.0	104256650.0	-0.517848382393519	74320.0	915539803.0	7207077.0
64	1.6	56.0	104240885.0	-0.5177700767914454	76912.0	932186355.0	7337741.0
64	1.6	57.0	104224739.0	-0.5176898787419001	79619.0	948832744.0	7468568.0
64	1.6	58.0	104208276.0	-0.517608106136322	82490.0	965478806.0	7599722.0
64	1.6	59.0	104191603.0	-0.5175252904494604	85425.0	982124903.0	7730841.0
64	1.6	60.0	104174633.0	-0.5174409995476404	88380.0	998771039.0	7861921.0
64	1.6	61.0	104157290.0	-0.5173548559347788	91508.0	1015417354.0	7992822.0
64	1.6	62.0	104139881.0	-0.5172683844963709	94610.0	1032064008.0	8123384.0
64	1.6	63.0	104122044.0	-0.5171797871589661	97970.0	1048710655.0	8253953.0
64	1.6	64.0	104103367.0	-0.5170870174964269	101424.0	1065356526.0	8385298.0
64	1.6	65.0	104084178.0	-0.5169917047023773	104996.0	1082002626.0	8516414.0
64	1.6	66.0	104065357.0	-0.5168982197841009	108597.0	1098648621.0	8647635.0
64	1.6	67.0	104046605.0	-0.5168050775925318	112265.0	1115295199.0	8778273.0
64	1.6	68.0	104027220.0	-0.5167087912559509	116065.0	1131941371.0	8909317.0
64	1.6	69.0	104007548.0	-0.5166110793749491	120059.0	1148587471.0	9040433.0
64	1.6	70.0	103987618.0	-0.5165120859940847	124140.0	1165233113.0	9172007.0
64	1.6	71.0	103966924.0	-0.5164092977841696	128350.0	1181878988.0	9303348.0
64	1.6	72.0	103946680.0	-0.5163087447484335	132546.0	1198525194.0	9434358.0
64	1.6	73.0	103925730.0	-0.5162046849727631	136949.0	1215171559.0	9565209.0
64	1.6	74.0	103904456.0	-0.5160990158716837	141499.0	1231818730.0	9695254.0
64	1.6	75.0	103883110.0	-0.5159929891427358	146143.0	1248464744.0	9826456.0
64	1.6	76.0	103860198.0	-0.5158791840076447	150996.0	1265110686.0	9957730.0
64	1.6	77.0	103838029.0	-0.5157690693934759	155929.0	1281756922.0	10088710.0
64	1.6	78.0	103814681.0	-0.5156530986229578	161189.0	1298402663.0	10220185.0
64	1.6	79.0	103791155.0	-0.5155362437168757	166566.0	1315048622.0	10351442.0
64	1.6	80.0	103767331.0	-0.5154179086287817	172087.0	1331694191.0	10483089.0
64	1.6	81.0	103743742.0	-0.5153007407983144	177608.0	1348340541.0	10613955.0
64	1.6	82.0	103719813.0	-0.5151818841695786	183346.0	1364986680.0	10745032.0
64	1.6	83.0	103694789.0	-0.5150575886170069	189498.0	1381633207.0	10875721.0
64	1.6	84.0	103668253.0	-0.5149257828791937	195749.0	1398279668.0	11006476.0
64	1.6	85.0	103642398.0	-0.5147973597049713	202227.0	1414926024.0	11137336.0
64	1.6	86.0	103615348.0	-0.5146630009015402	208934.0	1431571512.0	11269064.0
64	1.6	87.0	103587775.0	-0.5145260443290075	215888.0	1448217297.0	11400495.0
64	1.6	88.0	103559907.0	-0.5143876224756241	223016.0	1464863011.0	11531997.0
64	1.6	89.0	103531672.0	-0.5142473777135214	230353.0	1481508993.0	11663231.0
64	1.6	90.0	103503812.0	-0.5141089955965678	237768.0	1498154653.0	11794787.0
64	1.6	91.0	103474851.0	-0.5139651447534561	245651.0	1514799972.0	11926684.0
64	1.6	92.0	103445026.0	-0.5138170023759207	253831.0	1531446356.0	12057516.0
64	1.6	93.0	103415299.0	-0.5136693467696508	262227.0	1548092320.0	12188768.0
64	1.6	94.0	103385019.0	-0.5135189443826675	270873.0	1564738233.0	12320071.0
64	1.6	95.0	103354308.0	-0.5133664011955261	279849.0	1581384754.0	12450766.0
64	1.6	96.0	103322974.0	-0.5132107635339102	289123.0	1598030859.0	12581877.0
64	1.6	97.0	103290797.0	-0.5130509386459986	298709.0	1614676544.0	12713408.0
64	1.6	98.0	103256879.0	-0.512882466117541	308710.0	1631322656.0	12844512.0
64	1.6	99.0	103223060.0	-0.5127144853274027	319112.0	1647968542.0	12975842.0
64	1.6	100.0	103188458.0	-0.5125426153341929	329757.0	1664614776.0	13106824.0
65	1.5	1.0	104853334.0	-0.5208121438821157	355.0	16646720.0	130496.0
65	1.5	2.0	104848872.0	-0.5207899808883667	727.0	33293213.0	261219.0
65	1.5	3.0	104844276.0	-0.5207671523094177	1115.0	49939015.0	392633.0
65	1.5	4.0	104840229.0	-0.5207470506429672	1463.0	66584996.0	523868.0
65	1.5	5.0	104835949.0	-0.5207257916529974	1836.0	83231390.0	654690.0
65	1.5	6.0	104831529.0	-0.5207038372755051	2218.0	99878423.0	784873.0
65	1.5	7.0	104827047.0	-0.5206815749406815	2618.0	116524962.0	915550.0
65	1.5	8.0	104822709.0	-0.5206600278615952	3010.0	133170918.0	1046810.0
65	1.5	9.0	104818003.0	-0.5206366529067358	3444.0	149817055.0	1177889.0
65	1.5	10.0	104813367.0	-0.5206136256456375	3868.0	166463418.0	1308742.0
65	1.5	11.0	104808505.0	-0.520589475830396	4310.0	183109947.0	1439429.0
65	1.5	12.0	104803715.0	-0.5205656836430231	4762.0	199756167.0	1570425.0
65	1.5	13.0	104799163.0	-0.5205430736144384	5185.0	216402741.0	1701067.0
65	1.5	14.0	104794472.0	-0.5205197731653849	5639.0	233049567.0	1831457.0
65	1.5	15.0	104789229.0	-0.5204937309026718	6124.0	249696219.0	1962021.0
65	1.5	16.0	104784178.0	-0.5204686423142751	6609.0	266342163.0	2093293.0
65	1.5	17.0	104779253.0	-0.5204441795746485	7086.0	282987655.0	2225017.0
65	1.5	18.0	104773526.0	-0.5204157332579294	7638.0	299633852.0	2356036.0
65	1.5	19.0	104768449.0	-0.5203905155261358	8132.0	316280641.0	2486463.0
65	1.5	20.0	104763423.0	-0.5203655511140823	8643.0	332926868.0	2617452.0
65	1.5	21.0	104757698.0	-0.5203371147314707	9204.0	349573001.0	2748535.0
65	1.5	22.0	104752129.0	-0.5203094532092413	9769.0	366218874.0	2879878.0
65	1.5	23.0	104746504.0	-0.5202815135320028	10340.0	382864800.0	3011168.0
65	1.5	24.0	104740449.0	-0.5202514380216599	10946.0	399511176.0	3142008.0
65	1.5	25.0	104734864.0	-0.5202236970265707	11533.0	416156926.0	3273474.0
65	1.5	26.0	104729070.0	-0.5201949179172516	12157.0	432803300.0	3404316.0
65	1.5	27.0	104723303.0	-0.5201662729183832	12765.0	449449504.0	3535328.0
65	1.5	28.0	104717864.0	-0.5201392571131388	13347.0	466095617.0	3666431.0
65	1.5	29.0	104711658.0	-0.5201084315776825	14031.0	482742095.0	3797169.0
65	1.5	30.0	104705179.0	-0.5200762500365576	14740.0	499388296.0	3928184.0
65	1.5	31.0	104699403.0	-0.5200475603342056	15387.0	516034106.0	4059590.0
65	1.5	32.0	104693162.0	-0.5200165609518687	16080.0	532679593.0	4191319.0
65	1.5	33.0	104687418.0	-0.5199880301952362	16735.0	549325337.0	4322791.0
65	1.5	34.0	104681558.0	-0.5199589232603709	17392.0	565971847.0	4453497.0
65	1.5	35.0	104674951.0	-0.5199261059363683	18148.0	582618104.0	4584456.0
65	1.5	36.0	104668129.0	-0.5198922206958135	18935.0	599264539.0	4715237.0
65	1.5	37.0	104661324.0	-0.5198584198951721	19709.0	615911017.0	4845975.0
65	1.5	38.0	104654836.0	-0.5198261936505636	20484.0	632556561.0	4977647.0
65	1.5	39.0	104648664.0	-0.5197955369949341	21230.0	649203249.0	5108175.0
65	1.5	40.0	104642321.0	-0.5197640309731165	22019.0	665849136.0	5239504.0
65	1.5	41.0	104635833.0	-0.519731804728508	22808.0	682494463.0	5371393.0
65	1.5	42.0	104629184.0	-0.5196987787882487	23616.0	699140781.0	5502291.0
65	1.5	43.0	104622300.0	-0.5196645855903625	24471.0	715787493.0	5632795.0
65	1.5	44.0	104615864.0	-0.519632617632548	25318.0	732433518.0	5763986.0
65	1.5	45.0	104609086.0	-0.5195989509423574	26200.0	749080166.0	5894554.0
65	1.5	46.0	104602072.0	-0.5195641120274862	27111.0	765726637.0	6025299.0
65	1.5	47.0	104594823.0	-0.5195281058549881	28074.0	782372676.0	6156476.0
65	1.5	48.0	104587917.0	-0.5194938033819199	29000.0	799019093.0	6287275.0
65	1.5	49.0	104580396.0	-0.5194564461708069	29963.0	815665901.0	6417683.0
65	1.5	50.0	104573008.0	-0.5194197495778402	30972.0	832311536.0	6549264.0
65	1.5	51.0	104565658.0	-0.5193832417329153	31953.0	848958000.0	6680016.0
65	1.5	52.0	104558251.0	-0.5193464507659277	32965.0	865604212.0	6811020.0
65	1.5	53.0	104550482.0	-0.5193078617254893	34045.0	882249489.0	6942959.0
65	1.5	54.0	104542384.0	-0.5192676385243734	35194.0	898895979.0	7073685.0
65	1.5	55.0	104534675.0	-0.5192293475071589	36251.0	915542280.0	7204600.0
65	1.5	56.0	104527129.0	-0.5191918661197027	37348.0	932188468.0	7335628.0
65	1.5	57.0	104518728.0	-0.5191501379013062	38532.0	948834859.0	7466453.0
65	1.5	58.0	104511135.0	-0.5191124230623245	39648.0	965481042.0	7597486.0
65	1.5	59.0	104503489.0	-0.5190744449694952	40762.0	982126806.0	7728938.0
65	1.5	60.0	104495094.0	-0.519032746553421	42006.0	998772560.0	7860400.0
65	1.5	61.0	104487032.0	-0.5189927021662394	43207.0	1015419371.0	7990805.0
65	1.5	62.0	104478687.0	-0.5189512521028519	44477.0	1032065665.0	8121727.0
65	1.5	63.0	104470205.0	-0.5189091215531031	45782.0	1048712366.0	8252242.0
65	1.5	64.0	104461677.0	-0.5188667625188828	47112.0	1065358295.0	8383529.0
65	1.5	65.0	104452947.0	-0.5188234001398087	48449.0	1082004836.0	8514204.0
65	1.5	66.0	104444168.0	-0.5187797943751017	49829.0	1098650729.0	8645527.0
65	1.5	67.0	104435079.0	-0.5187346488237381	51279.0	1115297381.0	8776091.0
65	1.5	68.0	104425991.0	-0.5186895082394282	52728.0	1131943441.0	8907247.0
65	1.5	69.0	104417028.0	-0.5186449885368347	54190.0	1148589207.0	9038697.0
65	1.5	70.0	104407971.0	-0.5186000019311905	55708.0	1165235169.0	9169951.0
65	1.5	71.0	104398716.0	-0.5185540318489075	57253.0	1181881165.0	9301171.0
65	1.5	72.0	104389377.0	-0.518507644534111	58810.0	1198527525.0	9432027.0
65	1.5	73.0	104379727.0	-0.5184597124656042	60444.0	1215173382.0	9563386.0
65	1.5	74.0	104370504.0	-0.5184139013290405	62026.0	1231819647.0	9694337.0
65	1.5	75.0	104360306.0	-0.5183632473150889	63768.0	1248465709.0	9825491.0
65	1.5	76.0	104351045.0	-0.5183172474304835	65539.0	1265111879.0	9956537.0
65	1.5	77.0	104340680.0	-0.5182657639185587	67372.0	1281758304.0	10087328.0
65	1.5	78.0	104330492.0	-0.5182151595751444	69220.0	1298404511.0	10218337.0
65	1.5	79.0	104320060.0	-0.5181633432706197	71076.0	1315051225.0	10348839.0
65	1.5	80.0	104309698.0	-0.5181118746598562	72988.0	1331697703.0	10479577.0
65	1.5	81.0	104299203.0	-0.5180597454309464	74940.0	1348343225.0	10611271.0
65	1.5	82.0	104288339.0	-0.5180057833592097	76980.0	1364989298.0	10742414.0
65	1.5	83.0	104277841.0	-0.5179536392291387	78945.0	1381635101.0	10873827.0
65	1.5	84.0	104266603.0	-0.5178978194793066	81018.0	1398281507.0	11004637.0
65	1.5	85.0	104255591.0	-0.5178431222836176	83134.0	1414927737.0	11135623.0
65	1.5	86.0	104244279.0	-0.5177869349718094	85335.0	1431573966.0	11266610.0
65	1.5	87.0	104232878.0	-0.517730305592219	87529.0	1448220150.0	11397642.0
65	1.5	88.0	104221102.0	-0.5176718135674795	89822.0	1464865971.0	11529037.0
65	1.5	89.0	104209799.0	-0.5176156709591547	92090.0	1481511826.0	11660398.0
65	1.5	90.0	104198078.0	-0.5175574521223704	94437.0	1498158278.0	11791162.0
65	1.5	91.0	104186357.0	-0.517499233285586	96808.0	1514804782.0	11921874.0
65	1.5	92.0	104174665.0	-0.5174411584933599	99269.0	1531451147.0	12052725.0
65	1.5	93.0	104162677.0	-0.5173816134532293	101742.0	1548097067.0	12184021.0
65	1.5	94.0	104150175.0	-0.5173195153474808	104386.0	1564743116.0	12315188.0
65	1.5	95.0	104137126.0	-0.5172547002633413	107097.0	1581389688.0	12445832.0
65	1.5	96.0	104124183.0	-0.5171904116868973	109873.0	1598036607.0	12576129.0
65	1.5	97.0	104111181.0	-0.5171258300542831	112766.0	1614682869.0	12707083.0
65	1.5	98.0	104097708.0	-0.5170589089393616	115656.0	1631328818.0	12838350.0
65	1.5	99.0	104084631.0	-0.5169939547777176	118565.0	1647974839.0	12969545.0
65	1.5	100.0	104071808.0	-0.5169302622477213	121478.0	1664620944.0	13100656.0
66	1.4	1.0	104854903.0	-0.5208199371894201	224.0	16646174.0	131042.0
66	1.4	2.0	104852511.0	-0.5208080559968948	428.0	33292378.0	262054.0
66	1.4	3.0	104850084.0	-0.520796000957489	634.0	49939060.0	392588.0
66	1.4	4.0	104847209.0	-0.5207817206780115	880.0	66584826.0	524038.0
66	1.4	5.0	104844794.0	-0.5207697252432505	1089.0	83231363.0	654717.0
66	1.4	6.0	104842530.0	-0.5207584798336029	1291.0	99877418.0	785878.0
66	1.4	7.0	104840014.0	-0.520745982726415	1521.0	116523883.0	916629.0
66	1.4	8.0	104837402.0	-0.5207330087820689	1752.0	133169890.0	1047838.0
66	1.4	9.0	104835123.0	-0.5207216888666153	1957.0	149815370.0	1179574.0
66	1.4	10.0	104832858.0	-0.5207104384899139	2159.0	166461812.0	1310348.0
66	1.4	11.0	104830238.0	-0.5206974248091379	2393.0	183108913.0	1440463.0
66	1.4	12.0	104827567.0	-0.5206841578086218	2639.0	199755874.0	1570718.0
66	1.4	13.0	104824810.0	-0.5206704636414846	2886.0	216402332.0	1701476.0
66	1.4	14.0	104822335.0	-0.5206581701834997	3122.0	233048389.0	1832635.0
66	1.4	15.0	104819662.0	-0.520644893248876	3371.0	249694918.0	1963322.0
66	1.4	16.0	104817205.0	-0.5206326891978582	3605.0	266341512.0	2093944.0
66	1.4	17.0	104814389.0	-0.5206187019745508	3871.0	282987994.0	2224678.0
66	1.4	18.0	104811541.0	-0.5206045558055242	4137.0	299634164.0	2355724.0
66	1.4	19.0	104809126.0	-0.5205925603707632	4368.0	316280135.0	2486969.0
66	1.4	20.0	104806697.0	-0.5205804953972498	4605.0	332926012.0	2618308.0
66	1.4	21.0	104803260.0	-0.5205634236335754	4934.0	349572053.0	2749483.0
66	1.4	22.0	104800487.0	-0.5205496499935786	5208.0	366217817.0	2880935.0
66	1.4	23.0	104797829.0	-0.5205364475647608	5467.0	382864292.0	3011676.0
66	1.4	24.0	104794898.0	-0.5205218891302744	5747.0	399509956.0	3143228.0
66	1.4	25.0	104792189.0	-0.5205084333817164	6032.0	416155868.0	3274532.0
66	1.4	26.0	104789571.0	-0.5204954296350479	6299.0	432801979.0	3405637.0
66	1.4	27.0	104786398.0	-0.5204796691735586	6614.0	449447560.0	3537272.0
66	1.4	28.0	104783440.0	-0.5204649766286215	6915.0	466093769.0	3668279.0
66	1.4	29.0	104780239.0	-0.5204490770896276	7245.0	482740264.0	3799000.0
66	1.4	30.0	104777325.0	-0.5204346030950546	7550.0	499386452.0	3930028.0
66	1.4	31.0	104774342.0	-0.5204197863737742	7867.0	516032911.0	4060785.0
66	1.4	32.0	104771129.0	-0.5204038272301356	8197.0	532679425.0	4191487.0
66	1.4	33.0	104767914.0	-0.5203878581523895	8539.0	549326152.0	4321976.0
66	1.4	34.0	104764729.0	-0.5203720380862554	8882.0	565972090.0	4453254.0
66	1.4	35.0	104761879.0	-0.5203578819831213	9186.0	582617883.0	4584677.0
66	1.4	36.0	104758901.0	-0.5203430900971094	9505.0	599264243.0	4715533.0
66	1.4	37.0	104755732.0	-0.5203273495038351	9848.0	615910853.0	4846139.0
66	1.4	38.0	104752192.0	-0.5203097661336263	10240.0	632556889.0	4977319.0
66	1.4	39.0	104748846.0	-0.5202931463718414	10612.0	649203551.0	5107873.0
66	1.4	40.0	104745429.0	-0.5202761739492416	10986.0	665849494.0	5239146.0
66	1.4	41.0	104742181.0	-0.5202600409587225	11359.0	682495626.0	5370230.0
66	1.4	42.0	104739230.0	-0.5202453831831614	11684.0	699141501.0	5501571.0
66	1.4	43.0	104735911.0	-0.5202288975318273	12076.0	715787877.0	5632411.0
66	1.4	44.0	104731955.0	-0.5202092478672663	12516.0	732433875.0	5763629.0
66	1.4	45.0	104728182.0	-0.5201905071735382	12947.0	749081070.0	5893650.0
66	1.4	46.0	104724813.0	-0.5201737731695175	13330.0	765727482.0	6024454.0
66	1.4	47.0	104721531.0	-0.5201574712991714	13708.0	782373895.0	6155257.0
66	1.4	48.0	104718084.0	-0.5201403498649597	14114.0	799019871.0	6286497.0
66	1.4	49.0	104714757.0	-0.5201238244771957	14519.0	815665910.0	6417674.0
66	1.4	50.0	104711180.0	-0.5201060573259989	14962.0	832311550.0	6549250.0
66	1.4	51.0	104707734.0	-0.5200889408588409	15371.0	848958316.0	6679700.0
66	1.4	52.0	104703934.0	-0.5200700660546621	15819.0	865604415.0	6810817.0
66	1.4	53.0	104700174.0	-0.5200513899326324	16263.0	882250367.0	6942081.0
66	1.4	54.0	104696497.0	-0.5200331260760626	16730.0	898896492.0	7073172.0
66	1.4	55.0	104693059.0	-0.5200160493453344	17164.0	915543378.0	7203502.0
66	1.4	56.0	104689320.0	-0.5199974775314331	17633.0	932189955.0	7334141.0
66	1.4	57.0	104685661.0	-0.5199793030818304	18094.0	948836157.0	7465155.0
66	1.4	58.0	104681750.0	-0.5199598769346873	18605.0	965482322.0	7596206.0
66	1.4	59.0	104678199.0	-0.5199422389268875	19055.0	982128344.0	7727400.0
66	1.4	60.0	104674317.0	-0.5199229568243027	19552.0	998775112.0	7857848.0
66	1.4	61.0	104670078.0	-0.5199019014835358	20081.0	1015420841.0	7989335.0
66	1.4	62.0	104666236.0	-0.5198828180631002	20586.0	1032067038.0	8120354.0
66	1.4	63.0	104662527.0	-0.5198643952608109	21088.0	1048712741.0	8251867.0
66	1.4	64.0	104658005.0	-0.519841934243838	21666.0	1065358961.0	8382863.0
66	1.4	65.0	104653776.0	-0.5198209285736084	22218.0	1082005253.0	8513787.0
66	1.4	66.0	104649771.0	-0.5198010355234146	22756.0	1098651099.0	8645157.0
66	1.4	67.0	104645963.0	-0.5197821209828059	23295.0	1115297492.0	8775980.0
66	1.4	68.0	104642015.0	-0.5197625110546747	23844.0	1131943146.0	8907542.0
66	1.4	69.0	104638274.0	-0.519743929306666	24346.0	1148590307.0	9037597.0
66	1.4	70.0	104634209.0	-0.5197237382332484	24920.0	1165236618.0	9168502.0
66	1.4	71.0	104630134.0	-0.5197034974892935	25478.0	1181882581.0	9299755.0
66	1.4	72.0	104625971.0	-0.51968281964461	26076.0	1198528723.0	9430829.0
66	1.4	73.0	104621720.0	-0.5196617046991984	26671.0	1215175533.0	9561235.0
66	1.4	74.0	104617428.0	-0.5196403861045837	27317.0	1231822109.0	9691875.0
66	1.4	75.0	104612988.0	-0.5196183323860168	27950.0	1248468507.0	9822693.0
66	1.4	76.0	104608394.0	-0.5195955137411753	28611.0	1265115057.0	9953359.0
66	1.4	77.0	104604066.0	-0.5195740163326263	29247.0	1281761097.0	10084535.0
66	1.4	78.0	104599873.0	-0.5195531894763311	29871.0	1298407222.0	10215626.0
66	1.4	79.0	104595129.0	-0.5195296257734299	30582.0	1315053412.0	10346652.0
66	1.4	80.0	104590803.0	-0.5195081382989883	31232.0	1331699198.0	10478082.0
66	1.4	81.0	104586056.0	-0.5194845596949259	31952.0	1348345703.0	10608793.0
66	1.4	82.0	104581308.0	-0.5194609761238098	32672.0	1364991782.0	10739930.0
66	1.4	83.0	104576426.0	-0.5194367269674937	33395.0	1381637805.0	10871123.0
66	1.4	84.0	104572086.0	-0.5194151699542999	34072.0	1398284079.0	11002065.0
66	1.4	85.0	104567753.0	-0.5193936477104822	34753.0	1414930914.0	11132446.0
66	1.4	86.0	104563192.0	-0.5193709929784139	35499.0	1431577133.0	11263443.0
66	1.4	87.0	104558345.0	-0.5193469176689783	36255.0	1448223608.0	11394184.0
66	1.4	88.0	104553475.0	-0.5193227281173071	37011.0	1464869615.0	11525393.0
66	1.4	89.0	104548383.0	-0.5192974358797073	37809.0	1481516249.0	11655975.0
66	1.4	90.0	104543165.0	-0.5192715177933375	38640.0	1498162413.0	11787027.0
66	1.4	91.0	104538464.0	-0.5192481676737467	39417.0	1514809187.0	11917469.0
66	1.4	92.0	104533078.0	-0.5192214151223501	40284.0	1531455286.0	12048586.0
66	1.4	93.0	104527795.0	-0.5191951741774877	41165.0	1548100441.0	12180647.0
66	1.4	94.0	104522661.0	-0.5191696733236313	42047.0	1564746891.0	12311413.0
66	1.4	95.0	104517711.0	-0.5191450864076614	42931.0	1581393029.0	12442491.0
66	1.4	96.0	104512544.0	-0.5191194216410319	43809.0	1598039090.0	12573646.0
66	1.4	97.0	104507216.0	-0.5190929571787516	44681.0	1614685719.0	12704233.0
66	1.4	98.0	104502189.0	-0.5190679877996445	45565.0	1631332125.0	12835043.0
66	1.4	99.0	104496527.0	-0.5190398643414179	46519.0	1647978586.0	12965798.0
66	1.4	100.0	104490929.0	-0.5190120587746302	47510.0	1664624911.0	13096689.0
67	1.3	1.0	104856481.0	-0.5208277752002081	97.0	16646126.0	131090.0
67	1.3	2.0	104855369.0	-0.5208222518364588	192.0	33292294.0	262138.0
67	1.3	3.0	104854262.0	-0.5208167533079783	289.0	49938120.0	393528.0
67	1.3	4.0	104852966.0	-0.5208103160063425	401.0	66584314.0	524550.0
67	1.3	5.0	104851643.0	-0.520803744594256	514.0	83230177.0	655903.0
67	1.3	6.0	104850360.0	-0.5207973718643188	626.0	99876472.0	786824.0
67	1.3	7.0	104849088.0	-0.5207910537719727	738.0	116522234.0	918278.0
67	1.3	8.0	104847689.0	-0.5207841048638026	861.0	133168737.0	1048991.0
67	1.3	9.0	104846444.0	-0.5207779208819071	974.0	149814894.0	1180050.0
67	1.3	10.0	104845004.0	-0.5207707683245341	1103.0	166460953.0	1311207.0
67	1.3	11.0	104843796.0	-0.5207647681236267	1211.0	183106663.0	1442713.0
67	1.3	12.0	104842263.0	-0.5207571536302567	1347.0	199752633.0	1573959.0
67	1.3	13.0	104841001.0	-0.5207508852084478	1464.0	216398591.0	1705217.0
67	1.3	14.0	104839464.0	-0.5207432508468628	1602.0	233044538.0	1836486.0
67	1.3	15.0	104838284.0	-0.5207373897234598	1712.0	249690768.0	1967472.0
67	1.3	16.0	104836724.0	-0.520729641119639	1856.0	266336706.0	2098750.0
67	1.3	17.0	104835381.0	-0.520722970366478	1984.0	282982293.0	2230379.0
67	1.3	18.0	104834021.0	-0.5207162151734034	2112.0	299628142.0	2361746.0
67	1.3	19.0	104832607.0	-0.5207091917594274	2244.0	316273903.0	2493201.0
67	1.3	20.0	104831279.0	-0.5207025955120722	2371.0	332920010.0	2624310.0
67	1.3	21.0	104829831.0	-0.5206954032182693	2511.0	349565644.0	2755892.0
67	1.3	22.0	104828391.0	-0.5206882506608963	2646.0	366211773.0	2886979.0
67	1.3	23.0	104826962.0	-0.5206811527411143	2782.0	382856753.0	3019215.0
67	1.3	24.0	104825629.0	-0.5206745316584905	2911.0	399503017.0	3150167.0
67	1.3	25.0	104824355.0	-0.5206682036320368	3037.0	416149003.0	3281397.0
67	1.3	26.0	104823038.0	-0.5206616620222727	3167.0	432795136.0	3412480.0
67	1.3	27.0	104821829.0	-0.5206556568543116	3286.0	449440962.0	3543870.0
67	1.3	28.0	104820485.0	-0.5206489811340967	3415.0	466087453.0	3674595.0
67	1.3	29.0	104818798.0	-0.5206406017144521	3580.0	482733121.0	3806143.0
67	1.3	30.0	104817622.0	-0.5206347604592642	3696.0	499379906.0	3936574.0
67	1.3	31.0	104816149.0	-0.520627443989118	3852.0	516026186.0	4067510.0
67	1.3	32.0	104814960.0	-0.5206215381622314	3972.0	532672301.0	4198611.0
67	1.3	33.0	104813426.0	-0.5206139187018076	4127.0	549318326.0	4329802.0
67	1.3	34.0	104812188.0	-0.5206077694892883	4254.0	565964998.0	4460346.0
67	1.3	35.0	104810578.0	-0.520599772532781	4417.0	582610479.0	4592081.0
67	1.3	36.0	104809172.0	-0.5205927888552347	4569.0	599255840.0	4723936.0
67	1.3	37.0	104807696.0	-0.5205854574839274	4726.0	615901929.0	4855063.0
67	1.3	38.0	104806065.0	-0.5205773562192917	4887.0	632548205.0	4986003.0
67	1.3	39.0	104804287.0	-0.5205685247977575	5067.0	649194042.0	5117382.0
67	1.3	40.0	104802759.0	-0.5205609351396561	5216.0	665839769.0	5248871.0
67	1.3	41.0	104801159.0	-0.520552987853686	5385.0	682485582.0	5380274.0
67	1.3	42.0	104799550.0	-0.5205449958642324	5562.0	699132154.0	5510918.0
67	1.3	43.0	104797810.0	-0.52053635319074	5741.0	715778019.0	5642269.0
67	1.3	44.0	104796429.0	-0.520529493689537	5888.0	732423682.0	5773822.0
67	1.3	45.0	104794821.0	-0.5205215066671371	6062.0	749069912.0	5904808.0
67	1.3	46.0	104793383.0	-0.5205143640438715	6222.0	765716117.0	6035819.0
67	1.3	47.0	104791868.0	-0.5205068389574686	6387.0	782362162.0	6166990.0
67	1.3	48.0	104790209.0	-0.5204985986153284	6563.0	799008293.0	6298075.0
67	1.3	49.0	104788657.0	-0.5204908897479376	6738.0	815654770.0	6428814.0
67	1.3	50.0	104787212.0	-0.5204837123552958	6902.0	832300935.0	6559865.0
67	1.3	51.0	104785645.0	-0.5204759289820989	7068.0	848947360.0	6690656.0
67	1.3	52.0	104784027.0	-0.5204678922891617	7247.0	865593449.0	6821783.0
67	1.3	53.0	104782287.0	-0.5204592496156693	7436.0	882239425.0	6953023.0
67	1.3	54.0	104780589.0	-0.5204508155584335	7621.0	898885327.0	7084337.0
67	1.3	55.0	104778971.0	-0.5204427788654963	7803.0	915530775.0	7216105.0
67	1.3	56.0	104777402.0	-0.5204349855581919	7986.0	932176653.0	7347443.0
67	1.3	57.0	104775819.0	-0.5204271227121353	8160.0	948822836.0	7478476.0
67	1.3	58.0	104774159.0	-0.5204188774029413	8347.0	965468784.0	7609744.0
67	1.3	59.0	104772508.0	-0.5204106767972311	8547.0	982114837.0	7740907.0
67	1.3	60.0	104770852.0	-0.5204024513562521	8735.0	998760437.0	7872523.0
67	1.3	61.0	104769149.0	-0.5203939924637476	8944.0	1015406508.0	8003668.0
67	1.3	62.0	104767397.0	-0.5203852901856104	9151.0	1032052225.0	8135167.0
67	1.3	63.0	104765576.0	-0.5203762451807658	9360.0	1048698048.0	8266560.0
67	1.3	64.0	104763805.0	-0.5203674485286077	9562.0	1065344201.0	8397623.0
67	1.3	65.0	104761980.0	-0.5203583836555481	9778.0	1081991047.0	8527993.0
67	1.3	66.0	104760317.0	-0.5203501234451929	9975.0	1098637408.0	8658848.0
67	1.3	67.0	104758542.0	-0.52034130692482	10189.0	1115282550.0	8790922.0
67	1.3	68.0	104756824.0	-0.5203327735265096	10409.0	1131928638.0	8922050.0
67	1.3	69.0	104755336.0	-0.5203253825505575	10597.0	1148574711.0	9053193.0
67	1.3	70.0	104753613.0	-0.5203168243169785	10803.0	1165220691.0	9184429.0
67	1.3	71.0	104751680.0	-0.5203072230021158	11034.0	1181866546.0	9315790.0
67	1.3	72.0	104749937.0	-0.5202985654274622	11256.0	1198512816.0	9446736.0
67	1.3	73.0	104748161.0	-0.5202897439400355	11475.0	1215158898.0	9577870.0
67	1.3	74.0	104746265.0	-0.520280326406161	11715.0	1231805073.0	9708911.0
67	1.3	75.0	104744538.0	-0.5202717483043671	11940.0	1248450801.0	9840399.0
67	1.3	76.0	104742695.0	-0.5202625940243403	12173.0	1265095985.0	9972431.0
67	1.3	77.0	104740902.0	-0.5202536880970001	12408.0	1281742322.0	10103310.0
67	1.3	78.0	104739096.0	-0.5202447175979614	12626.0	1298388359.0	10234489.0
67	1.3	79.0	104736983.0	-0.5202342222134272	12904.0	1315034257.0	10365807.0
67	1.3	80.0	104735008.0	-0.520224412282308	13168.0	1331680424.0	10496856.0
67	1.3	81.0	104733015.0	-0.5202145129442215	13441.0	1348326723.0	10627773.0
67	1.3	82.0	104731164.0	-0.5202053189277649	13680.0	1364972762.0	10758950.0
67	1.3	83.0	104729137.0	-0.5201952507098516	13938.0	1381619448.0	10889480.0
67	1.3	84.0	104727342.0	-0.5201863348484039	14173.0	1398265383.0	11020761.0
67	1.3	85.0	104725487.0	-0.5201771209637324	14420.0	1414911775.0	11151585.0
67	1.3	86.0	104723474.0	-0.5201671222845713	14688.0	1431558343.0	11282233.0
67	1.3	87.0	104721243.0	-0.5201560407876968	14986.0	1448204311.0	11413481.0
67	1.3	88.0	104719396.0	-0.5201468666394552	15235.0	1464850720.0	11544288.0
67	1.3	89.0	104717473.0	-0.5201373149951299	15495.0	1481497081.0	11675143.0
67	1.3	90.0	104715652.0	-0.5201282699902853	15739.0	1498143729.0	11805711.0
67	1.3	91.0	104713382.0	-0.5201169947783152	16038.0	1514790039.0	11936617.0
67	1.3	92.0	104711401.0	-0.5201071550448736	16305.0	1531436517.0	12067355.0
67	1.3	93.0	104709228.0	-0.5200963616371155	16619.0	1548082486.0	12198602.0
67	1.3	94.0	104707170.0	-0.5200861394405365	16907.0	1564728250.0	12330054.0
67	1.3	95.0	104704968.0	-0.5200752019882202	17202.0	1581373822.0	12461698.0
67	1.3	96.0	104702920.0	-0.5200650294621786	17492.0	1598020565.0	12592171.0
67	1.3	97.0	104700959.0	-0.5200552890698115	17765.0	1614666245.0	12723707.0
67	1.3	98.0	104698776.0	-0.5200444459915161	18063.0	1631312542.0	12854626.0
67	1.3	99.0	104696589.0	-0.5200335830450058	18377.0	1647958410.0	12985974.0
67	1.3	100.0	104694423.0	-0.5200228244066238	18694.0	1664604849.0	13116751.0
68	1.2	1.0	104857182.0	-0.5208312571048737	36.0	16646767.0	130449.0
68	1.2	2.0	104856600.0	-0.520828366279602	87.0	33292377.0	262055.0
68	1.2	3.0	104856056.0	-0.5208256642023722	135.0	49938428.0	393220.0
68	1.2	4.0	104855712.0	-0.5208239555358887	165.0	66584968.0	523896.0
68	1.2	5.0	104855252.0	-0.5208216706911722	207.0	83231036.0	655044.0
68	1.2	6.0	104854811.0	-0.5208194802204767	247.0	99877698.0	785598.0
68	1.2	7.0	104854195.0	-0.5208164205153784	302.0	116524183.0	916329.0
68	1.2	8.0	104853481.0	-0.5208128740390142	364.0	133171044.0	1046684.0
68	1.2	9.0	104852866.0	-0.5208098193009695	420.0	149817055.0	1177889.0
68	1.2	10.0	104852208.0	-0.5208065509796143	477.0	166463188.0	1308972.0
68	1.2	11.0	104851650.0	-0.5208037793636322	527.0	183109176.0	1440200.0
68	1.2	12.0	104851032.0	-0.5208007097244263	581.0	199755244.0	1571348.0
68	1.2	13.0	104850537.0	-0.5207982510328293	628.0	216401607.0	1702201.0
68	1.2	14.0	104849952.0	-0.5207953453063965	680.0	233047881.0	1833143.0
68	1.2	15.0	104849578.0	-0.520793487628301	714.0	249693965.0	1964275.0
68	1.2	16.0	104849040.0	-0.5207908153533936	765.0	266340615.0	2094841.0
68	1.2	17.0	104848465.0	-0.5207879592974981	818.0	282987443.0	2225229.0
68	1.2	18.0	104847994.0	-0.5207856198151907	859.0	299633445.0	2356443.0
68	1.2	19.0	104847404.0	-0.5207826892534891	912.0	316279648.0	2487456.0
68	1.2	20.0	104846730.0	-0.5207793414592743	976.0	332925876.0	2618444.0
68	1.2	21.0	104846190.0	-0.5207766592502594	1025.0	349571921.0	2749615.0
68	1.2	22.0	104845719.0	-0.520774319767952	1071.0	366217752.0	2881000.0
68	1.2	23.0	104845103.0	-0.5207712600628535	1132.0	382864474.0	3011494.0
68	1.2	24.0	104844580.0	-0.5207686622937521	1181.0	399510726.0	3142458.0
68	1.2	25.0	104843869.0	-0.5207651307185491	1250.0	416156258.0	3274142.0
68	1.2	26.0	104843297.0	-0.5207622895638148	1305.0	432802579.0	3405037.0
68	1.2	27.0	104842685.0	-0.5207592497269312	1364.0	449449109.0	3535723.0
68	1.2	28.0	104842173.0	-0.5207567065954208	1413.0	466095465.0	3666583.0
68	1.2	29.0	104841417.0	-0.5207529515028	1485.0	482741888.0	3797376.0
68	1.2	30.0	104840722.0	-0.5207494994004568	1552.0	499387738.0	3928742.0
68	1.2	31.0	104840041.0	-0.5207461168368658	1618.0	516033755.0	4059941.0
68	1.2	32.0	104839293.0	-0.5207424014806747	1691.0	532679706.0	4191206.0
68	1.2	33.0	104838646.0	-0.5207391877969106	1755.0	549326201.0	4321927.0
68	1.2	34.0	104838051.0	-0.5207362323999405	1812.0	565972216.0	4453128.0
68	1.2	35.0	104837360.0	-0.5207328001658121	1879.0	582618677.0	4583883.0
68	1.2	36.0	104836748.0	-0.5207297603289286	1939.0	599265432.0	4714344.0
68	1.2	37.0	104836060.0	-0.5207263429959615	2007.0	615911995.0	4844997.0
68	1.2	38.0	104835408.0	-0.5207231044769287	2072.0	632557449.0	4976759.0
68	1.2	39.0	104834713.0	-0.5207196523745855	2144.0	649203592.0	5107832.0
68	1.2	40.0	104834046.0	-0.5207163393497467	2208.0	665849448.0	5239192.0
68	1.2	41.0	104833403.0	-0.5207131455341975	2275.0	682495389.0	5370467.0
68	1.2	42.0	104832745.0	-0.5207098772128423	2339.0	699142295.0	5500777.0
68	1.2	43.0	104832052.0	-0.5207064350446066	2407.0	715788727.0	5631561.0
68	1.2	44.0	104831493.0	-0.5207036584615707	2465.0	732434811.0	5762693.0
68	1.2	45.0	104830795.0	-0.5207001914580663	2537.0	749080813.0	5893907.0
68	1.2	46.0	104830096.0	-0.5206967194875082	2609.0	765726668.0	6025268.0
68	1.2	47.0	104829317.0	-0.5206928501526514	2688.0	782372552.0	6156600.0
68	1.2	48.0	104828500.0	-0.520688792069753	2769.0	799018509.0	6287859.0
68	1.2	49.0	104827755.0	-0.5206850916147232	2844.0	815664017.0	6419567.0
68	1.2	50.0	104827113.0	-0.5206819027662277	2908.0	832309617.0	6551183.0
68	1.2	51.0	104826441.0	-0.5206785649061203	2975.0	848955962.0	6682054.0
68	1.2	52.0	104825693.0	-0.5206748495499293	3048.0	865602179.0	6813053.0
68	1.2	53.0	104825018.0	-0.5206714967886606	3124.0	882248611.0	6943837.0
68	1.2	54.0	104824207.0	-0.5206674685080847	3205.0	898895344.0	7074320.0
68	1.2	55.0	104823322.0	-0.5206630726655325	3297.0	915541278.0	7205602.0
68	1.2	56.0	104822624.0	-0.520659605662028	3371.0	932187728.0	7336368.0
68	1.2	57.0	104821807.0	-0.5206555475791296	3453.0	948833281.0	7468031.0
68	1.2	58.0	104821041.0	-0.5206517428159714	3534.0	965479320.0	7599208.0
68	1.2	59.0	104820205.0	-0.5206475903590521	3617.0	982125735.0	7730009.0
68	1.2	60.0	104819439.0	-0.5206437855958939	3698.0	998772384.0	7860576.0
68	1.2	61.0	104818662.0	-0.5206399261951447	3782.0	1015418522.0	7991654.0
68	1.2	62.0	104817953.0	-0.5206364045540491	3860.0	1032064435.0	8122957.0
68	1.2	63.0	104817146.0	-0.520632396141688	3942.0	1048709942.0	8254666.0
68	1.2	64.0	104816439.0	-0.5206288844347	4020.0	1065355502.0	8386322.0
68	1.2	65.0	104815735.0	-0.5206253876288732	4095.0	1082001435.0	8517605.0
68	1.2	66.0	104815085.0	-0.5206221590439478	4167.0	1098647719.0	8648537.0
68	1.2	67.0	104814209.0	-0.5206178079048792	4265.0	1115293902.0	8779570.0
68	1.2	68.0	104813248.0	-0.5206130345662435	4370.0	1131940287.0	8910401.0
68	1.2	69.0	104812491.0	-0.5206092745065689	4455.0	1148586459.0	9041445.0
68	1.2	70.0	104811642.0	-0.520605057477951	4548.0	1165232768.0	9172352.0
68	1.2	71.0	104810864.0	-0.5206011931101481	4631.0	1181878772.0	9303564.0
68	1.2	72.0	104810100.0	-0.5205973982810974	4717.0	1198524620.0	9434932.0
68	1.2	73.0	104809407.0	-0.5205939561128616	4795.0	1215170539.0	9566229.0
68	1.2	74.0	104808702.0	-0.5205904543399811	4876.0	1231816515.0	9697469.0
68	1.2	75.0	104807983.0	-0.5205868830283483	4955.0	1248462543.0	9828657.0
68	1.2	76.0	104807235.0	-0.5205831676721573	5034.0	1265108992.0	9959424.0
68	1.2	77.0	104806421.0	-0.52057912449042	5130.0	1281755310.0	10090322.0
68	1.2	78.0	104805689.0	-0.5205754886070887	5220.0	1298400769.0	10222079.0
68	1.2	79.0	104804826.0	-0.5205712020397186	5320.0	1315046821.0	10353243.0
68	1.2	80.0	104804065.0	-0.5205674221118292	5409.0	1331693020.0	10484260.0
68	1.2	81.0	104803292.0	-0.5205635825792948	5501.0	1348338579.0	10615917.0
68	1.2	82.0	104802552.0	-0.5205599069595337	5585.0	1364985145.0	10746567.0
68	1.2	83.0	104801730.0	-0.5205558240413666	5677.0	1381631020.0	10877908.0
68	1.2	84.0	104800909.0	-0.5205517460902532	5774.0	1398277688.0	11008456.0
68	1.2	85.0	104800178.0	-0.5205481151739756	5864.0	1414923013.0	11140347.0
68	1.2	86.0	104799385.0	-0.5205441763003668	5954.0	1431569114.0	11271462.0
68	1.2	87.0	104798517.0	-0.520539864897728	6051.0	1448214604.0	11403188.0
68	1.2	88.0	104797644.0	-0.5205355286598206	6151.0	1464860803.0	11534205.0
68	1.2	89.0	104796915.0	-0.5205319076776505	6246.0	1481507801.0	11664423.0
68	1.2	90.0	104796146.0	-0.5205280880133311	6346.0	1498154196.0	11795244.0
68	1.2	91.0	104795248.0	-0.5205236275990804	6448.0	1514800969.0	11925687.0
68	1.2	92.0	104794431.0	-0.520519569516182	6545.0	1531447426.0	12056446.0
68	1.2	93.0	104793770.0	-0.5205162862936655	6630.0	1548093622.0	12187466.0
68	1.2	94.0	104793189.0	-0.5205134004354477	6705.0	1564739234.0	12319070.0
68	1.2	95.0	104792285.0	-0.5205089102188746	6814.0	1581385376.0	12450144.0
68	1.2	96.0	104791501.0	-0.5205050160487493	6911.0	1598031330.0	12581406.0
68	1.2	97.0	104790481.0	-0.5204999496539434	7029.0	1614677752.0	12712200.0
68	1.2	98.0	104789672.0	-0.5204959313074747	7120.0	1631323669.0	12843499.0
68	1.2	99.0	104788599.0	-0.5204906016588211	7238.0	1647969537.0	12974847.0
68	1.2	100.0	104787864.0	-0.5204869508743286	7338.0	1664615086.0	13106514.0
69	1.1	1.0	104857385.0	-0.5208322654167811	19.0	16645745.0	131471.0
69	1.1	2.0	104857141.0	-0.5208310534556707	40.0	33291649.0	262783.0
69	1.1	3.0	104856934.0	-0.5208300252755483	60.0	49937747.0	393901.0
69	1.1	4.0	104856671.0	-0.5208287189404169	84.0	66584534.0	524330.0
69	1.1	5.0	104856431.0	-0.5208275268475214	106.0	83231132.0	654948.0
69	1.1	6.0	104856175.0	-0.5208262552817663	129.0	99877593.0	785703.0
69	1.1	7.0	104855905.0	-0.5208249141772588	153.0	116524002.0	916510.0
69	1.1	8.0	104855671.0	-0.5208237518866857	174.0	133170525.0	1047203.0
69	1.1	9.0	104855424.0	-0.5208225250244141	197.0	149816289.0	1178655.0
69	1.1	10.0	104855275.0	-0.5208217849334081	211.0	166462500.0	1309660.0
69	1.1	11.0	104855005.0	-0.5208204438289007	236.0	183108563.0	1440813.0
69	1.1	12.0	104854700.0	-0.5208189288775126	264.0	199754464.0	1572128.0
69	1.1	13.0	104854536.0	-0.5208181142807007	279.0	216400892.0	1702916.0
69	1.1	14.0	104854264.0	-0.5208167632420858	305.0	233046917.0	1834107.0
69	1.1	15.0	104854017.0	-0.5208155363798141	329.0	249693010.0	1965230.0
69	1.1	16.0	104853704.0	-0.5208139816919962	357.0	266339170.0	2096286.0
69	1.1	17.0	104853502.0	-0.5208129783471426	375.0	282985764.0	2226908.0
69	1.1	18.0	104853257.0	-0.5208117614189783	397.0	299632324.0	2357564.0
69	1.1	19.0	104852943.0	-0.5208102017641068	425.0	316279295.0	2487809.0
69	1.1	20.0	104852701.0	-0.5208089997371038	447.0	332925606.0	2618714.0
69	1.1	21.0	104852550.0	-0.5208082497119904	461.0	349571261.0	2750275.0
69	1.1	22.0	104852321.0	-0.5208071122566859	482.0	366217333.0	2881419.0
69	1.1	23.0	104852070.0	-0.5208058655261993	505.0	382863321.0	3012647.0
69	1.1	24.0	104851778.0	-0.5208044151465098	533.0	399509745.0	3143439.0
69	1.1	25.0	104851472.0	-0.520802895228068	562.0	416155945.0	3274455.0
69	1.1	26.0	104851220.0	-0.5208016435305277	585.0	432801915.0	3405701.0
69	1.1	27.0	104850995.0	-0.5208005259434382	607.0	449447623.0	3537209.0
69	1.1	28.0	104850779.0	-0.5207994530598322	628.0	466093907.0	3668141.0
69	1.1	29.0	104850595.0	-0.5207985391219457	646.0	482739366.0	3799898.0
69	1.1	30.0	104850390.0	-0.5207975208759308	665.0	499385263.0	3931217.0
69	1.1	31.0	104850044.0	-0.5207958022753397	699.0	516031346.0	4062350.0
69	1.1	32.0	104849719.0	-0.5207941879828771	727.0	532677783.0	4193129.0
69	1.1	33.0	104849528.0	-0.5207932392756144	746.0	549323692.0	4324436.0
69	1.1	34.0	104849345.0	-0.5207923303047816	765.0	565969586.0	4455758.0
69	1.1	35.0	104849040.0	-0.5207908153533936	794.0	582615601.0	4586959.0
69	1.1	36.0	104848755.0	-0.5207893997430801	821.0	599261381.0	4718395.0
69	1.1	37.0	104848521.0	-0.520788237452507	844.0	615907031.0	4849961.0
69	1.1	38.0	104848246.0	-0.520786871512731	870.0	632552848.0	4981360.0
69	1.1	39.0	104847952.0	-0.520785411198934	899.0	649198808.0	5112616.0
69	1.1	40.0	104847626.0	-0.5207837919394175	928.0	665844645.0	5243995.0
69	1.1	41.0	104847416.0	-0.5207827488581339	947.0	682490398.0	5375458.0
69	1.1	42.0	104847117.0	-0.5207812637090683	975.0	699136853.0	5506219.0
69	1.1	43.0	104846813.0	-0.520779753724734	1006.0	715783232.0	5637056.0
69	1.1	44.0	104846486.0	-0.5207781294981638	1037.0	732429471.0	5768033.0
69	1.1	45.0	104846274.0	-0.5207770764827728	1058.0	749075579.0	5899141.0
69	1.1	46.0	104845981.0	-0.5207756211360296	1089.0	765721385.0	6030551.0
69	1.1	47.0	104845734.0	-0.5207743942737579	1113.0	782367261.0	6161891.0
69	1.1	48.0	104845426.0	-0.5207728644212087	1143.0	799014119.0	6292249.0
69	1.1	49.0	104845103.0	-0.5207712600628535	1178.0	815660032.0	6423552.0
69	1.1	50.0	104844803.0	-0.5207697699467341	1206.0	832305667.0	6555133.0
69	1.1	51.0	104844530.0	-0.5207684139410654	1234.0	848951912.0	6686104.0
69	1.1	52.0	104844243.0	-0.5207669883966446	1262.0	865597626.0	6817606.0
69	1.1	53.0	104843966.0	-0.520765612522761	1290.0	882243641.0	6948807.0
69	1.1	54.0	104843747.0	-0.5207645247379938	1311.0	898890254.0	7079410.0
69	1.1	55.0	104843412.0	-0.5207628607749939	1341.0	915536474.0	7210406.0
69	1.1	56.0	104843138.0	-0.5207614998022715	1369.0	932182487.0	7341609.0
69	1.1	57.0	104842949.0	-0.5207605610291163	1388.0	948828432.0	7472880.0
69	1.1	58.0	104842708.0	-0.5207593639691671	1413.0	965474237.0	7604291.0
69	1.1	59.0	104842456.0	-0.5207581122716268	1442.0	982120809.0	7734935.0
69	1.1	60.0	104842242.0	-0.5207570493221283	1466.0	998766665.0	7866295.0
69	1.1	61.0	104841858.0	-0.5207551419734955	1503.0	1015412712.0	7997464.0
69	1.1	62.0	104841520.0	-0.5207534631093343	1538.0	1032058809.0	8128583.0
69	1.1	63.0	104841234.0	-0.5207520425319672	1568.0	1048705267.0	8259341.0
69	1.1	64.0	104840956.0	-0.5207506616910299	1598.0	1065351749.0	8390075.0
69	1.1	65.0	104840683.0	-0.5207493056853613	1625.0	1081997237.0	8521803.0
69	1.1	66.0	104840407.0	-0.5207479347785314	1653.0	1098643584.0	8652672.0
69	1.1	67.0	104840182.0	-0.5207468171914419	1677.0	1115289877.0	8783595.0
69	1.1	68.0	104839921.0	-0.520745520790418	1705.0	1131935561.0	8915127.0
69	1.1	69.0	104839612.0	-0.5207439859708151	1738.0	1148581512.0	9046392.0
69	1.1	70.0	104839441.0	-0.520743136604627	1754.0	1165227837.0	9177283.0
69	1.1	71.0	104839092.0	-0.5207414031028748	1788.0	1181873806.0	9308530.0
69	1.1	72.0	104838739.0	-0.5207396497329077	1824.0	1198520241.0	9439311.0
69	1.1	73.0	104838430.0	-0.5207381149133047	1855.0	1215166521.0	9570247.0
69	1.1	74.0	104838211.0	-0.5207370271285375	1878.0	1231813309.0	9700675.0
69	1.1	75.0	104837932.0	-0.5207356413205465	1910.0	1248459704.0	9831496.0
69	1.1	76.0	104837558.0	-0.5207337836424509	1947.0	1265105974.0	9962442.0
69	1.1	77.0	104837225.0	-0.5207321296135584	1981.0	1281751914.0	10093718.0
69	1.1	78.0	104836833.0	-0.5207301825284958	2021.0	1298398467.0	10224381.0
69	1.1	79.0	104836575.0	-0.5207289010286331	2048.0	1315043562.0	10356502.0
69	1.1	80.0	104836219.0	-0.5207271327575048	2083.0	1331689325.0	10487955.0
69	1.1	81.0	104835977.0	-0.5207259307305018	2109.0	1348334868.0	10619628.0
69	1.1	82.0	104835714.0	-0.5207246243953705	2137.0	1364981172.0	10750540.0
69	1.1	83.0	104835462.0	-0.5207233726978302	2165.0	1381627779.0	10881149.0
69	1.1	84.0	104835108.0	-0.5207216143608093	2205.0	1398273732.0	11012412.0
69	1.1	85.0	104834836.0	-0.5207202633221945	2232.0	1414919979.0	11143381.0
69	1.1	86.0	104834571.0	-0.5207189470529556	2258.0	1431566497.0	11274079.0
69	1.1	87.0	104834124.0	-0.5207167267799377	2302.0	1448212708.0	11405084.0
69	1.1	88.0	104833855.0	-0.5207153906424841	2331.0	1464859042.0	11535966.0
69	1.1	89.0	104833567.0	-0.5207139601310095	2361.0	1481505111.0	11667113.0
69	1.1	90.0	104833296.0	-0.5207126140594482	2389.0	1498150872.0	11798568.0
69	1.1	91.0	104833030.0	-0.5207112928231558	2422.0	1514797312.0	11929344.0
69	1.1	92.0	104832828.0	-0.520710289478302	2445.0	1531443359.0	12060513.0
69	1.1	93.0	104832517.0	-0.5207087447245916	2476.0	1548089533.0	12191555.0
69	1.1	94.0	104832265.0	-0.5207074930270513	2506.0	1564735523.0	12322781.0
69	1.1	95.0	104831952.0	-0.5207059383392334	2542.0	1581381580.0	12453940.0
69	1.1	96.0	104831625.0	-0.5207043141126633	2576.0	1598027930.0	12584806.0
69	1.1	97.0	104831301.0	-0.5207027047872543	2608.0	1614674118.0	12715834.0
69	1.1	98.0	104831027.0	-0.5207013438145319	2636.0	1631320798.0	12846370.0
69	1.1	99.0	104830702.0	-0.5206997295220693	2670.0	1647966828.0	12977556.0
69	1.1	100.0	104830325.0	-0.5206978569428126	2711.0	1664612986.0	13108614.0
70	1.0	1.0	104857481.0	-0.5208327422539393	11.0	16646051.0	131165.0
70	1.0	2.0	104857416.0	-0.5208324193954468	17.0	33292737.0	261695.0
70	1.0	3.0	104857359.0	-0.5208321362733841	22.0	49939426.0	392222.0
70	1.0	4.0	104857280.0	-0.5208317438761393	30.0	66585682.0	523182.0
70	1.0	5.0	104857181.0	-0.5208312521378199	39.0	83231787.0	654293.0
70	1.0	6.0	104857145.0	-0.5208310733238856	42.0	99878264.0	785032.0
70	1.0	7.0	104857082.0	-0.5208307603995005	48.0	116523900.0	916612.0
70	1.0	8.0	104856983.0	-0.5208302686611811	57.0	133169887.0	1047841.0
70	1.0	9.0	104856939.0	-0.520830050110817	61.0	149816116.0	1178828.0
70	1.0	10.0	104856834.0	-0.5208295285701752	70.0	166461280.0	1310880.0
70	1.0	11.0	104856741.0	-0.5208290666341782	79.0	183107281.0	1442095.0
70	1.0	12.0	104856665.0	-0.5208286891380945	86.0	199752923.0	1573669.0
70	1.0	13.0	104856567.0	-0.5208282023668289	95.0	216399518.0	1704290.0
70	1.0	14.0	104856482.0	-0.5208277801672617	102.0	233045925.0	1835099.0
70	1.0	15.0	104856417.0	-0.5208274573087692	108.0	249692185.0	1966055.0
70	1.0	16.0	104856270.0	-0.5208267271518707	121.0	266338556.0	2096900.0
70	1.0	17.0	104856214.0	-0.5208264489968618	126.0	282984930.0	2227742.0
70	1.0	18.0	104856142.0	-0.5208260913689932	132.0	299631454.0	2358434.0
70	1.0	19.0	104856109.0	-0.52082592745622	135.0	316277477.0	2489627.0
70	1.0	20.0	104856045.0	-0.5208256095647812	141.0	332923375.0	2620945.0
70	1.0	21.0	104856002.0	-0.5208253959814707	146.0	349569401.0	2752135.0
70	1.0	22.0	104855912.0	-0.5208249489466349	154.0	366215693.0	2883059.0
70	1.0	23.0	104855799.0	-0.5208243876695633	164.0	382861276.0	3014692.0
70	1.0	24.0	104855710.0	-0.5208239456017812	173.0	399507050.0	3146134.0
70	1.0	25.0	104855643.0	-0.5208236128091812	179.0	416153363.0	3277037.0
70	1.0	26.0	104855570.0	-0.5208232502142588	186.0	432799851.0	3407765.0
70	1.0	27.0	104855513.0	-0.5208229670921961	192.0	449445692.0	3539140.0
70	1.0	28.0	104855444.0	-0.5208226243654887	198.0	466091925.0	3670123.0
70	1.0	29.0	104855389.0	-0.5208223511775335	203.0	482738065.0	3801199.0
70	1.0	30.0	104855336.0	-0.5208220879236857	208.0	499383983.0	3932497.0
70	1.0	31.0	104855218.0	-0.5208215018113455	219.0	516030169.0	4063527.0
70	1.0	32.0	104855126.0	-0.5208210448424021	227.0	532676330.0	4194582.0
70	1.0	33.0	104855065.0	-0.5208207418521246	234.0	549322515.0	4325613.0
70	1.0	34.0	104854929.0	-0.5208200663328171	246.0	565968399.0	4456945.0
70	1.0	35.0	104854865.0	-0.5208197484413782	252.0	582614253.0	4588307.0
70	1.0	36.0	104854780.0	-0.5208193262418112	260.0	599259960.0	4719816.0
70	1.0	37.0	104854697.0	-0.5208189139763514	267.0	615906373.0	4850619.0
70	1.0	38.0	104854648.0	-0.5208186705907186	272.0	632553329.0	4980879.0
70	1.0	39.0	104854516.0	-0.5208180149396261	285.0	649199279.0	5112145.0
70	1.0	40.0	104854388.0	-0.5208173791567484	297.0	665845289.0	5243351.0
70	1.0	41.0	104854304.0	-0.520816961924235	305.0	682491479.0	5374377.0
70	1.0	42.0	104854260.0	-0.5208167433738708	309.0	699137362.0	5505710.0
70	1.0	43.0	104854160.0	-0.5208162466684977	320.0	715783371.0	5636917.0
70	1.0	44.0	104854104.0	-0.5208159685134888	325.0	732429182.0	5768322.0
70	1.0	45.0	104854024.0	-0.5208155711491903	333.0	749075299.0	5899421.0
70	1.0	46.0	104853941.0	-0.5208151588837305	341.0	765721479.0	6030457.0
70	1.0	47.0	104853867.0	-0.5208147913217545	348.0	782367163.0	6161989.0
70	1.0	48.0	104853679.0	-0.520813857515653	366.0	799012720.0	6293648.0
70	1.0	49.0	104853628.0	-0.5208136041959127	370.0	815659002.0	6424582.0
70	1.0	50.0	104853601.0	-0.520813470085462	373.0	832305342.0	6555458.0
70	1.0	51.0	104853535.0	-0.5208131422599157	379.0	848951498.0	6686518.0
70	1.0	52.0	104853503.0	-0.5208129833141962	382.0	865597052.0	6818180.0
70	1.0	53.0	104853401.0	-0.5208124766747156	392.0	882243109.0	6949339.0
70	1.0	54.0	104853325.0	-0.5208120991786321	400.0	898889576.0	7080088.0
70	1.0	55.0	104853238.0	-0.5208116670449575	408.0	915535660.0	7211220.0
70	1.0	56.0	104853182.0	-0.5208113888899485	413.0	932182028.0	7342068.0
70	1.0	57.0	104853085.0	-0.5208109070857366	423.0	948828291.0	7473021.0
70	1.0	58.0	104853002.0	-0.5208104948202769	431.0	965474797.0	7603731.0
70	1.0	59.0	104852886.0	-0.5208099186420441	441.0	982121302.0	7734442.0
70	1.0	60.0	104852835.0	-0.5208096653223038	446.0	998767323.0	7865637.0
70	1.0	61.0	104852771.0	-0.5208093474308649	453.0	1015413015.0	7997161.0
70	1.0	62.0	104852654.0	-0.5208087662855784	465.0	1032059592.0	8127800.0
70	1.0	63.0	104852584.0	-0.5208084185918173	473.0	1048705766.0	8258842.0
70	1.0	64.0	104852547.0	-0.5208082348108292	477.0	1065351735.0	8390089.0
70	1.0	65.0	104852449.0	-0.5208077480395635	487.0	1081997938.0	8521102.0
70	1.0	66.0	104852407.0	-0.5208075394233068	491.0	1098644843.0	8651413.0
70	1.0	67.0	104852324.0	-0.520807127157847	501.0	1115291152.0	8782320.0
70	1.0	68.0	104852205.0	-0.5208065360784531	513.0	1131937005.0	8913683.0
70	1.0	69.0	104852135.0	-0.5208061883846918	520.0	1148583060.0	9044844.0
70	1.0	70.0	104852082.0	-0.5208059251308441	525.0	1165228600.0	9176520.0
70	1.0	71.0	104851971.0	-0.5208053737878799	535.0	1181875377.0	9306959.0
70	1.0	72.0	104851928.0	-0.5208051602045695	539.0	1198521250.0	9438302.0
70	1.0	73.0	104851849.0	-0.5208047678073248	546.0	1215167435.0	9569333.0
70	1.0	74.0	104851797.0	-0.5208045095205307	551.0	1231814180.0	9699804.0
70	1.0	75.0	104851749.0	-0.5208042711019516	556.0	1248460108.0	9831092.0
70	1.0	76.0	104851628.0	-0.5208036700884501	568.0	1265106206.0	9962210.0
70	1.0	77.0	104851528.0	-0.520803173383077	576.0	1281751491.0	10094141.0
70	1.0	78.0	104851427.0	-0.5208026717106501	587.0	1298397798.0	10225050.0
70	1.0	79.0	104851358.0	-0.5208023289839426	593.0	1315044442.0	10355622.0
70	1.0	80.0	104851221.0	-0.5208016484975815	606.0	1331690515.0	10486765.0
70	1.0	81.0	104851035.0	-0.5208007246255875	624.0	1348336580.0	10617916.0
70	1.0	82.0	104850918.0	-0.5208001434803009	635.0	1364982693.0	10749019.0
70	1.0	83.0	104850832.0	-0.52079971631368	644.0	1381629443.0	10879485.0
70	1.0	84.0	104850720.0	-0.5207991600036621	654.0	1398275739.0	11010405.0
70	1.0	85.0	104850594.0	-0.520798534154892	667.0	1414921477.0	11141883.0
70	1.0	86.0	104850544.0	-0.5207982858022054	672.0	1431567856.0	11272720.0
70	1.0	87.0	104850478.0	-0.5207979579766592	678.0	1448213425.0	11404367.0
70	1.0	88.0	104850423.0	-0.5207976847887039	684.0	1464858890.0	11536118.0
70	1.0	89.0	104850326.0	-0.520797202984492	692.0	1481504557.0	11667667.0
70	1.0	90.0	104850223.0	-0.5207966913779577	702.0	1498151246.0	11798194.0
70	1.0	91.0	104850015.0	-0.5207956582307816	720.0	1514797559.0	11929097.0
70	1.0	92.0	104849907.0	-0.5207951217889786	730.0	1531443320.0	12060552.0
70	1.0	93.0	104849798.0	-0.5207945803801218	741.0	1548089815.0	12191273.0
70	1.0	94.0	104849722.0	-0.5207942028840383	748.0	1564735649.0	12322655.0
70	1.0	95.0	104849649.0	-0.5207938402891159	755.0	1581382133.0	12453387.0
70	1.0	96.0	104849595.0	-0.5207935720682144	761.0	1598027748.0	12584988.0
70	1.0	97.0	104849535.0	-0.5207932740449905	767.0	1614674739.0	12715213.0
70	1.0	98.0	104849432.0	-0.5207927624384562	776.0	1631320947.0	12846221.0
70	1.0	99.0	104849317.0	-0.5207921912272772	786.0	1647966868.0	12977516.0
70	1.0	100.0	104849225.0	-0.5207917342583338	795.0	1664613344.0	13108256.0
71	0.9	1.0	104857558.0	-0.5208331247170767	4.0	16645936.0	131280.0
71	0.9	2.0	104857513.0	-0.5208329011996587	8.0	33292401.0	262031.0
71	0.9	3.0	104857503.0	-0.5208328515291214	9.0	49938392.0	393256.0
71	0.9	4.0	104857503.0	-0.5208328515291214	9.0	66584552.0	524312.0
71	0.9	5.0	104857439.0	-0.5208325336376826	15.0	83230280.0	655800.0
71	0.9	6.0	104857418.0	-0.5208324293295542	17.0	99876525.0	786771.0
71	0.9	7.0	104857397.0	-0.5208323250214258	19.0	116522376.0	918136.0
71	0.9	8.0	104857372.0	-0.5208322008450826	21.0	133169135.0	1048593.0
71	0.9	9.0	104857361.0	-0.5208321462074915	22.0	149815458.0	1179486.0
71	0.9	10.0	104857341.0	-0.5208320468664169	24.0	166461465.0	1310695.0
71	0.9	11.0	104857294.0	-0.5208318134148916	28.0	183107852.0	1441524.0
71	0.9	12.0	104857294.0	-0.5208318134148916	28.0	199753832.0	1572760.0
71	0.9	13.0	104857264.0	-0.5208316644032797	31.0	216400038.0	1703770.0
71	0.9	14.0	104857203.0	-0.520831361413002	37.0	233046320.0	1834704.0
71	0.9	15.0	104857160.0	-0.5208311478296915	41.0	249692021.0	1966219.0
71	0.9	16.0	104857140.0	-0.5208310484886169	43.0	266338156.0	2097300.0
71	0.9	17.0	104857119.0	-0.5208309441804886	45.0	282984414.0	2228258.0
71	0.9	18.0	104857098.0	-0.5208308398723602	48.0	299630240.0	2359648.0
71	0.9	19.0	104857078.0	-0.5208307405312856	50.0	316276371.0	2490733.0
71	0.9	20.0	104857026.0	-0.5208304822444916	55.0	332922291.0	2622029.0
71	0.9	21.0	104857003.0	-0.5208303680022558	57.0	349569007.0	2752529.0
71	0.9	22.0	104856967.0	-0.5208301891883215	60.0	366215291.0	2883461.0
71	0.9	23.0	104856899.0	-0.5208298514286677	66.0	382861413.0	3014555.0
71	0.9	24.0	104856889.0	-0.5208298017581304	67.0	399507644.0	3145540.0
71	0.9	25.0	104856854.0	-0.5208296279112498	70.0	416153441.0	3276959.0
71	0.9	26.0	104856823.0	-0.5208294739325842	73.0	432799338.0	3408278.0
71	0.9	27.0	104856763.0	-0.5208291759093603	78.0	449444643.0	3540189.0
71	0.9	28.0	104856740.0	-0.5208290616671244	80.0	466090585.0	3671463.0
71	0.9	29.0	104856718.0	-0.5208289523919424	82.0	482737250.0	3802014.0
71	0.9	30.0	104856697.0	-0.520828848083814	84.0	499383719.0	3932761.0
71	0.9	31.0	104856685.0	-0.5208287884791692	85.0	516030167.0	4063529.0
71	0.9	32.0	104856637.0	-0.5208285500605901	90.0	532676266.0	4194646.0
71	0.9	33.0	104856574.0	-0.5208282371362051	96.0	549322386.0	4325742.0
71	0.9	34.0	104856499.0	-0.5208278646071752	103.0	565968501.0	4456843.0
71	0.9	35.0	104856477.0	-0.5208277553319931	105.0	582614612.0	4587948.0
71	0.9	36.0	104856460.0	-0.5208276708920797	107.0	599260381.0	4719395.0
71	0.9	37.0	104856439.0	-0.5208275665839514	109.0	615906470.0	4850522.0
71	0.9	38.0	104856402.0	-0.5208273828029633	113.0	632552581.0	4981627.0
71	0.9	39.0	104856371.0	-0.5208272288242976	116.0	649198973.0	5112451.0
71	0.9	40.0	104856346.0	-0.5208271046479543	118.0	665845346.0	5243294.0
71	0.9	41.0	104856329.0	-0.5208270202080408	120.0	682491612.0	5374244.0
71	0.9	42.0	104856299.0	-0.5208268711964289	123.0	699137748.0	5505324.0
71	0.9	43.0	104856257.0	-0.5208266625801722	127.0	715783320.0	5636968.0
71	0.9	44.0	104856225.0	-0.5208265036344528	130.0	732429631.0	5767873.0
71	0.9	45.0	104856187.0	-0.5208263148864111	134.0	749075437.0	5899283.0
71	0.9	46.0	104856136.0	-0.5208260615666708	139.0	765721760.0	6030176.0
71	0.9	47.0	104856113.0	-0.5208259473244349	141.0	782368341.0	6160811.0
71	0.9	48.0	104856113.0	-0.5208259473244349	141.0	799014575.0	6291793.0
71	0.9	49.0	104856091.0	-0.5208258380492529	143.0	815660834.0	6422750.0
71	0.9	50.0	104856065.0	-0.5208257089058558	146.0	832307247.0	6553553.0
71	0.9	51.0	104856043.0	-0.5208255996306738	148.0	848953253.0	6684763.0
71	0.9	52.0	104855985.0	-0.5208253115415573	153.0	865599409.0	6815823.0
71	0.9	53.0	104855965.0	-0.5208252122004827	155.0	882245675.0	6946773.0
71	0.9	54.0	104855920.0	-0.5208249886830648	159.0	898891296.0	7078368.0
71	0.9	55.0	104855910.0	-0.5208249390125275	160.0	915536976.0	7209904.0
71	0.9	56.0	104855910.0	-0.5208249390125275	160.0	932182854.0	7341242.0
71	0.9	57.0	104855849.0	-0.5208246360222498	165.0	948828780.0	7472532.0
71	0.9	58.0	104855809.0	-0.5208244373401006	169.0	965475176.0	7603352.0
71	0.9	59.0	104855743.0	-0.5208241095145544	175.0	982121376.0	7734368.0
71	0.9	60.0	104855715.0	-0.5208239704370499	178.0	998767785.0	7865175.0
71	0.9	61.0	104855693.0	-0.5208238611618677	180.0	1015413779.0	7996397.0
71	0.9	62.0	104855658.0	-0.5208236873149872	183.0	1032060223.0	8127169.0
71	0.9	63.0	104855658.0	-0.5208236873149872	183.0	1048706265.0	8258343.0
71	0.9	64.0	104855652.0	-0.5208236575126648	184.0	1065352382.0	8389442.0
71	0.9	65.0	104855615.0	-0.5208234737316767	188.0	1081998832.0	8520208.0
71	0.9	66.0	104855604.0	-0.5208234190940857	190.0	1098644774.0	8651482.0
71	0.9	67.0	104855582.0	-0.5208233098189036	192.0	1115291191.0	8782281.0
71	0.9	68.0	104855534.0	-0.5208230714003245	196.0	1131937730.0	8912958.0
71	0.9	69.0	104855502.0	-0.5208229124546051	199.0	1148583803.0	9044101.0
71	0.9	70.0	104855490.0	-0.5208228528499603	200.0	1165230120.0	9175000.0
71	0.9	71.0	104855462.0	-0.5208227137724558	204.0	1181876008.0	9306328.0
71	0.9	72.0	104855450.0	-0.520822654167811	205.0	1198522583.0	9436969.0
71	0.9	73.0	104855397.0	-0.5208223909139633	210.0	1215169496.0	9567272.0
71	0.9	74.0	104855376.0	-0.520822286605835	212.0	1231816009.0	9697975.0
71	0.9	75.0	104855351.0	-0.5208221624294916	215.0	1248462151.0	9829049.0
71	0.9	76.0	104855341.0	-0.5208221127589544	216.0	1265107995.0	9960421.0
71	0.9	77.0	104855307.0	-0.5208219438791275	219.0	1281753630.0	10092002.0
71	0.9	78.0	104855307.0	-0.5208219438791275	219.0	1298399488.0	10223360.0
71	0.9	79.0	104855285.0	-0.5208218346039454	221.0	1315045748.0	10354316.0
71	0.9	80.0	104855263.0	-0.5208217253287634	223.0	1331691631.0	10485649.0
71	0.9	81.0	104855263.0	-0.5208217253287634	223.0	1348337904.0	10616592.0
71	0.9	82.0	104855263.0	-0.5208217253287634	223.0	1364984444.0	10747268.0
71	0.9	83.0	104855238.0	-0.52082160115242	226.0	1381629727.0	10879201.0
71	0.9	84.0	104855198.0	-0.5208214024702708	230.0	1398275639.0	11010505.0
71	0.9	85.0	104855175.0	-0.520821288228035	232.0	1414922309.0	11141051.0
71	0.9	86.0	104855127.0	-0.5208210498094559	237.0	1431568197.0	11272379.0
71	0.9	87.0	104855127.0	-0.5208210498094559	237.0	1448214614.0	11403178.0
71	0.9	88.0	104855110.0	-0.5208209653695425	239.0	1464860271.0	11534737.0
71	0.9	89.0	104855094.0	-0.5208208858966827	241.0	1481506266.0	11665958.0
71	0.9	90.0	104855035.0	-0.5208205928405126	247.0	1498152688.0	11796752.0
71	0.9	91.0	104855011.0	-0.5208204736312231	249.0	1514799272.0	11927384.0
71	0.9	92.0	104854989.0	-0.520820364356041	251.0	1531445832.0	12058040.0
71	0.9	93.0	104854956.0	-0.5208202004432678	254.0	1548091474.0	12189614.0
71	0.9	94.0	104854950.0	-0.5208201706409454	255.0	1564737581.0	12320723.0
71	0.9	95.0	104854922.0	-0.5208200315634409	258.0	1581384243.0	12451277.0
71	0.9	96.0	104854902.0	-0.5208199322223663	260.0	1598030831.0	12581905.0
71	0.9	97.0	104854869.0	-0.5208197683095932	263.0	1614677089.0	12712863.0
71	0.9	98.0	104854836.0	-0.5208196043968201	266.0	1631323363.0	12843805.0
71	0.9	99.0	104854791.0	-0.5208193808794022	271.0	1647968553.0	12975831.0
71	0.9	100.0	104854771.0	-0.5208192815383276	273.0	1664614676.0	13106924.0
72	0.8	1.0	104857577.0	-0.5208332190910975	2.0	16646232.0	130984.0
72	0.8	2.0	104857577.0	-0.5208332190910975	2.0	33292695.0	261737.0
72	0.8	3.0	104857567.0	-0.5208331694205602	3.0	49939173.0	392475.0
72	0.8	4.0	104857567.0	-0.5208331694205602	3.0	66585277.0	523587.0
72	0.8	5.0	104857567.0	-0.5208331694205602	3.0	83231570.0	654510.0
72	0.8	6.0	104857567.0	-0.5208331694205602	3.0	99878033.0	785263.0
72	0.8	7.0	104857567.0	-0.5208331694205602	3.0	116524303.0	916209.0
72	0.8	8.0	104857567.0	-0.5208331694205602	3.0	133170178.0	1047550.0
72	0.8	9.0	104857567.0	-0.5208331694205602	3.0	149815980.0	1178964.0
72	0.8	10.0	104857567.0	-0.5208331694205602	3.0	166461513.0	1310647.0
72	0.8	11.0	104857567.0	-0.5208331694205602	3.0	183107889.0	1441487.0
72	0.8	12.0	104857567.0	-0.5208331694205602	3.0	199753660.0	1572932.0
72	0.8	13.0	104857555.0	-0.5208331098159155	4.0	216399609.0	1704199.0
72	0.8	14.0	104857555.0	-0.5208331098159155	4.0	233045977.0	1835047.0
72	0.8	15.0	104857544.0	-0.5208330551783243	5.0	249692243.0	1965997.0
72	0.8	16.0	104857533.0	-0.5208330005407333	6.0	266338770.0	2096686.0
72	0.8	17.0	104857533.0	-0.5208330005407333	6.0	282985641.0	2227031.0
72	0.8	18.0	104857510.0	-0.5208328862984976	8.0	299631067.0	2358821.0
72	0.8	19.0	104857498.0	-0.5208328266938528	9.0	316277642.0	2489462.0
72	0.8	20.0	104857488.0	-0.5208327770233154	10.0	332923958.0	2620362.0
72	0.8	21.0	104857477.0	-0.5208327223857244	11.0	349569819.0	2751717.0
72	0.8	22.0	104857467.0	-0.5208326727151871	12.0	366216313.0	2882439.0
72	0.8	23.0	104857467.0	-0.5208326727151871	12.0	382862943.0	3013025.0
72	0.8	24.0	104857467.0	-0.5208326727151871	12.0	399509069.0	3144115.0
72	0.8	25.0	104857467.0	-0.5208326727151871	12.0	416155005.0	3275395.0
72	0.8	26.0	104857457.0	-0.5208326230446497	13.0	432800736.0	3406880.0
72	0.8	27.0	104857447.0	-0.5208325733741125	14.0	449446589.0	3538243.0
72	0.8	28.0	104857437.0	-0.5208325237035751	15.0	466092607.0	3669441.0
72	0.8	29.0	104857427.0	-0.5208324740330378	16.0	482738697.0	3800567.0
72	0.8	30.0	104857427.0	-0.5208324740330378	16.0	499384587.0	3931893.0
72	0.8	31.0	104857427.0	-0.5208324740330378	16.0	516030635.0	4063061.0
72	0.8	32.0	104857427.0	-0.5208324740330378	16.0	532677181.0	4193731.0
72	0.8	33.0	104857417.0	-0.5208324243625005	17.0	549322273.0	4325855.0
72	0.8	34.0	104857417.0	-0.5208324243625005	17.0	565968412.0	4456932.0
72	0.8	35.0	104857417.0	-0.5208324243625005	17.0	582614307.0	4588253.0
72	0.8	36.0	104857406.0	-0.5208323697249094	18.0	599261024.0	4718752.0
72	0.8	37.0	104857385.0	-0.5208322654167811	20.0	615907473.0	4849519.0
72	0.8	38.0	104857373.0	-0.5208322058121363	21.0	632553709.0	4980499.0
72	0.8	39.0	104857373.0	-0.5208322058121363	21.0	649199194.0	5112230.0
72	0.8	40.0	104857352.0	-0.5208321015040079	23.0	665845702.0	5242938.0
72	0.8	41.0	104857352.0	-0.5208321015040079	23.0	682491840.0	5374016.0
72	0.8	42.0	104857342.0	-0.5208320518334707	24.0	699137473.0	5505599.0
72	0.8	43.0	104857342.0	-0.5208320518334707	24.0	715783407.0	5636881.0
72	0.8	44.0	104857342.0	-0.5208320518334707	24.0	732429966.0	5767538.0
72	0.8	45.0	104857342.0	-0.5208320518334707	24.0	749076222.0	5898498.0
72	0.8	46.0	104857342.0	-0.5208320518334707	24.0	765722041.0	6029895.0
72	0.8	47.0	104857317.0	-0.5208319276571274	27.0	782367777.0	6161375.0
72	0.8	48.0	104857305.0	-0.5208318680524826	28.0	799013982.0	6292386.0
72	0.8	49.0	104857294.0	-0.5208318134148916	29.0	815660763.0	6422821.0
72	0.8	50.0	104857294.0	-0.5208318134148916	29.0	832306483.0	6554317.0
72	0.8	51.0	104857294.0	-0.5208318134148916	29.0	848951965.0	6686051.0
72	0.8	52.0	104857294.0	-0.5208318134148916	29.0	865598351.0	6816881.0
72	0.8	53.0	104857284.0	-0.5208317637443542	30.0	882244538.0	6947910.0
72	0.8	54.0	104857284.0	-0.5208317637443542	30.0	898890763.0	7078901.0
72	0.8	55.0	104857284.0	-0.5208317637443542	30.0	915537007.0	7209873.0
72	0.8	56.0	104857274.0	-0.5208317140738169	31.0	932183403.0	7340693.0
72	0.8	57.0	104857264.0	-0.5208316644032797	32.0	948829300.0	7472012.0
72	0.8	58.0	104857264.0	-0.5208316644032797	32.0	965475577.0	7602951.0
72	0.8	59.0	104857241.0	-0.5208315501610438	34.0	982121372.0	7734372.0
72	0.8	60.0	104857241.0	-0.5208315501610438	34.0	998766788.0	7866172.0
72	0.8	61.0	104857241.0	-0.5208315501610438	34.0	1015413383.0	7996793.0
72	0.8	62.0	104857231.0	-0.5208315004905065	35.0	1032059293.0	8128099.0
72	0.8	63.0	104857219.0	-0.5208314408858618	36.0	1048705057.0	8259551.0
72	0.8	64.0	104857208.0	-0.5208313862482706	37.0	1065351231.0	8390593.0
72	0.8	65.0	104857208.0	-0.5208313862482706	37.0	1081997630.0	8521410.0
72	0.8	66.0	104857188.0	-0.520831286907196	39.0	1098643707.0	8652549.0
72	0.8	67.0	104857188.0	-0.520831286907196	39.0	1115289752.0	8783720.0
72	0.8	68.0	104857188.0	-0.520831286907196	39.0	1131935518.0	8915170.0
72	0.8	69.0	104857188.0	-0.520831286907196	39.0	1148581908.0	9045996.0
72	0.8	70.0	104857188.0	-0.520831286907196	39.0	1165227660.0	9177460.0
72	0.8	71.0	104857165.0	-0.5208311726649603	41.0	1181874052.0	9308284.0
72	0.8	72.0	104857154.0	-0.5208311180273691	42.0	1198520100.0	9439452.0
72	0.8	73.0	104857154.0	-0.5208311180273691	42.0	1215166814.0	9569954.0
72	0.8	74.0	104857144.0	-0.5208310683568319	43.0	1231812828.0	9701156.0
72	0.8	75.0	104857144.0	-0.5208310683568319	43.0	1248459122.0	9832078.0
72	0.8	76.0	104857144.0	-0.5208310683568319	43.0	1265105539.0	9962877.0
72	0.8	77.0	104857144.0	-0.5208310683568319	43.0	1281751748.0	10093884.0
72	0.8	78.0	104857124.0	-0.5208309690157572	45.0	1298398277.0	10224571.0
72	0.8	79.0	104857102.0	-0.5208308597405752	47.0	1315044742.0	10355322.0
72	0.8	80.0	104857080.0	-0.5208307504653931	49.0	1331691313.0	10485967.0
72	0.8	81.0	104857080.0	-0.5208307504653931	49.0	1348337571.0	10616925.0
72	0.8	82.0	104857080.0	-0.5208307504653931	49.0	1364983159.0	10748553.0
72	0.8	83.0	104857067.0	-0.5208306858936945	50.0	1381629863.0	10879065.0
72	0.8	84.0	104857067.0	-0.5208306858936945	50.0	1398275941.0	11010203.0
72	0.8	85.0	104857067.0	-0.5208306858936945	50.0	1414922132.0	11141228.0
72	0.8	86.0	104857056.0	-0.5208306312561035	51.0	1431568216.0	11272360.0
72	0.8	87.0	104857050.0	-0.5208306014537811	52.0	1448213852.0	11403940.0
72	0.8	88.0	104857050.0	-0.5208306014537811	52.0	1464859478.0	11535530.0
72	0.8	89.0	104857050.0	-0.5208306014537811	52.0	1481505648.0	11666576.0
72	0.8	90.0	104857050.0	-0.5208306014537811	52.0	1498151715.0	11797725.0
72	0.8	91.0	104857040.0	-0.5208305517832438	53.0	1514797943.0	11928713.0
72	0.8	92.0	104857029.0	-0.5208304971456528	54.0	1531443783.0	12060089.0
72	0.8	93.0	104856987.0	-0.5208302885293961	58.0	1548089526.0	12191562.0
72	0.8	94.0	104856987.0	-0.5208302885293961	58.0	1564736016.0	12322288.0
72	0.8	95.0	104856987.0	-0.5208302885293961	58.0	1581382524.0	12452996.0
72	0.8	96.0	104856977.0	-0.5208302388588587	59.0	1598028524.0	12584212.0
72	0.8	97.0	104856977.0	-0.5208302388588587	59.0	1614674400.0	12715552.0
72	0.8	98.0	104856977.0	-0.5208302388588587	59.0	1631320604.0	12846564.0
72	0.8	99.0	104856955.0	-0.5208301295836767	61.0	1647967002.0	12977382.0
72	0.8	100.0	104856955.0	-0.5208301295836767	61.0	1664613290.0	13108310.0
73	0.7	1.0	104857600.0	-0.5208333333333334	0.0	16646316.0	130900.0
73	0.7	2.0	104857600.0	-0.5208333333333334	0.0	33292727.0	261705.0
73	0.7	3.0	104857600.0	-0.5208333333333334	0.0	49939472.0	392176.0
73	0.7	4.0	104857600.0	-0.5208333333333334	0.0	66585595.0	523269.0
73	0.7	5.0	104857600.0	-0.5208333333333334	0.0	83232033.0	654047.0
73	0.7	6.0	104857600.0	-0.5208333333333334	0.0	99878244.0	785052.0
73	0.7	7.0	104857600.0	-0.5208333333333334	0.0	116524403.0	916109.0
73	0.7	8.0	104857600.0	-0.5208333333333334	0.0	133170349.0	1047379.0
73	0.7	9.0	104857600.0	-0.5208333333333334	0.0	149816615.0	1178329.0
73	0.7	10.0	104857600.0	-0.5208333333333334	0.0	166463101.0	1309059.0
73	0.7	11.0	104857600.0	-0.5208333333333334	0.0	183109516.0	1439860.0
73	0.7	12.0	104857600.0	-0.5208333333333334	0.0	199755757.0	1570835.0
73	0.7	13.0	104857600.0	-0.5208333333333334	0.0	216402363.0	1701445.0
73	0.7	14.0	104857600.0	-0.5208333333333334	0.0	233048189.0	1832835.0
73	0.7	15.0	104857600.0	-0.5208333333333334	0.0	249694168.0	1964072.0
73	0.7	16.0	104857600.0	-0.5208333333333334	0.0	266340419.0	2095037.0
73	0.7	17.0	104857600.0	-0.5208333333333334	0.0	282985998.0	2226674.0
73	0.7	18.0	104857600.0	-0.5208333333333334	0.0	299632219.0	2357669.0
73	0.7	19.0	104857600.0	-0.5208333333333334	0.0	316278819.0	2488285.0
73	0.7	20.0	104857590.0	-0.520833283662796	1.0	332925138.0	2619182.0
73	0.7	21.0	104857590.0	-0.520833283662796	1.0	349571014.0	2750522.0
73	0.7	22.0	104857590.0	-0.520833283662796	1.0	366217156.0	2881596.0
73	0.7	23.0	104857580.0	-0.5208332339922587	2.0	382863436.0	3012532.0
73	0.7	24.0	104857570.0	-0.5208331843217214	3.0	399509744.0	3143440.0
73	0.7	25.0	104857570.0	-0.5208331843217214	3.0	416156109.0	3274291.0
73	0.7	26.0	104857570.0	-0.5208331843217214	3.0	432802192.0	3405424.0
73	0.7	27.0	104857570.0	-0.5208331843217214	3.0	449448302.0	3536530.0
73	0.7	28.0	104857570.0	-0.5208331843217214	3.0	466094406.0	3667642.0
73	0.7	29.0	104857570.0	-0.5208331843217214	3.0	482740536.0	3798728.0
73	0.7	30.0	104857570.0	-0.5208331843217214	3.0	499386896.0	3929584.0
73	0.7	31.0	104857559.0	-0.5208331296841303	4.0	516033240.0	4060456.0
73	0.7	32.0	104857559.0	-0.5208331296841303	4.0	532679397.0	4191515.0
73	0.7	33.0	104857559.0	-0.5208331296841303	4.0	549325877.0	4322251.0
73	0.7	34.0	104857559.0	-0.5208331296841303	4.0	565971557.0	4453787.0
73	0.7	35.0	104857559.0	-0.5208331296841303	4.0	582617611.0	4584949.0
73	0.7	36.0	104857559.0	-0.5208331296841303	4.0	599264132.0	4715644.0
73	0.7	37.0	104857559.0	-0.5208331296841303	4.0	615909848.0	4847144.0
73	0.7	38.0	104857559.0	-0.5208331296841303	4.0	632556832.0	4977376.0
73	0.7	39.0	104857549.0	-0.5208330800135931	5.0	649202733.0	5108691.0
73	0.7	40.0	104857549.0	-0.5208330800135931	5.0	665848732.0	5239908.0
73	0.7	41.0	104857549.0	-0.5208330800135931	5.0	682494490.0	5371366.0
73	0.7	42.0	104857549.0	-0.5208330800135931	5.0	699140344.0	5502728.0
73	0.7	43.0	104857549.0	-0.5208330800135931	5.0	715786633.0	5633655.0
73	0.7	44.0	104857538.0	-0.520833025376002	6.0	732432102.0	5765402.0
73	0.7	45.0	104857538.0	-0.520833025376002	6.0	749077753.0	5896967.0
73	0.7	46.0	104857538.0	-0.520833025376002	6.0	765723830.0	6028106.0
73	0.7	47.0	104857538.0	-0.520833025376002	6.0	782369918.0	6159234.0
73	0.7	48.0	104857538.0	-0.520833025376002	6.0	799015686.0	6290682.0
73	0.7	49.0	104857538.0	-0.520833025376002	6.0	815661308.0	6422276.0
73	0.7	50.0	104857538.0	-0.520833025376002	6.0	832307892.0	6552908.0
73	0.7	51.0	104857538.0	-0.520833025376002	6.0	848953937.0	6684079.0
73	0.7	52.0	104857538.0	-0.520833025376002	6.0	865600160.0	6815072.0
73	0.7	53.0	104857538.0	-0.520833025376002	6.0	882246928.0	6945520.0
73	0.7	54.0	104857538.0	-0.520833025376002	6.0	898893265.0	7076399.0
73	0.7	55.0	104857538.0	-0.520833025376002	6.0	915539033.0	7207847.0
73	0.7	56.0	104857538.0	-0.520833025376002	6.0	932184588.0	7339508.0
73	0.7	57.0	104857538.0	-0.520833025376002	6.0	948830700.0	7470612.0
73	0.7	58.0	104857538.0	-0.520833025376002	6.0	965477043.0	7601485.0
73	0.7	59.0	104857538.0	-0.520833025376002	6.0	982123360.0	7732384.0
73	0.7	60.0	104857538.0	-0.520833025376002	6.0	998769430.0	7863530.0
73	0.7	61.0	104857538.0	-0.520833025376002	6.0	1015415490.0	7994686.0
73	0.7	62.0	104857538.0	-0.520833025376002	6.0	1032061455.0	8125937.0
73	0.7	63.0	104857538.0	-0.520833025376002	6.0	1048708318.0	8256290.0
73	0.7	64.0	104857538.0	-0.520833025376002	6.0	1065354168.0	8387656.0
73	0.7	65.0	104857538.0	-0.520833025376002	6.0	1082000321.0	8518719.0
73	0.7	66.0	104857538.0	-0.520833025376002	6.0	1098646618.0	8649638.0
73	0.7	67.0	104857538.0	-0.520833025376002	6.0	1115292496.0	8780976.0
73	0.7	68.0	104857538.0	-0.520833025376002	6.0	1131939058.0	8911630.0
73	0.7	69.0	104857538.0	-0.520833025376002	6.0	1148585423.0	9042481.0
73	0.7	70.0	104857538.0	-0.520833025376002	6.0	1165231237.0	9173883.0
73	0.7	71.0	104857538.0	-0.520833025376002	6.0	1181877087.0	9305249.0
73	0.7	72.0	104857538.0	-0.520833025376002	6.0	1198523425.0	9436127.0
73	0.7	73.0	104857526.0	-0.5208329657713572	7.0	1215169614.0	9567154.0
73	0.7	74.0	104857526.0	-0.5208329657713572	7.0	1231815379.0	9698605.0
73	0.7	75.0	104857526.0	-0.5208329657713572	7.0	1248461278.0	9829922.0
73	0.7	76.0	104857526.0	-0.5208329657713572	7.0	1265107686.0	9960730.0
73	0.7	77.0	104857526.0	-0.5208329657713572	7.0	1281753254.0	10092378.0
73	0.7	78.0	104857526.0	-0.5208329657713572	7.0	1298399191.0	10223657.0
73	0.7	79.0	104857526.0	-0.5208329657713572	7.0	1315045675.0	10354389.0
73	0.7	80.0	104857526.0	-0.5208329657713572	7.0	1331691897.0	10485383.0
73	0.7	81.0	104857526.0	-0.5208329657713572	7.0	1348338670.0	10615826.0
73	0.7	82.0	104857526.0	-0.5208329657713572	7.0	1364985043.0	10746669.0
73	0.7	83.0	104857526.0	-0.5208329657713572	7.0	1381630877.0	10878051.0
73	0.7	84.0	104857526.0	-0.5208329657713572	7.0	1398277384.0	11008760.0
73	0.7	85.0	104857526.0	-0.5208329657713572	7.0	1414923355.0	11140005.0
73	0.7	86.0	104857526.0	-0.5208329657713572	7.0	1431569799.0	11270777.0
73	0.7	87.0	104857526.0	-0.5208329657713572	7.0	1448215610.0	11402182.0
73	0.7	88.0	104857526.0	-0.5208329657713572	7.0	1464861581.0	11533427.0
73	0.7	89.0	104857526.0	-0.5208329657713572	7.0	1481506977.0	11665247.0
73	0.7	90.0	104857526.0	-0.5208329657713572	7.0	1498152824.0	11796616.0
73	0.7	91.0	104857515.0	-0.5208329111337662	8.0	1514799261.0	11927395.0
73	0.7	92.0	104857515.0	-0.5208329111337662	8.0	1531445403.0	12058469.0
73	0.7	93.0	104857515.0	-0.5208329111337662	8.0	1548091616.0	12189472.0
73	0.7	94.0	104857515.0	-0.5208329111337662	8.0	1564737909.0	12320395.0
73	0.7	95.0	104857515.0	-0.5208329111337662	8.0	1581383521.0	12451999.0
73	0.7	96.0	104857515.0	-0.5208329111337662	8.0	1598029468.0	12583268.0
73	0.7	97.0	104857515.0	-0.5208329111337662	8.0	1614675561.0	12714391.0
73	0.7	98.0	104857515.0	-0.5208329111337662	8.0	1631321220.0	12845948.0
73	0.7	99.0	104857515.0	-0.5208329111337662	8.0	1647967095.0	12977289.0
73	0.7	100.0	104857515.0	-0.5208329111337662	8.0	1664612997.0	13108603.0
74	0.6	1.0	104857600.0	-0.5208333333333334	0.0	16646317.0	130899.0
74	0.6	2.0	104857600.0	-0.5208333333333334	0.0	33292240.0	262192.0
74	0.6	3.0	104857600.0	-0.5208333333333334	0.0	49938493.0	393155.0
74	0.6	4.0	104857600.0	-0.5208333333333334	0.0	66584400.0	524464.0
74	0.6	5.0	104857600.0	-0.5208333333333334	0.0	83229836.0	656244.0
74	0.6	6.0	104857600.0	-0.5208333333333334	0.0	99877103.0	786193.0
74	0.6	7.0	104857600.0	-0.5208333333333334	0.0	116523054.0	917458.0
74	0.6	8.0	104857600.0	-0.5208333333333334	0.0	133168517.0	1049211.0
74	0.6	9.0	104857600.0	-0.5208333333333334	0.0	149814588.0	1180356.0
74	0.6	10.0	104857600.0	-0.5208333333333334	0.0	166460701.0	1311459.0
74	0.6	11.0	104857600.0	-0.5208333333333334	0.0	183106047.0	1443329.0
74	0.6	12.0	104857600.0	-0.5208333333333334	0.0	199752440.0	1574152.0
74	0.6	13.0	104857600.0	-0.5208333333333334	0.0	216398780.0	1705028.0
74	0.6	14.0	104857600.0	-0.5208333333333334	0.0	233044774.0	1836250.0
74	0.6	15.0	104857600.0	-0.5208333333333334	0.0	249690433.0	1967807.0
74	0.6	16.0	104857600.0	-0.5208333333333334	0.0	266335868.0	2099588.0
74	0.6	17.0	104857600.0	-0.5208333333333334	0.0	282981935.0	2230737.0
74	0.6	18.0	104857600.0	-0.5208333333333334	0.0	299628472.0	2361416.0
74	0.6	19.0	104857600.0	-0.5208333333333334	0.0	316274583.0	2492521.0
74	0.6	20.0	104857600.0	-0.5208333333333334	0.0	332920546.0	2623774.0
74	0.6	21.0	104857600.0	-0.5208333333333334	0.0	349567043.0	2754493.0
74	0.6	22.0	104857600.0	-0.5208333333333334	0.0	366214264.0	2884488.0
74	0.6	23.0	104857600.0	-0.5208333333333334	0.0	382860103.0	3015865.0
74	0.6	24.0	104857600.0	-0.5208333333333334	0.0	399506469.0	3146715.0
74	0.6	25.0	104857600.0	-0.5208333333333334	0.0	416152463.0	3277937.0
74	0.6	26.0	104857600.0	-0.5208333333333334	0.0	432798888.0	3408728.0
74	0.6	27.0	104857600.0	-0.5208333333333334	0.0	449444539.0	3540293.0
74	0.6	28.0	104857600.0	-0.5208333333333334	0.0	466090396.0	3671652.0
74	0.6	29.0	104857600.0	-0.5208333333333334	0.0	482736979.0	3802285.0
74	0.6	30.0	104857600.0	-0.5208333333333334	0.0	499383966.0	3932514.0
74	0.6	31.0	104857600.0	-0.5208333333333334	0.0	516030005.0	4063691.0
74	0.6	32.0	104857600.0	-0.5208333333333334	0.0	532675631.0	4195281.0
74	0.6	33.0	104857600.0	-0.5208333333333334	0.0	549321415.0	4326713.0
74	0.6	34.0	104857600.0	-0.5208333333333334	0.0	565967381.0	4457963.0
74	0.6	35.0	104857600.0	-0.5208333333333334	0.0	582613395.0	4589165.0
74	0.6	36.0	104857600.0	-0.5208333333333334	0.0	599259461.0	4720315.0
74	0.6	37.0	104857600.0	-0.5208333333333334	0.0	615905842.0	4851150.0
74	0.6	38.0	104857600.0	-0.5208333333333334	0.0	632552171.0	4982037.0
74	0.6	39.0	104857600.0	-0.5208333333333334	0.0	649198128.0	5113296.0
74	0.6	40.0	104857600.0	-0.5208333333333334	0.0	665844218.0	5244422.0
74	0.6	41.0	104857600.0	-0.5208333333333334	0.0	682491056.0	5374800.0
74	0.6	42.0	104857600.0	-0.5208333333333334	0.0	699137216.0	5505856.0
74	0.6	43.0	104857600.0	-0.5208333333333334	0.0	715783183.0	5637105.0
74	0.6	44.0	104857600.0	-0.5208333333333334	0.0	732429530.0	5767974.0
74	0.6	45.0	104857600.0	-0.5208333333333334	0.0	749075948.0	5898772.0
74	0.6	46.0	104857600.0	-0.5208333333333334	0.0	765721923.0	6030013.0
74	0.6	47.0	104857600.0	-0.5208333333333334	0.0	782368099.0	6161053.0
74	0.6	48.0	104857600.0	-0.5208333333333334	0.0	799014427.0	6291941.0
74	0.6	49.0	104857600.0	-0.5208333333333334	0.0	815661295.0	6422289.0
74	0.6	50.0	104857600.0	-0.5208333333333334	0.0	832307233.0	6553567.0
74	0.6	51.0	104857600.0	-0.5208333333333334	0.0	848953994.0	6684022.0
74	0.6	52.0	104857600.0	-0.5208333333333334	0.0	865600009.0	6815223.0
74	0.6	53.0	104857600.0	-0.5208333333333334	0.0	882246312.0	6946136.0
74	0.6	54.0	104857600.0	-0.5208333333333334	0.0	898892143.0	7077521.0
74	0.6	55.0	104857600.0	-0.5208333333333334	0.0	915538688.0	7208192.0
74	0.6	56.0	104857600.0	-0.5208333333333334	0.0	932184030.0	7340066.0
74	0.6	57.0	104857600.0	-0.5208333333333334	0.0	948830308.0	7471004.0
74	0.6	58.0	104857600.0	-0.5208333333333334	0.0	965476592.0	7601936.0
74	0.6	59.0	104857600.0	-0.5208333333333334	0.0	982122585.0	7733159.0
74	0.6	60.0	104857600.0	-0.5208333333333334	0.0	998768877.0	7864083.0
74	0.6	61.0	104857600.0	-0.5208333333333334	0.0	1015415140.0	7995036.0
74	0.6	62.0	104857600.0	-0.5208333333333334	0.0	1032061483.0	8125909.0
74	0.6	63.0	104857600.0	-0.5208333333333334	0.0	1048708037.0	8256571.0
74	0.6	64.0	104857600.0	-0.5208333333333334	0.0	1065354958.0	8386866.0
74	0.6	65.0	104857600.0	-0.5208333333333334	0.0	1082001633.0	8517407.0
74	0.6	66.0	104857600.0	-0.5208333333333334	0.0	1098647957.0	8648299.0
74	0.6	67.0	104857600.0	-0.5208333333333334	0.0	1115294309.0	8779163.0
74	0.6	68.0	104857600.0	-0.5208333333333334	0.0	1131940340.0	8910348.0
74	0.6	69.0	104857600.0	-0.5208333333333334	0.0	1148586310.0	9041594.0
74	0.6	70.0	104857600.0	-0.5208333333333334	0.0	1165232089.0	9173031.0
74	0.6	71.0	104857600.0	-0.5208333333333334	0.0	1181878611.0	9303725.0
74	0.6	72.0	104857600.0	-0.5208333333333334	0.0	1198524760.0	9434792.0
74	0.6	73.0	104857600.0	-0.5208333333333334	0.0	1215170680.0	9566088.0
74	0.6	74.0	104857600.0	-0.5208333333333334	0.0	1231817014.0	9696970.0
74	0.6	75.0	104857600.0	-0.5208333333333334	0.0	1248463655.0	9827545.0
74	0.6	76.0	104857600.0	-0.5208333333333334	0.0	1265109656.0	9958760.0
74	0.6	77.0	104857600.0	-0.5208333333333334	0.0	1281755748.0	10089884.0
74	0.6	78.0	104857600.0	-0.5208333333333334	0.0	1298401881.0	10220967.0
74	0.6	79.0	104857600.0	-0.5208333333333334	0.0	1315048132.0	10351932.0
74	0.6	80.0	104857600.0	-0.5208333333333334	0.0	1331694225.0	10483055.0
74	0.6	81.0	104857600.0	-0.5208333333333334	0.0	1348340479.0	10614017.0
74	0.6	82.0	104857600.0	-0.5208333333333334	0.0	1364987276.0	10744436.0
74	0.6	83.0	104857600.0	-0.5208333333333334	0.0	1381633385.0	10875543.0
74	0.6	84.0	104857600.0	-0.5208333333333334	0.0	1398278940.0	11007204.0
74	0.6	85.0	104857600.0	-0.5208333333333334	0.0	1414925195.0	11138165.0
74	0.6	86.0	104857600.0	-0.5208333333333334	0.0	1431571069.0	11269507.0
74	0.6	87.0	104857600.0	-0.5208333333333334	0.0	1448216865.0	11400927.0
74	0.6	88.0	104857600.0	-0.5208333333333334	0.0	1464862955.0	11532053.0
74	0.6	89.0	104857600.0	-0.5208333333333334	0.0	1481509117.0	11663107.0
74	0.6	90.0	104857600.0	-0.5208333333333334	0.0	1498155004.0	11794436.0
74	0.6	91.0	104857600.0	-0.5208333333333334	0.0	1514801100.0	11925556.0
74	0.6	92.0	104857600.0	-0.5208333333333334	0.0	1531447526.0	12056346.0
74	0.6	93.0	104857600.0	-0.5208333333333334	0.0	1548093868.0	12187220.0
74	0.6	94.0	104857600.0	-0.5208333333333334	0.0	1564740149.0	12318155.0
74	0.6	95.0	104857600.0	-0.5208333333333334	0.0	1581385977.0	12449543.0
74	0.6	96.0	104857600.0	-0.5208333333333334	0.0	1598031675.0	12581061.0
74	0.6	97.0	104857600.0	-0.5208333333333334	0.0	1614677841.0	12712111.0
74	0.6	98.0	104857600.0	-0.5208333333333334	0.0	1631323515.0	12843653.0
74	0.6	99.0	104857600.0	-0.5208333333333334	0.0	1647969852.0	12974532.0
74	0.6	100.0	104857600.0	-0.5208333333333334	0.0	1664616015.0	13105585.0
75	0.5	1.0	104857600.0	-0.5208333333333334	0.0	16645711.0	131505.0
75	0.5	2.0	104857600.0	-0.5208333333333334	0.0	33292064.0	262368.0
75	0.5	3.0	104857600.0	-0.5208333333333334	0.0	49937726.0	393922.0
75	0.5	4.0	104857600.0	-0.5208333333333334	0.0	66583891.0	524973.0
75	0.5	5.0	104857600.0	-0.5208333333333334	0.0	83229968.0	656112.0
75	0.5	6.0	104857600.0	-0.5208333333333334	0.0	99875479.0	787817.0
75	0.5	7.0	104857600.0	-0.5208333333333334	0.0	116521270.0	919242.0
75	0.5	8.0	104857600.0	-0.5208333333333334	0.0	133167261.0	1050467.0
75	0.5	9.0	104857600.0	-0.5208333333333334	0.0	149813302.0	1181642.0
75	0.5	10.0	104857600.0	-0.5208333333333334	0.0	166459431.0	1312729.0
75	0.5	11.0	104857600.0	-0.5208333333333334	0.0	183105247.0	1444129.0
75	0.5	12.0	104857600.0	-0.5208333333333334	0.0	199751864.0	1574728.0
75	0.5	13.0	104857600.0	-0.5208333333333334	0.0	216397956.0	1705852.0
75	0.5	14.0	104857600.0	-0.5208333333333334	0.0	233044442.0	1836582.0
75	0.5	15.0	104857600.0	-0.5208333333333334	0.0	249690222.0	1968018.0
75	0.5	16.0	104857600.0	-0.5208333333333334	0.0	266336299.0	2099157.0
75	0.5	17.0	104857600.0	-0.5208333333333334	0.0	282982237.0	2230435.0
75	0.5	18.0	104857600.0	-0.5208333333333334	0.0	299628195.0	2361693.0
75	0.5	19.0	104857600.0	-0.5208333333333334	0.0	316274086.0	2493018.0
75	0.5	20.0	104857600.0	-0.5208333333333334	0.0	332920685.0	2623635.0
75	0.5	21.0	104857600.0	-0.5208333333333334	0.0	349567590.0	2753946.0
75	0.5	22.0	104857600.0	-0.5208333333333334	0.0	366213404.0	2885348.0
75	0.5	23.0	104857600.0	-0.5208333333333334	0.0	382859642.0	3016326.0
75	0.5	24.0	104857600.0	-0.5208333333333334	0.0	399505793.0	3147391.0
75	0.5	25.0	104857600.0	-0.5208333333333334	0.0	416152084.0	3278316.0
75	0.5	26.0	104857600.0	-0.5208333333333334	0.0	432798571.0	3409045.0
75	0.5	27.0	104857600.0	-0.5208333333333334	0.0	449444108.0	3540724.0
75	0.5	28.0	104857600.0	-0.5208333333333334	0.0	466090219.0	3671829.0
75	0.5	29.0	104857600.0	-0.5208333333333334	0.0	482736488.0	3802776.0
75	0.5	30.0	104857600.0	-0.5208333333333334	0.0	499382602.0	3933878.0
75	0.5	31.0	104857600.0	-0.5208333333333334	0.0	516028148.0	4065548.0
75	0.5	32.0	104857600.0	-0.5208333333333334	0.0	532674268.0	4196644.0
75	0.5	33.0	104857600.0	-0.5208333333333334	0.0	549320357.0	4327771.0
75	0.5	34.0	104857600.0	-0.5208333333333334	0.0	565966560.0	4458784.0
75	0.5	35.0	104857600.0	-0.5208333333333334	0.0	582612364.0	4590196.0
75	0.5	36.0	104857600.0	-0.5208333333333334	0.0	599258257.0	4721519.0
75	0.5	37.0	104857600.0	-0.5208333333333334	0.0	615904476.0	4852516.0
75	0.5	38.0	104857600.0	-0.5208333333333334	0.0	632551481.0	4982727.0
75	0.5	39.0	104857600.0	-0.5208333333333334	0.0	649197211.0	5114213.0
75	0.5	40.0	104857600.0	-0.5208333333333334	0.0	665843849.0	5244791.0
75	0.5	41.0	104857600.0	-0.5208333333333334	0.0	682490051.0	5375805.0
75	0.5	42.0	104857600.0	-0.5208333333333334	0.0	699136586.0	5506486.0
75	0.5	43.0	104857600.0	-0.5208333333333334	0.0	715782805.0	5637483.0
75	0.5	44.0	104857600.0	-0.5208333333333334	0.0	732428741.0	5768763.0
75	0.5	45.0	104857600.0	-0.5208333333333334	0.0	749074892.0	5899828.0
75	0.5	46.0	104857600.0	-0.5208333333333334	0.0	765721436.0	6030500.0
75	0.5	47.0	104857600.0	-0.5208333333333334	0.0	782366705.0	6162447.0
75	0.5	48.0	104857600.0	-0.5208333333333334	0.0	799013386.0	6292982.0
75	0.5	49.0	104857600.0	-0.5208333333333334	0.0	815659901.0	6423683.0
75	0.5	50.0	104857600.0	-0.5208333333333334	0.0	832305832.0	6554968.0
75	0.5	51.0	104857600.0	-0.5208333333333334	0.0	848952400.0	6685616.0
75	0.5	52.0	104857600.0	-0.5208333333333334	0.0	865598599.0	6816633.0
75	0.5	53.0	104857600.0	-0.5208333333333334	0.0	882245117.0	6947331.0
75	0.5	54.0	104857600.0	-0.5208333333333334	0.0	898890916.0	7078748.0
75	0.5	55.0	104857600.0	-0.5208333333333334	0.0	915536949.0	7209931.0
75	0.5	56.0	104857600.0	-0.5208333333333334	0.0	932182831.0	7341265.0
75	0.5	57.0	104857600.0	-0.5208333333333334	0.0	948829218.0	7472094.0
75	0.5	58.0	104857600.0	-0.5208333333333334	0.0	965475082.0	7603446.0
75	0.5	59.0	104857600.0	-0.5208333333333334	0.0	982120958.0	7734786.0
75	0.5	60.0	104857600.0	-0.5208333333333334	0.0	998767077.0	7865883.0
75	0.5	61.0	104857600.0	-0.5208333333333334	0.0	1015412911.0	7997265.0
75	0.5	62.0	104857600.0	-0.5208333333333334	0.0	1032059202.0	8128190.0
75	0.5	63.0	104857600.0	-0.5208333333333334	0.0	1048705280.0	8259328.0
75	0.5	64.0	104857600.0	-0.5208333333333334	0.0	1065351433.0	8390391.0
75	0.5	65.0	104857600.0	-0.5208333333333334	0.0	1081998086.0	8520954.0
75	0.5	66.0	104857600.0	-0.5208333333333334	0.0	1098644180.0	8652076.0
75	0.5	67.0	104857600.0	-0.5208333333333334	0.0	1115290646.0	8782826.0
75	0.5	68.0	104857600.0	-0.5208333333333334	0.0	1131937111.0	8913577.0
75	0.5	69.0	104857600.0	-0.5208333333333334	0.0	1148583396.0	9044508.0
75	0.5	70.0	104857600.0	-0.5208333333333334	0.0	1165230250.0	9174870.0
75	0.5	71.0	104857600.0	-0.5208333333333334	0.0	1181876472.0	9305864.0
75	0.5	72.0	104857600.0	-0.5208333333333334	0.0	1198522767.0	9436785.0
75	0.5	73.0	104857600.0	-0.5208333333333334	0.0	1215168938.0	9567830.0
75	0.5	74.0	104857600.0	-0.5208333333333334	0.0	1231815507.0	9698477.0
75	0.5	75.0	104857600.0	-0.5208333333333334	0.0	1248461787.0	9829413.0
75	0.5	76.0	104857600.0	-0.5208333333333334	0.0	1265107700.0	9960716.0
75	0.5	77.0	104857600.0	-0.5208333333333334	0.0	1281753790.0	10091842.0
75	0.5	78.0	104857600.0	-0.5208333333333334	0.0	1298399883.0	10222965.0
75	0.5	79.0	104857600.0	-0.5208333333333334	0.0	1315046162.0	10353902.0
75	0.5	80.0	104857600.0	-0.5208333333333334	0.0	1331691444.0	10485836.0
75	0.5	81.0	104857600.0	-0.5208333333333334	0.0	1348337278.0	10617218.0
75	0.5	82.0	104857600.0	-0.5208333333333334	0.0	1364983214.0	10748498.0
75	0.5	83.0	104857600.0	-0.5208333333333334	0.0	1381629372.0	10879556.0
75	0.5	84.0	104857600.0	-0.5208333333333334	0.0	1398274770.0	11011374.0
75	0.5	85.0	104857600.0	-0.5208333333333334	0.0	1414920891.0	11142469.0
75	0.5	86.0	104857600.0	-0.5208333333333334	0.0	1431567089.0	11273487.0
75	0.5	87.0	104857600.0	-0.5208333333333334	0.0	1448213588.0	11404204.0
75	0.5	88.0	104857600.0	-0.5208333333333334	0.0	1464859362.0	11535646.0
75	0.5	89.0	104857600.0	-0.5208333333333334	0.0	1481504847.0	11667377.0
75	0.5	90.0	104857600.0	-0.5208333333333334	0.0	1498151189.0	11798251.0
75	0.5	91.0	104857600.0	-0.5208333333333334	0.0	1514797283.0	11929373.0
75	0.5	92.0	104857600.0	-0.5208333333333334	0.0	1531443342.0	12060530.0
75	0.5	93.0	104857600.0	-0.5208333333333334	0.0	1548088858.0	12192230.0
75	0.5	94.0	104857600.0	-0.5208333333333334	0.0	1564734364.0	12323940.0
75	0.5	95.0	104857600.0	-0.5208333333333334	0.0	1581380279.0	12455241.0
75	0.5	96.0	104857600.0	-0.5208333333333334	0.0	1598026431.0	12586305.0
75	0.5	97.0	104857600.0	-0.5208333333333334	0.0	1614672629.0	12717323.0
75	0.5	98.0	104857600.0	-0.5208333333333334	0.0	1631318521.0	12848647.0
75	0.5	99.0	104857600.0	-0.5208333333333334	0.0	1647963950.0	12980434.0
75	0.5	100.0	104857600.0	-0.5208333333333334	0.0	1664609824.0	13111776.0
76	0.4	1.0	104857600.0	-0.5208333333333334	0.0	16646374.0	130842.0
76	0.4	2.0	104857600.0	-0.5208333333333334	0.0	33293179.0	261253.0
76	0.4	3.0	104857600.0	-0.5208333333333334	0.0	49939361.0	392287.0
76	0.4	4.0	104857600.0	-0.5208333333333334	0.0	66584706.0	524158.0
76	0.4	5.0	104857600.0	-0.5208333333333334	0.0	83231088.0	654992.0
76	0.4	6.0	104857600.0	-0.5208333333333334	0.0	99877196.0	786100.0
76	0.4	7.0	104857600.0	-0.5208333333333334	0.0	116523495.0	917017.0
76	0.4	8.0	104857600.0	-0.5208333333333334	0.0	133169123.0	1048605.0
76	0.4	9.0	104857600.0	-0.5208333333333334	0.0	149815156.0	1179788.0
76	0.4	10.0	104857600.0	-0.5208333333333334	0.0	166461413.0	1310747.0
76	0.4	11.0	104857600.0	-0.5208333333333334	0.0	183107915.0	1441461.0
76	0.4	12.0	104857600.0	-0.5208333333333334	0.0	199754381.0	1572211.0
76	0.4	13.0	104857600.0	-0.5208333333333334	0.0	216400174.0	1703634.0
76	0.4	14.0	104857600.0	-0.5208333333333334	0.0	233046636.0	1834388.0
76	0.4	15.0	104857600.0	-0.5208333333333334	0.0	249693310.0	1964930.0
76	0.4	16.0	104857600.0	-0.5208333333333334	0.0	266339298.0	2096158.0
76	0.4	17.0	104857600.0	-0.5208333333333334	0.0	282985186.0	2227486.0
76	0.4	18.0	104857600.0	-0.5208333333333334	0.0	299631846.0	2358042.0
76	0.4	19.0	104857600.0	-0.5208333333333334	0.0	316278258.0	2488846.0
76	0.4	20.0	104857600.0	-0.5208333333333334	0.0	332924193.0	2620127.0
76	0.4	21.0	104857600.0	-0.5208333333333334	0.0	349570244.0	2751292.0
76	0.4	22.0	104857600.0	-0.5208333333333334	0.0	366215352.0	2883400.0
76	0.4	23.0	104857600.0	-0.5208333333333334	0.0	382862200.0	3013768.0
76	0.4	24.0	104857600.0	-0.5208333333333334	0.0	399507963.0	3145221.0
76	0.4	25.0	104857600.0	-0.5208333333333334	0.0	416154142.0	3276258.0
76	0.4	26.0	104857600.0	-0.5208333333333334	0.0	432800388.0	3407228.0
76	0.4	27.0	104857600.0	-0.5208333333333334	0.0	449446400.0	3538432.0
76	0.4	28.0	104857600.0	-0.5208333333333334	0.0	466092316.0	3669732.0
76	0.4	29.0	104857600.0	-0.5208333333333334	0.0	482738526.0	3800738.0
76	0.4	30.0	104857600.0	-0.5208333333333334	0.0	499384872.0	3931608.0
76	0.4	31.0	104857600.0	-0.5208333333333334	0.0	516031381.0	4062315.0
76	0.4	32.0	104857600.0	-0.5208333333333334	0.0	532677387.0	4193525.0
76	0.4	33.0	104857600.0	-0.5208333333333334	0.0	549323617.0	4324511.0
76	0.4	34.0	104857600.0	-0.5208333333333334	0.0	565970154.0	4455190.0
76	0.4	35.0	104857600.0	-0.5208333333333334	0.0	582616512.0	4586048.0
76	0.4	36.0	104857600.0	-0.5208333333333334	0.0	599262684.0	4717092.0
76	0.4	37.0	104857600.0	-0.5208333333333334	0.0	615908844.0	4848148.0
76	0.4	38.0	104857600.0	-0.5208333333333334	0.0	632554897.0	4979311.0
76	0.4	39.0	104857600.0	-0.5208333333333334	0.0	649201186.0	5110238.0
76	0.4	40.0	104857600.0	-0.5208333333333334	0.0	665847152.0	5241488.0
76	0.4	41.0	104857600.0	-0.5208333333333334	0.0	682493039.0	5372817.0
76	0.4	42.0	104857600.0	-0.5208333333333334	0.0	699139477.0	5503595.0
76	0.4	43.0	104857600.0	-0.5208333333333334	0.0	715785673.0	5634615.0
76	0.4	44.0	104857600.0	-0.5208333333333334	0.0	732431765.0	5765739.0
76	0.4	45.0	104857600.0	-0.5208333333333334	0.0	749078403.0	5896317.0
76	0.4	46.0	104857600.0	-0.5208333333333334	0.0	765725445.0	6026491.0
76	0.4	47.0	104857600.0	-0.5208333333333334	0.0	782371816.0	6157336.0
76	0.4	48.0	104857600.0	-0.5208333333333334	0.0	799018237.0	6288131.0
76	0.4	49.0	104857600.0	-0.5208333333333334	0.0	815664799.0	6418785.0
76	0.4	50.0	104857600.0	-0.5208333333333334	0.0	832311096.0	6549704.0
76	0.4	51.0	104857600.0	-0.5208333333333334	0.0	848958007.0	6680009.0
76	0.4	52.0	104857600.0	-0.5208333333333334	0.0	865603725.0	6811507.0
76	0.4	53.0	104857600.0	-0.5208333333333334	0.0	882250094.0	6942354.0
76	0.4	54.0	104857600.0	-0.5208333333333334	0.0	898896485.0	7073179.0
76	0.4	55.0	104857600.0	-0.5208333333333334	0.0	915542417.0	7204463.0
76	0.4	56.0	104857600.0	-0.5208333333333334	0.0	932187613.0	7336483.0
76	0.4	57.0	104857600.0	-0.5208333333333334	0.0	948834047.0	7467265.0
76	0.4	58.0	104857600.0	-0.5208333333333334	0.0	965480109.0	7598419.0
76	0.4	59.0	104857600.0	-0.5208333333333334	0.0	982126111.0	7729633.0
76	0.4	60.0	104857600.0	-0.5208333333333334	0.0	998772278.0	7860682.0
76	0.4	61.0	104857600.0	-0.5208333333333334	0.0	1015418074.0	7992102.0
76	0.4	62.0	104857600.0	-0.5208333333333334	0.0	1032063743.0	8123649.0
76	0.4	63.0	104857600.0	-0.5208333333333334	0.0	1048710010.0	8254598.0
76	0.4	64.0	104857600.0	-0.5208333333333334	0.0	1065356719.0	8385105.0
76	0.4	65.0	104857600.0	-0.5208333333333334	0.0	1082002228.0	8516812.0
76	0.4	66.0	104857600.0	-0.5208333333333334	0.0	1098648381.0	8647875.0
76	0.4	67.0	104857600.0	-0.5208333333333334	0.0	1115294638.0	8778834.0
76	0.4	68.0	104857600.0	-0.5208333333333334	0.0	1131941097.0	8909591.0
76	0.4	69.0	104857600.0	-0.5208333333333334	0.0	1148587096.0	9040808.0
76	0.4	70.0	104857600.0	-0.5208333333333334	0.0	1165233937.0	9171183.0
76	0.4	71.0	104857600.0	-0.5208333333333334	0.0	1181880171.0	9302165.0
76	0.4	72.0	104857600.0	-0.5208333333333334	0.0	1198526227.0	9433325.0
76	0.4	73.0	104857600.0	-0.5208333333333334	0.0	1215172066.0	9564702.0
76	0.4	74.0	104857600.0	-0.5208333333333334	0.0	1231818463.0	9695521.0
76	0.4	75.0	104857600.0	-0.5208333333333334	0.0	1248465010.0	9826190.0
76	0.4	76.0	104857600.0	-0.5208333333333334	0.0	1265110299.0	9958117.0
76	0.4	77.0	104857600.0	-0.5208333333333334	0.0	1281756161.0	10089471.0
76	0.4	78.0	104857600.0	-0.5208333333333334	0.0	1298402347.0	10220501.0
76	0.4	79.0	104857600.0	-0.5208333333333334	0.0	1315048885.0	10351179.0
76	0.4	80.0	104857600.0	-0.5208333333333334	0.0	1331694876.0	10482404.0
76	0.4	81.0	104857600.0	-0.5208333333333334	0.0	1348340958.0	10613538.0
76	0.4	82.0	104857600.0	-0.5208333333333334	0.0	1364986852.0	10744860.0
76	0.4	83.0	104857600.0	-0.5208333333333334	0.0	1381633176.0	10875752.0
76	0.4	84.0	104857600.0	-0.5208333333333334	0.0	1398279737.0	11006407.0
76	0.4	85.0	104857600.0	-0.5208333333333334	0.0	1414926423.0	11136937.0
76	0.4	86.0	104857600.0	-0.5208333333333334	0.0	1431572578.0	11267998.0
76	0.4	87.0	104857600.0	-0.5208333333333334	0.0	1448218744.0	11399048.0
76	0.4	88.0	104857600.0	-0.5208333333333334	0.0	1464865299.0	11529709.0
76	0.4	89.0	104857600.0	-0.5208333333333334	0.0	1481511383.0	11660841.0
76	0.4	90.0	104857600.0	-0.5208333333333334	0.0	1498157181.0	11792259.0
76	0.4	91.0	104857600.0	-0.5208333333333334	0.0	1514803572.0	11923084.0
76	0.4	92.0	104857600.0	-0.5208333333333334	0.0	1531449737.0	12054135.0
76	0.4	93.0	104857600.0	-0.5208333333333334	0.0	1548096487.0	12184601.0
76	0.4	94.0	104857600.0	-0.5208333333333334	0.0	1564742698.0	12315606.0
76	0.4	95.0	104857600.0	-0.5208333333333334	0.0	1581389097.0	12446423.0
76	0.4	96.0	104857600.0	-0.5208333333333334	0.0	1598034838.0	12577898.0
76	0.4	97.0	104857600.0	-0.5208333333333334	0.0	1614681494.0	12708458.0
76	0.4	98.0	104857600.0	-0.5208333333333334	0.0	1631327420.0	12839748.0
76	0.4	99.0	104857600.0	-0.5208333333333334	0.0	1647972978.0	12971406.0
76	0.4	100.0	104857600.0	-0.5208333333333334	0.0	1664619670.0	13101930.0
77	0.3	1.0	104857600.0	-0.5208333333333334	0.0	16646236.0	130980.0
77	0.3	2.0	104857600.0	-0.5208333333333334	0.0	33292278.0	262154.0
77	0.3	3.0	104857600.0	-0.5208333333333334	0.0	49938384.0	393264.0
77	0.3	4.0	104857600.0	-0.5208333333333334	0.0	66583745.0	525119.0
77	0.3	5.0	104857600.0	-0.5208333333333334	0.0	83230103.0	655977.0
77	0.3	6.0	104857600.0	-0.5208333333333334	0.0	99876178.0	787118.0
77	0.3	7.0	104857600.0	-0.5208333333333334	0.0	116522410.0	918102.0
77	0.3	8.0	104857600.0	-0.5208333333333334	0.0	133168074.0	1049654.0
77	0.3	9.0	104857600.0	-0.5208333333333334	0.0	149814373.0	1180571.0
77	0.3	10.0	104857600.0	-0.5208333333333334	0.0	166460906.0	1311254.0
77	0.3	11.0	104857600.0	-0.5208333333333334	0.0	183106905.0	1442471.0
77	0.3	12.0	104857600.0	-0.5208333333333334	0.0	199753839.0	1572753.0
77	0.3	13.0	104857600.0	-0.5208333333333334	0.0	216400346.0	1703462.0
77	0.3	14.0	104857600.0	-0.5208333333333334	0.0	233046823.0	1834201.0
77	0.3	15.0	104857600.0	-0.5208333333333334	0.0	249693206.0	1965034.0
77	0.3	16.0	104857600.0	-0.5208333333333334	0.0	266339568.0	2095888.0
77	0.3	17.0	104857600.0	-0.5208333333333334	0.0	282986012.0	2226660.0
77	0.3	18.0	104857600.0	-0.5208333333333334	0.0	299631735.0	2358153.0
77	0.3	19.0	104857600.0	-0.5208333333333334	0.0	316277734.0	2489370.0
77	0.3	20.0	104857600.0	-0.5208333333333334	0.0	332923462.0	2620858.0
77	0.3	21.0	104857600.0	-0.5208333333333334	0.0	349569565.0	2751971.0
77	0.3	22.0	104857600.0	-0.5208333333333334	0.0	366216183.0	2882569.0
77	0.3	23.0	104857600.0	-0.5208333333333334	0.0	382862542.0	3013426.0
77	0.3	24.0	104857600.0	-0.5208333333333334	0.0	399508745.0	3144439.0
77	0.3	25.0	104857600.0	-0.5208333333333334	0.0	416155049.0	3275351.0
77	0.3	26.0	104857600.0	-0.5208333333333334	0.0	432801970.0	3405646.0
77	0.3	27.0	104857600.0	-0.5208333333333334	0.0	449448123.0	3536709.0
77	0.3	28.0	104857600.0	-0.5208333333333334	0.0	466093919.0	3668129.0
77	0.3	29.0	104857600.0	-0.5208333333333334	0.0	482739777.0	3799487.0
77	0.3	30.0	104857600.0	-0.5208333333333334	0.0	499386237.0	3930243.0
77	0.3	31.0	104857600.0	-0.5208333333333334	0.0	516032541.0	4061155.0
77	0.3	32.0	104857600.0	-0.5208333333333334	0.0	532678390.0	4192522.0
77	0.3	33.0	104857600.0	-0.5208333333333334	0.0	549324362.0	4323766.0
77	0.3	34.0	104857600.0	-0.5208333333333334	0.0	565969911.0	4455433.0
77	0.3	35.0	104857600.0	-0.5208333333333334	0.0	582616383.0	4586177.0
77	0.3	36.0	104857600.0	-0.5208333333333334	0.0	599262559.0	4717217.0
77	0.3	37.0	104857600.0	-0.5208333333333334	0.0	615908697.0	4848295.0
77	0.3	38.0	104857600.0	-0.5208333333333334	0.0	632554798.0	4979410.0
77	0.3	39.0	104857600.0	-0.5208333333333334	0.0	649200994.0	5110430.0
77	0.3	40.0	104857600.0	-0.5208333333333334	0.0	665847509.0	5241131.0
77	0.3	41.0	104857600.0	-0.5208333333333334	0.0	682493312.0	5372544.0
77	0.3	42.0	104857600.0	-0.5208333333333334	0.0	699139251.0	5503821.0
77	0.3	43.0	104857600.0	-0.5208333333333334	0.0	715785473.0	5634815.0
77	0.3	44.0	104857600.0	-0.5208333333333334	0.0	732431839.0	5765665.0
77	0.3	45.0	104857600.0	-0.5208333333333334	0.0	749078642.0	5896078.0
77	0.3	46.0	104857600.0	-0.5208333333333334	0.0	765723969.0	6027967.0
77	0.3	47.0	104857600.0	-0.5208333333333334	0.0	782369241.0	6159911.0
77	0.3	48.0	104857600.0	-0.5208333333333334	0.0	799015574.0	6290794.0
77	0.3	49.0	104857600.0	-0.5208333333333334	0.0	815661481.0	6422103.0
77	0.3	50.0	104857600.0	-0.5208333333333334	0.0	832307860.0	6552940.0
77	0.3	51.0	104857600.0	-0.5208333333333334	0.0	848953207.0	6684809.0
77	0.3	52.0	104857600.0	-0.5208333333333334	0.0	865599577.0	6815655.0
77	0.3	53.0	104857600.0	-0.5208333333333334	0.0	882245264.0	6947184.0
77	0.3	54.0	104857600.0	-0.5208333333333334	0.0	898891615.0	7078049.0
77	0.3	55.0	104857600.0	-0.5208333333333334	0.0	915538292.0	7208588.0
77	0.3	56.0	104857600.0	-0.5208333333333334	0.0	932184744.0	7339352.0
77	0.3	57.0	104857600.0	-0.5208333333333334	0.0	948831348.0	7469964.0
77	0.3	58.0	104857600.0	-0.5208333333333334	0.0	965477872.0	7600656.0
77	0.3	59.0	104857600.0	-0.5208333333333334	0.0	982124158.0	7731586.0
77	0.3	60.0	104857600.0	-0.5208333333333334	0.0	998770271.0	7862689.0
77	0.3	61.0	104857600.0	-0.5208333333333334	0.0	1015415712.0	7994464.0
77	0.3	62.0	104857600.0	-0.5208333333333334	0.0	1032062291.0	8125101.0
77	0.3	63.0	104857600.0	-0.5208333333333334	0.0	1048708979.0	8255629.0
77	0.3	64.0	104857600.0	-0.5208333333333334	0.0	1065355020.0	8386804.0
77	0.3	65.0	104857600.0	-0.5208333333333334	0.0	1082001185.0	8517855.0
77	0.3	66.0	104857600.0	-0.5208333333333334	0.0	1098646913.0	8649343.0
77	0.3	67.0	104857600.0	-0.5208333333333334	0.0	1115293154.0	8780318.0
77	0.3	68.0	104857600.0	-0.5208333333333334	0.0	1131939121.0	8911567.0
77	0.3	69.0	104857600.0	-0.5208333333333334	0.0	1148585172.0	9042732.0
77	0.3	70.0	104857600.0	-0.5208333333333334	0.0	1165231668.0	9173452.0
77	0.3	71.0	104857600.0	-0.5208333333333334	0.0	1181877279.0	9305057.0
77	0.3	72.0	104857600.0	-0.5208333333333334	0.0	1198523385.0	9436167.0
77	0.3	73.0	104857600.0	-0.5208333333333334	0.0	1215169583.0	9567185.0
77	0.3	74.0	104857600.0	-0.5208333333333334	0.0	1231815282.0	9698702.0
77	0.3	75.0	104857600.0	-0.5208333333333334	0.0	1248461570.0	9829630.0
77	0.3	76.0	104857600.0	-0.5208333333333334	0.0	1265108034.0	9960382.0
77	0.3	77.0	104857600.0	-0.5208333333333334	0.0	1281753963.0	10091669.0
77	0.3	78.0	104857600.0	-0.5208333333333334	0.0	1298399625.0	10223223.0
77	0.3	79.0	104857600.0	-0.5208333333333334	0.0	1315045708.0	10354356.0
77	0.3	80.0	104857600.0	-0.5208333333333334	0.0	1331691530.0	10485750.0
77	0.3	81.0	104857600.0	-0.5208333333333334	0.0	1348337606.0	10616890.0
77	0.3	82.0	104857600.0	-0.5208333333333334	0.0	1364983030.0	10748682.0
77	0.3	83.0	104857600.0	-0.5208333333333334	0.0	1381629607.0	10879321.0
77	0.3	84.0	104857600.0	-0.5208333333333334	0.0	1398276067.0	11010077.0
77	0.3	85.0	104857600.0	-0.5208333333333334	0.0	1414921805.0	11141555.0
77	0.3	86.0	104857600.0	-0.5208333333333334	0.0	1431568104.0	11272472.0
77	0.3	87.0	104857600.0	-0.5208333333333334	0.0	1448213703.0	11404089.0
77	0.3	88.0	104857600.0	-0.5208333333333334	0.0	1464859839.0	11535169.0
77	0.3	89.0	104857600.0	-0.5208333333333334	0.0	1481505792.0	11666432.0
77	0.3	90.0	104857600.0	-0.5208333333333334	0.0	1498151905.0	11797535.0
77	0.3	91.0	104857600.0	-0.5208333333333334	0.0	1514798097.0	11928559.0
77	0.3	92.0	104857600.0	-0.5208333333333334	0.0	1531444028.0	12059844.0
77	0.3	93.0	104857600.0	-0.5208333333333334	0.0	1548089988.0	12191100.0
77	0.3	94.0	104857600.0	-0.5208333333333334	0.0	1564735791.0	12322513.0
77	0.3	95.0	104857600.0	-0.5208333333333334	0.0	1581381438.0	12454082.0
77	0.3	96.0	104857600.0	-0.5208333333333334	0.0	1598027631.0	12585105.0
77	0.3	97.0	104857600.0	-0.5208333333333334	0.0	1614673564.0	12716388.0
77	0.3	98.0	104857600.0	-0.5208333333333334	0.0	1631320241.0	12846927.0
77	0.3	99.0	104857600.0	-0.5208333333333334	0.0	1647967186.0	12977198.0
77	0.3	100.0	104857600.0	-0.5208333333333334	0.0	1664613427.0	13108173.0
78	0.2	1.0	104857600.0	-0.5208333333333334	0.0	16645839.0	131377.0
78	0.2	2.0	104857600.0	-0.5208333333333334	0.0	33291913.0	262519.0
78	0.2	3.0	104857600.0	-0.5208333333333334	0.0	49938053.0	393595.0
78	0.2	4.0	104857600.0	-0.5208333333333334	0.0	66584461.0	524403.0
78	0.2	5.0	104857600.0	-0.5208333333333334	0.0	83230407.0	655673.0
78	0.2	6.0	104857600.0	-0.5208333333333334	0.0	99876394.0	786902.0
78	0.2	7.0	104857600.0	-0.5208333333333334	0.0	116522254.0	918258.0
78	0.2	8.0	104857600.0	-0.5208333333333334	0.0	133167908.0	1049820.0
78	0.2	9.0	104857600.0	-0.5208333333333334	0.0	149813417.0	1181527.0
78	0.2	10.0	104857600.0	-0.5208333333333334	0.0	166459623.0	1312537.0
78	0.2	11.0	104857600.0	-0.5208333333333334	0.0	183105353.0	1444023.0
78	0.2	12.0	104857600.0	-0.5208333333333334	0.0	199751655.0	1574937.0
78	0.2	13.0	104857600.0	-0.5208333333333334	0.0	216397729.0	1706079.0
78	0.2	14.0	104857600.0	-0.5208333333333334	0.0	233044615.0	1836409.0
78	0.2	15.0	104857600.0	-0.5208333333333334	0.0	249691071.0	1967169.0
78	0.2	16.0	104857600.0	-0.5208333333333334	0.0	266337513.0	2097943.0
78	0.2	17.0	104857600.0	-0.5208333333333334	0.0	282983637.0	2229035.0
78	0.2	18.0	104857600.0	-0.5208333333333334	0.0	299629514.0	2360374.0
78	0.2	19.0	104857600.0	-0.5208333333333334	0.0	316276006.0	2491098.0
78	0.2	20.0	104857600.0	-0.5208333333333334	0.0	332922688.0	2621632.0
78	0.2	21.0	104857600.0	-0.5208333333333334	0.0	349568449.0	2753087.0
78	0.2	22.0	104857600.0	-0.5208333333333334	0.0	366214815.0	2883937.0
78	0.2	23.0	104857600.0	-0.5208333333333334	0.0	382861315.0	3014653.0
78	0.2	24.0	104857600.0	-0.5208333333333334	0.0	399507384.0	3145800.0
78	0.2	25.0	104857600.0	-0.5208333333333334	0.0	416153701.0	3276699.0
78	0.2	26.0	104857600.0	-0.5208333333333334	0.0	432799467.0	3408149.0
78	0.2	27.0	104857600.0	-0.5208333333333334	0.0	449445609.0	3539223.0
78	0.2	28.0	104857600.0	-0.5208333333333334	0.0	466091871.0	3670177.0
78	0.2	29.0	104857600.0	-0.5208333333333334	0.0	482738250.0	3801014.0
78	0.2	30.0	104857600.0	-0.5208333333333334	0.0	499385087.0	3931393.0
78	0.2	31.0	104857600.0	-0.5208333333333334	0.0	516031512.0	4062184.0
78	0.2	32.0	104857600.0	-0.5208333333333334	0.0	532677460.0	4193452.0
78	0.2	33.0	104857600.0	-0.5208333333333334	0.0	549323627.0	4324501.0
78	0.2	34.0	104857600.0	-0.5208333333333334	0.0	565969578.0	4455766.0
78	0.2	35.0	104857600.0	-0.5208333333333334	0.0	582615393.0	4587167.0
78	0.2	36.0	104857600.0	-0.5208333333333334	0.0	599261727.0	4718049.0
78	0.2	37.0	104857600.0	-0.5208333333333334	0.0	615907890.0	4849102.0
78	0.2	38.0	104857600.0	-0.5208333333333334	0.0	632554333.0	4979875.0
78	0.2	39.0	104857600.0	-0.5208333333333334	0.0	649200114.0	5111310.0
78	0.2	40.0	104857600.0	-0.5208333333333334	0.0	665846358.0	5242282.0
78	0.2	41.0	104857600.0	-0.5208333333333334	0.0	682491652.0	5374204.0
78	0.2	42.0	104857600.0	-0.5208333333333334	0.0	699138034.0	5505038.0
78	0.2	43.0	104857600.0	-0.5208333333333334	0.0	715783868.0	5636420.0
78	0.2	44.0	104857600.0	-0.5208333333333334	0.0	732429411.0	5768093.0
78	0.2	45.0	104857600.0	-0.5208333333333334	0.0	749075620.0	5899100.0
78	0.2	46.0	104857600.0	-0.5208333333333334	0.0	765722370.0	6029566.0
78	0.2	47.0	104857600.0	-0.5208333333333334	0.0	782368279.0	6160873.0
78	0.2	48.0	104857600.0	-0.5208333333333334	0.0	799014777.0	6291591.0
78	0.2	49.0	104857600.0	-0.5208333333333334	0.0	815661103.0	6422481.0
78	0.2	50.0	104857600.0	-0.5208333333333334	0.0	832307273.0	6553527.0
78	0.2	51.0	104857600.0	-0.5208333333333334	0.0	848953458.0	6684558.0
78	0.2	52.0	104857600.0	-0.5208333333333334	0.0	865599785.0	6815447.0
78	0.2	53.0	104857600.0	-0.5208333333333334	0.0	882246071.0	6946377.0
78	0.2	54.0	104857600.0	-0.5208333333333334	0.0	898892088.0	7077576.0
78	0.2	55.0	104857600.0	-0.5208333333333334	0.0	915538002.0	7208878.0
78	0.2	56.0	104857600.0	-0.5208333333333334	0.0	932184576.0	7339520.0
78	0.2	57.0	104857600.0	-0.5208333333333334	0.0	948830150.0	7471162.0
78	0.2	58.0	104857600.0	-0.5208333333333334	0.0	965475693.0	7602835.0
78	0.2	59.0	104857600.0	-0.5208333333333334	0.0	982121636.0	7734108.0
78	0.2	60.0	104857600.0	-0.5208333333333334	0.0	998767575.0	7865385.0
78	0.2	61.0	104857600.0	-0.5208333333333334	0.0	1015413702.0	7996474.0
78	0.2	62.0	104857600.0	-0.5208333333333334	0.0	1032059922.0	8127470.0
78	0.2	63.0	104857600.0	-0.5208333333333334	0.0	1048706250.0	8258358.0
78	0.2	64.0	104857600.0	-0.5208333333333334	0.0	1065352195.0	8389629.0
78	0.2	65.0	104857600.0	-0.5208333333333334	0.0	1081998089.0	8520951.0
78	0.2	66.0	104857600.0	-0.5208333333333334	0.0	1098644288.0	8651968.0
78	0.2	67.0	104857600.0	-0.5208333333333334	0.0	1115290429.0	8783043.0
78	0.2	68.0	104857600.0	-0.5208333333333334	0.0	1131936794.0	8913894.0
78	0.2	69.0	104857600.0	-0.5208333333333334	0.0	1148582944.0	9044960.0
78	0.2	70.0	104857600.0	-0.5208333333333334	0.0	1165230121.0	9174999.0
78	0.2	71.0	104857600.0	-0.5208333333333334	0.0	1181876412.0	9305924.0
78	0.2	72.0	104857600.0	-0.5208333333333334	0.0	1198522315.0	9437237.0
78	0.2	73.0	104857600.0	-0.5208333333333334	0.0	1215168629.0	9568139.0
78	0.2	74.0	104857600.0	-0.5208333333333334	0.0	1231815489.0	9698495.0
78	0.2	75.0	104857600.0	-0.5208333333333334	0.0	1248461700.0	9829500.0
78	0.2	76.0	104857600.0	-0.5208333333333334	0.0	1265107761.0	9960655.0
78	0.2	77.0	104857600.0	-0.5208333333333334	0.0	1281753849.0	10091783.0
78	0.2	78.0	104857600.0	-0.5208333333333334	0.0	1298399704.0	10223144.0
78	0.2	79.0	104857600.0	-0.5208333333333334	0.0	1315046178.0	10353886.0
78	0.2	80.0	104857600.0	-0.5208333333333334	0.0	1331692426.0	10484854.0
78	0.2	81.0	104857600.0	-0.5208333333333334	0.0	1348338430.0	10616066.0
78	0.2	82.0	104857600.0	-0.5208333333333334	0.0	1364984642.0	10747070.0
78	0.2	83.0	104857600.0	-0.5208333333333334	0.0	1381630489.0	10878439.0
78	0.2	84.0	104857600.0	-0.5208333333333334	0.0	1398277067.0	11009077.0
78	0.2	85.0	104857600.0	-0.5208333333333334	0.0	1414922799.0	11140561.0
78	0.2	86.0	104857600.0	-0.5208333333333334	0.0	1431568666.0	11271910.0
78	0.2	87.0	104857600.0	-0.5208333333333334	0.0	1448215129.0	11402663.0
78	0.2	88.0	104857600.0	-0.5208333333333334	0.0	1464860758.0	11534250.0
78	0.2	89.0	104857600.0	-0.5208333333333334	0.0	1481507199.0	11665025.0
78	0.2	90.0	104857600.0	-0.5208333333333334	0.0	1498153207.0	11796233.0
78	0.2	91.0	104857600.0	-0.5208333333333334	0.0	1514799548.0	11927108.0
78	0.2	92.0	104857600.0	-0.5208333333333334	0.0	1531446234.0	12057638.0
78	0.2	93.0	104857600.0	-0.5208333333333334	0.0	1548092100.0	12188988.0
78	0.2	94.0	104857600.0	-0.5208333333333334	0.0	1564738264.0	12320040.0
78	0.2	95.0	104857600.0	-0.5208333333333334	0.0	1581384782.0	12450738.0
78	0.2	96.0	104857600.0	-0.5208333333333334	0.0	1598030758.0	12581978.0
78	0.2	97.0	104857600.0	-0.5208333333333334	0.0	1614677298.0	12712654.0
78	0.2	98.0	104857600.0	-0.5208333333333334	0.0	1631323385.0	12843783.0
78	0.2	99.0	104857600.0	-0.5208333333333334	0.0	1647970176.0	12974208.0
78	0.2	100.0	104857600.0	-0.5208333333333334	0.0	1664616797.0	13104803.0
79	0.1	1.0	104857600.0	-0.5208333333333334	0.0	16645915.0	131301.0
79	0.1	2.0	104857600.0	-0.5208333333333334	0.0	33292171.0	262261.0
79	0.1	3.0	104857600.0	-0.5208333333333334	0.0	49938993.0	392655.0
79	0.1	4.0	104857600.0	-0.5208333333333334	0.0	66585180.0	523684.0
79	0.1	5.0	104857600.0	-0.5208333333333334	0.0	83231699.0	654381.0
79	0.1	6.0	104857600.0	-0.5208333333333334	0.0	99878384.0	784912.0
79	0.1	7.0	104857600.0	-0.5208333333333334	0.0	116524559.0	915953.0
79	0.1	8.0	104857600.0	-0.5208333333333334	0.0	133170931.0	1046797.0
79	0.1	9.0	104857600.0	-0.5208333333333334	0.0	149816879.0	1178065.0
79	0.1	10.0	104857600.0	-0.5208333333333334	0.0	166463211.0	1308949.0
79	0.1	11.0	104857600.0	-0.5208333333333334	0.0	183109306.0	1440070.0
79	0.1	12.0	104857600.0	-0.5208333333333334	0.0	199755083.0	1571509.0
79	0.1	13.0	104857600.0	-0.5208333333333334	0.0	216401527.0	1702281.0
79	0.1	14.0	104857600.0	-0.5208333333333334	0.0	233047338.0	1833686.0
79	0.1	15.0	104857600.0	-0.5208333333333334	0.0	249694185.0	1964055.0
79	0.1	16.0	104857600.0	-0.5208333333333334	0.0	266340244.0	2095212.0
79	0.1	17.0	104857600.0	-0.5208333333333334	0.0	282986822.0	2225850.0
79	0.1	18.0	104857600.0	-0.5208333333333334	0.0	299633504.0	2356384.0
79	0.1	19.0	104857600.0	-0.5208333333333334	0.0	316279714.0	2487390.0
79	0.1	20.0	104857600.0	-0.5208333333333334	0.0	332925611.0	2618709.0
79	0.1	21.0	104857600.0	-0.5208333333333334	0.0	349572363.0	2749173.0
79	0.1	22.0	104857600.0	-0.5208333333333334	0.0	366218939.0	2879813.0
79	0.1	23.0	104857600.0	-0.5208333333333334	0.0	382865577.0	3010391.0
79	0.1	24.0	104857600.0	-0.5208333333333334	0.0	399511715.0	3141469.0
79	0.1	25.0	104857600.0	-0.5208333333333334	0.0	416157483.0	3272917.0
79	0.1	26.0	104857600.0	-0.5208333333333334	0.0	432803928.0	3403688.0
79	0.1	27.0	104857600.0	-0.5208333333333334	0.0	449450279.0	3534553.0
79	0.1	28.0	104857600.0	-0.5208333333333334	0.0	466096317.0	3665731.0
79	0.1	29.0	104857600.0	-0.5208333333333334	0.0	482742136.0	3797128.0
79	0.1	30.0	104857600.0	-0.5208333333333334	0.0	499388441.0	3928039.0
79	0.1	31.0	104857600.0	-0.5208333333333334	0.0	516034772.0	4058924.0
79	0.1	32.0	104857600.0	-0.5208333333333334	0.0	532680960.0	4189952.0
79	0.1	33.0	104857600.0	-0.5208333333333334	0.0	549327165.0	4320963.0
79	0.1	34.0	104857600.0	-0.5208333333333334	0.0	565974054.0	4451290.0
79	0.1	35.0	104857600.0	-0.5208333333333334	0.0	582620549.0	4582011.0
79	0.1	36.0	104857600.0	-0.5208333333333334	0.0	599265674.0	4714102.0
79	0.1	37.0	104857600.0	-0.5208333333333334	0.0	615912586.0	4844406.0
79	0.1	38.0	104857600.0	-0.5208333333333334	0.0	632559047.0	4975161.0
79	0.1	39.0	104857600.0	-0.5208333333333334	0.0	649205373.0	5106051.0
79	0.1	40.0	104857600.0	-0.5208333333333334	0.0	665851441.0	5237199.0
79	0.1	41.0	104857600.0	-0.5208333333333334	0.0	682498180.0	5367676.0
79	0.1	42.0	104857600.0	-0.5208333333333334	0.0	699143505.0	5499567.0
79	0.1	43.0	104857600.0	-0.5208333333333334	0.0	715789315.0	5630973.0
79	0.1	44.0	104857600.0	-0.5208333333333334	0.0	732435759.0	5761745.0
79	0.1	45.0	104857600.0	-0.5208333333333334	0.0	749082262.0	5892458.0
79	0.1	46.0	104857600.0	-0.5208333333333334	0.0	765728166.0	6023770.0
79	0.1	47.0	104857600.0	-0.5208333333333334	0.0	782374137.0	6155015.0
79	0.1	48.0	104857600.0	-0.5208333333333334	0.0	799020822.0	6285546.0
79	0.1	49.0	104857600.0	-0.5208333333333334	0.0	815666273.0	6417311.0
79	0.1	50.0	104857600.0	-0.5208333333333334	0.0	832312912.0	6547888.0
79	0.1	51.0	104857600.0	-0.5208333333333334	0.0	848959355.0	6678661.0
79	0.1	52.0	104857600.0	-0.5208333333333334	0.0	865605401.0	6809831.0
79	0.1	53.0	104857600.0	-0.5208333333333334	0.0	882251674.0	6940774.0
79	0.1	54.0	104857600.0	-0.5208333333333334	0.0	898897295.0	7072369.0
79	0.1	55.0	104857600.0	-0.5208333333333334	0.0	915543456.0	7203424.0
79	0.1	56.0	104857600.0	-0.5208333333333334	0.0	932189640.0	7334456.0
79	0.1	57.0	104857600.0	-0.5208333333333334	0.0	948836192.0	7465120.0
79	0.1	58.0	104857600.0	-0.5208333333333334	0.0	965482399.0	7596129.0
79	0.1	59.0	104857600.0	-0.5208333333333334	0.0	982128167.0	7727577.0
79	0.1	60.0	104857600.0	-0.5208333333333334	0.0	998774593.0	7858367.0
79	0.1	61.0	104857600.0	-0.5208333333333334	0.0	1015420789.0	7989387.0
79	0.1	62.0	104857600.0	-0.5208333333333334	0.0	1032066594.0	8120798.0
79	0.1	63.0	104857600.0	-0.5208333333333334	0.0	1048713184.0	8251424.0
79	0.1	64.0	104857600.0	-0.5208333333333334	0.0	1065359246.0	8382578.0
79	0.1	65.0	104857600.0	-0.5208333333333334	0.0	1082005187.0	8513853.0
79	0.1	66.0	104857600.0	-0.5208333333333334	0.0	1098650594.0	8645662.0
79	0.1	67.0	104857600.0	-0.5208333333333334	0.0	1115296451.0	8777021.0
79	0.1	68.0	104857600.0	-0.5208333333333334	0.0	1131942869.0	8907819.0
79	0.1	69.0	104857600.0	-0.5208333333333334	0.0	1148589337.0	9038567.0
79	0.1	70.0	104857600.0	-0.5208333333333334	0.0	1165235556.0	9169564.0
79	0.1	71.0	104857600.0	-0.5208333333333334	0.0	1181881052.0	9301284.0
79	0.1	72.0	104857600.0	-0.5208333333333334	0.0	1198526922.0	9432630.0
79	0.1	73.0	104857600.0	-0.5208333333333334	0.0	1215172931.0	9563837.0
79	0.1	74.0	104857600.0	-0.5208333333333334	0.0	1231818535.0	9695449.0
79	0.1	75.0	104857600.0	-0.5208333333333334	0.0	1248464816.0	9826384.0
79	0.1	76.0	104857600.0	-0.5208333333333334	0.0	1265110491.0	9957925.0
79	0.1	77.0	104857600.0	-0.5208333333333334	0.0	1281757031.0	10088601.0
79	0.1	78.0	104857600.0	-0.5208333333333334	0.0	1298402463.0	10220385.0
79	0.1	79.0	104857600.0	-0.5208333333333334	0.0	1315048532.0	10351532.0
79	0.1	80.0	104857600.0	-0.5208333333333334	0.0	1331694910.0	10482370.0
79	0.1	81.0	104857600.0	-0.5208333333333334	0.0	1348341020.0	10613476.0
79	0.1	82.0	104857600.0	-0.5208333333333334	0.0	1364987103.0	10744609.0
79	0.1	83.0	104857600.0	-0.5208333333333334	0.0	1381633007.0	10875921.0
79	0.1	84.0	104857600.0	-0.5208333333333334	0.0	1398279370.0	11006774.0
79	0.1	85.0	104857600.0	-0.5208333333333334	0.0	1414925815.0	11137545.0
79	0.1	86.0	104857600.0	-0.5208333333333334	0.0	1431572026.0	11268550.0
79	0.1	87.0	104857600.0	-0.5208333333333334	0.0	1448218620.0	11399172.0
79	0.1	88.0	104857600.0	-0.5208333333333334	0.0	1464864864.0	11530144.0
79	0.1	89.0	104857600.0	-0.5208333333333334	0.0	1481511100.0	11661124.0
79	0.1	90.0	104857600.0	-0.5208333333333334	0.0	1498156970.0	11792470.0
79	0.1	91.0	104857600.0	-0.5208333333333334	0.0	1514802423.0	11924233.0
79	0.1	92.0	104857600.0	-0.5208333333333334	0.0	1531448168.0	12055704.0
79	0.1	93.0	104857600.0	-0.5208333333333334	0.0	1548094049.0	12187039.0
79	0.1	94.0	104857600.0	-0.5208333333333334	0.0	1564740138.0	12318166.0
79	0.1	95.0	104857600.0	-0.5208333333333334	0.0	1581386868.0	12448652.0
79	0.1	96.0	104857600.0	-0.5208333333333334	0.0	1598033571.0	12579165.0
79	0.1	97.0	104857600.0	-0.5208333333333334	0.0	1614679782.0	12710170.0
79	0.1	98.0	104857600.0	-0.5208333333333334	0.0	1631325479.0	12841689.0
79	0.1	99.0	104857600.0	-0.5208333333333334	0.0	1647970851.0	12973533.0
79	0.1	100.0	104857600.0	-0.5208333333333334	0.0	1664617169.0	13104431.0
