temp_index	temp	sweep	S	E	accepted	nonnull	null
0	3.0	1.0	100525584.0	-0.4993159770965576	5853.0	16773136.0	4080.0
0	3.0	2.0	100384362.0	-0.49861451983451843	12087.0	33546246.0	8186.0
0	3.0	3.0	100233625.0	-0.4978658010562261	18960.0	50319412.0	12236.0
0	3.0	4.0	100074137.0	-0.4970736155907313	26538.0	67092468.0	16396.0
0	3.0	5.0	99913451.0	-0.49627547959486645	34538.0	83865640.0	20440.0
0	3.0	6.0	99745739.0	-0.4954424450794856	43183.0	100638708.0	24588.0
0	3.0	7.0	99567061.0	-0.49455494185288745	52677.0	117411885.0	28627.0
0	3.0	8.0	99380155.0	-0.49362656970818836	63053.0	134184994.0	32734.0
0	3.0	9.0	99184690.0	-0.4926556845506032	74363.0	150958130.0	36814.0
0	3.0	10.0	98983542.0	-0.4916565716266632	86470.0	167731178.0	40982.0
0	3.0	11.0	98774969.0	-0.49062057832876843	99553.0	184504325.0	45051.0
0	3.0	12.0	98556327.0	-0.48953457176685333	113627.0	201277555.0	49037.0
0	3.0	13.0	98323562.0	-0.48837841550509137	129305.0	218050564.0	53244.0
0	3.0	14.0	98085306.0	-0.4871949851512909	146060.0	234823620.0	57404.0
0	3.0	15.0	97835690.0	-0.4859551290671031	164224.0	251596748.0	61492.0
0	3.0	16.0	97574946.0	-0.48465999960899353	183940.0	268369758.0	65698.0
0	3.0	17.0	97300734.0	-0.4832979738712311	205401.0	285142949.0	69723.0
0	3.0	18.0	97013574.0	-0.481871634721756	228941.0	301916065.0	73823.0
0	3.0	19.0	96713347.0	-0.4803803910811742	254410.0	318689208.0	77896.0
0	3.0	20.0	96400628.0	-0.4788270990053813	281972.0	335462333.0	81987.0
0	3.0	21.0	96070590.0	-0.47718778252601624	312246.0	352235415.0	86121.0
0	3.0	22.0	95728074.0	-0.47548648715019226	345018.0	369008590.0	90162.0
0	3.0	23.0	95363510.0	-0.473675678173701	380866.0	385781705.0	94263.0
0	3.0	24.0	94985367.0	-0.4717974215745926	419983.0	402554823.0	98361.0
0	3.0	25.0	94590411.0	-0.46983565390110016	462243.0	419327920.0	102480.0
0	3.0	26.0	94177083.0	-0.4677826315164566	508388.0	436101003.0	106613.0
0	3.0	27.0	93742117.0	-0.46562213202317554	558983.0	452874043.0	110789.0
0	3.0	28.0	93280005.0	-0.4633267968893051	614420.0	469646982.0	115066.0
0	3.0	29.0	92795317.0	-0.4609193255503972	675224.0	486420080.0	119184.0
0	3.0	30.0	92286813.0	-0.45839355885982513	741680.0	503193094.0	123386.0
0	3.0	31.0	91754006.0	-0.4557470778624217	814422.0	519966192.0	127504.0
0	3.0	32.0	91190507.0	-0.4529481480518977	894133.0	536739371.0	131541.0
0	3.0	33.0	90599001.0	-0.45001010596752167	981480.0	553512510.0	135618.0
0	3.0	34.0	89968893.0	-0.4468803256750107	1077797.0	570285681.0	139663.0
0	3.0	35.0	89311138.0	-0.4436132212479909	1183630.0	587058820.0	143740.0
0	3.0	36.0	88608663.0	-0.4401239901781082	1300572.0	603831961.0	147815.0
0	3.0	37.0	87862765.0	-0.436419074734052	1430142.0	620605074.0	151918.0
0	3.0	38.0	87071488.0	-0.43248875935872394	1572616.0	637378183.0	156025.0
0	3.0	39.0	86232428.0	-0.42832110325495404	1731028.0	654151423.0	160001.0
0	3.0	40.0	85345254.0	-0.42391446232795715	1905792.0	670924571.0	164069.0
0	3.0	41.0	84404683.0	-0.419242595632871	2099975.0	687697681.0	168175.0
0	3.0	42.0	83395536.0	-0.4142301082611084	2316368.0	704470807.0	172265.0
0	3.0	43.0	82320914.0	-0.4088924030462901	2556342.0	721244035.0	176253.0
0	3.0	44.0	81165819.0	-0.40315498411655426	2825547.0	738017172.0	180332.0
0	3.0	45.0	79932812.0	-0.3970305720965068	3126694.0	754790279.0	184441.0
0	3.0	46.0	78616293.0	-0.3904913514852524	3464714.0	771563341.0	188595.0
0	3.0	47.0	77200311.0	-0.38345809280872345	3845639.0	788336410.0	192742.0
0	3.0	48.0	75674497.0	-0.3758792926867803	4275676.0	805109437.0	196931.0
0	3.0	49.0	74025690.0	-0.3676895797252655	4763040.0	821882666.0	200918.0
0	3.0	50.0	72235663.0	-0.35879841943581897	5318569.0	838655857.0	204943.0
0	3.0	51.0	70297310.0	-0.3491705159346263	5952284.0	855429143.0	208873.0
0	3.0	52.0	68167201.0	-0.3385901500781377	6681721.0	872202229.0	213003.0
0	3.0	53.0	65837130.0	-0.32701656222343445	7522892.0	888975319.0	217129.0
0	3.0	54.0	63286111.0	-0.31434551378091175	8498928.0	905748314.0	221350.0
0	3.0	55.0	60475482.0	-0.3003849685192108	9639661.0	922521438.0	225442.0
0	3.0	56.0	57344955.0	-0.28483547270298004	10986358.0	939294561.0	229535.0
0	3.0	57.0	53870718.0	-0.26757875084877014	12585869.0	956067754.0	233558.0
0	3.0	58.0	49970140.0	-0.24820437033971152	14508302.0	972841047.0	237481.0
0	3.0	59.0	45572985.0	-0.22636346518993378	16851357.0	989614239.0	241505.0
0	3.0	60.0	40618292.0	-0.20175323883692423	19738790.0	1006387419.0	245541.0
0	3.0	61.0	35006620.0	-0.17387976249059042	23360727.0	1023160568.0	249608.0
0	3.0	62.0	28694865.0	-0.1425289362668991	27990207.0	1039933711.0	253681.0
0	3.0	63.0	21741483.0	-0.10799111425876617	34017592.0	1056706778.0	257830.0
0	3.0	64.0	14469237.0	-0.07186947762966156	41972138.0	1073479959.0	261865.0
0	3.0	65.0	7754989.0	-0.03851944704850515	52441189.0	1090253095.0	265945.0
0	3.0	66.0	2955000.0	-0.014677643775939941	65694002.0	1107026194.0	270062.0
0	3.0	67.0	736140.0	-0.003656446933746338	81118869.0	1123799319.0	274153.0
0	3.0	68.0	160727.0	-0.0007983396450678507	97537335.0	1140572439.0	278249.0
0	3.0	69.0	76743.0	-0.0003811866044998169	114196908.0	1157345549.0	282355.0
0	3.0	70.0	69129.0	-0.00034336745738983154	130890041.0	1174118707.0	286413.0
0	3.0	71.0	68431.0	-0.0003399004538853963	147586290.0	1190891765.0	290571.0
0	3.0	72.0	68315.0	-0.00033932427565256756	164282776.0	1207664854.0	294698.0
0	3.0	73.0	68387.0	-0.0003396819035212199	180979455.0	1224437972.0	298796.0
0	3.0	74.0	68500.0	-0.0003402431805928548	197675938.0	1241211088.0	302896.0
0	3.0	75.0	68349.0	-0.00033949315547943115	214372680.0	1257984146.0	307054.0
0	3.0	76.0	68580.0	-0.0003406405448913574	231069058.0	1274757319.0	311097.0
0	3.0	77.0	68636.0	-0.00034091869990030926	247765490.0	1291530455.0	315177.0
0	3.0	78.0	68965.0	-0.0003425528605779012	264462498.0	1308303576.0	319272.0
0	3.0	79.0	68373.0	-0.00033961236476898193	281159077.0	1325076710.0	323354.0
0	3.0	80.0	68408.0	-0.00033978621164957684	297855975.0	1341849818.0	327462.0
0	3.0	81.0	68472.0	-0.0003401041030883789	314552363.0	1358622888.0	331608.0
0	3.0	82.0	68655.0	-0.0003410130739212036	331249037.0	1375396001.0	335711.0
0	3.0	83.0	68093.0	-0.00033822158972422284	347945394.0	1392169140.0	339788.0
0	3.0	84.0	68281.0	-0.0003391553958257039	364641825.0	1408942063.0	344081.0
0	3.0	85.0	68742.0	-0.0003414452075958252	381338115.0	1425715155.0	348205.0
0	3.0	86.0	69054.0	-0.00034299492835998535	398034456.0	1442488310.0	352266.0
0	3.0	87.0	68277.0	-0.0003391355276107788	414730639.0	1459261453.0	356339.0
0	3.0	88.0	68665.0	-0.0003410627444585164	431427269.0	1476034624.0	360384.0
0	3.0	89.0	68994.0	-0.0003426969051361084	448122584.0	1492807666.0	364558.0
0	3.0	90.0	68523.0	-0.0003403574228286743	464818855.0	1509580758.0	368682.0
0	3.0	91.0	67987.0	-0.00033769508202870685	481515158.0	1526353877.0	372779.0
0	3.0	92.0	68089.0	-0.00033820172150929767	498211924.0	1543127009.0	376863.0
0	3.0	93.0	68504.0	-0.00034026304880777997	514908270.0	1559900129.0	380959.0
0	3.0	94.0	68480.0	-0.0003401438395182292	531604971.0	1576673148.0	385156.0
0	3.0	95.0	68258.0	-0.00033904115358988446	548301724.0	1593446202.0	389318.0
0	3.0	96.0	68391.0	-0.000339701771736145	564998240.0	1610219271.0	393465.0
0	3.0	97.0	68681.0	-0.000341142217318217	581694378.0	1626992239.0	397713.0
0	3.0	98.0	68547.0	-0.0003404766321182251	598390769.0	1643765437.0	401731.0
0	3.0	99.0	69327.0	-0.0003443509340286255	615086323.0	1660538462.0	405922.0
0	3.0	100.0	68319.0	-0.0003393441438674927	631782412.0	1677311732.0	409868.0
1	2.95	1.0	100542242.0	-0.49939871827761334	5129.0	16773119.0	4097.0
1	2.95	2.0	100418218.0	-0.4987826844056447	10589.0	33546319.0	8113.0
1	2.95	3.0	100288742.0	-0.4981395701567332	16473.0	50319443.0	12205.0
1	2.95	4.0	100155389.0	-0.4974771986405055	22807.0	67092573.0	16291.0
1	2.95	5.0	100012198.0	-0.4967659612496694	29824.0	83865654.0	20426.0
1	2.95	6.0	99866755.0	-0.49604353805383045	37227.0	100638680.0	24616.0
1	2.95	7.0	99712328.0	-0.4952764908472697	45323.0	117411842.0	28670.0
1	2.95	8.0	99554560.0	-0.4944928487141927	53961.0	134184863.0	32865.0
1	2.95	9.0	99393267.0	-0.49369169771671295	63104.0	150958085.0	36859.0
1	2.95	10.0	99220108.0	-0.4928316076596578	73197.0	167731260.0	40900.0
1	2.95	11.0	99040952.0	-0.49194173018137616	84026.0	184504474.0	44902.0
1	2.95	12.0	98858692.0	-0.49103643496831256	95519.0	201277585.0	49007.0
1	2.95	13.0	98667911.0	-0.4900888154904048	107985.0	218050643.0	53165.0
1	2.95	14.0	98467899.0	-0.4890953451395035	121451.0	234823749.0	57275.0
1	2.95	15.0	98261711.0	-0.4880711982647578	135939.0	251596893.0	61347.0
1	2.95	16.0	98041621.0	-0.4869779994090398	151673.0	268369987.0	65469.0
1	2.95	17.0	97815014.0	-0.4858524302641551	168682.0	285143093.0	69579.0
1	2.95	18.0	97580223.0	-0.4846862107515335	187002.0	301916100.0	73788.0
1	2.95	19.0	97338714.0	-0.4834866225719452	206506.0	318689329.0	77775.0
1	2.95	20.0	97081912.0	-0.48221107323964435	228020.0	335462411.0	81909.0
1	2.95	21.0	96815088.0	-0.48088574409484863	251125.0	352235596.0	85940.0
1	2.95	22.0	96536062.0	-0.47949980696042377	276233.0	369008695.0	90057.0
1	2.95	23.0	96245225.0	-0.4780552039543788	303225.0	385781841.0	94127.0
1	2.95	24.0	95946171.0	-0.4765697866678238	332589.0	402554973.0	98211.0
1	2.95	25.0	95625486.0	-0.47497692704200745	364609.0	419328133.0	102267.0
1	2.95	26.0	95291587.0	-0.4733184327681859	399240.0	436101276.0	106340.0
1	2.95	27.0	94942495.0	-0.471584474047025	436783.0	452874426.0	110406.0
1	2.95	28.0	94579645.0	-0.46978217860062915	477431.0	469647622.0	114426.0
1	2.95	29.0	94197858.0	-0.467885822057724	521428.0	486420745.0	118519.0
1	2.95	30.0	93801261.0	-0.46591590344905853	569328.0	503193879.0	122601.0
1	2.95	31.0	93382690.0	-0.46383683880170185	621430.0	519966907.0	126789.0
1	2.95	32.0	92945575.0	-0.4616656651099523	678183.0	536740093.0	130819.0
1	2.95	33.0	92483946.0	-0.45937272906303406	740008.0	553513212.0	134916.0
1	2.95	34.0	92000099.0	-0.4569694350163142	807049.0	570286335.0	139009.0
1	2.95	35.0	91494086.0	-0.45445604125658673	880347.0	587059434.0	143126.0
1	2.95	36.0	90959497.0	-0.4518007089694341	961147.0	603832626.0	147150.0
1	2.95	37.0	90399891.0	-0.449021115899086	1048650.0	620605705.0	151287.0
1	2.95	38.0	89806066.0	-0.4460715552171071	1144507.0	637378852.0	155356.0
1	2.95	39.0	89187333.0	-0.4429982751607895	1248958.0	654151982.0	159442.0
1	2.95	40.0	88540830.0	-0.4397870600223541	1363497.0	670925027.0	163613.0
1	2.95	41.0	87857058.0	-0.4363907277584076	1488760.0	687698108.0	167748.0
1	2.95	42.0	87129654.0	-0.43277767300605774	1626054.0	704471192.0	171880.0
1	2.95	43.0	86361405.0	-0.42896173894405365	1777813.0	721244160.0	176128.0
1	2.95	44.0	85551311.0	-0.42493795851866406	1944335.0	738017247.0	180257.0
1	2.95	45.0	84694660.0	-0.4206829269727071	2128109.0	754790398.0	184322.0
1	2.95	46.0	83778248.0	-0.416131059328715	2331816.0	771563449.0	188487.0
1	2.95	47.0	82813045.0	-0.4113368441661199	2556013.0	788336689.0	192463.0
1	2.95	48.0	81785657.0	-0.406233752767245	2804285.0	805109826.0	196542.0
1	2.95	49.0	80686267.0	-0.40077302356561023	3080669.0	821882892.0	200692.0
1	2.95	50.0	79510265.0	-0.3949317584435145	3388420.0	838656009.0	204791.0
1	2.95	51.0	78250253.0	-0.38867321113745373	3731999.0	855428964.0	209052.0
1	2.95	52.0	76906127.0	-0.38199686507383984	4114900.0	872202036.0	213196.0
1	2.95	53.0	75454225.0	-0.3747851898272832	4545987.0	888975187.0	217261.0
1	2.95	54.0	73897370.0	-0.36705220739046734	5031393.0	905748338.0	221326.0
1	2.95	55.0	72209471.0	-0.35866832236448926	5580990.0	922521499.0	225381.0
1	2.95	56.0	70390342.0	-0.3496326108773549	6202719.0	939294643.0	229453.0
1	2.95	57.0	68414827.0	-0.33982012172540027	6911054.0	956067653.0	233659.0
1	2.95	58.0	66252440.0	-0.3290794293085734	7723121.0	972840900.0	237628.0
1	2.95	59.0	63893752.0	-0.317363699277242	8656130.0	989614088.0	241656.0
1	2.95	60.0	61292665.0	-0.30444396038850147	9740423.0	1006387153.0	245807.0
1	2.95	61.0	58428330.0	-0.2902166545391083	11001716.0	1023160326.0	249850.0
1	2.95	62.0	55251425.0	-0.2744367967049281	12487681.0	1039933510.0	253882.0
1	2.95	63.0	51726646.0	-0.2569290300210317	14248355.0	1056706747.0	257861.0
1	2.95	64.0	47777883.0	-0.2373153120279312	16359997.0	1073479878.0	261946.0
1	2.95	65.0	43331783.0	-0.21523129443327585	18928549.0	1090253034.0	266006.0
1	2.95	66.0	38332029.0	-0.190397247672081	22090814.0	1107026214.0	270042.0
1	2.95	67.0	32696043.0	-0.16240300238132477	26050219.0	1123799317.0	274155.0
1	2.95	68.0	26406908.0	-0.13116453091303507	31092748.0	1140572353.0	278335.0
1	2.95	69.0	19550852.0	-0.09711013237635295	37638442.0	1157345421.0	282483.0
1	2.95	70.0	12570167.0	-0.0624366949001948	46218136.0	1174118467.0	286653.0
1	2.95	71.0	6401083.0	-0.031794523199399315	57362463.0	1190891659.0	290677.0
1	2.95	72.0	2279966.0	-0.011324713627497355	71173474.0	1207664640.0	294912.0
1	2.95	73.0	545470.0	-0.002709378798802694	86883910.0	1224437696.0	299072.0
1	2.95	74.0	131991.0	-0.0006556063890457153	103376956.0	1241210764.0	303220.0
1	2.95	75.0	74500.0	-0.0003700455029805501	120046996.0	1257983802.0	307398.0
1	2.95	76.0	69291.0	-0.0003441721200942993	136739871.0	1274756923.0	311493.0
1	2.95	77.0	69105.0	-0.00034324824810028076	153434634.0	1291529977.0	315655.0
1	2.95	78.0	69204.0	-0.00034373998641967773	170129511.0	1308303088.0	319760.0
1	2.95	79.0	69091.0	-0.0003431787093480428	186824011.0	1325076269.0	323795.0
1	2.95	80.0	69014.0	-0.00034279624621073407	203519492.0	1341849497.0	327783.0
1	2.95	81.0	68890.0	-0.000342180331548055	220214292.0	1358622689.0	331807.0
1	2.95	82.0	68732.0	-0.0003413955370585124	236909520.0	1375395772.0	335940.0
1	2.95	83.0	69477.0	-0.00034509599208831787	253604524.0	1392168883.0	340045.0
1	2.95	84.0	69046.0	-0.0003429551919301351	270299087.0	1408942009.0	344135.0
1	2.95	85.0	68390.0	-0.00033969680468241376	286994541.0	1425715069.0	348291.0
1	2.95	86.0	68708.0	-0.0003412763277689616	303689296.0	1442488173.0	352403.0
1	2.95	87.0	68844.0	-0.000341951847076416	320384315.0	1459261278.0	356514.0
1	2.95	88.0	69071.0	-0.0003430793682734172	337079141.0	1476034363.0	360645.0
1	2.95	89.0	68799.0	-0.0003417283296585083	353774222.0	1492807391.0	364833.0
1	2.95	90.0	68790.0	-0.00034168362617492676	370468932.0	1509580513.0	368927.0
1	2.95	91.0	68754.0	-0.0003415048122406006	387164447.0	1526353622.0	373034.0
1	2.95	92.0	68973.0	-0.00034259259700775146	403859334.0	1543126787.0	377085.0
1	2.95	93.0	68141.0	-0.0003384600083033244	420554465.0	1559899927.0	381161.0
1	2.95	94.0	68691.0	-0.0003411918878555298	437249246.0	1576673061.0	385243.0
1	2.95	95.0	69085.0	-0.0003431489070256551	453943572.0	1593446129.0	389391.0
1	2.95	96.0	68871.0	-0.00034208595752716064	470638299.0	1610219262.0	393474.0
1	2.95	97.0	69261.0	-0.00034402310848236084	487333216.0	1626992467.0	397485.0
1	2.95	98.0	68939.0	-0.0003424237171808879	504028063.0	1643765572.0	401596.0
1	2.95	99.0	68816.0	-0.0003418127695719401	520722834.0	1660538728.0	405656.0
1	2.95	100.0	68976.0	-0.0003426074981689453	537418243.0	1677311750.0	409850.0
2	2.9	1.0	100557928.0	-0.4994766314824422	4457.0	16773067.0	4149.0
2	2.9	2.0	100447121.0	-0.49892624715964	9335.0	33546192.0	8240.0
2	2.9	3.0	100334573.0	-0.4983672151962916	14403.0	50319226.0	12422.0
2	2.9	4.0	100215552.0	-0.4977760314941406	20001.0	67092280.0	16584.0
2	2.9	5.0	100093869.0	-0.49717162549495697	25917.0	83865421.0	20659.0
2	2.9	6.0	99968354.0	-0.49654818574587506	32219.0	100638701.0	24595.0
2	2.9	7.0	99838951.0	-0.49590543409188587	38911.0	117411766.0	28746.0
2	2.9	8.0	99703716.0	-0.4952337145805359	46098.0	134184811.0	32917.0
2	2.9	9.0	99563310.0	-0.49453631043434143	53871.0	150957974.0	36970.0
2	2.9	10.0	99419945.0	-0.4938242087761561	62071.0	167731141.0	41019.0
2	2.9	11.0	99269759.0	-0.4930782268444697	71035.0	184504379.0	44997.0
2	2.9	12.0	99112890.0	-0.49229905009269714	80602.0	201277421.0	49171.0
2	2.9	13.0	98949660.0	-0.4914882779121399	90891.0	218050469.0	53339.0
2	2.9	14.0	98780398.0	-0.4906475444634755	101997.0	234823619.0	57405.0
2	2.9	15.0	98603643.0	-0.4897695928812027	114070.0	251596738.0	61502.0
2	2.9	16.0	98421073.0	-0.4888627578814824	126854.0	268369874.0	65582.0
2	2.9	17.0	98236246.0	-0.48794471224149066	140205.0	285142956.0	69716.0
2	2.9	18.0	98037672.0	-0.486958384513855	155096.0	301916228.0	73660.0
2	2.9	19.0	97835221.0	-0.4859527995189031	170748.0	318689258.0	77846.0
2	2.9	20.0	97624925.0	-0.4849082479874293	187621.0	335462455.0	81865.0
2	2.9	21.0	97406092.0	-0.4838212927182515	205828.0	352235655.0	85881.0
2	2.9	22.0	97179034.0	-0.482693483432134	225329.0	369008842.0	89910.0
2	2.9	23.0	96943532.0	-0.4815237323443095	246119.0	385781983.0	93985.0
2	2.9	24.0	96701027.0	-0.48031919697920483	268387.0	402555070.0	98114.0
2	2.9	25.0	96445099.0	-0.4790479888518651	292694.0	419328223.0	102177.0
2	2.9	26.0	96178438.0	-0.4777234693368276	318881.0	436101390.0	106226.0
2	2.9	27.0	95900686.0	-0.4763438602288564	346814.0	452874474.0	110358.0
2	2.9	28.0	95607037.0	-0.474885289867719	377402.0	469647617.0	114431.0
2	2.9	29.0	95307664.0	-0.47339828809102374	409975.0	486420729.0	118535.0
2	2.9	30.0	94992101.0	-0.47183086971441907	445402.0	503193810.0	122670.0
2	2.9	31.0	94663014.0	-0.47019627690315247	483183.0	519966946.0	126750.0
2	2.9	32.0	94318931.0	-0.4684871981541316	524214.0	536740016.0	130896.0
2	2.9	33.0	93961590.0	-0.46671226620674133	568506.0	553513101.0	135027.0
2	2.9	34.0	93589479.0	-0.46486397087574005	616477.0	570286144.0	139200.0
2	2.9	35.0	93199316.0	-0.4629260102907817	668292.0	587059303.0	143257.0
2	2.9	36.0	92795648.0	-0.4609209696451823	724320.0	603832393.0	147383.0
2	2.9	37.0	92371199.0	-0.45881270865599316	784605.0	620605594.0	151398.0
2	2.9	38.0	91924401.0	-0.45659343898296356	850402.0	637378660.0	155548.0
2	2.9	39.0	91460768.0	-0.45429054896036786	921472.0	654151876.0	159548.0
2	2.9	40.0	90965287.0	-0.4518294682105382	999326.0	670924986.0	163654.0
2	2.9	41.0	90454868.0	-0.44929418961207074	1083471.0	687698067.0	167789.0
2	2.9	42.0	89919565.0	-0.44663531084855396	1174565.0	704471216.0	171856.0
2	2.9	43.0	89353376.0	-0.44382301966349286	1273875.0	721244310.0	175978.0
2	2.9	44.0	88758246.0	-0.44086697697639465	1381938.0	738017470.0	180034.0
2	2.9	45.0	88134924.0	-0.43777090311050415	1499934.0	754790678.0	184042.0
2	2.9	46.0	87483984.0	-0.4345376491546631	1627713.0	771563719.0	188217.0
2	2.9	47.0	86790173.0	-0.4310914526383082	1767914.0	788336856.0	192296.0
2	2.9	48.0	86059317.0	-0.42746125161647797	1921473.0	805109912.0	196456.0
2	2.9	49.0	85291460.0	-0.42364726463953656	2089197.0	821883010.0	200574.0
2	2.9	50.0	84480252.0	-0.4196179509162903	2273283.0	838656089.0	204711.0
2	2.9	51.0	83623024.0	-0.4153600533803304	2475247.0	855429254.0	208762.0
2	2.9	52.0	82715887.0	-0.4108542551596959	2697328.0	872202333.0	212899.0
2	2.9	53.0	81750713.0	-0.40606018404165906	2941535.0	888975388.0	217060.0
2	2.9	54.0	80724830.0	-0.4009645680586497	3211810.0	905748431.0	221233.0
2	2.9	55.0	79637711.0	-0.39556478957335156	3510447.0	922521621.0	225259.0
2	2.9	56.0	78474544.0	-0.3897872765858968	3841630.0	939294730.0	229366.0
2	2.9	57.0	77234123.0	-0.3836260388294856	4209515.0	956067859.0	233453.0
2	2.9	58.0	75907738.0	-0.37703781326611835	4619732.0	972840966.0	237562.0
2	2.9	59.0	74491806.0	-0.370004802942276	5078593.0	989614064.0	241680.0
2	2.9	60.0	72965098.0	-0.36242156227429706	5591763.0	1006387163.0	245797.0
2	2.9	61.0	71313107.0	-0.3542160342137019	6170279.0	1023160303.0	249873.0
2	2.9	62.0	69535373.0	-0.34538593391577405	6822232.0	1039933265.0	254127.0
2	2.9	63.0	67617691.0	-0.3358607043822606	7559483.0	1056706339.0	258269.0
2	2.9	64.0	65531301.0	-0.32549749314785004	8398736.0	1073479431.0	262393.0
2	2.9	65.0	63246420.0	-0.3141483664512634	9358510.0	1090252506.0	266534.0
2	2.9	66.0	60750225.0	-0.3017496317625046	10465095.0	1107025615.0	270641.0
2	2.9	67.0	58007696.0	-0.288127342859904	11747323.0	1123798687.0	274785.0
2	2.9	68.0	54984067.0	-0.2731088151534398	13242224.0	1140571841.0	278847.0
2	2.9	69.0	51628155.0	-0.25643981993198395	15004789.0	1157344837.0	283067.0
2	2.9	70.0	47881841.0	-0.23783167699972788	17097293.0	1174117906.0	287214.0
2	2.9	71.0	43687183.0	-0.2169965853293737	19617568.0	1190891063.0	291273.0
2	2.9	72.0	38983701.0	-0.19363413751125336	22689991.0	1207664189.0	295363.0
2	2.9	73.0	33694396.0	-0.1673618753751119	26490558.0	1224437333.0	299435.0
2	2.9	74.0	27775631.0	-0.13796305159727731	31273750.0	1241210449.0	303535.0
2	2.9	75.0	21296797.0	-0.10578233500321706	37398477.0	1257983635.0	307565.0
2	2.9	76.0	14519485.0	-0.07211906214555104	45349125.0	1274756715.0	311701.0
2	2.9	77.0	8171031.0	-0.0405859500169754	55657472.0	1291529934.0	315698.0
2	2.9	78.0	3395951.0	-0.016867871085802715	68616643.0	1308303148.0	319700.0
2	2.9	79.0	951767.0	-0.004727477828661601	83783675.0	1325076253.0	323811.0
2	2.9	80.0	210289.0	-0.0010445167620976765	100091170.0	1341849337.0	327943.0
2	2.9	81.0	84304.0	-0.00041874249776204425	116725723.0	1358622499.0	331997.0
2	2.9	82.0	70349.0	-0.0003494272629419963	133413583.0	1375395638.0	336074.0
2	2.9	83.0	69865.0	-0.0003470232089360555	150106223.0	1392168775.0	340153.0
2	2.9	84.0	69656.0	-0.00034598509470621747	166798627.0	1408941953.0	344191.0
2	2.9	85.0	69401.0	-0.0003447184960047404	183491823.0	1425715161.0	348199.0
2	2.9	86.0	68907.0	-0.0003422647714614868	200185653.0	1442488240.0	352336.0
2	2.9	87.0	69550.0	-0.0003454585870107015	216878546.0	1459261295.0	356497.0
2	2.9	88.0	69343.0	-0.000344430406888326	233572160.0	1476034441.0	360567.0
2	2.9	89.0	69449.0	-0.000344956914583842	250265175.0	1492807539.0	364685.0
2	2.9	90.0	69376.0	-0.0003445943196614583	266958783.0	1509580782.0	368658.0
2	2.9	91.0	69215.0	-0.00034379462401072186	283652038.0	1526353826.0	372830.0
2	2.9	92.0	69149.0	-0.0003434667984644572	300345102.0	1543126970.0	376902.0
2	2.9	93.0	68934.0	-0.00034239888191223145	317038085.0	1559900082.0	381006.0
2	2.9	94.0	69113.0	-0.00034328798453013104	333731298.0	1576673133.0	385171.0
2	2.9	95.0	68807.0	-0.0003417680660883586	350424887.0	1593446286.0	389234.0
2	2.9	96.0	69500.0	-0.0003452102343241374	367118779.0	1610219442.0	393294.0
2	2.9	97.0	69401.0	-0.0003447184960047404	383812009.0	1626992617.0	397335.0
2	2.9	98.0	68933.0	-0.0003423939148585002	400504864.0	1643765698.0	401470.0
2	2.9	99.0	68942.0	-0.0003424386183420817	417198532.0	1660538865.0	405519.0
2	2.9	100.0	69187.0	-0.0003436555465062459	433891918.0	1677311929.0	409671.0
3	2.85	1.0	100572596.0	-0.4995494882265727	3842.0	16773024.0	4192.0
3	2.85	2.0	100479923.0	-0.49908917645613354	7894.0	33546094.0	8338.0
3	2.85	3.0	100382305.0	-0.49860430260499317	12304.0	50319197.0	12451.0
3	2.85	4.0	100279459.0	-0.4980934609969457	17093.0	67092171.0	16693.0
3	2.85	5.0	100176771.0	-0.49758340418338776	22025.0	83865293.0	20787.0
3	2.85	6.0	100068616.0	-0.4970461924870809	27353.0	100638423.0	24873.0
3	2.85	7.0	99958289.0	-0.4964981923500697	33038.0	117411581.0	28931.0
3	2.85	8.0	99845997.0	-0.4959404319524765	38978.0	134184665.0	33063.0
3	2.85	9.0	99726523.0	-0.49534699817498523	45440.0	150957716.0	37228.0
3	2.85	10.0	99599611.0	-0.4947166194518407	52530.0	167730799.0	41361.0
3	2.85	11.0	99471596.0	-0.4940807620684306	59915.0	184503872.0	45504.0
3	2.85	12.0	99343101.0	-0.49344252049922943	67587.0	201276904.0	49688.0
3	2.85	13.0	99208934.0	-0.49277610580126446	75826.0	218050111.0	53697.0
3	2.85	14.0	99070752.0	-0.49208974838256836	84628.0	234823317.0	57707.0
3	2.85	15.0	98929207.0	-0.49138668676217395	93933.0	251596460.0	61780.0
3	2.85	16.0	98777280.0	-0.4906320571899414	104197.0	268369651.0	65805.0
3	2.85	17.0	98622911.0	-0.48986529807249707	114880.0	285142757.0	69915.0
3	2.85	18.0	98461802.0	-0.48906506101290387	126442.0	301915822.0	74066.0
3	2.85	19.0	98299872.0	-0.48826074600219727	138647.0	318688863.0	78241.0
3	2.85	20.0	98124088.0	-0.4873876174290975	151915.0	335461986.0	82334.0
3	2.85	21.0	97944396.0	-0.48649507761001587	166051.0	352235058.0	86478.0
3	2.85	22.0	97758954.0	-0.48557397723197937	181024.0	369008116.0	90636.0
3	2.85	23.0	97568561.0	-0.4846282849709193	197066.0	385781269.0	94699.0
3	2.85	24.0	97370401.0	-0.4836440136035283	214281.0	402554344.0	98840.0
3	2.85	25.0	97162711.0	-0.48261240621407825	232794.0	419327491.0	102909.0
3	2.85	26.0	96943261.0	-0.4815223862727483	252736.0	436100613.0	107003.0
3	2.85	27.0	96725692.0	-0.4804417093594869	273578.0	452873665.0	111167.0
3	2.85	28.0	96501134.0	-0.47932631770769757	295873.0	469646815.0	115233.0
3	2.85	29.0	96261148.0	-0.47813429435094196	320110.0	486419871.0	119393.0
3	2.85	30.0	96010960.0	-0.47689159711201984	346154.0	503192971.0	123509.0
3	2.85	31.0	95754636.0	-0.4756184220314026	373757.0	519966010.0	127686.0
3	2.85	32.0	95487289.0	-0.4742904951175054	403443.0	536739133.0	131779.0
3	2.85	33.0	95210734.0	-0.4729168315728505	435043.0	553512273.0	135855.0
3	2.85	34.0	94919232.0	-0.4714689254760742	469469.0	570285363.0	139981.0
3	2.85	35.0	94617902.0	-0.46997220317522687	506368.0	587058485.0	144075.0
3	2.85	36.0	94305323.0	-0.4684196064869563	545443.0	603831623.0	148153.0
3	2.85	37.0	93982910.0	-0.4668181637922923	587447.0	620604792.0	152200.0
3	2.85	38.0	93643817.0	-0.4651338706413905	632430.0	637377930.0	156278.0
3	2.85	39.0	93293143.0	-0.4633920540412267	680933.0	654151077.0	160347.0
3	2.85	40.0	92924736.0	-0.4615621566772461	733558.0	670924190.0	164450.0
3	2.85	41.0	92543810.0	-0.4596700767676036	789979.0	687697354.0	168502.0
3	2.85	42.0	92146043.0	-0.4576943467060725	850637.0	704470321.0	172751.0
3	2.85	43.0	91726494.0	-0.4556104242801666	916715.0	721243602.0	176686.0
3	2.85	44.0	91293620.0	-0.45346031586329144	987184.0	738016757.0	180747.0
3	2.85	45.0	90841999.0	-0.45121709009011585	1063195.0	754789876.0	184844.0
3	2.85	46.0	90367658.0	-0.4488610128561656	1145473.0	771563016.0	188920.0
3	2.85	47.0	89872432.0	-0.4464011987050374	1234593.0	788336007.0	193145.0
3	2.85	48.0	89353902.0	-0.4438256323337555	1330889.0	805109052.0	197316.0
3	2.85	49.0	88806439.0	-0.44110635419686633	1435290.0	821882186.0	201398.0
3	2.85	50.0	88235422.0	-0.43827008207639057	1547898.0	838655326.0	205474.0
3	2.85	51.0	87639385.0	-0.4353095342715581	1669797.0	855428413.0	209603.0
3	2.85	52.0	87013707.0	-0.4322017580270767	1802250.0	872201508.0	213724.0
3	2.85	53.0	86352064.0	-0.4289153416951497	1947408.0	888974683.0	217765.0
3	2.85	54.0	85664718.0	-0.4255012571811676	2103927.0	905747750.0	221914.0
3	2.85	55.0	84934490.0	-0.4218741754690806	2274928.0	922520886.0	225994.0
3	2.85	56.0	84164517.0	-0.4180496782064438	2461869.0	939294041.0	230055.0
3	2.85	57.0	83357891.0	-0.4140431235233943	2665907.0	956067120.0	234192.0
3	2.85	58.0	82502131.0	-0.4097925176223119	2888427.0	972840203.0	238325.0
3	2.85	59.0	81592914.0	-0.4052763879299164	3132523.0	989613414.0	242330.0
3	2.85	60.0	80644387.0	-0.4005650033553441	3398950.0	1006386505.0	246455.0
3	2.85	61.0	79629944.0	-0.3955262104670207	3693277.0	1023159550.0	250626.0
3	2.85	62.0	78553302.0	-0.39017847180366516	4016551.0	1039932605.0	254787.0
3	2.85	63.0	77416766.0	-0.38453323642412823	4371756.0	1056705844.0	258764.0
3	2.85	64.0	76199999.0	-0.37848948935667676	4766397.0	1073479028.0	262796.0
3	2.85	65.0	74898165.0	-0.37202320992946625	5203117.0	1090252068.0	266972.0
3	2.85	66.0	73509844.0	-0.3651273449261983	5689072.0	1107025148.0	271108.0
3	2.85	67.0	72015845.0	-0.35770657161871594	6231720.0	1123798393.0	275079.0
3	2.85	68.0	70409691.0	-0.3497287184000015	6838038.0	1140571443.0	279245.0
3	2.85	69.0	68684994.0	-0.3411620557308197	7518010.0	1157344608.0	283296.0
3	2.85	70.0	66830369.0	-0.3319500337044398	8284708.0	1174117716.0	287404.0
3	2.85	71.0	64813709.0	-0.32193317512671155	9151622.0	1190890806.0	291530.0
3	2.85	72.0	62614338.0	-0.3110087811946869	10140499.0	1207663814.0	295738.0
3	2.85	73.0	60211990.0	-0.2990761895974477	11270838.0	1224436907.0	299861.0
3	2.85	74.0	57585220.0	-0.2860288818677266	12571571.0	1241210086.0	303898.0
3	2.85	75.0	54687839.0	-0.2716374347607295	14080921.0	1257983310.0	307890.0
3	2.85	76.0	51495007.0	-0.2557784666617711	15842649.0	1274756521.0	311895.0
3	2.85	77.0	47940359.0	-0.23812233904997507	17921542.0	1291529710.0	315922.0
3	2.85	78.0	43979011.0	-0.2184461106856664	20399612.0	1308302805.0	320043.0
3	2.85	79.0	39551084.0	-0.19645235935846964	23389935.0	1325075965.0	324099.0
3	2.85	80.0	34587058.0	-0.17179577549298605	27051080.0	1341849053.0	328227.0
3	2.85	81.0	29054977.0	-0.14431763192017874	31598963.0	1358622152.0	332344.0
3	2.85	82.0	22966729.0	-0.11407697697480519	37349531.0	1375395251.0	336461.0
3	2.85	83.0	16495279.0	-0.08193293710549672	44717524.0	1392168429.0	340499.0
3	2.85	84.0	10123998.0	-0.050286442041397095	54212452.0	1408941554.0	344590.0
3	2.85	85.0	4839578.0	-0.024038443962732952	66249559.0	1425714786.0	348574.0
3	2.85	86.0	1621998.0	-0.008056551218032837	80695365.0	1442487917.0	352659.0
3	2.85	87.0	385236.0	-0.0019134879112243652	96676673.0	1459261069.0	356723.0
3	2.85	88.0	110571.0	-0.0005492120981216431	113231499.0	1476034132.0	360876.0
3	2.85	89.0	73791.0	-0.0003665238618850708	129906102.0	1492807160.0	365064.0
3	2.85	90.0	69946.0	-0.00034742554028828937	146596619.0	1509580361.0	369079.0
3	2.85	91.0	69827.0	-0.0003468344608942668	163288143.0	1526353464.0	373192.0
3	2.85	92.0	69651.0	-0.00034596025943756104	179979328.0	1543126647.0	377225.0
3	2.85	93.0	69772.0	-0.0003465612729390462	196671367.0	1559899709.0	381379.0
3	2.85	94.0	69582.0	-0.00034561753273010254	213363576.0	1576672839.0	385465.0
3	2.85	95.0	69337.0	-0.0003444006045659383	230055534.0	1593445951.0	389569.0
3	2.85	96.0	69477.0	-0.00034509599208831787	246747203.0	1610218951.0	393785.0
3	2.85	97.0	69717.0	-0.0003462880849838257	263439069.0	1626992037.0	397915.0
3	2.85	98.0	69877.0	-0.0003470828135808309	280130623.0	1643765141.0	402027.0
3	2.85	99.0	70056.0	-0.00034797191619873047	296822099.0	1660538174.0	406210.0
3	2.85	100.0	69483.0	-0.00034512579441070557	313513757.0	1677311288.0	410312.0
4	2.8	1.0	100582663.0	-0.4995994915564855	3417.0	16773055.0	4161.0
4	2.8	2.0	100503542.0	-0.4992064932982127	6859.0	33546159.0	8273.0
4	2.8	3.0	100420174.0	-0.4987923999627431	10585.0	50319382.0	12266.0
4	2.8	4.0	100333690.0	-0.49836282928784686	14580.0	67092545.0	16319.0
4	2.8	5.0	100244170.0	-0.49791817863782245	18818.0	83865684.0	20396.0
4	2.8	6.0	100152157.0	-0.49746114512284595	23292.0	100638765.0	24531.0
4	2.8	7.0	100061852.0	-0.4970125953356425	27860.0	117411794.0	28718.0
4	2.8	8.0	99967312.0	-0.496543010075887	32779.0	134184878.0	32850.0
4	2.8	9.0	99867679.0	-0.49604812761147815	38124.0	150957867.0	37077.0
4	2.8	10.0	99766176.0	-0.4955439567565918	43693.0	167731022.0	41138.0
4	2.8	11.0	99659587.0	-0.4950145234664281	49677.0	184504229.0	45147.0
4	2.8	12.0	99551959.0	-0.4944799294074376	55918.0	201277337.0	49255.0
4	2.8	13.0	99440724.0	-0.4939274191856384	62597.0	218050468.0	53340.0
4	2.8	14.0	99322766.0	-0.4933415154616038	69844.0	234823391.0	57633.0
4	2.8	15.0	99201945.0	-0.4927413910627365	77475.0	251596501.0	61739.0
4	2.8	16.0	99078103.0	-0.492126261194547	85468.0	268369572.0	65884.0
4	2.8	17.0	98950220.0	-0.49149105946222943	94089.0	285142680.0	69992.0
4	2.8	18.0	98819542.0	-0.49084197481473285	103121.0	301915777.0	74111.0
4	2.8	19.0	98682765.0	-0.49016259610652924	112765.0	318688872.0	78232.0
4	2.8	20.0	98541121.0	-0.48945904274781543	123153.0	335462014.0	82306.0
4	2.8	21.0	98393146.0	-0.4887240429719289	134242.0	352235046.0	86490.0
4	2.8	22.0	98244545.0	-0.4879859338204066	145767.0	369008209.0	90543.0
4	2.8	23.0	98092048.0	-0.4872284730275472	157959.0	385781294.0	94674.0
4	2.8	24.0	97933482.0	-0.48644086718559265	170902.0	402554474.0	98710.0
4	2.8	25.0	97767259.0	-0.48561522861321765	184902.0	419327601.0	102799.0
4	2.8	26.0	97596524.0	-0.48476717869440716	199752.0	436100787.0	106829.0
4	2.8	27.0	97418399.0	-0.48388242224852246	215666.0	452873890.0	110942.0
4	2.8	28.0	97235071.0	-0.48297182222207385	232498.0	469646989.0	115059.0
4	2.8	29.0	97043563.0	-0.4820205916961034	250428.0	486420071.0	119193.0
4	2.8	30.0	96847446.0	-0.4810464680194855	269539.0	503193248.0	123232.0
4	2.8	31.0	96646056.0	-0.4800461530685425	289531.0	519966404.0	127292.0
4	2.8	32.0	96439099.0	-0.4790181865294774	311037.0	536739544.0	131368.0
4	2.8	33.0	96220752.0	-0.4779336452484131	334172.0	553512686.0	135442.0
4	2.8	34.0	95995649.0	-0.4768155465523402	358663.0	570285788.0	139556.0
4	2.8	35.0	95763662.0	-0.47566325465838116	384855.0	587058875.0	143685.0
4	2.8	36.0	95521199.0	-0.4744589279095332	412910.0	603831867.0	147909.0
4	2.8	37.0	95266101.0	-0.47319184243679047	443022.0	620605093.0	151899.0
4	2.8	38.0	95009615.0	-0.47191786269346875	474804.0	637378276.0	155932.0
4	2.8	39.0	94742970.0	-0.4705934226512909	508327.0	654151398.0	160026.0
4	2.8	40.0	94464279.0	-0.46920914947986603	544716.0	670924634.0	164006.0
4	2.8	41.0	94173520.0	-0.467764933904012	583645.0	687697815.0	168041.0
4	2.8	42.0	93872262.0	-0.4662685692310333	625227.0	704470965.0	172107.0
4	2.8	43.0	93559940.0	-0.4647172490755717	669558.0	721244023.0	176265.0
4	2.8	44.0	93239534.0	-0.4631257752577464	716604.0	738017333.0	180171.0
4	2.8	45.0	92900618.0	-0.46144236127535504	767532.0	754790468.0	184252.0
4	2.8	46.0	92549178.0	-0.4596967399120331	821809.0	771563678.0	188258.0
4	2.8	47.0	92183003.0	-0.4578779290119807	879637.0	788336785.0	192367.0
4	2.8	48.0	91801555.0	-0.4559832563002904	942251.0	805109878.0	196490.0
4	2.8	49.0	91403395.0	-0.45400557418664295	1009805.0	821882797.0	200787.0
4	2.8	50.0	90990697.0	-0.4519556810458501	1081759.0	838655946.0	204854.0
4	2.8	51.0	90565190.0	-0.4498421649138133	1159119.0	855429129.0	208887.0
4	2.8	52.0	90121325.0	-0.44763746360937756	1242150.0	872202299.0	212933.0
4	2.8	53.0	89653967.0	-0.4453160713116328	1331310.0	888975407.0	217041.0
4	2.8	54.0	89167249.0	-0.4428985168536504	1427283.0	905748593.0	221071.0
4	2.8	55.0	88664707.0	-0.4404023637374242	1530252.0	922521692.0	225188.0
4	2.8	56.0	88130895.0	-0.4377508908510208	1641985.0	939294932.0	229164.0
4	2.8	57.0	87578580.0	-0.4350075125694275	1762625.0	956068077.0	233235.0
4	2.8	58.0	86999037.0	-0.4321288913488388	1892509.0	972841149.0	237379.0
4	2.8	59.0	86393991.0	-0.4291235953569412	2032687.0	989614262.0	241482.0
4	2.8	60.0	85754563.0	-0.42594752212365466	2184737.0	1006387396.0	245564.0
4	2.8	61.0	85089763.0	-0.422645424803098	2348968.0	1023160456.0	249720.0
4	2.8	62.0	84387480.0	-0.41915714740753174	2527371.0	1039933561.0	253831.0
4	2.8	63.0	83651313.0	-0.41550056636333466	2720385.0	1056706594.0	258014.0
4	2.8	64.0	82875575.0	-0.411647434035937	2930450.0	1073479716.0	262108.0
4	2.8	65.0	82062852.0	-0.40761059522628784	3158370.0	1090252941.0	266099.0
4	2.8	66.0	81207355.0	-0.4033612956603368	3407120.0	1107025945.0	270311.0
4	2.8	67.0	80305274.0	-0.39888061086336773	3677972.0	1123799135.0	274337.0
4	2.8	68.0	79348842.0	-0.3941299617290497	3974149.0	1140572274.0	278414.0
4	2.8	69.0	78327659.0	-0.3890576908985774	4299180.0	1157345454.0	282450.0
4	2.8	70.0	77255504.0	-0.38373223940531415	4655079.0	1174118633.0	286487.0
4	2.8	71.0	76118455.0	-0.378084455927213	5046433.0	1190891743.0	290593.0
4	2.8	72.0	74911582.0	-0.37208985288937885	5477600.0	1207664882.0	294670.0
4	2.8	73.0	73614950.0	-0.3656494120756785	5953453.0	1224437983.0	298785.0
4	2.8	74.0	72231693.0	-0.3587787002325058	6481504.0	1241210997.0	302987.0
4	2.8	75.0	70749447.0	-0.35141630470752716	7068736.0	1257984122.0	307078.0
4	2.8	76.0	69169924.0	-0.34357072909673053	7721305.0	1274757236.0	311180.0
4	2.8	77.0	67469883.0	-0.33512653410434723	8450817.0	1291530411.0	315221.0
4	2.8	78.0	65634317.0	-0.32600917915503186	9269003.0	1308303502.0	319346.0
4	2.8	79.0	63657544.0	-0.3161904414494832	10188933.0	1325076567.0	323497.0
4	2.8	80.0	61505385.0	-0.3055005520582199	11232395.0	1341849865.0	327415.0
4	2.8	81.0	59168188.0	-0.2938915689786275	12417962.0	1358622983.0	331513.0
4	2.8	82.0	56603123.0	-0.28115075329939526	13775478.0	1375396271.0	335441.0
4	2.8	83.0	53789687.0	-0.2671762655178706	15345371.0	1392169316.0	339612.0
4	2.8	84.0	50685753.0	-0.2517588585615158	17168487.0	1408942523.0	343621.0
4	2.8	85.0	47254136.0	-0.23471383253733316	19304377.0	1425715681.0	347679.0
4	2.8	86.0	43438192.0	-0.2157598336537679	21832692.0	1442488834.0	351742.0
4	2.8	87.0	39177253.0	-0.19459552069505057	24862366.0	1459262089.0	355703.0
4	2.8	88.0	34430867.0	-0.17101996640364328	28537447.0	1476035265.0	359743.0
4	2.8	89.0	29140680.0	-0.14474332332611084	33068926.0	1492808338.0	363886.0
4	2.8	90.0	23317969.0	-0.11582160492738088	38741077.0	1509581490.0	367950.0
4	2.8	91.0	17110429.0	-0.08498842020829518	45943957.0	1526354680.0	371976.0
4	2.8	92.0	10922325.0	-0.0542517751455307	55144481.0	1543127868.0	376004.0
4	2.8	93.0	5593440.0	-0.027782917022705078	66768159.0	1559900848.0	380240.0
4	2.8	94.0	2072977.0	-0.010296588142712912	80813600.0	1576674040.0	384264.0
4	2.8	95.0	538044.0	-0.0026724934577941895	96560874.0	1593447148.0	388372.0
4	2.8	96.0	140170.0	-0.0006962319215138754	113039803.0	1610220253.0	392483.0
4	2.8	97.0	77737.0	-0.00038612385590871173	129700200.0	1626993322.0	396630.0
4	2.8	98.0	70638.0	-0.0003508627414703369	146386955.0	1643766520.0	400648.0
4	2.8	99.0	71007.0	-0.0003526955842971802	163076625.0	1660539518.0	404866.0
4	2.8	100.0	70550.0	-0.00035042564074198407	179766266.0	1677312686.0	408914.0
5	2.75	1.0	100596181.0	-0.49966663618882495	2835.0	16773318.0	3898.0
5	2.75	2.0	100527568.0	-0.49932583173116046	5818.0	33546511.0	7921.0
5	2.75	3.0	100457225.0	-0.4989764342705409	8964.0	50319644.0	12004.0
5	2.75	4.0	100386721.0	-0.4986262371142705	12198.0	67092823.0	16041.0
5	2.75	5.0	100313357.0	-0.49826183418432873	15635.0	83865841.0	20239.0
5	2.75	6.0	100236539.0	-0.49788027505079907	19348.0	100638956.0	24340.0
5	2.75	7.0	100156756.0	-0.4974839886029561	23275.0	117412152.0	28360.0
5	2.75	8.0	100076112.0	-0.4970834255218506	27400.0	134185383.0	32345.0
5	2.75	9.0	99992688.0	-0.49666905403137207	31716.0	150958501.0	36443.0
5	2.75	10.0	99907295.0	-0.4962449024120967	36268.0	167731558.0	40602.0
5	2.75	11.0	99819652.0	-0.49580957492192584	41099.0	184504625.0	44751.0
5	2.75	12.0	99731826.0	-0.49537333846092224	46097.0	201277809.0	48783.0
5	2.75	13.0	99637573.0	-0.49490517874558765	51555.0	218051037.0	52771.0
5	2.75	14.0	99542706.0	-0.4944339692592621	57204.0	234824125.0	56899.0
5	2.75	15.0	99445461.0	-0.4939509481191635	63156.0	251597350.0	60890.0
5	2.75	16.0	99345237.0	-0.49345313012599945	69534.0	268370465.0	64991.0
5	2.75	17.0	99240895.0	-0.49293485780556995	76277.0	285143669.0	69003.0
5	2.75	18.0	99133688.0	-0.4924023548762004	83403.0	301916685.0	73203.0
5	2.75	19.0	99023893.0	-0.49185699721177417	90949.0	318689752.0	77352.0
5	2.75	20.0	98910671.0	-0.49129461745421094	98834.0	335462925.0	81395.0
5	2.75	21.0	98793096.0	-0.49071061611175537	107252.0	352235975.0	85561.0
5	2.75	22.0	98671449.0	-0.49010638892650604	116169.0	369009119.0	89633.0
5	2.75	23.0	98544030.0	-0.48947349190711975	125801.0	385782201.0	93767.0
5	2.75	24.0	98415067.0	-0.48883292575677234	135731.0	402555339.0	97845.0
5	2.75	25.0	98284468.0	-0.48818423350652057	146139.0	419328482.0	101918.0
5	2.75	26.0	98145751.0	-0.48749521871407825	157519.0	436101641.0	105975.0
5	2.75	27.0	98002228.0	-0.4867823322614034	169529.0	452874856.0	109976.0
5	2.75	28.0	97852443.0	-0.48603834211826324	182214.0	469648017.0	114031.0
5	2.75	29.0	97702314.0	-0.4852926433086395	195430.0	486421115.0	118149.0
5	2.75	30.0	97548101.0	-0.48452665905157727	209520.0	503194184.0	122296.0
5	2.75	31.0	97385138.0	-0.48371721307436627	224667.0	519967323.0	126373.0
5	2.75	32.0	97218344.0	-0.48288873831431073	240552.0	536740414.0	130498.0
5	2.75	33.0	97047840.0	-0.4820418357849121	257290.0	553513484.0	134644.0
5	2.75	34.0	96871467.0	-0.4811657816171646	275159.0	570286738.0	138606.0
5	2.75	35.0	96687739.0	-0.4802531947692235	294069.0	587059864.0	142696.0
5	2.75	36.0	96502373.0	-0.47933247188727063	313874.0	603833064.0	146712.0
5	2.75	37.0	96313244.0	-0.4783930579821269	334787.0	620606193.0	150799.0
5	2.75	38.0	96112014.0	-0.4773935377597809	357210.0	637379398.0	154810.0
5	2.75	39.0	95906564.0	-0.4763730565706889	381034.0	654152515.0	158909.0
5	2.75	40.0	95694300.0	-0.4753187298774719	406251.0	670925592.0	163048.0
5	2.75	41.0	95473404.0	-0.47422152757644653	433187.0	687698693.0	167163.0
5	2.75	42.0	95245879.0	-0.47309139867623645	461615.0	704471811.0	171261.0
5	2.75	43.0	95012123.0	-0.4719303200642268	492028.0	721244863.0	175425.0
5	2.75	44.0	94768013.0	-0.4707178125778834	524309.0	738017987.0	179517.0
5	2.75	45.0	94515279.0	-0.46946246922016144	558786.0	754791080.0	183640.0
5	2.75	46.0	94257337.0	-0.46818125744660694	594971.0	771564291.0	187645.0
5	2.75	47.0	93992116.0	-0.46686389048894245	633485.0	788337351.0	191801.0
5	2.75	48.0	93712969.0	-0.4654773523410161	674993.0	805110411.0	195957.0
5	2.75	49.0	93421576.0	-0.4640299876530965	719082.0	821883550.0	200034.0
5	2.75	50.0	93125147.0	-0.4625576088825862	765577.0	838656663.0	204137.0
5	2.75	51.0	92815561.0	-0.4610198785861333	815060.0	855429756.0	208260.0
5	2.75	52.0	92492244.0	-0.45941394567489624	868181.0	872202914.0	212318.0
5	2.75	53.0	92158953.0	-0.45775847136974335	924669.0	888976024.0	216424.0
5	2.75	54.0	91810999.0	-0.45603016515572864	984922.0	905749169.0	220495.0
5	2.75	55.0	91456338.0	-0.45426854491233826	1048983.0	922522384.0	224496.0
5	2.75	56.0	91088262.0	-0.4524402916431427	1116821.0	939295430.0	228666.0
5	2.75	57.0	90702147.0	-0.45052243769168854	1190072.0	956068518.0	232794.0
5	2.75	58.0	90301159.0	-0.448530708750089	1268340.0	972841643.0	236885.0
5	2.75	59.0	89886827.0	-0.44647269944349927	1351382.0	989614773.0	240971.0
5	2.75	60.0	89452198.0	-0.4443138738473256	1440961.0	1006387898.0	245062.0
5	2.75	61.0	89001678.0	-0.4420761168003082	1536846.0	1023161030.0	249146.0
5	2.75	62.0	88535141.0	-0.4397588024536769	1638806.0	1039934144.0	253248.0
5	2.75	63.0	88045213.0	-0.43732530375321704	1748499.0	1056707171.0	257437.0
5	2.75	64.0	87539473.0	-0.4348132659991582	1865838.0	1073480339.0	261485.0
5	2.75	65.0	87007101.0	-0.43216894567012787	1991880.0	1090253456.0	265584.0
5	2.75	66.0	86452790.0	-0.4294156531492869	2127754.0	1107026609.0	269647.0
5	2.75	67.0	85874872.0	-0.42654510339101154	2274166.0	1123799884.0	273588.0
5	2.75	68.0	85269696.0	-0.4235391616821289	2431856.0	1140573148.0	277540.0
5	2.75	69.0	84633283.0	-0.42037806411584216	2601496.0	1157346259.0	281645.0
5	2.75	70.0	83959707.0	-0.4170323759317398	2785147.0	1174119590.0	285530.0
5	2.75	71.0	83261990.0	-0.41356677810351056	2982952.0	1190892621.0	289715.0
5	2.75	72.0	82524705.0	-0.4099046438932419	3196638.0	1207665704.0	293848.0
5	2.75	73.0	81753886.0	-0.4060759445031484	3428261.0	1224438839.0	297929.0
5	2.75	74.0	80953549.0	-0.4021006276210149	3677929.0	1241211935.0	302049.0
5	2.75	75.0	80102133.0	-0.39787159860134125	3949688.0	1257985100.0	306100.0
5	2.75	76.0	79209891.0	-0.39343978464603424	4244226.0	1274758276.0	310140.0
5	2.75	77.0	78266820.0	-0.3887555003166199	4565612.0	1291531402.0	314230.0
5	2.75	78.0	77274240.0	-0.38382530212402344	4916299.0	1308304568.0	318280.0
5	2.75	79.0	76223046.0	-0.3786039650440216	5298312.0	1325077582.0	322482.0
5	2.75	80.0	75097726.0	-0.3730144401391347	5718895.0	1341850731.0	326549.0
5	2.75	81.0	73908408.0	-0.3671070337295532	6179556.0	1358623867.0	330629.0
5	2.75	82.0	72646725.0	-0.36084018647670746	6685374.0	1375397011.0	334701.0
5	2.75	83.0	71299863.0	-0.3541502505540848	7243254.0	1392170024.0	338904.0
5	2.75	84.0	69862256.0	-0.3470095793406169	7858671.0	1408943156.0	342988.0
5	2.75	85.0	68331210.0	-0.33940479159355164	8541364.0	1425716308.0	347052.0
5	2.75	86.0	66690762.0	-0.33125659823417664	9299760.0	1442489417.0	351159.0
5	2.75	87.0	64919533.0	-0.32245880862077075	10146241.0	1459262584.0	355208.0
5	2.75	88.0	63013092.0	-0.31298941373825073	11095389.0	1476035721.0	359287.0
5	2.75	89.0	60943228.0	-0.3027082880338033	12162587.0	1492808944.0	363280.0
5	2.75	90.0	58694877.0	-0.29154060781002045	13370898.0	1509582167.0	367273.0
5	2.75	91.0	56256918.0	-0.27943113446235657	14745866.0	1526355301.0	371355.0
5	2.75	92.0	53586957.0	-0.2661692947149277	16319376.0	1543128421.0	375451.0
5	2.75	93.0	50659973.0	-0.25163080791632336	18134177.0	1559901495.0	379593.0
5	2.75	94.0	47433803.0	-0.2356062481800715	20241526.0	1576674560.0	383744.0
5	2.75	95.0	43853396.0	-0.21782217423121134	22713345.0	1593447673.0	387847.0
5	2.75	96.0	39882431.0	-0.19809817771116892	25646663.0	1610220740.0	391996.0
5	2.75	97.0	35456862.0	-0.17611613869667053	29166581.0	1626993885.0	396067.0
5	2.75	98.0	30524452.0	-0.15161659320195517	33454070.0	1643767066.0	400102.0
5	2.75	99.0	25099939.0	-0.12467274566491444	38746525.0	1660540100.0	404284.0
5	2.75	100.0	19248243.0	-0.09560705721378326	45376639.0	1677313193.0	408407.0
6	2.7	1.0	100605877.0	-0.49971479674180347	2426.0	16773172.0	4044.0
6	2.7	2.0	100548753.0	-0.4994310587644577	4904.0	33546294.0	8138.0
6	2.7	3.0	100489983.0	-0.4991391450166702	7510.0	50319378.0	12270.0
6	2.7	4.0	100428429.0	-0.49883340299129486	10318.0	67092468.0	16396.0
6	2.7	5.0	100367465.0	-0.49853059152762097	13146.0	83865655.0	20425.0
6	2.7	6.0	100304808.0	-0.49821937084198	16143.0	100638890.0	24406.0
6	2.7	7.0	100236928.0	-0.4978822072347005	19465.0	117412010.0	28502.0
6	2.7	8.0	100168765.0	-0.4975436379512151	22884.0	134185156.0	32572.0
6	2.7	9.0	100099314.0	-0.4971986711025238	26435.0	150958277.0	36667.0
6	2.7	10.0	100027249.0	-0.4968407203753789	30241.0	167731501.0	40659.0
6	2.7	11.0	99954312.0	-0.49647843837738037	34197.0	184504539.0	44837.0
6	2.7	12.0	99877368.0	-0.49609625339508057	38483.0	201277612.0	48980.0
6	2.7	13.0	99799729.0	-0.4957106163104375	42897.0	218050681.0	53127.0
6	2.7	14.0	99719893.0	-0.49531406660874683	47537.0	234823747.0	57277.0
6	2.7	15.0	99639099.0	-0.4949127584695816	52392.0	251596687.0	61553.0
6	2.7	16.0	99555891.0	-0.49449945986270905	57529.0	268369848.0	65608.0
6	2.7	17.0	99469222.0	-0.4940689702828725	62907.0	285142942.0	69730.0
6	2.7	18.0	99382320.0	-0.4936373233795166	68456.0	301916050.0	73838.0
6	2.7	19.0	99292689.0	-0.493192121386528	74323.0	318689204.0	77900.0
6	2.7	20.0	99201619.0	-0.4927397718032201	80431.0	335462467.0	81853.0
6	2.7	21.0	99108832.0	-0.4922788937886556	86910.0	352235531.0	86005.0
6	2.7	22.0	99010288.0	-0.4917894204457601	93871.0	369008615.0	90137.0
6	2.7	23.0	98910193.0	-0.49129224320252735	101073.0	385781714.0	94254.0
6	2.7	24.0	98803848.0	-0.4907640218734741	108907.0	402554856.0	98328.0
6	2.7	25.0	98698146.0	-0.4902389943599701	116843.0	419328011.0	102389.0
6	2.7	26.0	98589559.0	-0.4896996368964513	125300.0	436101189.0	106427.0
6	2.7	27.0	98479366.0	-0.4891523023446401	134127.0	452874250.0	110582.0
6	2.7	28.0	98364502.0	-0.48858176668485004	143506.0	469647356.0	114692.0
6	2.7	29.0	98247158.0	-0.48799891273180646	153322.0	486420533.0	118731.0
6	2.7	30.0	98123964.0	-0.4873870015144348	163736.0	503193616.0	122864.0
6	2.7	31.0	97996136.0	-0.48675207297007245	174933.0	519966834.0	126862.0
6	2.7	32.0	97865528.0	-0.4861033360163371	186612.0	536740052.0	130860.0
6	2.7	33.0	97735189.0	-0.4854559352000554	198655.0	553513042.0	135086.0
6	2.7	34.0	97595965.0	-0.48476440211137134	211784.0	570286147.0	139197.0
6	2.7	35.0	97455219.0	-0.48406530916690826	225386.0	587059386.0	143174.0
6	2.7	36.0	97313907.0	-0.48336340487003326	239510.0	603832454.0	147322.0
6	2.7	37.0	97166528.0	-0.4826313654581706	254601.0	620605515.0	151477.0
6	2.7	38.0	97017277.0	-0.4818900277217229	270237.0	637378670.0	155538.0
6	2.7	39.0	96860784.0	-0.4811127185821533	286939.0	654151877.0	159547.0
6	2.7	40.0	96698804.0	-0.4803081552187602	304667.0	670925044.0	163596.0
6	2.7	41.0	96533213.0	-0.4794856558243434	323307.0	687698149.0	167707.0
6	2.7	42.0	96364125.0	-0.47864578664302826	342750.0	704471229.0	171843.0
6	2.7	43.0	96188103.0	-0.47777147591114044	363448.0	721244366.0	175922.0
6	2.7	44.0	96005345.0	-0.4768637071053187	385439.0	738017416.0	180088.0
6	2.7	45.0	95816886.0	-0.4759276211261749	408793.0	754790552.0	184168.0
6	2.7	46.0	95625806.0	-0.4749785164992015	432961.0	771563653.0	188283.0
6	2.7	47.0	95424599.0	-0.4739791105190913	458971.0	788336741.0	192411.0
6	2.7	48.0	95217496.0	-0.47295041879018146	486504.0	805109873.0	196495.0
6	2.7	49.0	95006031.0	-0.4719000607728958	515027.0	821882973.0	200611.0
6	2.7	50.0	94788910.0	-0.470821609099706	545469.0	838656158.0	204642.0
6	2.7	51.0	94562582.0	-0.4696974257628123	577544.0	855429278.0	208738.0
6	2.7	52.0	94329911.0	-0.4685417364041011	611746.0	872202400.0	212832.0
6	2.7	53.0	94091155.0	-0.46735582252343494	647768.0	888975480.0	216968.0
6	2.7	54.0	93843412.0	-0.4661252697308858	686035.0	905748666.0	220998.0
6	2.7	55.0	93588491.0	-0.46485906342665356	726405.0	922521936.0	224944.0
6	2.7	56.0	93323231.0	-0.46354150275389355	769488.0	939294985.0	229111.0
6	2.7	57.0	93047094.0	-0.46216991543769836	815077.0	956068124.0	233188.0
6	2.7	58.0	92765808.0	-0.4607727527618408	863411.0	972841321.0	237207.0
6	2.7	59.0	92474540.0	-0.45932600895563763	914262.0	989614453.0	241291.0
6	2.7	60.0	92170177.0	-0.45781422158082324	968690.0	1006387609.0	245351.0
6	2.7	61.0	91856971.0	-0.45625851054986316	1026248.0	1023160729.0	249447.0
6	2.7	62.0	91535075.0	-0.45465963582197827	1087183.0	1039933988.0	253404.0
6	2.7	63.0	91198189.0	-0.4529863049586614	1152360.0	1056707151.0	257457.0
6	2.7	64.0	90847037.0	-0.4512421141068141	1221888.0	1073480302.0	261522.0
6	2.7	65.0	90485943.0	-0.4494485408067703	1295487.0	1090253430.0	265610.0
6	2.7	66.0	90114985.0	-0.4476059724887212	1373493.0	1107026470.0	269786.0
6	2.7	67.0	89725374.0	-0.4456707537174225	1456721.0	1123799515.0	273957.0
6	2.7	68.0	89322846.0	-0.4436713755130768	1545164.0	1140572733.0	277955.0
6	2.7	69.0	88907363.0	-0.44160764912764233	1639646.0	1157345813.0	282091.0
6	2.7	70.0	88472500.0	-0.43944766124089557	1740714.0	1174118896.0	286224.0
6	2.7	71.0	88024386.0	-0.43722185492515564	1848090.0	1190892081.0	290255.0
6	2.7	72.0	87556121.0	-0.43489595750967663	1962776.0	1207665194.0	294358.0
6	2.7	73.0	87071320.0	-0.4324879248936971	2085643.0	1224438306.0	298462.0
6	2.7	74.0	86564733.0	-0.42997168004512787	2216287.0	1241211358.0	302626.0
6	2.7	75.0	86035591.0	-0.42734340329964954	2357098.0	1257984558.0	306642.0
6	2.7	76.0	85487220.0	-0.4246196150779724	2506607.0	1274757670.0	310746.0
6	2.7	77.0	84914938.0	-0.42177705963452655	2667184.0	1291530831.0	314801.0
6	2.7	78.0	84313240.0	-0.4187883933385213	2839471.0	1308304096.0	318752.0
6	2.7	79.0	83690001.0	-0.4156927317380905	3024186.0	1325077184.0	322880.0
6	2.7	80.0	83038165.0	-0.4124550273021062	3221949.0	1341850363.0	326917.0
6	2.7	81.0	82354961.0	-0.4090615163246791	3435844.0	1358623508.0	330988.0
6	2.7	82.0	81638308.0	-0.4055018623669942	3665851.0	1375396566.0	335146.0
6	2.7	83.0	80882827.0	-0.40174934764703113	3913780.0	1392169653.0	339275.0
6	2.7	84.0	80099812.0	-0.3978600700696309	4181779.0	1408942777.0	343367.0
6	2.7	85.0	79275557.0	-0.39376595119635266	4471066.0	1425715888.0	347472.0
6	2.7	86.0	78406453.0	-0.38944906493028003	4783549.0	1442489092.0	351484.0
6	2.7	87.0	77497815.0	-0.38493581116199493	5122141.0	1459262223.0	355569.0
6	2.7	88.0	76532066.0	-0.38013888398806256	5490215.0	1476035377.0	359631.0
6	2.7	89.0	75514163.0	-0.37508290509382886	5890371.0	1492808466.0	363758.0
6	2.7	90.0	74439858.0	-0.36974677443504333	6324463.0	1509581585.0	367855.0
6	2.7	91.0	73303291.0	-0.3641013850768407	6799487.0	1526354802.0	371854.0
6	2.7	92.0	72097072.0	-0.3581100304921468	7319738.0	1543128032.0	375840.0
6	2.7	93.0	70814593.0	-0.3517398883899053	7890415.0	1559901116.0	379972.0
6	2.7	94.0	69454263.0	-0.3449830561876297	8515367.0	1576674137.0	384167.0
6	2.7	95.0	68000511.0	-0.3377621918916702	9205984.0	1593447254.0	388266.0
6	2.7	96.0	66442012.0	-0.3300210436185201	9969539.0	1610220361.0	392375.0
6	2.7	97.0	64784423.0	-0.3217877099911372	10816658.0	1626993447.0	396505.0
6	2.7	98.0	62990400.0	-0.31287670135498047	11759980.0	1643766637.0	400531.0
6	2.7	99.0	61067905.0	-0.3033275653918584	12812789.0	1660539901.0	404483.0
6	2.7	100.0	58981469.0	-0.2929641256729762	13994791.0	1677313035.0	408565.0
7	2.65	1.0	100614303.0	-0.4997566491365433	2065.0	16773107.0	4109.0
7	2.65	2.0	100564700.0	-0.4995102683703105	4213.0	33546229.0	8203.0
7	2.65	3.0	100514947.0	-0.49926314254601795	6398.0	50319363.0	12285.0
7	2.65	4.0	100464692.0	-0.4990135232607524	8676.0	67092387.0	16477.0
7	2.65	5.0	100413355.0	-0.4987585296233495	11047.0	83865515.0	20565.0
7	2.65	6.0	100358588.0	-0.4984864989916484	13620.0	100638637.0	24659.0
7	2.65	7.0	100303311.0	-0.49821193516254425	16283.0	117411826.0	28686.0
7	2.65	8.0	100247394.0	-0.4979341924190521	19066.0	134184962.0	32766.0
7	2.65	9.0	100189226.0	-0.4976452688376109	21983.0	150958105.0	36839.0
7	2.65	10.0	100130276.0	-0.4973524610201518	25034.0	167731148.0	41012.0
7	2.65	11.0	100069326.0	-0.4970497190952301	28264.0	184504258.0	45118.0
7	2.65	12.0	100007025.0	-0.49674026668071747	31644.0	201277326.0	49266.0
7	2.65	13.0	99942480.0	-0.49641966819763184	35246.0	218050488.0	53320.0
7	2.65	14.0	99878637.0	-0.49610255658626556	38855.0	234823550.0	57474.0
7	2.65	15.0	99811636.0	-0.4957697590192159	42709.0	251596660.0	61580.0
7	2.65	16.0	99744458.0	-0.4954360822836558	46686.0	268369764.0	65692.0
7	2.65	17.0	99674854.0	-0.4950903554757436	50920.0	285142874.0	69798.0
7	2.65	18.0	99604466.0	-0.4947407344977061	55294.0	301915984.0	73904.0
7	2.65	19.0	99531790.0	-0.4943797489007314	59862.0	318689078.0	78026.0
7	2.65	20.0	99455749.0	-0.49400204916795093	64772.0	335462274.0	82046.0
7	2.65	21.0	99380098.0	-0.4936262865861257	69832.0	352235315.0	86221.0
7	2.65	22.0	99302249.0	-0.4932396064201991	75130.0	369008423.0	90329.0
7	2.65	23.0	99222317.0	-0.4928425798813502	80628.0	385781497.0	94471.0
7	2.65	24.0	99138763.0	-0.4924275626738866	86550.0	402554745.0	98439.0
7	2.65	25.0	99054226.0	-0.49200766285260517	92732.0	419327958.0	102442.0
7	2.65	26.0	98967370.0	-0.4915762444337209	99206.0	436101023.0	106593.0
7	2.65	27.0	98878725.0	-0.49113593995571136	105946.0	452874087.0	110745.0
7	2.65	28.0	98787235.0	-0.4906815042098363	113043.0	469647195.0	114853.0
7	2.65	29.0	98691612.0	-0.4902065396308899	120536.0	486420367.0	118897.0
7	2.65	30.0	98594643.0	-0.48972488939762115	128297.0	503193407.0	123073.0
7	2.65	31.0	98498570.0	-0.48924768964449566	136227.0	519966515.0	127181.0
7	2.65	32.0	98397930.0	-0.48874780535697937	144702.0	536739601.0	131311.0
7	2.65	33.0	98295858.0	-0.4882408082485199	153525.0	553512744.0	135384.0
7	2.65	34.0	98189475.0	-0.48771239817142487	163059.0	570285904.0	139440.0
7	2.65	35.0	98081159.0	-0.4871743867794673	172864.0	587058995.0	143565.0
7	2.65	36.0	97968156.0	-0.48661309480667114	183275.0	603832123.0	147653.0
7	2.65	37.0	97856757.0	-0.48605976998806	193937.0	620605312.0	151680.0
7	2.65	38.0	97739679.0	-0.4854782372713089	205229.0	637378572.0	155636.0
7	2.65	39.0	97620305.0	-0.4848853001991908	217068.0	654151625.0	159799.0
7	2.65	40.0	97496159.0	-0.484268660346667	229464.0	670924752.0	163888.0
7	2.65	41.0	97368593.0	-0.4836350331703822	242491.0	687697925.0	167931.0
7	2.65	42.0	97235903.0	-0.4829759548107783	256519.0	704471098.0	171974.0
7	2.65	43.0	97102033.0	-0.4823110153277715	271033.0	721244218.0	176070.0
7	2.65	44.0	96966099.0	-0.48163582384586334	286209.0	738017416.0	180088.0
7	2.65	45.0	96824243.0	-0.48093121747175854	302230.0	754790656.0	184064.0
7	2.65	46.0	96679982.0	-0.48021466533343	318894.0	771563808.0	188128.0
7	2.65	47.0	96530701.0	-0.47947317858537036	336491.0	788336920.0	192232.0
7	2.65	48.0	96376666.0	-0.47870807846387226	355053.0	805110130.0	196238.0
7	2.65	49.0	96216992.0	-0.4779149691263835	374730.0	821883205.0	200379.0
7	2.65	50.0	96054508.0	-0.47710790236790973	395325.0	838656258.0	204542.0
7	2.65	51.0	95890882.0	-0.4762951632340749	416684.0	855429311.0	208705.0
7	2.65	52.0	95717502.0	-0.47543397545814514	439435.0	872202430.0	212802.0
7	2.65	53.0	95540453.0	-0.4745545635620753	463302.0	888975527.0	216921.0
7	2.65	54.0	95360287.0	-0.473659669359525	488294.0	905748640.0	221024.0
7	2.65	55.0	95173775.0	-0.4727332542339961	514524.0	922521818.0	225062.0
7	2.65	56.0	94979977.0	-0.47177064915498096	542412.0	939295055.0	229041.0
7	2.65	57.0	94781382.0	-0.4707842171192169	571633.0	956068150.0	233162.0
7	2.65	58.0	94580017.0	-0.4697840263446172	602268.0	972841365.0	237163.0
7	2.65	59.0	94372077.0	-0.4687511771917343	634655.0	989614530.0	241214.0
7	2.65	60.0	94154715.0	-0.4676715284585953	668726.0	1006387720.0	245240.0
7	2.65	61.0	93934957.0	-0.46657997866471607	704535.0	1023160699.0	249477.0
7	2.65	62.0	93705135.0	-0.46543844044208527	742322.0	1039933800.0	253592.0
7	2.65	63.0	93470503.0	-0.46427301069100696	782310.0	1056707053.0	257555.0
7	2.65	64.0	93226125.0	-0.4630591720342636	824365.0	1073480088.0	261736.0
7	2.65	65.0	92974136.0	-0.46180752913157147	869145.0	1090253279.0	265761.0
7	2.65	66.0	92714687.0	-0.46051883200804394	916322.0	1107026350.0	269906.0
7	2.65	67.0	92452450.0	-0.45921628673871356	965707.0	1123799582.0	273890.0
7	2.65	68.0	92175645.0	-0.4578413814306259	1017921.0	1140572734.0	277954.0
7	2.65	69.0	91894707.0	-0.45644594728946686	1073127.0	1157345837.0	282067.0
7	2.65	70.0	91602782.0	-0.4549959401289622	1131516.0	1174119022.0	286098.0
7	2.65	71.0	91297704.0	-0.45348060131073	1193640.0	1190892169.0	290167.0
7	2.65	72.0	90986114.0	-0.45193291703859967	1258824.0	1207665321.0	294231.0
7	2.65	73.0	90666168.0	-0.4503437280654907	1327853.0	1224438405.0	298363.0
7	2.65	74.0	90337294.0	-0.4487101932366689	1400715.0	1241211616.0	302368.0
7	2.65	75.0	89994182.0	-0.4470059374968211	1478184.0	1257984745.0	306455.0
7	2.65	76.0	89639264.0	-0.44524304072062176	1560183.0	1274757830.0	310586.0
7	2.65	77.0	89271636.0	-0.4434170126914978	1646726.0	1291530941.0	314691.0
7	2.65	78.0	88887846.0	-0.44151070713996887	1739068.0	1308304067.0	318781.0
7	2.65	79.0	88488808.0	-0.4395286639531453	1837080.0	1325077194.0	322870.0
7	2.65	80.0	88078741.0	-0.4374918391307195	1941338.0	1341850244.0	327036.0
7	2.65	81.0	87654787.0	-0.4353860368331273	2051285.0	1358623423.0	331073.0
7	2.65	82.0	87213824.0	-0.4331957499186198	2168647.0	1375396508.0	335204.0
7	2.65	83.0	86755776.0	-0.4309206008911133	2293691.0	1392169603.0	339325.0
7	2.65	84.0	86280636.0	-0.4285605549812317	2426878.0	1408942669.0	343475.0
7	2.65	85.0	85790362.0	-0.42612533768018085	2568421.0	1425715849.0	347511.0
7	2.65	86.0	85280037.0	-0.4235905259847641	2718401.0	1442488930.0	351646.0
7	2.65	87.0	84749757.0	-0.4209565967321396	2878703.0	1459261947.0	355845.0
7	2.65	88.0	84200600.0	-0.4182289044062297	3049120.0	1476035003.0	360005.0
7	2.65	89.0	83626696.0	-0.41537829240163165	3231552.0	1492808199.0	364025.0
7	2.65	90.0	83030466.0	-0.4124167859554291	3426490.0	1509581278.0	368162.0
7	2.65	91.0	82399735.0	-0.4092839111884435	3635419.0	1526354376.0	372280.0
7	2.65	92.0	81742658.0	-0.4060201744238536	3858718.0	1543127516.0	376356.0
7	2.65	93.0	81063676.0	-0.40264763434727985	4098087.0	1559900546.0	380542.0
7	2.65	94.0	80346066.0	-0.3990832269191742	4354621.0	1576673600.0	384704.0
7	2.65	95.0	79599320.0	-0.3953740994135539	4631617.0	1593446824.0	388696.0
7	2.65	96.0	78815260.0	-0.39147963126500446	4928297.0	1610219964.0	392772.0
7	2.65	97.0	77996834.0	-0.38741446534792584	5247607.0	1626993000.0	396952.0
7	2.65	98.0	77135604.0	-0.38313668966293335	5593306.0	1643766137.0	401031.0
7	2.65	99.0	76236712.0	-0.3786718448003133	5964397.0	1660539356.0	405028.0
7	2.65	100.0	75287642.0	-0.373957763115565	6366492.0	1677312514.0	409086.0
8	2.6	1.0	100621538.0	-0.4997925857702891	1759.0	16773062.0	4154.0
8	2.6	2.0	100580107.0	-0.4995867957671483	3548.0	33546106.0	8326.0
8	2.6	3.0	100538513.0	-0.4993801961342494	5374.0	50319288.0	12360.0
8	2.6	4.0	100495026.0	-0.4991641938686371	7330.0	67092417.0	16447.0
8	2.6	5.0	100451844.0	-0.49894970655441284	9322.0	83865575.0	20505.0
8	2.6	6.0	100406964.0	-0.4987267851829529	11434.0	100638580.0	24716.0
8	2.6	7.0	100361269.0	-0.4984998156627019	13640.0	117411715.0	28797.0
8	2.6	8.0	100314222.0	-0.4982661306858063	15947.0	134184908.0	32820.0
8	2.6	9.0	100268199.0	-0.49803753197193146	18251.0	150957948.0	36996.0
8	2.6	10.0	100221138.0	-0.49780377745628357	20695.0	167731022.0	41138.0
8	2.6	11.0	100172025.0	-0.4975598305463791	23244.0	184504257.0	45119.0
8	2.6	12.0	100122559.0	-0.49731413026650745	25863.0	201277401.0	49191.0
8	2.6	13.0	100070933.0	-0.4970577011505763	28640.0	218050510.0	53298.0
8	2.6	14.0	100017696.0	-0.496793270111084	31587.0	234823647.0	57377.0
8	2.6	15.0	99962227.0	-0.49651775260766345	34723.0	251596721.0	61519.0
8	2.6	16.0	99905895.0	-0.49623794853687286	37982.0	268369795.0	65661.0
8	2.6	17.0	99848514.0	-0.49595293402671814	41328.0	285142898.0	69774.0
8	2.6	18.0	99790710.0	-0.4956658184528351	44805.0	301915964.0	73924.0
8	2.6	19.0	99732059.0	-0.49537449578444165	48444.0	318688949.0	78155.0
8	2.6	20.0	99671807.0	-0.4950752208630244	52189.0	335462166.0	82154.0
8	2.6	21.0	99609816.0	-0.49476730823516846	56098.0	352235286.0	86250.0
8	2.6	22.0	99546692.0	-0.494453767935435	60205.0	369008461.0	90291.0
8	2.6	23.0	99484163.0	-0.49414318303267163	64349.0	385781444.0	94524.0
8	2.6	24.0	99417050.0	-0.49380982915560406	68964.0	402554663.0	98521.0
8	2.6	25.0	99349488.0	-0.49347424507141113	73688.0	419327916.0	102484.0
8	2.6	26.0	99281405.0	-0.49313607315222424	78481.0	436100943.0	106673.0
8	2.6	27.0	99210932.0	-0.49278602997461957	83607.0	452874186.0	110646.0
8	2.6	28.0	99136948.0	-0.4924185474713643	89018.0	469647303.0	114745.0
8	2.6	29.0	99064848.0	-0.49206042289733887	94526.0	486420422.0	118842.0
8	2.6	30.0	98989770.0	-0.49168750643730164	100321.0	503193446.0	123034.0
8	2.6	31.0	98914423.0	-0.49131325383981067	106318.0	519966566.0	127130.0
8	2.6	32.0	98833554.0	-0.4909115731716156	112763.0	536739661.0	131251.0
8	2.6	33.0	98750848.0	-0.4905007680257161	119478.0	553512859.0	135269.0
8	2.6	34.0	98666369.0	-0.49008115629355115	126544.0	570286031.0	139313.0
8	2.6	35.0	98582215.0	-0.48966315885384876	133732.0	587059176.0	143384.0
8	2.6	36.0	98495326.0	-0.48923157652219135	141264.0	603832394.0	147382.0
8	2.6	37.0	98408728.0	-0.48880143960316974	149029.0	620605404.0	151588.0
8	2.6	38.0	98317249.0	-0.48834705849488574	157142.0	637378470.0	155738.0
8	2.6	39.0	98222714.0	-0.487877498070399	165664.0	654151590.0	159834.0
8	2.6	40.0	98126379.0	-0.48739899694919586	174788.0	670924613.0	164027.0
8	2.6	41.0	98029125.0	-0.4869159311056137	184200.0	687697659.0	168197.0
8	2.6	42.0	97929882.0	-0.48642298579216003	193910.0	704470897.0	172175.0
8	2.6	43.0	97829859.0	-0.48592616617679596	203974.0	721244012.0	176276.0
8	2.6	44.0	97726894.0	-0.48541473348935443	214482.0	738017135.0	180369.0
8	2.6	45.0	97619009.0	-0.48487886289755505	225605.0	754790277.0	184443.0
8	2.6	46.0	97508779.0	-0.48433134456475574	237126.0	771563345.0	188591.0
8	2.6	47.0	97396432.0	-0.48377331097920734	249228.0	788336469.0	192683.0
8	2.6	48.0	97281149.0	-0.48320069412390393	262046.0	805109551.0	196817.0
8	2.6	49.0	97165425.0	-0.48262588679790497	275159.0	821882644.0	200940.0
8	2.6	50.0	97045445.0	-0.4820299396912257	289059.0	838655722.0	205078.0
8	2.6	51.0	96922471.0	-0.48141912122567493	303463.0	855428778.0	209238.0
8	2.6	52.0	96795898.0	-0.4807904263337453	318743.0	872201912.0	213320.0
8	2.6	53.0	96665158.0	-0.4801410337289174	334656.0	888975047.0	217401.0
8	2.6	54.0	96531359.0	-0.4794764469067256	351347.0	905748271.0	221393.0
8	2.6	55.0	96396228.0	-0.4788052439689636	368596.0	922521354.0	225526.0
8	2.6	56.0	96256935.0	-0.4781133681535721	386932.0	939294462.0	229634.0
8	2.6	57.0	96113701.0	-0.47740191717942554	405914.0	956067622.0	233690.0
8	2.6	58.0	95966309.0	-0.4766698131958644	425954.0	972840731.0	237797.0
8	2.6	59.0	95813783.0	-0.4759122083584468	447208.0	989613790.0	241954.0
8	2.6	60.0	95660451.0	-0.47515060007572174	469001.0	1006386948.0	246012.0
8	2.6	61.0	95502827.0	-0.4743676731983821	491888.0	1023160036.0	250140.0
8	2.6	62.0	95338215.0	-0.4735500365495682	516033.0	1039933096.0	254296.0
8	2.6	63.0	95171613.0	-0.47272251546382904	541166.0	1056706213.0	258395.0
8	2.6	64.0	95000941.0	-0.47187477846940357	567390.0	1073479398.0	262426.0
8	2.6	65.0	94823135.0	-0.4709916065136592	595091.0	1090252486.0	266554.0
8	2.6	66.0	94641759.0	-0.47009070217609406	624198.0	1107025655.0	270601.0
8	2.6	67.0	94457538.0	-0.46917566657066345	654606.0	1123798702.0	274770.0
8	2.6	68.0	94267186.0	-0.46823017795880634	686578.0	1140571780.0	278908.0
8	2.6	69.0	94070823.0	-0.4672548323869705	720189.0	1157344887.0	283017.0
8	2.6	70.0	93869869.0	-0.46625668307145435	755501.0	1174118100.0	287020.0
8	2.6	71.0	93661602.0	-0.46522220969200134	792158.0	1190891112.0	291224.0
8	2.6	72.0	93449890.0	-0.46417062481244403	830605.0	1207664257.0	295295.0
8	2.6	73.0	93229980.0	-0.4630783200263977	871509.0	1224437462.0	299306.0
8	2.6	74.0	93002077.0	-0.4619463135798772	914488.0	1241210476.0	303508.0
8	2.6	75.0	92768954.0	-0.46078837911287945	959448.0	1257983586.0	307614.0
8	2.6	76.0	92530764.0	-0.45960527658462524	1006395.0	1274756679.0	311737.0
8	2.6	77.0	92283054.0	-0.45837488770484924	1056242.0	1291529758.0	315874.0
8	2.6	78.0	92030675.0	-0.4571213076512019	1108480.0	1308302870.0	319978.0
8	2.6	79.0	91770431.0	-0.455828661719958	1163200.0	1325075865.0	324199.0
8	2.6	80.0	91504407.0	-0.4545073062181473	1220710.0	1341848939.0	328341.0
8	2.6	81.0	91229364.0	-0.45314115285873413	1281294.0	1358621998.0	332498.0
8	2.6	82.0	90945628.0	-0.4517318209012349	1345327.0	1375395119.0	336593.0
8	2.6	83.0	90652571.0	-0.4502761910359065	1412402.0	1392168121.0	340807.0
8	2.6	84.0	90353017.0	-0.44878829022248584	1483206.0	1408941280.0	344864.0
8	2.6	85.0	90039260.0	-0.44722984234491986	1557778.0	1425714345.0	349015.0
8	2.6	86.0	89718126.0	-0.44563475251197815	1636653.0	1442487506.0	353070.0
8	2.6	87.0	89381217.0	-0.4439613074064255	1720017.0	1459260697.0	357095.0
8	2.6	88.0	89037777.0	-0.4422554224729538	1807947.0	1476033793.0	361215.0
8	2.6	89.0	88683869.0	-0.44049754242102307	1900023.0	1492806900.0	365324.0
8	2.6	90.0	88317771.0	-0.43867911398410797	1997770.0	1509579932.0	369508.0
8	2.6	91.0	87938128.0	-0.43679340680440265	2101511.0	1526352974.0	373682.0
8	2.6	92.0	87545136.0	-0.4348413944244385	2210818.0	1543126104.0	377768.0
8	2.6	93.0	87140349.0	-0.4328307956457138	2326525.0	1559899111.0	381977.0
8	2.6	94.0	86724480.0	-0.43076515197753906	2449078.0	1576672187.0	386117.0
8	2.6	95.0	86295384.0	-0.42863380908966064	2578430.0	1593445269.0	390251.0
8	2.6	96.0	85852353.0	-0.4264332503080368	2714830.0	1610218197.0	394539.0
8	2.6	97.0	85389239.0	-0.42413293818632763	2859596.0	1626991283.0	398669.0
8	2.6	98.0	84909826.0	-0.42175166805585224	3013673.0	1643764410.0	402758.0
8	2.6	99.0	84414171.0	-0.4192897230386734	3177379.0	1660537577.0	406807.0
8	2.6	100.0	83894718.0	-0.4167095720767975	3350923.0	1677310667.0	410933.0
9	2.55	1.0	100630914.0	-0.4998391568660736	1361.0	16773111.0	4105.0
9	2.55	2.0	100598119.0	-0.4996762623389562	2779.0	33546300.0	8132.0
9	2.55	3.0	100562191.0	-0.49949780603249866	4335.0	50319430.0	12218.0
9	2.55	4.0	100526407.0	-0.49932006498177844	5927.0	67092543.0	16321.0
9	2.55	5.0	100490446.0	-0.4991414447625478	7555.0	83865718.0	20362.0
9	2.55	6.0	100453294.0	-0.4989569087823232	9308.0	100638830.0	24466.0
9	2.55	7.0	100415137.0	-0.49876738091309863	11111.0	117411992.0	28520.0
9	2.55	8.0	100377504.0	-0.4985804557800293	12922.0	134185171.0	32557.0
9	2.55	9.0	100340180.0	-0.4983950654665629	14739.0	150958503.0	36441.0
9	2.55	10.0	100299056.0	-0.49819080034891766	16794.0	167731608.0	40552.0
9	2.55	11.0	100259196.0	-0.4979928135871887	18843.0	184504733.0	44643.0
9	2.55	12.0	100219392.0	-0.49779510498046875	20893.0	201277828.0	48764.0
9	2.55	13.0	100178119.0	-0.4975900997718175	23041.0	218050840.0	52968.0
9	2.55	14.0	100136610.0	-0.4973839223384857	25280.0	234823897.0	57127.0
9	2.55	15.0	100093616.0	-0.497170368830363	27624.0	251597045.0	61195.0
9	2.55	16.0	100048581.0	-0.49694667756557465	30113.0	268370160.0	65296.0
9	2.55	17.0	100002146.0	-0.49671603242556256	32773.0	285143272.0	69400.0
9	2.55	18.0	99955458.0	-0.4964841306209564	35408.0	301916351.0	73537.0
9	2.55	19.0	99908486.0	-0.49625081817309064	38134.0	318689570.0	77534.0
9	2.55	20.0	99860347.0	-0.4960117091735204	41004.0	335462749.0	81571.0
9	2.55	21.0	99812794.0	-0.4957755108674367	43932.0	352235924.0	85612.0
9	2.55	22.0	99763723.0	-0.49553177257378894	47028.0	369009084.0	89668.0
9	2.55	23.0	99712117.0	-0.4952754427989324	50305.0	385782299.0	93669.0
9	2.55	24.0	99659419.0	-0.49501368900140125	53728.0	402555495.0	97689.0
9	2.55	25.0	99606064.0	-0.49474867184956867	57271.0	419328654.0	101746.0
9	2.55	26.0	99551234.0	-0.4944763282934825	60934.0	436101776.0	105840.0
9	2.55	27.0	99494847.0	-0.49419625103473663	64798.0	452874930.0	109902.0
9	2.55	28.0	99439587.0	-0.49392177164554596	68742.0	469648009.0	114039.0
9	2.55	29.0	99381024.0	-0.49363088607788086	72821.0	486421069.0	118195.0
9	2.55	30.0	99322458.0	-0.49333998560905457	77091.0	503194153.0	122327.0
9	2.55	31.0	99262220.0	-0.4930407802263896	81521.0	519967159.0	126537.0
9	2.55	32.0	99200185.0	-0.49273264904816944	86141.0	536740200.0	130712.0
9	2.55	33.0	99137988.0	-0.4924237132072449	90913.0	553513339.0	134789.0
9	2.55	34.0	99076204.0	-0.4921168287595113	95798.0	570286390.0	138954.0
9	2.55	35.0	99012431.0	-0.49180006484190625	100824.0	587059479.0	143081.0
9	2.55	36.0	98946112.0	-0.4914706548055013	106204.0	603832653.0	147123.0
9	2.55	37.0	98878650.0	-0.4911355674266815	111783.0	620605750.0	151242.0
9	2.55	38.0	98811775.0	-0.490803395708402	117450.0	637378811.0	155397.0
9	2.55	39.0	98741165.0	-0.49045267204443616	123492.0	654151927.0	159497.0
9	2.55	40.0	98669320.0	-0.4900958140691121	129779.0	670924949.0	163691.0
9	2.55	41.0	98594822.0	-0.4897257785002391	136401.0	687698019.0	167837.0
9	2.55	42.0	98519737.0	-0.4893528272708257	143230.0	704471092.0	171980.0
9	2.55	43.0	98441742.0	-0.4889654219150543	150391.0	721244218.0	176070.0
9	2.55	44.0	98361690.0	-0.4885677993297577	157872.0	738017297.0	180207.0
9	2.55	45.0	98283001.0	-0.4881769468386968	165458.0	754790380.0	184340.0
9	2.55	46.0	98200552.0	-0.48776741822560626	173558.0	771563465.0	188471.0
9	2.55	47.0	98117842.0	-0.4873565932114919	181830.0	788336558.0	192594.0
9	2.55	48.0	98031451.0	-0.48692748447259265	190578.0	805109505.0	196863.0
9	2.55	49.0	97943810.0	-0.48649216691652936	199511.0	821882652.0	200932.0
9	2.55	50.0	97855749.0	-0.48605476319789886	208795.0	838655691.0	205109.0
9	2.55	51.0	97765418.0	-0.4856060842672984	218483.0	855428747.0	209269.0
9	2.55	52.0	97672582.0	-0.485144962867101	228549.0	872201806.0	213426.0
9	2.55	53.0	97576875.0	-0.4846695810556412	239109.0	888974998.0	217450.0
9	2.55	54.0	97478662.0	-0.4841817518075307	249976.0	905748112.0	221552.0
9	2.55	55.0	97381079.0	-0.483697051803271	261322.0	922521219.0	225661.0
9	2.55	56.0	97279478.0	-0.48319239417711896	273163.0	939294366.0	229730.0
9	2.55	57.0	97176381.0	-0.4826803058385849	285442.0	956067475.0	233837.0
9	2.55	58.0	97069603.0	-0.482149933775266	298428.0	972840645.0	237883.0
9	2.55	59.0	96958673.0	-0.48159893850485486	311821.0	989613782.0	241962.0
9	2.55	60.0	96844014.0	-0.4810294210910797	326042.0	1006386962.0	245998.0
9	2.55	61.0	96731790.0	-0.48047199845314026	340595.0	1023160156.0	250020.0
9	2.55	62.0	96613651.0	-0.47988519569238025	355976.0	1039933252.0	254140.0
9	2.55	63.0	96493504.0	-0.47928841908772785	371830.0	1056706321.0	258287.0
9	2.55	64.0	96370326.0	-0.47867658734321594	388792.0	1073479466.0	262358.0
9	2.55	65.0	96243553.0	-0.47804689904054004	406273.0	1090252672.0	266368.0
9	2.55	66.0	96118503.0	-0.4774257689714432	424294.0	1107025734.0	270522.0
9	2.55	67.0	95985886.0	-0.47676705320676166	443265.0	1123798808.0	274664.0
9	2.55	68.0	95851097.0	-0.47609754900137585	463049.0	1140571923.0	278765.0
9	2.55	69.0	95714239.0	-0.47541776796181995	483558.0	1157344953.0	282951.0
9	2.55	70.0	95571506.0	-0.47470880548159283	504996.0	1174118024.0	287096.0
9	2.55	71.0	95427911.0	-0.4739955614010493	527300.0	1190891158.0	291178.0
9	2.55	72.0	95284476.0	-0.4732831120491028	550571.0	1207664179.0	295373.0
9	2.55	73.0	95134287.0	-0.4725371152162552	575010.0	1224437369.0	299399.0
9	2.55	74.0	94979856.0	-0.4717700481414795	600801.0	1241210539.0	303445.0
9	2.55	75.0	94820773.0	-0.47097987433274585	627443.0	1257983667.0	307533.0
9	2.55	76.0	94657833.0	-0.4701705425977707	654920.0	1274756929.0	311487.0
9	2.55	77.0	94491364.0	-0.4693436821301778	683961.0	1291530090.0	315542.0
9	2.55	78.0	94318845.0	-0.4684867709875107	714522.0	1308303175.0	319673.0
9	2.55	79.0	94144311.0	-0.467619851231575	745818.0	1325076317.0	323747.0
9	2.55	80.0	93966833.0	-0.46673830846945447	778745.0	1341849405.0	327875.0
9	2.55	81.0	93783148.0	-0.4658259352048238	813161.0	1358622583.0	331913.0
9	2.55	82.0	93596878.0	-0.4649007221062978	848987.0	1375395663.0	336049.0
9	2.55	83.0	93403192.0	-0.4639386733373006	886842.0	1392168816.0	340112.0
9	2.55	84.0	93204358.0	-0.46295105417569477	926383.0	1408941912.0	344232.0
9	2.55	85.0	93001689.0	-0.4619443863630295	967730.0	1425715161.0	348199.0
9	2.55	86.0	92796262.0	-0.4609240194161733	1011006.0	1442488283.0	352293.0
9	2.55	87.0	92581444.0	-0.4598570068677266	1056457.0	1459261327.0	356465.0
9	2.55	88.0	92362192.0	-0.45876797040303546	1103593.0	1476034447.0	360561.0
9	2.55	89.0	92138433.0	-0.45765654742717743	1152604.0	1492807553.0	364671.0
9	2.55	90.0	91907918.0	-0.45651156703631085	1204225.0	1509580649.0	368791.0
9	2.55	91.0	91671230.0	-0.45533592502276105	1257933.0	1526353767.0	372889.0
9	2.55	92.0	91426609.0	-0.45412087937196094	1314787.0	1543126909.0	376963.0
9	2.55	93.0	91175179.0	-0.45287201305230457	1374666.0	1559900144.0	380944.0
9	2.55	94.0	90920302.0	-0.45160602529843646	1436741.0	1576673238.0	385066.0
9	2.55	95.0	90655999.0	-0.4502932180960973	1502035.0	1593446355.0	389165.0
9	2.55	96.0	90383570.0	-0.44894004861513775	1570274.0	1610219459.0	393277.0
9	2.55	97.0	90102151.0	-0.4475422253211339	1642415.0	1626992694.0	397258.0
9	2.55	98.0	89811400.0	-0.4460980494817098	1717973.0	1643765692.0	401476.0
9	2.55	99.0	89515167.0	-0.4446266442537308	1796552.0	1660538690.0	405694.0
9	2.55	100.0	89214669.0	-0.44313405454158783	1879266.0	1677311840.0	409760.0
10	2.5	1.0	100635508.0	-0.4998619755109151	1167.0	16773161.0	4055.0
10	2.5	2.0	100607414.0	-0.4997224311033885	2367.0	33546326.0	8106.0
10	2.5	3.0	100579603.0	-0.49958429237206775	3574.0	50319447.0	12201.0
10	2.5	4.0	100550918.0	-0.49944181243578595	4841.0	67092559.0	16305.0
10	2.5	5.0	100522835.0	-0.49930232266585034	6115.0	83865646.0	20434.0
10	2.5	6.0	100491030.0	-0.4991443455219269	7572.0	100638723.0	24573.0
10	2.5	7.0	100459547.0	-0.49898796776930493	9042.0	117411884.0	28628.0
10	2.5	8.0	100429744.0	-0.4988399346669515	10464.0	134184985.0	32743.0
10	2.5	9.0	100398749.0	-0.4986859808365504	11984.0	150958185.0	36759.0
10	2.5	10.0	100367144.0	-0.49852899710337323	13523.0	167731333.0	40827.0
10	2.5	11.0	100334077.0	-0.49836475153764087	15187.0	184504410.0	44966.0
10	2.5	12.0	100300085.0	-0.49819591144720715	16920.0	201277472.0	49120.0
10	2.5	13.0	100264230.0	-0.498017817735672	18754.0	218050593.0	53215.0
10	2.5	14.0	100229579.0	-0.49784570435682934	20563.0	234823641.0	57383.0
10	2.5	15.0	100193445.0	-0.49766622483730316	22482.0	251596819.0	61421.0
10	2.5	16.0	100158764.0	-0.49749396244684857	24366.0	268369944.0	65512.0
10	2.5	17.0	100122899.0	-0.4973158190647761	26349.0	285143127.0	69545.0
10	2.5	18.0	100085870.0	-0.49713189403216046	28441.0	301916383.0	73505.0
10	2.5	19.0	100047559.0	-0.49694160123666126	30643.0	318689560.0	77544.0
10	2.5	20.0	100007973.0	-0.4967449754476547	32953.0	335462688.0	81632.0
10	2.5	21.0	99970271.0	-0.49655770758787793	35208.0	352235887.0	85649.0
10	2.5	22.0	99930670.0	-0.49636100729306537	37648.0	369009051.0	89701.0
10	2.5	23.0	99889898.0	-0.49615849057833356	40173.0	385782136.0	93832.0
10	2.5	24.0	99849142.0	-0.49595605333646137	42733.0	402555225.0	97959.0
10	2.5	25.0	99807104.0	-0.49574724833170575	45396.0	419328309.0	102091.0
10	2.5	26.0	99765698.0	-0.49554158250490826	48131.0	436101309.0	106307.0
10	2.5	27.0	99721136.0	-0.49532024065653485	51001.0	452874443.0	110389.0
10	2.5	28.0	99677879.0	-0.49510538081328076	53883.0	469647553.0	114495.0
10	2.5	29.0	99633224.0	-0.49488357702891034	56912.0	486420681.0	118583.0
10	2.5	30.0	99584990.0	-0.49464399615923565	60211.0	503193773.0	122707.0
10	2.5	31.0	99536811.0	-0.4944046884775162	63532.0	519966860.0	126836.0
10	2.5	32.0	99487851.0	-0.4941615015268326	67011.0	536739997.0	130915.0
10	2.5	33.0	99440187.0	-0.49392475187778473	70501.0	553513124.0	135004.0
10	2.5	34.0	99389570.0	-0.4936733345190684	74230.0	570286108.0	139236.0
10	2.5	35.0	99338151.0	-0.4934179335832596	78084.0	587059284.0	143276.0
10	2.5	36.0	99286099.0	-0.49315938850243884	82095.0	603832472.0	147304.0
10	2.5	37.0	99232121.0	-0.4928912768761317	86305.0	620605664.0	151328.0
10	2.5	38.0	99177717.0	-0.492621049284935	90565.0	637378800.0	155408.0
10	2.5	39.0	99123473.0	-0.4923516164223353	94956.0	654151916.0	159508.0
10	2.5	40.0	99066098.0	-0.492066631714503	99614.0	670925088.0	163552.0
10	2.5	41.0	99010838.0	-0.4917921523253123	104177.0	687698247.0	167609.0
10	2.5	42.0	98952062.0	-0.49150020877520245	109066.0	704471487.0	171585.0
10	2.5	43.0	98893944.0	-0.49121153354644775	114092.0	721244620.0	175668.0
10	2.5	44.0	98833796.0	-0.4909127751986186	119404.0	738017654.0	179850.0
10	2.5	45.0	98772822.0	-0.49060991406440735	124834.0	754790735.0	183985.0
10	2.5	46.0	98709282.0	-0.49029430747032166	130505.0	771563831.0	188105.0
10	2.5	47.0	98644821.0	-0.48997412621974945	136437.0	788336849.0	192303.0
10	2.5	48.0	98580351.0	-0.48965390026569366	142427.0	805110092.0	196276.0
10	2.5	49.0	98514806.0	-0.48932833472887677	148700.0	821883323.0	200261.0
10	2.5	50.0	98447730.0	-0.48899516463279724	155258.0	838656572.0	204228.0
10	2.5	51.0	98379204.0	-0.4886547923088074	162001.0	855429762.0	208254.0
10	2.5	52.0	98309760.0	-0.4883098602294922	168988.0	872202774.0	212458.0
10	2.5	53.0	98238584.0	-0.48795632521311444	176263.0	888975943.0	216505.0
10	2.5	54.0	98166965.0	-0.4876005897919337	183642.0	905749033.0	220631.0
10	2.5	55.0	98093752.0	-0.4872369368871053	191255.0	922522271.0	224609.0
10	2.5	56.0	98018451.0	-0.486862912774086	199263.0	939295392.0	228704.0
10	2.5	57.0	97942555.0	-0.48648593326409656	207514.0	956068556.0	232756.0
10	2.5	58.0	97863926.0	-0.4860953787962596	216223.0	972841810.0	236718.0
10	2.5	59.0	97781983.0	-0.48568836351235706	225290.0	989614905.0	240839.0
10	2.5	60.0	97701856.0	-0.4852903683980306	234572.0	1006388039.0	244921.0
10	2.5	61.0	97616143.0	-0.48486462732156116	244460.0	1023161164.0	249012.0
10	2.5	62.0	97533206.0	-0.4844526747862498	254329.0	1039934209.0	253183.0
10	2.5	63.0	97448239.0	-0.4840306391318639	264738.0	1056707279.0	257329.0
10	2.5	64.0	97359752.0	-0.48359111944834393	275646.0	1073480368.0	261456.0
10	2.5	65.0	97267963.0	-0.4831351985534032	286966.0	1090253457.0	265583.0
10	2.5	66.0	97175515.0	-0.4826760043700536	298686.0	1107026480.0	269776.0
10	2.5	67.0	97082578.0	-0.4822143812974294	310668.0	1123799532.0	273940.0
10	2.5	68.0	96984761.0	-0.48172851900259656	323369.0	1140572579.0	278109.0
10	2.5	69.0	96887811.0	-0.4812469631433487	336309.0	1157345744.0	282160.0
10	2.5	70.0	96789328.0	-0.4807577927907308	349833.0	1174118831.0	286289.0
10	2.5	71.0	96685567.0	-0.48024240632851917	364065.0	1190892167.0	290169.0
10	2.5	72.0	96582055.0	-0.47972825666268665	378668.0	1207665321.0	294231.0
10	2.5	73.0	96476726.0	-0.4792050818602244	393941.0	1224438517.0	298251.0
10	2.5	74.0	96368098.0	-0.4786655207475026	409618.0	1241211622.0	302362.0
10	2.5	75.0	96254393.0	-0.4781007419029872	426144.0	1257984801.0	306399.0
10	2.5	76.0	96141017.0	-0.4775375972191493	443161.0	1274757870.0	310546.0
10	2.5	77.0	96024624.0	-0.4769594669342041	460935.0	1291531011.0	314621.0
10	2.5	78.0	95908692.0	-0.47638362646102905	479031.0	1308304140.0	318708.0
10	2.5	79.0	95790435.0	-0.47579623758792877	497971.0	1325077213.0	322851.0
10	2.5	80.0	95667156.0	-0.47518390417099	517662.0	1341850319.0	326961.0
10	2.5	81.0	95542658.0	-0.4745655159155528	538286.0	1358623419.0	331077.0
10	2.5	82.0	95416299.0	-0.47393788397312164	559620.0	1375396518.0	335194.0
10	2.5	83.0	95283792.0	-0.4732797145843506	581857.0	1392169675.0	339253.0
10	2.5	84.0	95149872.0	-0.4726145267486572	604955.0	1408942866.0	343278.0
10	2.5	85.0	95011765.0	-0.47192854185899097	629176.0	1425716063.0	347297.0
10	2.5	86.0	94871816.0	-0.47123340765635174	654156.0	1442489157.0	351419.0
10	2.5	87.0	94728820.0	-0.4705231388409932	680089.0	1459262311.0	355481.0
10	2.5	88.0	94581370.0	-0.4697907467683156	707161.0	1476035519.0	359489.0
10	2.5	89.0	94433430.0	-0.4690559208393097	735152.0	1492808545.0	363679.0
10	2.5	90.0	94282476.0	-0.46830612421035767	764344.0	1509581782.0	367658.0
10	2.5	91.0	94124097.0	-0.46751944720745087	795101.0	1526354877.0	371779.0
10	2.5	92.0	93965229.0	-0.46673034131526947	826510.0	1543128086.0	375786.0
10	2.5	93.0	93800371.0	-0.4659114827712377	859819.0	1559901239.0	379849.0
10	2.5	94.0	93633142.0	-0.465080847342809	894077.0	1576674414.0	383890.0
10	2.5	95.0	93461780.0	-0.464229683081309	929916.0	1593447520.0	388000.0
10	2.5	96.0	93285210.0	-0.46335265040397644	967107.0	1610220633.0	392103.0
10	2.5	97.0	93105876.0	-0.4624618887901306	1005971.0	1626993669.0	396283.0
10	2.5	98.0	92922185.0	-0.4615494857231776	1046489.0	1643766787.0	400381.0
10	2.5	99.0	92731349.0	-0.4606015930573146	1089115.0	1660539843.0	404541.0
10	2.5	100.0	92538557.0	-0.45964398483435315	1133407.0	1677313068.0	408532.0
11	2.45	1.0	100640706.0	-0.4998877942562103	951.0	16773002.0	4214.0
11	2.45	2.0	100618053.0	-0.4997752755880356	1922.0	33546066.0	8366.0
11	2.45	3.0	100594070.0	-0.49965615073839825	2959.0	50319281.0	12367.0
11	2.45	4.0	100570062.0	-0.4995369017124176	4020.0	67092481.0	16383.0
11	2.45	5.0	100545777.0	-0.4994162768125534	5110.0	83865555.0	20525.0
11	2.45	6.0	100520175.0	-0.4992891103029251	6272.0	100638622.0	24674.0
11	2.45	7.0	100494514.0	-0.49916165073712665	7454.0	117411658.0	28854.0
11	2.45	8.0	100469064.0	-0.4990352392196655	8661.0	134184704.0	33024.0
11	2.45	9.0	100442393.0	-0.4989027629295985	9936.0	150957761.0	37183.0
11	2.45	10.0	100416369.0	-0.4987735003232956	11204.0	167730945.0	41215.0
11	2.45	11.0	100389910.0	-0.49864207704861957	12526.0	184504017.0	45359.0
11	2.45	12.0	100362504.0	-0.49850594997406006	13896.0	201277124.0	49468.0
11	2.45	13.0	100335276.0	-0.4983707070350647	15263.0	218050324.0	53484.0
11	2.45	14.0	100307444.0	-0.49823246399561566	16709.0	234823369.0	57655.0
11	2.45	15.0	100279634.0	-0.4980943302313487	18181.0	251596511.0	61729.0
11	2.45	16.0	100249906.0	-0.4979466696580251	19773.0	268369643.0	65813.0
11	2.45	17.0	100221177.0	-0.4978039711713791	21307.0	285142733.0	69939.0
11	2.45	18.0	100189665.0	-0.4976474493741989	23061.0	301915770.0	74118.0
11	2.45	19.0	100159527.0	-0.4974977523088455	24734.0	318688948.0	78156.0
11	2.45	20.0	100129143.0	-0.49734683334827423	26434.0	335462133.0	82187.0
11	2.45	21.0	100097746.0	-0.49719088276227313	28251.0	352235354.0	86182.0
11	2.45	22.0	100066385.0	-0.4970351109902064	30065.0	369008536.0	90216.0
11	2.45	23.0	100035403.0	-0.4968812217315038	31935.0	385781715.0	94253.0
11	2.45	24.0	100002840.0	-0.49671947956085205	33908.0	402554780.0	98404.0
11	2.45	25.0	99968942.0	-0.49655110637346905	35978.0	419327980.0	102420.0
11	2.45	26.0	99935244.0	-0.4963837265968323	38039.0	436101178.0	106438.0
11	2.45	27.0	99900705.0	-0.4962121695280075	40252.0	452874313.0	110519.0
11	2.45	28.0	99864975.0	-0.4960346966981888	42529.0	469647471.0	114577.0
11	2.45	29.0	99828501.0	-0.495853528380394	44890.0	486420484.0	118780.0
11	2.45	30.0	99792353.0	-0.4956739793221156	47265.0	503193599.0	122881.0
11	2.45	31.0	99755522.0	-0.49549103776613873	49744.0	519966822.0	126874.0
11	2.45	32.0	99718556.0	-0.49530742565790814	52235.0	536739832.0	131080.0
11	2.45	33.0	99680646.0	-0.4951191246509552	54861.0	553512881.0	135247.0
11	2.45	34.0	99642413.0	-0.4949292192856471	57563.0	570285969.0	139375.0
11	2.45	35.0	99602507.0	-0.49473100403944653	60396.0	587059212.0	143348.0
11	2.45	36.0	99561909.0	-0.4945293515920639	63323.0	603832355.0	147421.0
11	2.45	37.0	99520380.0	-0.49432307481765747	66310.0	620605490.0	151502.0
11	2.45	38.0	99478068.0	-0.49411290884017944	69472.0	637378667.0	155541.0
11	2.45	39.0	99436559.0	-0.49390673140684765	72673.0	654151747.0	159677.0
11	2.45	40.0	99395560.0	-0.49370308717091876	75865.0	670924826.0	163814.0
11	2.45	41.0	99350956.0	-0.49348153670628864	79277.0	687697926.0	167930.0
11	2.45	42.0	99305040.0	-0.4932534694671631	82920.0	704471094.0	171978.0
11	2.45	43.0	99260445.0	-0.49303196370601654	86508.0	721244146.0	176142.0
11	2.45	44.0	99215207.0	-0.4928072641293208	90268.0	738017339.0	180165.0
11	2.45	45.0	99168257.0	-0.4925740609566371	94195.0	754790440.0	184280.0
11	2.45	46.0	99120180.0	-0.4923352599143982	98243.0	771563535.0	188401.0
11	2.45	47.0	99071361.0	-0.4920927733182907	102382.0	788336549.0	192603.0
11	2.45	48.0	99023400.0	-0.49185454845428467	106558.0	805109816.0	196552.0
11	2.45	49.0	98973419.0	-0.49160629014174145	111004.0	821882859.0	200725.0
11	2.45	50.0	98921921.0	-0.49135049680868786	115629.0	838655896.0	204904.0
11	2.45	51.0	98870563.0	-0.4910953988631566	120183.0	855428946.0	209070.0
11	2.45	52.0	98819310.0	-0.4908408224582672	125014.0	872202126.0	213106.0
11	2.45	53.0	98767190.0	-0.4905819396177928	129908.0	888975296.0	217152.0
11	2.45	54.0	98714674.0	-0.4903210898240407	134944.0	905748357.0	221307.0
11	2.45	55.0	98658483.0	-0.49004198610782623	140417.0	922521541.0	225339.0
11	2.45	56.0	98601146.0	-0.4897571901480357	145980.0	939294668.0	229428.0
11	2.45	57.0	98543380.0	-0.4894702633221944	151731.0	956067928.0	233384.0
11	2.45	58.0	98486199.0	-0.48918624222278595	157608.0	972841176.0	237352.0
11	2.45	59.0	98425895.0	-0.4888867090145747	163811.0	989614323.0	241421.0
11	2.45	60.0	98366155.0	-0.48858997722466785	170163.0	1006387305.0	245655.0
11	2.45	61.0	98303117.0	-0.4882768640915553	176770.0	1023160427.0	249749.0
11	2.45	62.0	98239076.0	-0.48795876900355023	183571.0	1039933502.0	253890.0
11	2.45	63.0	98174464.0	-0.48763783772786456	190609.0	1056706696.0	257912.0
11	2.45	64.0	98107873.0	-0.48730707665284473	198019.0	1073479879.0	261945.0
11	2.45	65.0	98041752.0	-0.4869786500930786	205423.0	1090252860.0	266180.0
11	2.45	66.0	97975538.0	-0.4866497615973155	212970.0	1107025956.0	270300.0
11	2.45	67.0	97908830.0	-0.4863184193770091	220905.0	1123799216.0	274256.0
11	2.45	68.0	97838985.0	-0.48597149550914764	229217.0	1140572387.0	278301.0
11	2.45	69.0	97770057.0	-0.4856291264295578	237487.0	1157345574.0	282330.0
11	2.45	70.0	97697988.0	-0.485271155834198	246401.0	1174118759.0	286361.0
11	2.45	71.0	97624638.0	-0.4849068224430084	255428.0	1190891864.0	290472.0
11	2.45	72.0	97550384.0	-0.4845379988352458	264749.0	1207665158.0	294394.0
11	2.45	73.0	97474401.0	-0.4841605871915817	274493.0	1224438248.0	298520.0
11	2.45	74.0	97396540.0	-0.4837738474210103	284601.0	1241211523.0	302461.0
11	2.45	75.0	97316003.0	-0.48337381581465405	295179.0	1257984656.0	306544.0
11	2.45	76.0	97235761.0	-0.48297524948914844	305908.0	1274757786.0	310630.0
11	2.45	77.0	97151938.0	-0.48255889614423114	317089.0	1291530917.0	314715.0
11	2.45	78.0	97068608.0	-0.4821449915568034	328546.0	1308304061.0	318787.0
11	2.45	79.0	96985661.0	-0.4817329893509547	340218.0	1325077279.0	322785.0
11	2.45	80.0	96898991.0	-0.48130249480406445	352707.0	1341850362.0	326918.0
11	2.45	81.0	96810929.0	-0.48086508611838025	365471.0	1358623526.0	330970.0
11	2.45	82.0	96722111.0	-0.4804239223400752	378478.0	1375396684.0	335028.0
11	2.45	83.0	96631550.0	-0.4799741009871165	392044.0	1392169862.0	339066.0
11	2.45	84.0	96540306.0	-0.47952088713645935	405959.0	1408943021.0	343123.0
11	2.45	85.0	96446515.0	-0.4790550221999486	420466.0	1425716200.0	347160.0
11	2.45	86.0	96350434.0	-0.47857778271039325	435422.0	1442489149.0	351427.0
11	2.45	87.0	96251705.0	-0.4780873904625575	450953.0	1459262322.0	355470.0
11	2.45	88.0	96149974.0	-0.47758208711942035	467181.0	1476035471.0	359537.0
11	2.45	89.0	96045208.0	-0.4770617087682088	484081.0	1492808615.0	363609.0
11	2.45	90.0	95939911.0	-0.47653869291146594	501221.0	1509581757.0	367683.0
11	2.45	91.0	95834873.0	-0.4760169635216395	518964.0	1526354833.0	371823.0
11	2.45	92.0	95724378.0	-0.47546812891960144	537555.0	1543128059.0	375813.0
11	2.45	93.0	95613390.0	-0.47491684556007385	556915.0	1559901134.0	379954.0
11	2.45	94.0	95501277.0	-0.47435997426509857	576552.0	1576674200.0	384104.0
11	2.45	95.0	95386437.0	-0.4737895578145981	597257.0	1593447279.0	388241.0
11	2.45	96.0	95267577.0	-0.47319917380809784	618655.0	1610220452.0	392284.0
11	2.45	97.0	95148648.0	-0.47260844707489014	640890.0	1626993685.0	396267.0
11	2.45	98.0	95024928.0	-0.47199392318725586	663935.0	1643766892.0	400276.0
11	2.45	99.0	94900888.0	-0.47137780984242755	687834.0	1660539948.0	404436.0
11	2.45	100.0	94774323.0	-0.4707491546869278	712405.0	1677313102.0	408498.0
12	2.4	1.0	100646099.0	-0.49991458157698315	722.0	16773128.0	4088.0
12	2.4	2.0	100627201.0	-0.49982071419556934	1538.0	33546369.0	8063.0
12	2.4	3.0	100608610.0	-0.49972837169965106	2334.0	50319487.0	12161.0
12	2.4	4.0	100588647.0	-0.4996292144060135	3206.0	67092631.0	16233.0
12	2.4	5.0	100568387.0	-0.4995285818974177	4109.0	83865762.0	20318.0
12	2.4	6.0	100548173.0	-0.4994281778732936	5022.0	100638848.0	24448.0
12	2.4	7.0	100527721.0	-0.49932659169038135	5958.0	117411901.0	28611.0
12	2.4	8.0	100507111.0	-0.4992242207129796	6921.0	134185030.0	32698.0
12	2.4	9.0	100485584.0	-0.49911729494730633	7934.0	150958155.0	36789.0
12	2.4	10.0	100464994.0	-0.4990150233109792	8924.0	167731169.0	40991.0
12	2.4	11.0	100444530.0	-0.49891337752342224	9904.0	184504285.0	45091.0
12	2.4	12.0	100423829.0	-0.498810554544131	10914.0	201277363.0	49229.0
12	2.4	13.0	100402066.0	-0.49870245655377704	12006.0	218050452.0	53356.0
12	2.4	14.0	100380798.0	-0.49859681725502014	13083.0	234823578.0	57446.0
12	2.4	15.0	100357635.0	-0.49848176538944244	14247.0	251596650.0	61590.0
12	2.4	16.0	100335940.0	-0.49837400515874225	15382.0	268369817.0	65639.0
12	2.4	17.0	100311939.0	-0.49825479090213776	16644.0	285142817.0	69855.0
12	2.4	18.0	100289071.0	-0.49814120431741077	17872.0	301916082.0	73806.0
12	2.4	19.0	100265704.0	-0.4980251391728719	19178.0	318689234.0	77870.0
12	2.4	20.0	100241219.0	-0.4979035208622615	20509.0	335462308.0	82012.0
12	2.4	21.0	100217662.0	-0.4977865119775136	21838.0	352235356.0	86180.0
12	2.4	22.0	100192553.0	-0.4976617942253749	23251.0	369008563.0	90189.0
12	2.4	23.0	100166583.0	-0.49753279983997345	24720.0	385781659.0	94309.0
12	2.4	24.0	100140911.0	-0.497405285636584	26219.0	402554781.0	98403.0
12	2.4	25.0	100114969.0	-0.497276430328687	27741.0	419327937.0	102463.0
12	2.4	26.0	100088102.0	-0.4971429804960887	29313.0	436100991.0	106625.0
12	2.4	27.0	100061431.0	-0.4970105042060216	30918.0	452874137.0	110695.0
12	2.4	28.0	100034561.0	-0.4968770394722621	32577.0	469647301.0	114747.0
12	2.4	29.0	100007275.0	-0.49674150844415027	34276.0	486420449.0	118815.0
12	2.4	30.0	99978294.0	-0.496597558259964	36081.0	503193583.0	122897.0
12	2.4	31.0	99951009.0	-0.49646203219890594	37830.0	519966774.0	126922.0
12	2.4	32.0	99923119.0	-0.49632350107034046	39623.0	536739879.0	131033.0
12	2.4	33.0	99895131.0	-0.49618448317050934	41461.0	553512991.0	135137.0
12	2.4	34.0	99866399.0	-0.49604176978270215	43388.0	570286113.0	139231.0
12	2.4	35.0	99836510.0	-0.49589330951372784	45417.0	587059217.0	143343.0
12	2.4	36.0	99805190.0	-0.4957377413908641	47579.0	603832281.0	147495.0
12	2.4	37.0	99773204.0	-0.49557886521021527	49797.0	620605301.0	151691.0
12	2.4	38.0	99740189.0	-0.495414877931277	52110.0	637378380.0	155828.0
12	2.4	39.0	99707430.0	-0.49525216221809387	54429.0	654151460.0	159964.0
12	2.4	40.0	99673850.0	-0.4950853685537974	56846.0	670924573.0	164067.0
12	2.4	41.0	99640096.0	-0.4949177106221517	59301.0	687697726.0	168130.0
12	2.4	42.0	99608219.0	-0.4947593758503596	61739.0	704470818.0	172254.0
12	2.4	43.0	99574505.0	-0.49459191660086316	64301.0	721243944.0	176344.0
12	2.4	44.0	99539586.0	-0.4944184720516205	66991.0	738017157.0	180347.0
12	2.4	45.0	99504619.0	-0.4942447890837987	69694.0	754790250.0	184470.0
12	2.4	46.0	99470567.0	-0.4940756509701411	72430.0	771563444.0	188492.0
12	2.4	47.0	99435617.0	-0.4939020524422328	75257.0	788336565.0	192587.0
12	2.4	48.0	99398316.0	-0.4937167763710022	78235.0	805109720.0	196648.0
12	2.4	49.0	99360341.0	-0.49352815250555676	81322.0	821882796.0	200788.0
12	2.4	50.0	99322772.0	-0.4933415452639262	84461.0	838655915.0	204885.0
12	2.4	51.0	99284539.0	-0.49315163989861804	87722.0	855429015.0	209001.0
12	2.4	52.0	99245676.0	-0.49295860528945923	91015.0	872202092.0	213140.0
12	2.4	53.0	99205327.0	-0.4927581896384557	94477.0	888975253.0	217195.0
12	2.4	54.0	99165938.0	-0.49256254235903424	97926.0	905748400.0	221264.0
12	2.4	55.0	99124857.0	-0.4923584908246994	101615.0	922521548.0	225332.0
12	2.4	56.0	99083117.0	-0.4921511660019557	105375.0	939294726.0	229370.0
12	2.4	57.0	99040785.0	-0.491940900683403	109185.0	956067812.0	233500.0
12	2.4	58.0	98996251.0	-0.49171969791253406	113238.0	972840950.0	237578.0
12	2.4	59.0	98952889.0	-0.4915043165286382	117417.0	989614061.0	241683.0
12	2.4	60.0	98908753.0	-0.4912850906451543	121622.0	1006387044.0	245916.0
12	2.4	61.0	98864243.0	-0.49106400708357495	126025.0	1023160217.0	249959.0
12	2.4	62.0	98818546.0	-0.4908370276292165	130452.0	1039933320.0	254072.0
12	2.4	63.0	98773511.0	-0.4906133363644282	135010.0	1056706460.0	258148.0
12	2.4	64.0	98725131.0	-0.49037303030490875	139826.0	1073479515.0	262309.0
12	2.4	65.0	98677592.0	-0.49013690153757733	144636.0	1090252581.0	266459.0
12	2.4	66.0	98628900.0	-0.4898950457572937	149715.0	1107025752.0	270504.0
12	2.4	67.0	98580519.0	-0.4896547347307205	154800.0	1123798781.0	274691.0
12	2.4	68.0	98531692.0	-0.48941220839818317	160034.0	1140571926.0	278762.0
12	2.4	69.0	98480408.0	-0.4891574780146281	165511.0	1157345049.0	282855.0
12	2.4	70.0	98429557.0	-0.4889048983653386	171097.0	1174118050.0	287070.0
12	2.4	71.0	98375025.0	-0.48863403499126434	177093.0	1190891180.0	291156.0
12	2.4	72.0	98321402.0	-0.4883676866690318	183077.0	1207664347.0	295205.0
12	2.4	73.0	98268617.0	-0.48810550073782605	189229.0	1224437370.0	299398.0
12	2.4	74.0	98212668.0	-0.4878275990486145	195612.0	1241210473.0	303511.0
12	2.4	75.0	98155867.0	-0.4875454654296239	202148.0	1257983666.0	307534.0
12	2.4	76.0	98099134.0	-0.48726366957028705	208822.0	1274756720.0	311696.0
12	2.4	77.0	98040158.0	-0.48697073260943097	215866.0	1291529709.0	315923.0
12	2.4	78.0	97981715.0	-0.4866804430882136	223090.0	1308302704.0	320144.0
12	2.4	79.0	97921329.0	-0.4863805025815964	230515.0	1325075785.0	324279.0
12	2.4	80.0	97861699.0	-0.4860843171676	238214.0	1341848879.0	328401.0
12	2.4	81.0	97802823.0	-0.485791876912117	245996.0	1358622048.0	332448.0
12	2.4	82.0	97740062.0	-0.485480139652888	254092.0	1375395189.0	336523.0
12	2.4	83.0	97677545.0	-0.4851696143547694	262264.0	1392168293.0	340635.0
12	2.4	84.0	97613718.0	-0.4848525822162628	270765.0	1408941373.0	344771.0
12	2.4	85.0	97549682.0	-0.4845345119635264	279414.0	1425714419.0	348941.0
12	2.4	86.0	97483341.0	-0.4842049926519394	288475.0	1442487556.0	353020.0
12	2.4	87.0	97415876.0	-0.48386989037195843	297813.0	1459260728.0	357064.0
12	2.4	88.0	97348062.0	-0.4835330545902252	307488.0	1476033820.0	361188.0
12	2.4	89.0	97279005.0	-0.48319004476070404	317342.0	1492806877.0	365347.0
12	2.4	90.0	97206610.0	-0.4828304549058278	327755.0	1509579886.0	369554.0
12	2.4	91.0	97135784.0	-0.48247865835825604	338241.0	1526353052.0	373604.0
12	2.4	92.0	97061343.0	-0.4821089059114456	349123.0	1543126149.0	377723.0
12	2.4	93.0	96984447.0	-0.4817269593477249	360472.0	1559899276.0	381812.0
12	2.4	94.0	96908364.0	-0.48134905099868774	371984.0	1576672510.0	385794.0
12	2.4	95.0	96831871.0	-0.48096910615762073	383906.0	1593445616.0	389904.0
12	2.4	96.0	96753492.0	-0.48057979345321655	396343.0	1610218693.0	394043.0
12	2.4	97.0	96674369.0	-0.4801867852608363	409143.0	1626991811.0	398141.0
12	2.4	98.0	96592003.0	-0.47977766891320545	422224.0	1643764984.0	402184.0
12	2.4	99.0	96507752.0	-0.4793591896692912	435805.0	1660538123.0	406261.0
12	2.4	100.0	96423742.0	-0.4789419074853261	449738.0	1677311195.0	410405.0
13	2.35	1.0	100646944.0	-0.49991877873738605	687.0	16773086.0	4130.0
13	2.35	2.0	100631977.0	-0.49984443684418994	1323.0	33546277.0	8155.0
13	2.35	3.0	100616319.0	-0.49976666271686554	1992.0	50319456.0	12192.0
13	2.35	4.0	100601468.0	-0.4996928970019023	2647.0	67092707.0	16157.0
13	2.35	5.0	100585292.0	-0.49961254994074505	3363.0	83865841.0	20239.0
13	2.35	6.0	100570152.0	-0.4995373487472534	4042.0	100638938.0	24358.0
13	2.35	7.0	100554534.0	-0.49945977330207825	4744.0	117411937.0	28575.0
13	2.35	8.0	100538315.0	-0.4993792126576106	5487.0	134185086.0	32642.0
13	2.35	9.0	100521857.0	-0.49929746488730115	6252.0	150958275.0	36669.0
13	2.35	10.0	100505820.0	-0.49921780824661255	7004.0	167731428.0	40732.0
13	2.35	11.0	100489087.0	-0.499134694536527	7808.0	184504595.0	44781.0
13	2.35	12.0	100472518.0	-0.49905239542325336	8609.0	201277766.0	48826.0
13	2.35	13.0	100454727.0	-0.49896402657032013	9484.0	218050962.0	52846.0
13	2.35	14.0	100436927.0	-0.4988756130139033	10359.0	234824044.0	56980.0
13	2.35	15.0	100419673.0	-0.49878991146882373	11233.0	251597167.0	61073.0
13	2.35	16.0	100400962.0	-0.4986969729264577	12165.0	268370237.0	65219.0
13	2.35	17.0	100381908.0	-0.49860233068466187	13151.0	285143338.0	69334.0
13	2.35	18.0	100362474.0	-0.4985058009624481	14183.0	301916490.0	73398.0
13	2.35	19.0	100344412.0	-0.4984160860379537	15135.0	318689609.0	77495.0
13	2.35	20.0	100325139.0	-0.4983203560113907	16178.0	335462873.0	81447.0
13	2.35	21.0	100304864.0	-0.49821964899698895	17276.0	352236083.0	85453.0
13	2.35	22.0	100285584.0	-0.4981238842010498	18353.0	369009173.0	89579.0
13	2.35	23.0	100265621.0	-0.49802472690741223	19454.0	385782163.0	93805.0
13	2.35	24.0	100244801.0	-0.4979213128487269	20634.0	402555268.0	97916.0
13	2.35	25.0	100224928.0	-0.4978226025899251	21770.0	419328401.0	101999.0
13	2.35	26.0	100203766.0	-0.4977174897988637	22993.0	436101519.0	106097.0
13	2.35	27.0	100182426.0	-0.49761149287223816	24244.0	452874768.0	110064.0
13	2.35	28.0	100161581.0	-0.4975079546372096	25463.0	469647917.0	114131.0
13	2.35	29.0	100140362.0	-0.4974025587240855	26735.0	486420987.0	118277.0
13	2.35	30.0	100116708.0	-0.49728506803512573	28122.0	503194118.0	122362.0
13	2.35	31.0	100094637.0	-0.4971754401922226	29474.0	519967246.0	126450.0
13	2.35	32.0	100071413.0	-0.4970600853363673	30889.0	536740443.0	130469.0
13	2.35	33.0	100049441.0	-0.49695094923178357	32291.0	553513592.0	134536.0
13	2.35	34.0	100027818.0	-0.496843546628952	33682.0	570286658.0	138686.0
13	2.35	35.0	100003674.0	-0.49672362208366394	35234.0	587059803.0	142757.0
13	2.35	36.0	99980139.0	-0.4966067224740982	36808.0	603832846.0	146930.0
13	2.35	37.0	99956026.0	-0.49648695190747577	38466.0	620605950.0	151042.0
13	2.35	38.0	99932033.0	-0.49636777738730115	40079.0	637379094.0	155114.0
13	2.35	39.0	99906846.0	-0.4962426722049713	41764.0	654152270.0	159154.0
13	2.35	40.0	99881756.0	-0.49611804882685345	43538.0	670925348.0	163292.0
13	2.35	41.0	99857045.0	-0.49599530796209973	45273.0	687698408.0	167448.0
13	2.35	42.0	99831981.0	-0.49587081372737885	47012.0	704471538.0	171534.0
13	2.35	43.0	99806310.0	-0.4957433044910431	48869.0	721244631.0	175657.0
13	2.35	44.0	99780196.0	-0.49561359484990436	50770.0	738017712.0	179792.0
13	2.35	45.0	99753939.0	-0.4954831749200821	52687.0	754790890.0	183830.0
13	2.35	46.0	99726275.0	-0.4953457663456599	54724.0	771564114.0	187822.0
13	2.35	47.0	99699542.0	-0.49521298209826153	56742.0	788337183.0	191969.0
13	2.35	48.0	99671207.0	-0.49507224063078564	58910.0	805110301.0	196067.0
13	2.35	49.0	99643035.0	-0.49493230879306793	61092.0	821883337.0	200247.0
13	2.35	50.0	99615923.0	-0.4947976420323054	63233.0	838656475.0	204325.0
13	2.35	51.0	99587183.0	-0.49465488890806836	65478.0	855429726.0	208290.0
13	2.35	52.0	99558929.0	-0.4945145497719447	67746.0	872202884.0	212348.0
13	2.35	53.0	99529512.0	-0.49436843395233154	70147.0	888976094.0	216354.0
13	2.35	54.0	99500147.0	-0.49422257641951245	72581.0	905749201.0	220463.0
13	2.35	55.0	99470282.0	-0.4940742353598277	75044.0	922522358.0	224522.0
13	2.35	56.0	99438776.0	-0.4939177433649699	77628.0	939295422.0	228674.0
13	2.35	57.0	99406733.0	-0.4937585840622584	80346.0	956068431.0	232881.0
13	2.35	58.0	99373376.0	-0.49359289805094403	83168.0	972841659.0	236869.0
13	2.35	59.0	99341502.0	-0.4934345781803131	85950.0	989614780.0	240964.0
13	2.35	60.0	99308182.0	-0.49326907594998676	88853.0	1006387896.0	245064.0
13	2.35	61.0	99274535.0	-0.49310194949309033	91863.0	1023160990.0	249186.0
13	2.35	62.0	99240244.0	-0.4929316242535909	94988.0	1039934102.0	253290.0
13	2.35	63.0	99206579.0	-0.4927644083897273	98021.0	1056707194.0	257414.0
13	2.35	64.0	99171606.0	-0.49259069561958313	101247.0	1073480316.0	261508.0
13	2.35	65.0	99137500.0	-0.492421289285024	104478.0	1090253346.0	265694.0
13	2.35	66.0	99101557.0	-0.4922427584727605	107836.0	1107026524.0	269732.0
13	2.35	67.0	99065464.0	-0.4920634826024373	111314.0	1123799764.0	273708.0
13	2.35	68.0	99029249.0	-0.49188360075155896	114812.0	1140572905.0	277783.0
13	2.35	69.0	98991297.0	-0.4916950911283493	118557.0	1157345969.0	281935.0
13	2.35	70.0	98953870.0	-0.4915091892083486	122268.0	1174119052.0	286068.0
13	2.35	71.0	98915166.0	-0.49131694436073303	126128.0	1190892293.0	290043.0
13	2.35	72.0	98878120.0	-0.4911329348882039	129971.0	1207665438.0	294114.0
13	2.35	73.0	98839315.0	-0.4909401883681615	134036.0	1224438578.0	298190.0
13	2.35	74.0	98800285.0	-0.49074632426102954	138185.0	1241211683.0	302301.0
13	2.35	75.0	98760706.0	-0.4905497332413991	142337.0	1257984856.0	306344.0
13	2.35	76.0	98721038.0	-0.49035270015398663	146711.0	1274758016.0	310400.0
13	2.35	77.0	98679916.0	-0.4901484449704488	151179.0	1291530972.0	314660.0
13	2.35	78.0	98638173.0	-0.4899411052465439	155786.0	1308304029.0	318819.0
13	2.35	79.0	98595858.0	-0.48973092436790466	160497.0	1325077164.0	322900.0
13	2.35	80.0	98554911.0	-0.48952753841876984	165164.0	1341850341.0	326939.0
13	2.35	81.0	98511518.0	-0.4893120030562083	170093.0	1358623520.0	330976.0
13	2.35	82.0	98468878.0	-0.4891002078851064	175105.0	1375396707.0	335005.0
13	2.35	83.0	98424557.0	-0.48888006309668225	180351.0	1392169909.0	339019.0
13	2.35	84.0	98379806.0	-0.4886577824751536	185672.0	1408943023.0	343121.0
13	2.35	85.0	98335388.0	-0.4884371558825175	191086.0	1425716165.0	347195.0
13	2.35	86.0	98288727.0	-0.4882053881883621	196784.0	1442489320.0	351256.0
13	2.35	87.0	98241337.0	-0.4879699995120366	202549.0	1459262450.0	355342.0
13	2.35	88.0	98194138.0	-0.4877355595429738	208462.0	1476035657.0	359351.0
13	2.35	89.0	98146813.0	-0.48750049372514087	214527.0	1492808805.0	363419.0
13	2.35	90.0	98097397.0	-0.4872550417979558	220813.0	1509581914.0	367526.0
13	2.35	91.0	98047102.0	-0.48700522383054096	227324.0	1526355002.0	371654.0
13	2.35	92.0	97997327.0	-0.4867579887310664	233976.0	1543128145.0	375727.0
13	2.35	93.0	97945089.0	-0.48649851977825165	240800.0	1559901251.0	379837.0
13	2.35	94.0	97893042.0	-0.4862399995326996	247835.0	1576674458.0	383846.0
13	2.35	95.0	97841072.0	-0.48598186175028485	254937.0	1593447529.0	387991.0
13	2.35	96.0	97786522.0	-0.48571090896924335	262430.0	1610220600.0	392136.0
13	2.35	97.0	97731983.0	-0.48544001082579297	269951.0	1626993729.0	396223.0
13	2.35	98.0	97677636.0	-0.48517006635665894	277668.0	1643766843.0	400325.0
13	2.35	99.0	97622613.0	-0.4848967641592026	285612.0	1660540002.0	404382.0
13	2.35	100.0	97565298.0	-0.4846120774745941	293986.0	1677313179.0	408421.0
14	2.3	1.0	100652048.0	-0.49994413057963055	470.0	16773200.0	4016.0
14	2.3	2.0	100640284.0	-0.4998856981595357	966.0	33546263.0	8169.0
14	2.3	3.0	100627406.0	-0.4998217324415843	1518.0	50319312.0	12336.0
14	2.3	4.0	100616119.0	-0.49976566930611926	2013.0	67092597.0	16267.0
14	2.3	5.0	100603331.0	-0.49970215062300366	2577.0	83865761.0	20319.0
14	2.3	6.0	100591603.0	-0.49964389701684314	3097.0	100638888.0	24408.0
14	2.3	7.0	100579229.0	-0.4995824346939723	3653.0	117412034.0	28478.0
14	2.3	8.0	100565647.0	-0.49951497217019397	4266.0	134185247.0	32481.0
14	2.3	9.0	100552324.0	-0.4994487961133321	4880.0	150958357.0	36587.0
14	2.3	10.0	100539316.0	-0.49938418467839557	5487.0	167731574.0	40586.0
14	2.3	11.0	100525989.0	-0.4993179887533188	6121.0	184504737.0	44639.0
14	2.3	12.0	100512706.0	-0.49925201137860614	6750.0	201277919.0	48673.0
14	2.3	13.0	100499322.0	-0.4991855323314667	7389.0	218051023.0	52785.0
14	2.3	14.0	100485346.0	-0.49911611278851825	8075.0	234824059.0	56965.0
14	2.3	15.0	100471397.0	-0.49904682735602063	8762.0	251597162.0	61078.0
14	2.3	16.0	100456810.0	-0.4989743729432424	9478.0	268370289.0	65167.0
14	2.3	17.0	100441526.0	-0.4988984564940135	10246.0	285143444.0	69228.0
14	2.3	18.0	100427763.0	-0.4988300949335098	10950.0	301916542.0	73346.0
14	2.3	19.0	100413420.0	-0.49875885248184204	11684.0	318689675.0	77429.0
14	2.3	20.0	100398258.0	-0.49868354201316833	12494.0	335462937.0	81383.0
14	2.3	21.0	100384092.0	-0.498613178730011	13259.0	352235982.0	85554.0
14	2.3	22.0	100369788.0	-0.4985421299934387	14030.0	369009221.0	89531.0
14	2.3	23.0	100353852.0	-0.498462975025177	14890.0	385782334.0	93634.0
14	2.3	24.0	100338223.0	-0.49838534494241077	15757.0	402555319.0	97865.0
14	2.3	25.0	100322364.0	-0.4983065724372864	16639.0	419328508.0	101892.0
14	2.3	26.0	100305630.0	-0.4982234537601471	17562.0	436101680.0	105936.0
14	2.3	27.0	100289140.0	-0.4981415470441182	18487.0	452874857.0	109975.0
14	2.3	28.0	100273153.0	-0.4980621387561162	19397.0	469647999.0	114049.0
14	2.3	29.0	100257216.0	-0.4979829788208008	20321.0	486421114.0	118150.0
14	2.3	30.0	100241926.0	-0.49790703256924945	21239.0	503194328.0	122152.0
14	2.3	31.0	100225400.0	-0.4978249470392863	22234.0	519967462.0	126234.0
14	2.3	32.0	100207701.0	-0.4977370351552963	23297.0	536740447.0	130465.0
14	2.3	33.0	100189551.0	-0.49764688313007355	24374.0	553513576.0	134552.0
14	2.3	34.0	100172477.0	-0.49756207565466565	25390.0	570286665.0	138679.0
14	2.3	35.0	100154597.0	-0.4974732647339503	26512.0	587059816.0	142744.0
14	2.3	36.0	100136205.0	-0.49738191068172455	27684.0	603832909.0	146867.0
14	2.3	37.0	100119027.0	-0.4972965866327286	28793.0	620606087.0	150905.0
14	2.3	38.0	100100180.0	-0.4972029725710551	29982.0	637379272.0	154936.0
14	2.3	39.0	100081911.0	-0.4971122294664383	31206.0	654152497.0	158927.0
14	2.3	40.0	100064567.0	-0.49702608088652295	32380.0	670925671.0	162969.0
14	2.3	41.0	100045644.0	-0.49693208932876587	33614.0	687698799.0	167057.0
14	2.3	42.0	100026029.0	-0.4968346605698268	34891.0	704471899.0	171173.0
14	2.3	43.0	100006046.0	-0.49673540393511456	36233.0	721244995.0	175293.0
14	2.3	44.0	99987267.0	-0.4966421276330948	37524.0	738018148.0	179356.0
14	2.3	45.0	99968054.0	-0.4965466956297557	38887.0	754791267.0	183453.0
14	2.3	46.0	99948448.0	-0.4964493115743001	40275.0	771564461.0	187475.0
14	2.3	47.0	99928455.0	-0.4963500052690506	41728.0	788337615.0	191537.0
14	2.3	48.0	99908174.0	-0.4962492684523265	43185.0	805110776.0	195592.0
14	2.3	49.0	99886177.0	-0.4961400081713994	44763.0	821883932.0	199652.0
14	2.3	50.0	99863644.0	-0.4960280855496724	46414.0	838656989.0	203811.0
14	2.3	51.0	99841678.0	-0.4959189792474111	48013.0	855429942.0	208074.0
14	2.3	52.0	99820001.0	-0.4958113084236781	49641.0	872202966.0	212266.0
14	2.3	53.0	99799617.0	-0.4957100600004196	51233.0	888976119.0	216329.0
14	2.3	54.0	99777326.0	-0.4955993394056956	52945.0	905749265.0	220399.0
14	2.3	55.0	99754740.0	-0.49548715353012085	54673.0	922522383.0	224497.0
14	2.3	56.0	99733087.0	-0.49537960191567737	56380.0	939295584.0	228512.0
14	2.3	57.0	99710555.0	-0.49526768426100415	58148.0	956068656.0	232656.0
14	2.3	58.0	99688247.0	-0.4951568792263667	59965.0	972841810.0	236718.0
14	2.3	59.0	99664704.0	-0.4950399398803711	61852.0	989614908.0	240836.0
14	2.3	60.0	99640538.0	-0.49491990605990094	63799.0	1006388128.0	244832.0
14	2.3	61.0	99617253.0	-0.494804248213768	65761.0	1023161189.0	248987.0
14	2.3	62.0	99593501.0	-0.4946862707535426	67771.0	1039934330.0	253062.0
14	2.3	63.0	99569793.0	-0.49456851184368134	69822.0	1056707516.0	257092.0
14	2.3	64.0	99544065.0	-0.4944407194852829	72001.0	1073480632.0	261192.0
14	2.3	65.0	99519033.0	-0.49431638419628143	74179.0	1090253693.0	265347.0
14	2.3	66.0	99492705.0	-0.4941856116056442	76408.0	1107026736.0	269520.0
14	2.3	67.0	99466380.0	-0.4940548539161682	78733.0	1123799813.0	273659.0
14	2.3	68.0	99440452.0	-0.4939260681470235	81020.0	1140572931.0	277757.0
14	2.3	69.0	99414794.0	-0.4937986234823863	83342.0	1157346090.0	281814.0
14	2.3	70.0	99388026.0	-0.4936656653881073	85828.0	1174119257.0	285863.0
14	2.3	71.0	99360355.0	-0.49352822204430896	88358.0	1190892369.0	289967.0
14	2.3	72.0	99332375.0	-0.4933892438809077	90942.0	1207665500.0	294052.0
14	2.3	73.0	99304944.0	-0.4932529926300049	93529.0	1224438630.0	298138.0
14	2.3	74.0	99277237.0	-0.4931153704722722	96125.0	1241211805.0	302179.0
14	2.3	75.0	99248817.0	-0.4929742068052292	98875.0	1257984905.0	306295.0
14	2.3	76.0	99220186.0	-0.4928319950898488	101697.0	1274758024.0	310392.0
14	2.3	77.0	99192666.0	-0.49269530177116394	104448.0	1291531125.0	314507.0
14	2.3	78.0	99162467.0	-0.49254530171553296	107400.0	1308304244.0	318604.0
14	2.3	79.0	99133113.0	-0.49239949882030487	110430.0	1325077505.0	322559.0
14	2.3	80.0	99103820.0	-0.49225399891535443	113421.0	1341850712.0	326568.0
14	2.3	81.0	99072296.0	-0.4920974175135295	116607.0	1358623804.0	330692.0
14	2.3	82.0	99041842.0	-0.49194615085919696	119750.0	1375396893.0	334819.0
14	2.3	83.0	99010770.0	-0.49179181456565857	122974.0	1392170114.0	338814.0
14	2.3	84.0	98978727.0	-0.4916326552629471	126354.0	1408943182.0	342962.0
14	2.3	85.0	98946210.0	-0.49147114157676697	129824.0	1425716261.0	347099.0
14	2.3	86.0	98913958.0	-0.4913109441598256	133310.0	1442489413.0	351163.0
14	2.3	87.0	98881177.0	-0.49114811917146045	136887.0	1459262621.0	355171.0
14	2.3	88.0	98847473.0	-0.49098070959250134	140611.0	1476035762.0	359246.0
14	2.3	89.0	98812922.0	-0.4908090929190318	144478.0	1492808897.0	363327.0
14	2.3	90.0	98778100.0	-0.49063613017400104	148425.0	1509582068.0	367372.0
14	2.3	91.0	98743163.0	-0.49046259621779126	152384.0	1526355281.0	371375.0
14	2.3	92.0	98709134.0	-0.49029357234636944	156387.0	1543128358.0	375514.0
14	2.3	93.0	98672550.0	-0.4901118576526642	160711.0	1559901471.0	379617.0
14	2.3	94.0	98637677.0	-0.4899386415878932	164892.0	1576674653.0	383651.0
14	2.3	95.0	98598540.0	-0.48974424600601196	169411.0	1593447883.0	387637.0
14	2.3	96.0	98563318.0	-0.4895692964394887	173811.0	1610221001.0	391735.0
14	2.3	97.0	98525544.0	-0.48938167095184326	178413.0	1626994198.0	395754.0
14	2.3	98.0	98488225.0	-0.4891963054736455	183130.0	1643767408.0	399760.0
14	2.3	99.0	98449789.0	-0.48900539179642993	187922.0	1660540544.0	403840.0
14	2.3	100.0	98410634.0	-0.4888109068075816	192889.0	1677313766.0	407834.0
15	2.25	1.0	100653764.0	-0.49995265404383343	399.0	16773193.0	4023.0
15	2.25	2.0	100643750.0	-0.49990291396776837	823.0	33546361.0	8071.0
15	2.25	3.0	100633936.0	-0.4998541673024495	1242.0	50319417.0	12231.0
15	2.25	4.0	100625245.0	-0.49981099863847095	1618.0	67092596.0	16268.0
15	2.25	5.0	100615517.0	-0.49976267913977307	2042.0	83865696.0	20384.0
15	2.25	6.0	100606030.0	-0.49971555670102435	2461.0	100638752.0	24544.0
15	2.25	7.0	100595543.0	-0.49966346720854443	2929.0	117411969.0	28543.0
15	2.25	8.0	100584308.0	-0.4996076623598735	3434.0	134185025.0	32703.0
15	2.25	9.0	100574650.0	-0.4995596905549367	3872.0	150958231.0	36713.0
15	2.25	10.0	100563884.0	-0.49950621525446576	4373.0	167731263.0	40897.0
15	2.25	11.0	100553112.0	-0.49945271015167236	4869.0	184504444.0	44932.0
15	2.25	12.0	100542557.0	-0.4994002828995387	5350.0	201277521.0	49071.0
15	2.25	13.0	100531975.0	-0.4993477215369542	5850.0	218050660.0	53148.0
15	2.25	14.0	100520878.0	-0.4992926021416982	6394.0	234823841.0	57183.0
15	2.25	15.0	100509953.0	-0.49923833707968396	6921.0	251596933.0	61307.0
15	2.25	16.0	100499186.0	-0.49918485681215924	7463.0	268370025.0	65431.0
15	2.25	17.0	100487651.0	-0.4991275618473689	8030.0	285143190.0	69482.0
15	2.25	18.0	100476702.0	-0.49907317757606506	8578.0	301916291.0	73597.0
15	2.25	19.0	100465416.0	-0.4990171194076538	9153.0	318689369.0	77735.0
15	2.25	20.0	100454100.0	-0.4989609122276306	9722.0	335462502.0	81818.0
15	2.25	21.0	100441857.0	-0.4989001005887985	10327.0	352235532.0	86004.0
15	2.25	22.0	100429859.0	-0.4988405058781306	10967.0	369008652.0	90100.0
15	2.25	23.0	100417432.0	-0.49877878030141193	11615.0	385781869.0	94099.0
15	2.25	24.0	100405299.0	-0.4987185150384903	12265.0	402554991.0	98193.0
15	2.25	25.0	100393600.0	-0.498660405476888	12889.0	419328040.0	102360.0
15	2.25	26.0	100381646.0	-0.4986010293165843	13560.0	436101259.0	106357.0
15	2.25	27.0	100369927.0	-0.49854282041390735	14214.0	452874364.0	110468.0
15	2.25	28.0	100357330.0	-0.4984802504380544	14915.0	469647419.0	114629.0
15	2.25	29.0	100343472.0	-0.4984114170074463	15675.0	486420455.0	118809.0
15	2.25	30.0	100330190.0	-0.4983454445997874	16439.0	503193552.0	122928.0
15	2.25	31.0	100316945.0	-0.4982796559731166	17201.0	519966609.0	127087.0
15	2.25	32.0	100304295.0	-0.49821682274341583	17934.0	536739677.0	131235.0
15	2.25	33.0	100290860.0	-0.49815009037653607	18735.0	553512775.0	135353.0
15	2.25	34.0	100277546.0	-0.4980839590231578	19532.0	570285978.0	139366.0
15	2.25	35.0	100264036.0	-0.4980168541272481	20341.0	587059138.0	143422.0
15	2.25	36.0	100250363.0	-0.4979489396015803	21156.0	603832264.0	147512.0
15	2.25	37.0	100236438.0	-0.4978797733783722	22002.0	620605451.0	151541.0
15	2.25	38.0	100222121.0	-0.49780866007010144	22873.0	637378625.0	155583.0
15	2.25	39.0	100208639.0	-0.4977416942516963	23721.0	654151730.0	159694.0
15	2.25	40.0	100194035.0	-0.49766915539900464	24640.0	670924956.0	163684.0
15	2.25	41.0	100180187.0	-0.49760037163893384	25505.0	687698095.0	167761.0
15	2.25	42.0	100165752.0	-0.49752867221832275	26414.0	704471242.0	171830.0
15	2.25	43.0	100151112.0	-0.4974559545516968	27370.0	721244300.0	175988.0
15	2.25	44.0	100136183.0	-0.4973818014065425	28340.0	738017492.0	180012.0
15	2.25	45.0	100121202.0	-0.4973073899745941	29313.0	754790696.0	184024.0
15	2.25	46.0	100106003.0	-0.49723189572493237	30320.0	771563799.0	188137.0
15	2.25	47.0	100090838.0	-0.49715657035509747	31308.0	788336855.0	192297.0
15	2.25	48.0	100074843.0	-0.4970771223306656	32378.0	805109909.0	196459.0
15	2.25	49.0	100059796.0	-0.49700238307317096	33441.0	821882974.0	200610.0
15	2.25	50.0	100043462.0	-0.49692125121752423	34574.0	838656036.0	204764.0
15	2.25	51.0	100026847.0	-0.49683872361977893	35729.0	855429165.0	208851.0
15	2.25	52.0	100010648.0	-0.4967582623163859	36910.0	872202250.0	212982.0
15	2.25	53.0	99994959.0	-0.4966803342103958	38029.0	888975332.0	217116.0
15	2.25	54.0	99978201.0	-0.496597096323967	39208.0	905748508.0	221156.0
15	2.25	55.0	99962345.0	-0.4965183387200038	40351.0	922521705.0	225175.0
15	2.25	56.0	99946366.0	-0.4964389701684316	41560.0	939294803.0	229293.0
15	2.25	57.0	99929508.0	-0.49635523557662964	42827.0	956067899.0	233413.0
15	2.25	58.0	99912022.0	-0.4962683816750844	44130.0	972841049.0	237479.0
15	2.25	59.0	99895453.0	-0.4961860825618108	45440.0	989614215.0	241529.0
15	2.25	60.0	99877547.0	-0.4960971424976985	46792.0	1006387386.0	245574.0
15	2.25	61.0	99859241.0	-0.4960062156120936	48190.0	1023160281.0	249895.0
15	2.25	62.0	99841921.0	-0.4959201862414678	49549.0	1039933344.0	254048.0
15	2.25	63.0	99824453.0	-0.49583342174688977	50948.0	1056706516.0	258092.0
15	2.25	64.0	99806987.0	-0.4957466671864192	52372.0	1073479707.0	262117.0
15	2.25	65.0	99788514.0	-0.4956549108028412	53871.0	1090252884.0	266156.0
15	2.25	66.0	99769376.0	-0.4955598513285319	55391.0	1107026005.0	270251.0
15	2.25	67.0	99751348.0	-0.4954703052838643	56904.0	1123799152.0	274320.0
15	2.25	68.0	99732846.0	-0.49537840485572815	58458.0	1140572264.0	278424.0
15	2.25	69.0	99712842.0	-0.4952790439128876	60071.0	1157345411.0	282493.0
15	2.25	70.0	99694227.0	-0.49518658220767975	61660.0	1174118515.0	286605.0
15	2.25	71.0	99674901.0	-0.495090588927269	63309.0	1190891601.0	290735.0
15	2.25	72.0	99655467.0	-0.49499405920505524	64960.0	1207664638.0	294914.0
15	2.25	73.0	99636510.0	-0.4948998987674713	66630.0	1224437820.0	298948.0
15	2.25	74.0	99616651.0	-0.49480125804742175	68391.0	1241210976.0	303008.0
15	2.25	75.0	99595986.0	-0.4946986138820648	70227.0	1257984103.0	307097.0
15	2.25	76.0	99575946.0	-0.4945990741252899	72080.0	1274757253.0	311163.0
15	2.25	77.0	99554129.0	-0.49449070791403454	73976.0	1291530335.0	315297.0
15	2.25	78.0	99533282.0	-0.4943871597448985	75867.0	1308303352.0	319496.0
15	2.25	79.0	99511536.0	-0.494279146194458	77828.0	1325076472.0	323592.0
15	2.25	80.0	99490842.0	-0.49417635798454285	79793.0	1341849552.0	327728.0
15	2.25	81.0	99469448.0	-0.4940700928370158	81791.0	1358622774.0	331722.0
15	2.25	82.0	99447974.0	-0.49396343032519024	83871.0	1375395880.0	335832.0
15	2.25	83.0	99425852.0	-0.4938535491625468	85931.0	1392168965.0	339963.0
15	2.25	84.0	99403355.0	-0.49374180535475415	88046.0	1408942181.0	343963.0
15	2.25	85.0	99379996.0	-0.4936257799466451	90295.0	1425715400.0	347960.0
15	2.25	86.0	99357213.0	-0.4935126155614853	92533.0	1442488455.0	352121.0
15	2.25	87.0	99334507.0	-0.49339983363946277	94800.0	1459261516.0	356276.0
15	2.25	88.0	99312101.0	-0.4932885418335597	97027.0	1476034657.0	360351.0
15	2.25	89.0	99288632.0	-0.4931719700495402	99411.0	1492807692.0	364532.0
15	2.25	90.0	99263591.0	-0.4930475900570552	101917.0	1509580862.0	368578.0
15	2.25	91.0	99238577.0	-0.49292334417502087	104450.0	1526353992.0	372664.0
15	2.25	92.0	99213243.0	-0.49279750883579254	107071.0	1543127210.0	376662.0
15	2.25	93.0	99188758.0	-0.49267589052518207	109694.0	1559900335.0	380753.0
15	2.25	94.0	99164155.0	-0.4925536861022313	112318.0	1576673460.0	384844.0
15	2.25	95.0	99138089.0	-0.49242421487967175	115047.0	1593446535.0	388985.0
15	2.25	96.0	99113350.0	-0.4923013349374135	117857.0	1610219595.0	393141.0
15	2.25	97.0	99087952.0	-0.4921751817067464	120655.0	1626992786.0	397166.0
15	2.25	98.0	99061852.0	-0.4920455416043599	123517.0	1643765955.0	401213.0
15	2.25	99.0	99034909.0	-0.491911714275678	126523.0	1660539083.0	405301.0
15	2.25	100.0	99009549.0	-0.4917857497930527	129436.0	1677312270.0	409330.0
16	2.2	1.0	100655690.0	-0.4999622205893199	318.0	16773092.0	4124.0
16	2.2	2.0	100648519.0	-0.4999266018470128	622.0	33546203.0	8229.0
16	2.2	3.0	100640303.0	-0.49988579253355664	974.0	50319249.0	12399.0
16	2.2	4.0	100633026.0	-0.4998496472835541	1291.0	67092304.0	16560.0
16	2.2	5.0	100625366.0	-0.49981159965197247	1626.0	83865460.0	20620.0
16	2.2	6.0	100618094.0	-0.4997754792372386	1945.0	100638488.0	24808.0
16	2.2	7.0	100611006.0	-0.49974027276039124	2259.0	117411614.0	28898.0
16	2.2	8.0	100603069.0	-0.499700849254926	2613.0	134184737.0	32991.0
16	2.2	9.0	100595227.0	-0.4996618976195653	2964.0	150957877.0	37067.0
16	2.2	10.0	100587594.0	-0.49962398409843445	3313.0	167730904.0	41256.0
16	2.2	11.0	100579468.0	-0.499583621819814	3687.0	184503966.0	45410.0
16	2.2	12.0	100570862.0	-0.49954087535540265	4078.0	201277132.0	49460.0
16	2.2	13.0	100562286.0	-0.49949827790260315	4489.0	218050241.0	53567.0
16	2.2	14.0	100554247.0	-0.49945834775765735	4864.0	234823459.0	57565.0
16	2.2	15.0	100546620.0	-0.4994204640388489	5227.0	251596656.0	61584.0
16	2.2	16.0	100537842.0	-0.4993768632411957	5653.0	268369744.0	65712.0
16	2.2	17.0	100529260.0	-0.4993342359860738	6071.0	285142819.0	69853.0
16	2.2	18.0	100521034.0	-0.49929337700208026	6477.0	301915855.0	74033.0
16	2.2	19.0	100511625.0	-0.49924664199352264	6949.0	318688977.0	78127.0
16	2.2	20.0	100502566.0	-0.49920164545377094	7402.0	335462058.0	82262.0
16	2.2	21.0	100494025.0	-0.49915922184785205	7830.0	352235161.0	86375.0
16	2.2	22.0	100485560.0	-0.4991171757380168	8273.0	369008425.0	90327.0
16	2.2	23.0	100477144.0	-0.49907537301381427	8714.0	385781671.0	94297.0
16	2.2	24.0	100468831.0	-0.4990340818961461	9146.0	402554696.0	98488.0
16	2.2	25.0	100459117.0	-0.49898583193620044	9642.0	419327848.0	102552.0
16	2.2	26.0	100449645.0	-0.49893878400325775	10139.0	436100906.0	106710.0
16	2.2	27.0	100439837.0	-0.49889006714026135	10646.0	452873998.0	110834.0
16	2.2	28.0	100430426.0	-0.49884332219759625	11161.0	469647097.0	114951.0
16	2.2	29.0	100421010.0	-0.4987965524196625	11671.0	486420331.0	118933.0
16	2.2	30.0	100410768.0	-0.4987456798553467	12222.0	503193520.0	122960.0
16	2.2	31.0	100400929.0	-0.49869680901368457	12764.0	519966701.0	126995.0
16	2.2	32.0	100391664.0	-0.49865078926086426	13296.0	536739912.0	131000.0
16	2.2	33.0	100381781.0	-0.498601699868838	13844.0	553513015.0	135113.0
16	2.2	34.0	100371936.0	-0.4985527992248535	14407.0	570286166.0	139178.0
16	2.2	35.0	100362930.0	-0.4985080659389496	14949.0	587059218.0	143342.0
16	2.2	36.0	100352865.0	-0.4984580725431442	15534.0	603832358.0	147418.0
16	2.2	37.0	100342554.0	-0.49840685725212097	16103.0	620605475.0	151517.0
16	2.2	38.0	100332121.0	-0.4983550359805425	16716.0	637378540.0	155668.0
16	2.2	39.0	100321571.0	-0.4983026335636775	17345.0	654151686.0	159738.0
16	2.2	40.0	100311414.0	-0.49825218319892883	17967.0	670924679.0	163961.0
16	2.2	41.0	100300124.0	-0.49819610516230267	18650.0	687697792.0	168064.0
16	2.2	42.0	100289659.0	-0.49814412494500476	19288.0	704470774.0	172298.0
16	2.2	43.0	100278835.0	-0.49809036155541736	19930.0	721243904.0	176384.0
16	2.2	44.0	100267848.0	-0.4980357885360718	20594.0	738017095.0	180409.0
16	2.2	45.0	100257364.0	-0.497983713944753	21232.0	754790211.0	184509.0
16	2.2	46.0	100245687.0	-0.4979257136583328	21948.0	771563396.0	188540.0
16	2.2	47.0	100235070.0	-0.4978729784488678	22624.0	788336441.0	192711.0
16	2.2	48.0	100223014.0	-0.49781309564908344	23364.0	805109533.0	196835.0
16	2.2	49.0	100210924.0	-0.49775304396947223	24119.0	821882691.0	200893.0
16	2.2	50.0	100198776.0	-0.49769270420074463	24910.0	838655846.0	204954.0
16	2.2	51.0	100186952.0	-0.49763397375742596	25679.0	855429007.0	209009.0
16	2.2	52.0	100175828.0	-0.4975787202517192	26427.0	872202104.0	213128.0
16	2.2	53.0	100164452.0	-0.4975222150484721	27189.0	888975301.0	217147.0
16	2.2	54.0	100152199.0	-0.49746135373910266	28004.0	905748429.0	221235.0
16	2.2	55.0	100139341.0	-0.49739748736222583	28890.0	922521506.0	225374.0
16	2.2	56.0	100126575.0	-0.4973340779542923	29760.0	939294723.0	229373.0
16	2.2	57.0	100115249.0	-0.4972778211037318	30597.0	956067707.0	233605.0
16	2.2	58.0	100103532.0	-0.49721962213516235	31456.0	972840817.0	237711.0
16	2.2	59.0	100089946.0	-0.49715213974316913	32396.0	989613877.0	241867.0
16	2.2	60.0	100077158.0	-0.4970886210600535	33298.0	1006386852.0	246108.0
16	2.2	61.0	100064976.0	-0.497028112411499	34171.0	1023159923.0	250253.0
16	2.2	62.0	100052216.0	-0.4969647328058879	35092.0	1039933056.0	254336.0
16	2.2	63.0	100038701.0	-0.4968976030747096	36043.0	1056706155.0	258453.0
16	2.2	64.0	100025359.0	-0.4968313326438268	37021.0	1073479293.0	262531.0
16	2.2	65.0	100011760.0	-0.4967637856801351	38022.0	1090252424.0	266616.0
16	2.2	66.0	99998043.0	-0.4966956526041031	39035.0	1107025554.0	270702.0
16	2.2	67.0	99984692.0	-0.49662933746973675	40057.0	1123798630.0	274842.0
16	2.2	68.0	99971024.0	-0.4965614477793376	41128.0	1140571794.0	278894.0
16	2.2	69.0	99957324.0	-0.496493399143219	42173.0	1157344960.0	282944.0
16	2.2	70.0	99943726.0	-0.496425857146581	43224.0	1174118000.0	287120.0
16	2.2	71.0	99929992.0	-0.49635763963063556	44324.0	1190890957.0	291379.0
16	2.2	72.0	99916327.0	-0.4962897648413976	45422.0	1207664135.0	295417.0
16	2.2	73.0	99903016.0	-0.4962236483891805	46507.0	1224437235.0	299533.0
16	2.2	74.0	99888728.0	-0.49615267912546795	47658.0	1241210401.0	303583.0
16	2.2	75.0	99874375.0	-0.4960813870032628	48851.0	1257983472.0	307728.0
16	2.2	76.0	99860240.0	-0.4960111776987712	50051.0	1274756467.0	311949.0
16	2.2	77.0	99844523.0	-0.4959331105152766	51300.0	1291529645.0	315987.0
16	2.2	78.0	99829157.0	-0.4958567867676417	52546.0	1308302795.0	320053.0
16	2.2	79.0	99813995.0	-0.495781476298968	53834.0	1325075939.0	324125.0
16	2.2	80.0	99799522.0	-0.4957095881303151	55050.0	1341848999.0	328281.0
16	2.2	81.0	99784475.0	-0.49563484887282055	56343.0	1358622128.0	332368.0
16	2.2	82.0	99768345.0	-0.49555473029613495	57736.0	1375395270.0	336442.0
16	2.2	83.0	99753062.0	-0.4954788188139598	59091.0	1392168275.0	340653.0
16	2.2	84.0	99737961.0	-0.49540381133556366	60422.0	1408941420.0	344724.0
16	2.2	85.0	99721754.0	-0.4953233102957408	61866.0	1425714563.0	348797.0
16	2.2	86.0	99705851.0	-0.4952443192402522	63343.0	1442487610.0	352966.0
16	2.2	87.0	99688826.0	-0.4951597551504771	64871.0	1459260545.0	357247.0
16	2.2	88.0	99671559.0	-0.49507398903369904	66385.0	1476033775.0	361233.0
16	2.2	89.0	99655988.0	-0.49499664704004925	67862.0	1492806860.0	365364.0
16	2.2	90.0	99638367.0	-0.4949091225862503	69489.0	1509580075.0	369365.0
16	2.2	91.0	99621892.0	-0.4948272903760274	70979.0	1526353137.0	373519.0
16	2.2	92.0	99603526.0	-0.49473606546719867	72686.0	1543126248.0	377624.0
16	2.2	93.0	99586668.0	-0.49465233087539673	74354.0	1559899294.0	381794.0
16	2.2	94.0	99569124.0	-0.4945651888847351	76032.0	1576672398.0	385906.0
16	2.2	95.0	99552724.0	-0.49448372920354206	77661.0	1593445493.0	390027.0
16	2.2	96.0	99535537.0	-0.4943983604510625	79374.0	1610218557.0	394179.0
16	2.2	97.0	99519447.0	-0.4943184405565262	80996.0	1626991658.0	398294.0
16	2.2	98.0	99500809.0	-0.4942258646090825	82845.0	1643764798.0	402370.0
16	2.2	99.0	99481937.0	-0.4941321263710658	84716.0	1660537937.0	406447.0
16	2.2	100.0	99463710.0	-0.4940415918827057	86489.0	1677311147.0	410453.0
17	2.15	1.0	100658066.0	-0.4999740223089854	219.0	16773112.0	4104.0
17	2.15	2.0	100651759.0	-0.4999426951011022	485.0	33546231.0	8201.0
17	2.15	3.0	100645606.0	-0.4999121328194936	744.0	50319353.0	12295.0
17	2.15	4.0	100640089.0	-0.4998847295840581	978.0	67092579.0	16285.0
17	2.15	5.0	100633964.0	-0.49985430637995404	1245.0	83865720.0	20360.0
17	2.15	6.0	100627259.0	-0.4998210022846858	1534.0	100638733.0	24563.0
17	2.15	7.0	100620999.0	-0.49978990852832794	1808.0	117411876.0	28636.0
17	2.15	8.0	100614360.0	-0.49975693225860596	2098.0	134184873.0	32855.0
17	2.15	9.0	100607493.0	-0.49972282350063324	2403.0	150957977.0	36967.0
17	2.15	10.0	100601918.0	-0.49969513217608136	2657.0	167731051.0	41109.0
17	2.15	11.0	100595340.0	-0.49966245889663696	2960.0	184504207.0	45169.0
17	2.15	12.0	100588916.0	-0.4996305505434672	3261.0	201277207.0	49385.0
17	2.15	13.0	100582875.0	-0.4996005445718765	3548.0	218050345.0	53463.0
17	2.15	14.0	100576320.0	-0.49956798553466797	3852.0	234823593.0	57431.0
17	2.15	15.0	100570089.0	-0.49953703582286835	4143.0	251596614.0	61626.0
17	2.15	16.0	100563150.0	-0.499502569437027	4473.0	268369710.0	65746.0
17	2.15	17.0	100556633.0	-0.4994701991478602	4788.0	285142792.0	69880.0
17	2.15	18.0	100550151.0	-0.49943800270557404	5100.0	301915967.0	73921.0
17	2.15	19.0	100543768.0	-0.49940629800160724	5416.0	318689132.0	77972.0
17	2.15	20.0	100536520.0	-0.4993702967961629	5777.0	335462299.0	82021.0
17	2.15	21.0	100530313.0	-0.49933946629365283	6084.0	352235381.0	86155.0
17	2.15	22.0	100523543.0	-0.4993058393398921	6425.0	369008393.0	90359.0
17	2.15	23.0	100517680.0	-0.49927671750386554	6725.0	385781498.0	94470.0
17	2.15	24.0	100510697.0	-0.49924203256766003	7085.0	402554547.0	98637.0
17	2.15	25.0	100504104.0	-0.49920928478240967	7422.0	419327687.0	102713.0
17	2.15	26.0	100497606.0	-0.4991770088672638	7764.0	436100764.0	106852.0
17	2.15	27.0	100490543.0	-0.49914192656675976	8139.0	452873810.0	111022.0
17	2.15	28.0	100484155.0	-0.4991101970275243	8485.0	469647004.0	115044.0
17	2.15	29.0	100477273.0	-0.4990760137637456	8842.0	486420108.0	119156.0
17	2.15	30.0	100470099.0	-0.4990403801202774	9224.0	503193140.0	123340.0
17	2.15	31.0	100462836.0	-0.4990043044090271	9620.0	519966221.0	127475.0
17	2.15	32.0	100455628.0	-0.498968501885732	9989.0	536739491.0	131421.0
17	2.15	33.0	100447770.0	-0.4989294707775116	10409.0	553512595.0	135533.0
17	2.15	34.0	100440444.0	-0.4988930821418762	10812.0	570285629.0	139715.0
17	2.15	35.0	100432759.0	-0.4988549103339513	11221.0	587058684.0	143876.0
17	2.15	36.0	100425521.0	-0.4988189587990443	11628.0	603831856.0	147920.0
17	2.15	37.0	100418721.0	-0.49878518283367157	12005.0	620605008.0	151984.0
17	2.15	38.0	100411497.0	-0.4987493008375168	12408.0	637378140.0	156068.0
17	2.15	39.0	100403916.0	-0.49871164560317993	12839.0	654151292.0	160132.0
17	2.15	40.0	100395827.0	-0.4986714671055476	13303.0	670924422.0	164218.0
17	2.15	41.0	100387504.0	-0.4986301263173421	13765.0	687697471.0	168385.0
17	2.15	42.0	100379780.0	-0.4985917607943217	14217.0	704470585.0	172487.0
17	2.15	43.0	100372029.0	-0.4985532611608505	14675.0	721243779.0	176509.0
17	2.15	44.0	100363502.0	-0.4985109070936839	15186.0	738016934.0	180570.0
17	2.15	45.0	100354717.0	-0.49846727152665454	15707.0	754789976.0	184744.0
17	2.15	46.0	100346712.0	-0.49842751026153564	16196.0	771563001.0	188935.0
17	2.15	47.0	100338003.0	-0.4983842521905899	16721.0	788336115.0	193037.0
17	2.15	48.0	100329961.0	-0.4983443071444829	17211.0	805109285.0	197083.0
17	2.15	49.0	100321768.0	-0.4983036120732625	17718.0	821882440.0	201144.0
17	2.15	50.0	100313975.0	-0.49826490382353467	18224.0	838655482.0	205318.0
17	2.15	51.0	100305189.0	-0.4982212632894516	18788.0	855428629.0	209387.0
17	2.15	52.0	100296359.0	-0.4981774042050044	19334.0	872201716.0	213516.0
17	2.15	53.0	100287604.0	-0.498133917649587	19874.0	888974845.0	217603.0
17	2.15	54.0	100279721.0	-0.4980947623650233	20394.0	905748089.0	221575.0
17	2.15	55.0	100270302.0	-0.49804797768592834	21007.0	922521268.0	225612.0
17	2.15	56.0	100261671.0	-0.49800510704517365	21579.0	939294436.0	229660.0
17	2.15	57.0	100252832.0	-0.49796120325724286	22155.0	956067570.0	233742.0
17	2.15	58.0	100244325.0	-0.4979189485311508	22719.0	972840604.0	237924.0
17	2.15	59.0	100235683.0	-0.49787602325280506	23287.0	989613751.0	241993.0
17	2.15	60.0	100226800.0	-0.4978319009145101	23872.0	1006386859.0	246101.0
17	2.15	61.0	100216763.0	-0.4977820465962092	24543.0	1023159962.0	250214.0
17	2.15	62.0	100207569.0	-0.4977363795042038	25171.0	1039933109.0	254283.0
17	2.15	63.0	100197992.0	-0.4976888100306193	25818.0	1056706229.0	258379.0
17	2.15	64.0	100189098.0	-0.4976446330547333	26441.0	1073479200.0	262624.0
17	2.15	65.0	100179285.0	-0.4975958913564682	27113.0	1090252308.0	266732.0
17	2.15	66.0	100170136.0	-0.4975504477818807	27748.0	1107025411.0	270845.0
17	2.15	67.0	100160185.0	-0.4975010206302007	28443.0	1123798594.0	274878.0
17	2.15	68.0	100149648.0	-0.4974486827850342	29196.0	1140571710.0	278978.0
17	2.15	69.0	100139321.0	-0.49739738802115124	29948.0	1157344902.0	283002.0
17	2.15	70.0	100129398.0	-0.4973480999469757	30684.0	1174118097.0	287023.0
17	2.15	71.0	100119815.0	-0.49730050067106885	31399.0	1190891282.0	291054.0
17	2.15	72.0	100109481.0	-0.49724917113780975	32157.0	1207664526.0	295026.0
17	2.15	73.0	100099422.0	-0.4971992075443268	32898.0	1224437684.0	299084.0
17	2.15	74.0	100089584.0	-0.49715034166971844	33652.0	1241210817.0	303167.0
17	2.15	75.0	100079192.0	-0.49709872404734295	34451.0	1257984061.0	307139.0
17	2.15	76.0	100068971.0	-0.4970479557911555	35207.0	1274757336.0	311080.0
17	2.15	77.0	100058649.0	-0.4969966858625412	35997.0	1291530578.0	315054.0
17	2.15	78.0	100048352.0	-0.4969455401102702	36806.0	1308303705.0	319143.0
17	2.15	79.0	100037182.0	-0.49689005812009174	37648.0	1325076749.0	323315.0
17	2.15	80.0	100026119.0	-0.4968351076046626	38495.0	1341849851.0	327429.0
17	2.15	81.0	100015339.0	-0.49678156276543933	39378.0	1358622923.0	331573.0
17	2.15	82.0	100004691.0	-0.49672867357730865	40232.0	1375396028.0	335684.0
17	2.15	83.0	99993969.0	-0.49667541682720184	41070.0	1392169106.0	339822.0
17	2.15	84.0	99982983.0	-0.49662084877491	41973.0	1408942386.0	343758.0
17	2.15	85.0	99971929.0	-0.49656594296296436	42856.0	1425715473.0	347887.0
17	2.15	86.0	99962339.0	-0.4965183089176814	43709.0	1442488614.0	351962.0
17	2.15	87.0	99951722.0	-0.49646557370821637	44567.0	1459261683.0	356109.0
17	2.15	88.0	99940124.0	-0.49640796581904095	45507.0	1476034723.0	360285.0
17	2.15	89.0	99929165.0	-0.4963535318771998	46450.0	1492807813.0	364411.0
17	2.15	90.0	99917835.0	-0.4962972551584244	47423.0	1509580841.0	368599.0
17	2.15	91.0	99906172.0	-0.4962393244107564	48424.0	1526353952.0	372704.0
17	2.15	92.0	99894150.0	-0.49617961049079895	49417.0	1543127153.0	376719.0
17	2.15	93.0	99881942.0	-0.49611897269884747	50469.0	1559900323.0	380765.0
17	2.15	94.0	99869112.0	-0.4960552453994751	51581.0	1576673393.0	384911.0
17	2.15	95.0	99856469.0	-0.4959924469391505	52707.0	1593446473.0	389047.0
17	2.15	96.0	99844775.0	-0.4959343622128169	53776.0	1610219617.0	393119.0
17	2.15	97.0	99832029.0	-0.49587105214595795	54908.0	1626992702.0	397250.0
17	2.15	98.0	99818774.0	-0.4958052138487498	56052.0	1643765767.0	401401.0
17	2.15	99.0	99806370.0	-0.49574360251426697	57169.0	1660538874.0	405510.0
17	2.15	100.0	99793176.0	-0.4956780672073364	58335.0	1677311955.0	409645.0
18	2.1	1.0	100658536.0	-0.4999763568242391	199.0	16773048.0	4168.0
18	2.1	2.0	100654341.0	-0.49995552003383636	377.0	33546120.0	8312.0
18	2.1	3.0	100650393.0	-0.49993591010570526	544.0	50319235.0	12413.0
18	2.1	4.0	100645871.0	-0.4999134490887324	738.0	67092265.0	16599.0
18	2.1	5.0	100641195.0	-0.4998902231454849	942.0	83865438.0	20642.0
18	2.1	6.0	100637109.0	-0.4998699277639389	1117.0	100638524.0	24772.0
18	2.1	7.0	100632659.0	-0.4998478243748347	1310.0	117411721.0	28791.0
18	2.1	8.0	100628184.0	-0.4998255968093872	1507.0	134184785.0	32943.0
18	2.1	9.0	100623180.0	-0.49980074167251587	1732.0	150957803.0	37141.0
18	2.1	10.0	100618826.0	-0.4997791151205699	1925.0	167730953.0	41207.0
18	2.1	11.0	100613743.0	-0.49975386758645374	2154.0	184504068.0	45308.0
18	2.1	12.0	100608649.0	-0.4997285654147466	2385.0	201277275.0	49317.0
18	2.1	13.0	100604493.0	-0.4997079223394394	2576.0	218050405.0	53403.0
18	2.1	14.0	100599734.0	-0.49968428413073224	2794.0	234823499.0	57525.0
18	2.1	15.0	100594653.0	-0.49965904653072357	3035.0	251596575.0	61665.0
18	2.1	16.0	100590033.0	-0.49963609874248505	3245.0	268369631.0	65825.0
18	2.1	17.0	100584821.0	-0.4996102104584376	3483.0	285142822.0	69850.0
18	2.1	18.0	100580142.0	-0.49958696961402893	3703.0	301915930.0	73958.0
18	2.1	19.0	100575400.0	-0.49956341584523517	3928.0	318689080.0	78024.0
18	2.1	20.0	100570440.0	-0.499538779258728	4164.0	335462240.0	82080.0
18	2.1	21.0	100565287.0	-0.4995131840308507	4414.0	352235310.0	86226.0
18	2.1	22.0	100560233.0	-0.49948808054129284	4664.0	369008398.0	90354.0
18	2.1	23.0	100555453.0	-0.4994643380244573	4904.0	385781531.0	94437.0
18	2.1	24.0	100550374.0	-0.4994391103585561	5162.0	402554678.0	98506.0
18	2.1	25.0	100545133.0	-0.49941307802995044	5431.0	419327902.0	102498.0
18	2.1	26.0	100539343.0	-0.4993843187888463	5717.0	436100944.0	106672.0
18	2.1	27.0	100533924.0	-0.4993574023246765	5988.0	452874014.0	110818.0
18	2.1	28.0	100528696.0	-0.49933143456776935	6250.0	469647056.0	114992.0
18	2.1	29.0	100523028.0	-0.49930328130722046	6540.0	486420169.0	119095.0
18	2.1	30.0	100517227.0	-0.49927446742852527	6836.0	503193256.0	123224.0
18	2.1	31.0	100511932.0	-0.49924816687901813	7116.0	519966384.0	127312.0
18	2.1	32.0	100506322.0	-0.49922030170758563	7406.0	536739529.0	131383.0
18	2.1	33.0	100500669.0	-0.4991922229528427	7693.0	553512521.0	135607.0
18	2.1	34.0	100494762.0	-0.499162882566452	8000.0	570285695.0	139649.0
18	2.1	35.0	100489479.0	-0.49913664162158966	8291.0	587058894.0	143666.0
18	2.1	36.0	100483064.0	-0.4991047779719035	8634.0	603832035.0	147741.0
18	2.1	37.0	100477302.0	-0.49907615780830383	8949.0	620605185.0	151807.0
18	2.1	38.0	100471219.0	-0.4990459432204564	9292.0	637378347.0	155861.0
18	2.1	39.0	100465441.0	-0.49901724358399707	9620.0	654151386.0	160038.0
18	2.1	40.0	100460154.0	-0.4989909827709198	9928.0	670924415.0	164225.0
18	2.1	41.0	100454530.0	-0.49896304806073505	10244.0	687697485.0	168371.0
18	2.1	42.0	100448596.0	-0.4989335735638936	10577.0	704470651.0	172421.0
18	2.1	43.0	100442528.0	-0.49890343348185223	10909.0	721243842.0	176446.0
18	2.1	44.0	100436877.0	-0.49887536466121674	11224.0	738016993.0	180511.0
18	2.1	45.0	100430535.0	-0.49884386360645294	11594.0	754790061.0	184659.0
18	2.1	46.0	100424167.0	-0.4988122334082921	11960.0	771563144.0	188792.0
18	2.1	47.0	100418022.0	-0.4987817108631134	12323.0	788336165.0	192987.0
18	2.1	48.0	100411468.0	-0.49874915679295856	12708.0	805109220.0	197148.0
18	2.1	49.0	100405538.0	-0.4987197021643321	13057.0	821882397.0	201187.0
18	2.1	50.0	100399572.0	-0.49869006872177124	13408.0	838655410.0	205390.0
18	2.1	51.0	100393830.0	-0.4986615478992462	13758.0	855428483.0	209533.0
18	2.1	52.0	100387276.0	-0.49862899382909137	14151.0	872201552.0	213680.0
18	2.1	53.0	100380659.0	-0.4985961268345515	14538.0	888974726.0	217722.0
18	2.1	54.0	100373843.0	-0.4985622713963191	14944.0	905747757.0	221907.0
18	2.1	55.0	100367234.0	-0.49852944413820904	15332.0	922520931.0	225949.0
18	2.1	56.0	100360710.0	-0.49849703907966614	15733.0	939293976.0	230120.0
18	2.1	57.0	100353486.0	-0.49846115708351135	16185.0	956066999.0	234313.0
18	2.1	58.0	100347194.0	-0.49842990438143414	16577.0	972840123.0	238405.0
18	2.1	59.0	100340610.0	-0.49839720129966736	16998.0	989613345.0	242399.0
18	2.1	60.0	100334023.0	-0.4983644833167394	17422.0	1006386436.0	246524.0
18	2.1	61.0	100327327.0	-0.4983312239249547	17841.0	1023159531.0	250645.0
18	2.1	62.0	100320530.0	-0.4982974628607432	18296.0	1039932673.0	254719.0
18	2.1	63.0	100314307.0	-0.4982665528853734	18719.0	1056705802.0	258806.0
18	2.1	64.0	100307955.0	-0.4982350021600723	19146.0	1073478981.0	262843.0
18	2.1	65.0	100301026.0	-0.49820058544476825	19630.0	1090252058.0	266982.0
18	2.1	66.0	100293809.0	-0.4981647382179896	20120.0	1107025242.0	271014.0
18	2.1	67.0	100286740.0	-0.49812962611516315	20590.0	1123798264.0	275208.0
18	2.1	68.0	100279336.0	-0.49809285004933673	21086.0	1140571380.0	279308.0
18	2.1	69.0	100272424.0	-0.4980585177739461	21564.0	1157344595.0	283309.0
18	2.1	70.0	100265434.0	-0.49802379806836444	22050.0	1174117799.0	287321.0
18	2.1	71.0	100258395.0	-0.49798883497714996	22504.0	1190890887.0	291449.0
18	2.1	72.0	100251362.0	-0.49795390168825787	23016.0	1207663975.0	295577.0
18	2.1	73.0	100243988.0	-0.4979172746340434	23523.0	1224437086.0	299682.0
18	2.1	74.0	100236360.0	-0.49787938594818115	24035.0	1241210182.0	303802.0
18	2.1	75.0	100229237.0	-0.49784400562445325	24527.0	1257983280.0	307920.0
18	2.1	76.0	100222566.0	-0.49781087040901184	25019.0	1274756461.0	311955.0
18	2.1	77.0	100215121.0	-0.4977738906939824	25559.0	1291529624.0	316008.0
18	2.1	78.0	100207670.0	-0.4977368811766307	26095.0	1308302811.0	320037.0
18	2.1	79.0	100200203.0	-0.4976997921864192	26658.0	1325075839.0	324225.0
18	2.1	80.0	100192895.0	-0.497663492957751	27189.0	1341848987.0	328293.0
18	2.1	81.0	100185634.0	-0.4976274271806081	27715.0	1358622153.0	332343.0
18	2.1	82.0	100177632.0	-0.4975876808166504	28297.0	1375395232.0	336480.0
18	2.1	83.0	100169811.0	-0.49754883348941803	28889.0	1392168357.0	340571.0
18	2.1	84.0	100162569.0	-0.4975128620862961	29459.0	1408941396.0	344748.0
18	2.1	85.0	100154538.0	-0.49747297167778015	30067.0	1425714538.0	348822.0
18	2.1	86.0	100146698.0	-0.4974340299765269	30672.0	1442487704.0	352872.0
18	2.1	87.0	100138726.0	-0.4973944326241811	31273.0	1459260825.0	356967.0
18	2.1	88.0	100131011.0	-0.4973561118046443	31868.0	1476034000.0	361008.0
18	2.1	89.0	100122366.0	-0.49731317162513733	32529.0	1492807106.0	365118.0
18	2.1	90.0	100114287.0	-0.4972730427980423	33157.0	1509580251.0	369189.0
18	2.1	91.0	100105480.0	-0.4972292979558309	33852.0	1526353406.0	373250.0
18	2.1	92.0	100097287.0	-0.4971886028846105	34506.0	1543126523.0	377349.0
18	2.1	93.0	100089137.0	-0.49714812139670056	35158.0	1559899585.0	381503.0
18	2.1	94.0	100080251.0	-0.4971039841572444	35844.0	1576672661.0	385643.0
18	2.1	95.0	100071621.0	-0.4970611184835434	36517.0	1593445683.0	389837.0
18	2.1	96.0	100062863.0	-0.49701761702696484	37233.0	1610218875.0	393861.0
18	2.1	97.0	100054455.0	-0.4969758540391922	37903.0	1626991963.0	397989.0
18	2.1	98.0	100045388.0	-0.4969308177630107	38642.0	1643765136.0	402032.0
18	2.1	99.0	100036536.0	-0.49688684940338135	39373.0	1660538321.0	406063.0
18	2.1	100.0	100027191.0	-0.4968404322862625	40144.0	1677311408.0	410192.0
19	2.05	1.0	100660384.0	-0.4999855359395345	122.0	16773044.0	4172.0
19	2.05	2.0	100656532.0	-0.4999664028485616	284.0	33546220.0	8212.0
19	2.05	3.0	100652659.0	-0.49994716544946033	449.0	50319344.0	12304.0
19	2.05	4.0	100649241.0	-0.4999301880598068	595.0	67092535.0	16329.0
19	2.05	5.0	100645957.0	-0.4999138762553533	738.0	83865592.0	20488.0
19	2.05	6.0	100642610.0	-0.4998972515265147	886.0	100638863.0	24433.0
19	2.05	7.0	100639109.0	-0.4998798618714015	1045.0	117412001.0	28511.0
19	2.05	8.0	100635261.0	-0.4998607486486435	1213.0	134185025.0	32703.0
19	2.05	9.0	100631932.0	-0.49984421332677204	1360.0	150958260.0	36684.0
19	2.05	10.0	100628502.0	-0.49982717633247375	1511.0	167731301.0	40859.0
19	2.05	11.0	100624882.0	-0.4998091955979665	1672.0	184504421.0	44955.0
19	2.05	12.0	100621249.0	-0.49979115029176074	1838.0	201277556.0	49036.0
19	2.05	13.0	100617748.0	-0.4997737606366475	1994.0	218050669.0	53139.0
19	2.05	14.0	100613658.0	-0.4997534453868866	2179.0	234823802.0	57222.0
19	2.05	15.0	100610336.0	-0.4997369448343913	2335.0	251596917.0	61323.0
19	2.05	16.0	100606156.0	-0.4997161825497945	2528.0	268370026.0	65430.0
19	2.05	17.0	100602298.0	-0.4996970196564992	2710.0	285143109.0	69563.0
19	2.05	18.0	100598426.0	-0.4996777872244517	2886.0	301916217.0	73671.0
19	2.05	19.0	100594910.0	-0.49966032306353253	3052.0	318689227.0	77877.0
19	2.05	20.0	100590679.0	-0.49963930745919544	3247.0	335462427.0	81893.0
19	2.05	21.0	100586929.0	-0.4996206810077031	3422.0	352235489.0	86047.0
19	2.05	22.0	100583333.0	-0.49960281948248547	3591.0	369008556.0	90196.0
19	2.05	23.0	100579728.0	-0.4995849132537842	3764.0	385781641.0	94327.0
19	2.05	24.0	100575201.0	-0.49956242740154266	3986.0	402554793.0	98391.0
19	2.05	25.0	100571435.0	-0.49954372147719067	4167.0	419327909.0	102491.0
19	2.05	26.0	100566965.0	-0.49952151874701184	4381.0	436101147.0	106469.0
19	2.05	27.0	100562760.0	-0.4995006322860718	4583.0	452874227.0	110605.0
19	2.05	28.0	100558740.0	-0.499480664730072	4782.0	469647234.0	114814.0
19	2.05	29.0	100554667.0	-0.4994604339202245	4988.0	486420170.0	119094.0
19	2.05	30.0	100550473.0	-0.4994396020968755	5201.0	503193342.0	123138.0
19	2.05	31.0	100546323.0	-0.4994189888238907	5414.0	519966606.0	127090.0
19	2.05	32.0	100541793.0	-0.499396488070488	5653.0	536739730.0	131182.0
19	2.05	33.0	100538182.0	-0.4993785520394643	5852.0	553512753.0	135375.0
19	2.05	34.0	100533677.0	-0.4993561754624049	6086.0	570285874.0	139470.0
19	2.05	35.0	100530119.0	-0.499338502685229	6277.0	587058927.0	143633.0
19	2.05	36.0	100525817.0	-0.499317134420077	6500.0	603832112.0	147664.0
19	2.05	37.0	100521819.0	-0.49929727613925934	6721.0	620605230.0	151762.0
19	2.05	38.0	100517364.0	-0.4992751479148865	6960.0	637378284.0	155924.0
19	2.05	39.0	100513400.0	-0.4992554585138957	7173.0	654151415.0	160009.0
19	2.05	40.0	100509136.0	-0.49923427899678546	7400.0	670924464.0	164176.0
19	2.05	41.0	100505082.0	-0.49921414256095886	7625.0	687697652.0	168204.0
19	2.05	42.0	100500825.0	-0.4991929978132248	7864.0	704470730.0	172342.0
19	2.05	43.0	100496488.0	-0.4991714557011922	8107.0	721243790.0	176498.0
19	2.05	44.0	100492213.0	-0.49915022154649097	8340.0	738016900.0	180604.0
19	2.05	45.0	100487282.0	-0.49912572900454205	8602.0	754790045.0	184675.0
19	2.05	46.0	100483295.0	-0.49910592536131543	8825.0	771563140.0	188796.0
19	2.05	47.0	100478923.0	-0.4990842094024022	9070.0	788336352.0	192800.0
19	2.05	48.0	100474397.0	-0.4990617285172145	9332.0	805109396.0	196972.0
19	2.05	49.0	100469749.0	-0.49903864165147144	9600.0	821882511.0	201073.0
19	2.05	50.0	100465925.0	-0.49901964763800305	9830.0	838655513.0	205287.0
19	2.05	51.0	100461530.0	-0.49899781743685406	10075.0	855428684.0	209332.0
19	2.05	52.0	100456502.0	-0.4989728430906932	10365.0	872201819.0	213413.0
19	2.05	53.0	100451624.0	-0.498948613802592	10651.0	888974992.0	217456.0
19	2.05	54.0	100446704.0	-0.49892417589823407	10944.0	905748202.0	221462.0
19	2.05	55.0	100441819.0	-0.4988999118407567	11245.0	922521371.0	225509.0
19	2.05	56.0	100437540.0	-0.4988786578178406	11498.0	939294502.0	229594.0
19	2.05	57.0	100433293.0	-0.4988575627406438	11752.0	956067571.0	233741.0
19	2.05	58.0	100428302.0	-0.498832772175471	12036.0	972840643.0	237885.0
19	2.05	59.0	100423085.0	-0.4988068590561549	12354.0	989613803.0	241941.0
19	2.05	60.0	100417359.0	-0.49877841770648956	12693.0	1006387027.0	245933.0
19	2.05	61.0	100412721.0	-0.4987553805112839	12992.0	1023160142.0	250034.0
19	2.05	62.0	100407878.0	-0.4987313250700633	13285.0	1039933308.0	254084.0
19	2.05	63.0	100403497.0	-0.4987095644076665	13562.0	1056706445.0	258163.0
19	2.05	64.0	100398391.0	-0.4986842026313146	13873.0	1073479643.0	262181.0
19	2.05	65.0	100393698.0	-0.4986608922481537	14181.0	1090252777.0	266263.0
19	2.05	66.0	100388751.0	-0.49863632023334503	14504.0	1107025916.0	270340.0
19	2.05	67.0	100384418.0	-0.4986147979895274	14794.0	1123799085.0	274387.0
19	2.05	68.0	100379524.0	-0.49859048922856647	15111.0	1140572193.0	278495.0
19	2.05	69.0	100374723.0	-0.4985666424036026	15411.0	1157345410.0	282494.0
19	2.05	70.0	100369879.0	-0.49854258199532825	15729.0	1174118530.0	286590.0
19	2.05	71.0	100364928.0	-0.4985179901123047	16041.0	1190891584.0	290752.0
19	2.05	72.0	100359876.0	-0.49849289655685425	16377.0	1207664645.0	294907.0
19	2.05	73.0	100354745.0	-0.49846741060415906	16706.0	1224437809.0	298959.0
19	2.05	74.0	100349759.0	-0.4984426448742549	17037.0	1241210872.0	303112.0
19	2.05	75.0	100344684.0	-0.4984174370765686	17381.0	1257984029.0	307171.0
19	2.05	76.0	100339332.0	-0.4983908534049988	17744.0	1274757197.0	311219.0
19	2.05	77.0	100334196.0	-0.4983653426170349	18103.0	1291530340.0	315292.0
19	2.05	78.0	100328918.0	-0.4983391265074412	18474.0	1308303461.0	319387.0
19	2.05	79.0	100323624.0	-0.4983128309249878	18820.0	1325076570.0	323494.0
19	2.05	80.0	100317819.0	-0.4982839971780777	19192.0	1341849597.0	327683.0
19	2.05	81.0	100312837.0	-0.49825925131638843	19552.0	1358622743.0	331753.0
19	2.05	82.0	100306594.0	-0.49822824199994403	19965.0	1375395850.0	335862.0
19	2.05	83.0	100301526.0	-0.4982030689716339	20321.0	1392168881.0	340047.0
19	2.05	84.0	100296065.0	-0.4981759438912074	20713.0	1408941876.0	344268.0
19	2.05	85.0	100290518.0	-0.49814839164415997	21104.0	1425715035.0	348325.0
19	2.05	86.0	100285193.0	-0.4981219420830409	21476.0	1442488188.0	352388.0
19	2.05	87.0	100279321.0	-0.49809277554353076	21911.0	1459261465.0	356327.0
19	2.05	88.0	100273519.0	-0.49806395669778186	22320.0	1476034651.0	360357.0
19	2.05	89.0	100267867.0	-0.49803588291009265	22718.0	1492807773.0	364451.0
19	2.05	90.0	100262088.0	-0.4980071783065796	23134.0	1509580914.0	368526.0
19	2.05	91.0	100256051.0	-0.49797719220320386	23560.0	1526353971.0	372685.0
19	2.05	92.0	100250020.0	-0.49794723590215045	23995.0	1543127119.0	376753.0
19	2.05	93.0	100244128.0	-0.49791797002156574	24435.0	1559900265.0	380823.0
19	2.05	94.0	100237978.0	-0.49788742264111835	24887.0	1576673338.0	384966.0
19	2.05	95.0	100232190.0	-0.4978586733341217	25323.0	1593446506.0	389014.0
19	2.05	96.0	100225869.0	-0.49782727658748627	25800.0	1610219683.0	393053.0
19	2.05	97.0	100219609.0	-0.4977961828311284	26266.0	1626992795.0	397157.0
19	2.05	98.0	100213531.0	-0.4977659930785497	26735.0	1643765886.0	401282.0
19	2.05	99.0	100207219.0	-0.49773464103539783	27229.0	1660539013.0	405371.0
19	2.05	100.0	100201250.0	-0.49770499269167584	27685.0	1677312067.0	409533.0
20	2.0	1.0	100660778.0	-0.49998749295870465	105.0	16773078.0	4138.0
20	2.0	2.0	100658402.0	-0.4999756912390391	206.0	33546213.0	8219.0
20	2.0	3.0	100655534.0	-0.4999614457289378	327.0	50319182.0	12466.0
20	2.0	4.0	100653207.0	-0.4999498873949051	425.0	67092203.0	16661.0
20	2.0	5.0	100650425.0	-0.4999360690514247	546.0	83865194.0	20886.0
20	2.0	6.0	100647897.0	-0.499923512339592	657.0	100638291.0	25005.0
20	2.0	7.0	100645329.0	-0.49991075694561005	767.0	117411469.0	29043.0
20	2.0	8.0	100642787.0	-0.49989813069502514	877.0	134184655.0	33073.0
20	2.0	9.0	100640197.0	-0.4998852660258611	990.0	150957773.0	37171.0
20	2.0	10.0	100637871.0	-0.49987371265888214	1091.0	167730808.0	41352.0
20	2.0	11.0	100635114.0	-0.499860018491745	1213.0	184503863.0	45513.0
20	2.0	12.0	100632284.0	-0.4998459617296855	1335.0	201276940.0	49652.0
20	2.0	13.0	100629728.0	-0.4998332659403483	1448.0	218050020.0	53788.0
20	2.0	14.0	100627127.0	-0.49982034663359326	1566.0	234823133.0	57891.0
20	2.0	15.0	100624823.0	-0.4998089025417964	1673.0	251596247.0	61993.0
20	2.0	16.0	100622209.0	-0.4997959186633428	1789.0	268369297.0	66159.0
20	2.0	17.0	100619560.0	-0.4997827609380086	1913.0	285142359.0	70313.0
20	2.0	18.0	100616898.0	-0.49976953864097595	2037.0	301915455.0	74433.0
20	2.0	19.0	100614139.0	-0.4997558345397313	2162.0	318688565.0	78539.0
20	2.0	20.0	100611488.0	-0.49974266688028973	2284.0	335461648.0	82672.0
20	2.0	21.0	100608466.0	-0.49972765644391376	2422.0	352234804.0	86732.0
20	2.0	22.0	100605913.0	-0.4997149755557378	2542.0	369007861.0	90891.0
20	2.0	23.0	100603386.0	-0.49970242381095886	2658.0	385780978.0	94990.0
20	2.0	24.0	100600448.0	-0.4996878306070964	2800.0	402554170.0	99014.0
20	2.0	25.0	100597537.0	-0.49967337151368457	2940.0	419327314.0	103086.0
20	2.0	26.0	100594504.0	-0.4996583064397176	3084.0	436100353.0	107263.0
20	2.0	27.0	100591758.0	-0.4996446669101715	3218.0	452873449.0	111383.0
20	2.0	28.0	100589000.0	-0.49963096777598065	3359.0	469646592.0	115456.0
20	2.0	29.0	100586258.0	-0.4996173481146495	3493.0	486419721.0	119543.0
20	2.0	30.0	100583167.0	-0.49960199495156604	3645.0	503192866.0	123614.0
20	2.0	31.0	100580617.0	-0.49958932896455127	3768.0	519966003.0	127693.0
20	2.0	32.0	100577907.0	-0.4995758682489395	3904.0	536739128.0	131784.0
20	2.0	33.0	100574946.0	-0.4995611608028412	4052.0	553512274.0	135854.0
20	2.0	34.0	100571615.0	-0.4995446155468623	4220.0	570285446.0	139898.0
20	2.0	35.0	100568903.0	-0.49953114489714306	4362.0	587058596.0	143964.0
20	2.0	36.0	100566052.0	-0.49951698382695514	4507.0	603831720.0	148056.0
20	2.0	37.0	100563275.0	-0.4995031903187434	4656.0	620604800.0	152192.0
20	2.0	38.0	100560265.0	-0.4994882394870122	4817.0	637377996.0	156212.0
20	2.0	39.0	100557326.0	-0.499473641316096	4964.0	654151036.0	160388.0
20	2.0	40.0	100554414.0	-0.4994591772556305	5117.0	670924091.0	164549.0
20	2.0	41.0	100551812.0	-0.4994462529818217	5258.0	687697131.0	168725.0
20	2.0	42.0	100549162.0	-0.4994330902894338	5398.0	704470206.0	172866.0
20	2.0	43.0	100546286.0	-0.49941880504290265	5552.0	721243302.0	176986.0
20	2.0	44.0	100543372.0	-0.49940433104832965	5709.0	738016402.0	181102.0
20	2.0	45.0	100540241.0	-0.49938877920309704	5877.0	754789582.0	185138.0
20	2.0	46.0	100537164.0	-0.49937349557876587	6047.0	771562654.0	189282.0
20	2.0	47.0	100533798.0	-0.49935677647590637	6227.0	788335627.0	193525.0
20	2.0	48.0	100530371.0	-0.4993397543827693	6414.0	805108691.0	197677.0
20	2.0	49.0	100527067.0	-0.4993233432372411	6586.0	821881700.0	201884.0
20	2.0	50.0	100523655.0	-0.49930639564991	6770.0	838654920.0	205880.0
20	2.0	51.0	100520465.0	-0.4992905507485072	6953.0	855427989.0	210027.0
20	2.0	52.0	100517941.0	-0.4992780139048894	7096.0	872201210.0	214022.0
20	2.0	53.0	100514813.0	-0.499262476960818	7270.0	888974313.0	218135.0
20	2.0	54.0	100511710.0	-0.4992470641930898	7448.0	905747383.0	222281.0
20	2.0	55.0	100508341.0	-0.4992303301890691	7633.0	922520432.0	226448.0
20	2.0	56.0	100505165.0	-0.4992145548264186	7816.0	939293520.0	230576.0
20	2.0	57.0	100501770.0	-0.49919769167900085	8011.0	956066654.0	234658.0
20	2.0	58.0	100498036.0	-0.4991791447003682	8230.0	972839660.0	238868.0
20	2.0	59.0	100494746.0	-0.49916280309359234	8423.0	989612823.0	242921.0
20	2.0	60.0	100491151.0	-0.49914494653542835	8630.0	1006385973.0	246987.0
20	2.0	61.0	100487474.0	-0.49912668267885846	8847.0	1023159044.0	251132.0
20	2.0	62.0	100483855.0	-0.4991087069114049	9050.0	1039932201.0	255191.0
20	2.0	63.0	100480157.0	-0.49909033874670666	9274.0	1056705297.0	259311.0
20	2.0	64.0	100476788.0	-0.499073604742686	9471.0	1073478404.0	263420.0
20	2.0	65.0	100473363.0	-0.4990565925836563	9667.0	1090251529.0	267511.0
20	2.0	66.0	100469985.0	-0.49903981387615204	9862.0	1107024599.0	271657.0
20	2.0	67.0	100466763.0	-0.49902381002902985	10059.0	1123797672.0	275800.0
20	2.0	68.0	100463277.0	-0.4990064948797226	10264.0	1140570855.0	279833.0
20	2.0	69.0	100459490.0	-0.49898768464724225	10494.0	1157344011.0	283893.0
20	2.0	70.0	100455762.0	-0.498969167470932	10716.0	1174117105.0	288015.0
20	2.0	71.0	100452349.0	-0.4989522149165471	10931.0	1190890235.0	292101.0
20	2.0	72.0	100449069.0	-0.49893592298030853	11141.0	1207663316.0	296236.0
20	2.0	73.0	100445294.0	-0.49891717235247296	11378.0	1224436497.0	300271.0
20	2.0	74.0	100442036.0	-0.49890098969141644	11583.0	1241209567.0	304417.0
20	2.0	75.0	100438384.0	-0.49888285001118976	11812.0	1257982701.0	308499.0
20	2.0	76.0	100435006.0	-0.4988660713036855	12030.0	1274755776.0	312640.0
20	2.0	77.0	100431581.0	-0.4988490591446559	12244.0	1291528850.0	316782.0
20	2.0	78.0	100428227.0	-0.49883239964644116	12452.0	1308301893.0	320955.0
20	2.0	79.0	100424752.0	-0.4988151391347249	12668.0	1325074991.0	325073.0
20	2.0	80.0	100420858.0	-0.4987957974274953	12921.0	1341848078.0	329202.0
20	2.0	81.0	100417519.0	-0.49877921243508655	13149.0	1358621210.0	333286.0
20	2.0	82.0	100413761.0	-0.4987605462471644	13385.0	1375394381.0	337331.0
20	2.0	83.0	100409550.0	-0.498739629983902	13666.0	1392167536.0	341392.0
20	2.0	84.0	100405481.0	-0.4987194190422694	13936.0	1408940549.0	345595.0
20	2.0	85.0	100402312.0	-0.49870367844899494	14155.0	1425713669.0	349691.0
20	2.0	86.0	100398947.0	-0.4986869643131892	14373.0	1442486709.0	353867.0
20	2.0	87.0	100394761.0	-0.49866617222627	14657.0	1459259862.0	357930.0
20	2.0	88.0	100390972.0	-0.4986473520596822	14913.0	1476032908.0	362100.0
20	2.0	89.0	100386990.0	-0.49862757325172424	15181.0	1492805976.0	366248.0
20	2.0	90.0	100383055.0	-0.49860802789529163	15435.0	1509579054.0	370386.0
20	2.0	91.0	100378979.0	-0.49858778218428296	15713.0	1526352123.0	374533.0
20	2.0	92.0	100375163.0	-0.4985688279072444	15980.0	1543125210.0	378662.0
20	2.0	93.0	100371865.0	-0.4985524465640386	16207.0	1559898217.0	382871.0
20	2.0	94.0	100367784.0	-0.49853217601776123	16484.0	1576671387.0	386917.0
20	2.0	95.0	100364277.0	-0.4985147565603256	16739.0	1593444493.0	391027.0
20	2.0	96.0	100360487.0	-0.4984959314266841	17002.0	1610217639.0	395097.0
20	2.0	97.0	100356778.0	-0.4984775086243947	17261.0	1626990759.0	399193.0
20	2.0	98.0	100352615.0	-0.4984568307797114	17551.0	1643763944.0	403224.0
20	2.0	99.0	100348437.0	-0.4984360784292221	17843.0	1660537049.0	407335.0
20	2.0	100.0	100344605.0	-0.49841704467932385	18122.0	1677310227.0	411373.0
21	1.95	1.0	100661748.0	-0.499992311000824	65.0	16773034.0	4182.0
21	1.95	2.0	100659806.0	-0.49998266498247784	146.0	33546278.0	8154.0
21	1.95	3.0	100658198.0	-0.49997467796007794	214.0	50319423.0	12225.0
21	1.95	4.0	100656570.0	-0.4999665915966034	282.0	67092560.0	16304.0
21	1.95	5.0	100654738.0	-0.49995749195416767	360.0	83865662.0	20418.0
21	1.95	6.0	100652784.0	-0.49994778633117676	443.0	100638844.0	24452.0
21	1.95	7.0	100650974.0	-0.49993879596392315	520.0	117411941.0	28571.0
21	1.95	8.0	100648900.0	-0.49992849429448444	610.0	134185168.0	32560.0
21	1.95	9.0	100646562.0	-0.4999168813228607	715.0	150958304.0	36640.0
21	1.95	10.0	100644714.0	-0.4999077022075653	797.0	167731419.0	40741.0
21	1.95	11.0	100642904.0	-0.4998987118403117	879.0	184504581.0	44795.0
21	1.95	12.0	100640796.0	-0.49988824129104614	973.0	201277802.0	48790.0
21	1.95	13.0	100638568.0	-0.4998771746953328	1070.0	218050953.0	52855.0
21	1.95	14.0	100636936.0	-0.4998690684636434	1145.0	234824036.0	56988.0
21	1.95	15.0	100634658.0	-0.49985775351524353	1244.0	251597177.0	61063.0
21	1.95	16.0	100632526.0	-0.4998471637566884	1342.0	268370354.0	65102.0
21	1.95	17.0	100630556.0	-0.4998373786608378	1435.0	285143486.0	69186.0
21	1.95	18.0	100628924.0	-0.4998292724291484	1508.0	301916571.0	73317.0
21	1.95	19.0	100626871.0	-0.499819075067838	1604.0	318689632.0	77472.0
21	1.95	20.0	100625217.0	-0.4998108595609665	1682.0	335462784.0	81536.0
21	1.95	21.0	100623503.0	-0.4998023460308711	1759.0	352235906.0	85630.0
21	1.95	22.0	100621645.0	-0.49979311724503833	1846.0	369008953.0	89799.0
21	1.95	23.0	100619632.0	-0.49978311856587726	1939.0	385782070.0	93898.0
21	1.95	24.0	100617655.0	-0.4997732987006505	2030.0	402555287.0	97897.0
21	1.95	25.0	100615617.0	-0.4997631758451462	2127.0	419328416.0	101984.0
21	1.95	26.0	100614153.0	-0.4997559040784836	2197.0	436101591.0	106025.0
21	1.95	27.0	100612161.0	-0.49974600970745087	2295.0	452874666.0	110166.0
21	1.95	28.0	100610113.0	-0.4997358371814092	2394.0	469647873.0	114175.0
21	1.95	29.0	100608495.0	-0.499727800488472	2471.0	486420999.0	118265.0
21	1.95	30.0	100606769.0	-0.4997192273537318	2561.0	503194044.0	122436.0
21	1.95	31.0	100604885.0	-0.4997098694245021	2654.0	519967170.0	126526.0
21	1.95	32.0	100602990.0	-0.4997004568576813	2742.0	536740297.0	130615.0
21	1.95	33.0	100600460.0	-0.49968789021174115	2872.0	553513517.0	134611.0
21	1.95	34.0	100598817.0	-0.49967972934246063	2961.0	570286576.0	138768.0
21	1.95	35.0	100596994.0	-0.4996706744035085	3050.0	587059605.0	142955.0
21	1.95	36.0	100594800.0	-0.49965977668762207	3158.0	603832754.0	147022.0
21	1.95	37.0	100592477.0	-0.4996482382218043	3271.0	620605744.0	151248.0
21	1.95	38.0	100590233.0	-0.4996370921532313	3386.0	637378871.0	155337.0
21	1.95	39.0	100587905.0	-0.4996255288521449	3503.0	654152059.0	159365.0
21	1.95	40.0	100585687.0	-0.4996145119269689	3613.0	670925235.0	163405.0
21	1.95	41.0	100583518.0	-0.4996037383874257	3727.0	687698412.0	167444.0
21	1.95	42.0	100581220.0	-0.49959232409795123	3850.0	704471624.0	171448.0
21	1.95	43.0	100578934.0	-0.4995809694131215	3973.0	721244725.0	175563.0
21	1.95	44.0	100576450.0	-0.499568631251653	4094.0	738017919.0	179585.0
21	1.95	45.0	100574235.0	-0.49955762922763824	4214.0	754791068.0	183652.0
21	1.95	46.0	100571819.0	-0.4995456288258235	4343.0	771564109.0	187827.0
21	1.95	47.0	100569875.0	-0.49953597287336987	4453.0	788337133.0	192019.0
21	1.95	48.0	100567398.0	-0.49952366948127747	4581.0	805110287.0	196081.0
21	1.95	49.0	100564919.0	-0.49951135615507763	4711.0	821883242.0	200342.0
21	1.95	50.0	100562417.0	-0.49949892858664197	4846.0	838656491.0	204309.0
21	1.95	51.0	100560069.0	-0.4994872659444809	4968.0	855429554.0	208462.0
21	1.95	52.0	100558008.0	-0.4994770288467407	5072.0	872202680.0	212552.0
21	1.95	53.0	100555805.0	-0.4994660864273707	5189.0	888975829.0	216619.0
21	1.95	54.0	100553598.0	-0.49945512413978577	5309.0	905748894.0	220770.0
21	1.95	55.0	100551118.0	-0.49944280584653217	5439.0	922521901.0	224979.0
21	1.95	56.0	100548950.0	-0.4994320372740428	5557.0	939295147.0	228949.0
21	1.95	57.0	100546648.0	-0.49942060311635333	5682.0	956068272.0	233040.0
21	1.95	58.0	100544346.0	-0.49940916895866394	5809.0	972841296.0	237232.0
21	1.95	59.0	100541972.0	-0.4993973771731059	5935.0	989614432.0	241312.0
21	1.95	60.0	100539795.0	-0.4993865638971329	6057.0	1006387562.0	245398.0
21	1.95	61.0	100537003.0	-0.4993726958831151	6212.0	1023160628.0	249548.0
21	1.95	62.0	100534604.0	-0.4993607799212138	6348.0	1039933855.0	253537.0
21	1.95	63.0	100532087.0	-0.49934827784697217	6490.0	1056706990.0	257618.0
21	1.95	64.0	100529772.0	-0.49933677911758423	6619.0	1073480073.0	261751.0
21	1.95	65.0	100527458.0	-0.49932528535525006	6756.0	1090253215.0	265825.0
21	1.95	66.0	100524805.0	-0.49931210776170093	6906.0	1107026391.0	269865.0
21	1.95	67.0	100522390.0	-0.4993001123269399	7043.0	1123799593.0	273879.0
21	1.95	68.0	100519693.0	-0.4992867161830266	7190.0	1140572603.0	278085.0
21	1.95	69.0	100517213.0	-0.49927439788977307	7336.0	1157345727.0	282177.0
21	1.95	70.0	100514589.0	-0.49926136434078217	7497.0	1174118883.0	286237.0
21	1.95	71.0	100511890.0	-0.4992479582627614	7646.0	1190891979.0	290357.0
21	1.95	72.0	100509493.0	-0.49923605223496753	7790.0	1207665295.0	294257.0
21	1.95	73.0	100507289.0	-0.4992251048485438	7922.0	1224438490.0	298278.0
21	1.95	74.0	100504627.0	-0.4992118825515111	8081.0	1241211521.0	302463.0
21	1.95	75.0	100502591.0	-0.49920176963011426	8201.0	1257984659.0	306541.0
21	1.95	76.0	100500087.0	-0.4991893321275711	8353.0	1274757791.0	310625.0
21	1.95	77.0	100497765.0	-0.49917779862880707	8500.0	1291530921.0	314711.0
21	1.95	78.0	100495431.0	-0.49916620552539825	8642.0	1308304089.0	318759.0
21	1.95	79.0	100492855.0	-0.49915341039498645	8811.0	1325077214.0	322850.0
21	1.95	80.0	100490297.0	-0.49914070467154187	8965.0	1341850448.0	326832.0
21	1.95	81.0	100487587.0	-0.49912724395593006	9137.0	1358623483.0	331013.0
21	1.95	82.0	100484447.0	-0.49911164740721387	9317.0	1375396654.0	335058.0
21	1.95	83.0	100481976.0	-0.49909937381744385	9473.0	1392169740.0	339188.0
21	1.95	84.0	100479615.0	-0.4990876466035843	9624.0	1408942776.0	343368.0
21	1.95	85.0	100477136.0	-0.49907533327738446	9783.0	1425715870.0	347490.0
21	1.95	86.0	100474442.0	-0.4990619520346324	9956.0	1442489077.0	351499.0
21	1.95	87.0	100471583.0	-0.49904775122801465	10133.0	1459262209.0	355583.0
21	1.95	88.0	100469186.0	-0.49903584520022076	10282.0	1476035207.0	359801.0
21	1.95	89.0	100466492.0	-0.4990224639574687	10451.0	1492808224.0	364000.0
21	1.95	90.0	100463772.0	-0.4990089535713196	10618.0	1509581331.0	368109.0
21	1.95	91.0	100461591.0	-0.49899812042713165	10755.0	1526354461.0	372195.0
21	1.95	92.0	100458731.0	-0.4989839146534602	10936.0	1543127523.0	376349.0
21	1.95	93.0	100455762.0	-0.498969167470932	11124.0	1559900693.0	380395.0
21	1.95	94.0	100452710.0	-0.49895400802294415	11315.0	1576673889.0	384415.0
21	1.95	95.0	100449359.0	-0.4989373634258906	11534.0	1593446948.0	388572.0
21	1.95	96.0	100446631.0	-0.49892381330331165	11715.0	1610220097.0	392639.0
21	1.95	97.0	100443683.0	-0.49890917042891186	11908.0	1626993082.0	396870.0
21	1.95	98.0	100440547.0	-0.4988935937484105	12121.0	1643766231.0	400937.0
21	1.95	99.0	100437861.0	-0.4988802522420883	12297.0	1660539298.0	405086.0
21	1.95	100.0	100434359.0	-0.4988628576199214	12530.0	1677312314.0	409286.0
22	1.9	1.0	100662001.0	-0.49999356766541797	55.0	16773148.0	4068.0
22	1.9	2.0	100660465.0	-0.4999859382708867	119.0	33546253.0	8179.0
22	1.9	3.0	100659241.0	-0.49997985859711963	170.0	50319364.0	12284.0
22	1.9	4.0	100657609.0	-0.4999717523654302	238.0	67092515.0	16349.0
22	1.9	5.0	100656133.0	-0.4999644209941228	301.0	83865592.0	20488.0
22	1.9	6.0	100654921.0	-0.4999584009250005	352.0	100638670.0	24626.0
22	1.9	7.0	100653747.0	-0.49995256960392	401.0	117411687.0	28825.0
22	1.9	8.0	100652655.0	-0.4999471455812454	451.0	134184837.0	32891.0
22	1.9	9.0	100651407.0	-0.4999409466981888	505.0	150957975.0	36969.0
22	1.9	10.0	100650267.0	-0.4999352842569351	554.0	167731186.0	40974.0
22	1.9	11.0	100649056.0	-0.4999292691548665	607.0	184504258.0	45118.0
22	1.9	12.0	100647736.0	-0.4999227126439412	663.0	201277448.0	49144.0
22	1.9	13.0	100646368.0	-0.49991591771443683	724.0	218050622.0	53186.0
22	1.9	14.0	100645060.0	-0.4999094208081563	782.0	234823692.0	57332.0
22	1.9	15.0	100643656.0	-0.4999024470647176	846.0	251596842.0	61398.0
22	1.9	16.0	100642338.0	-0.4998959004878998	906.0	268370112.0	65344.0
22	1.9	17.0	100640994.0	-0.49988922476768494	966.0	285143218.0	69454.0
22	1.9	18.0	100639326.0	-0.49988093972206116	1042.0	301916430.0	73458.0
22	1.9	19.0	100637696.0	-0.4998728434244792	1114.0	318689572.0	77532.0
22	1.9	20.0	100636439.0	-0.49986659983793896	1173.0	335462763.0	81557.0
22	1.9	21.0	100634735.0	-0.49985813597838086	1249.0	352235895.0	85641.0
22	1.9	22.0	100633513.0	-0.4998520662387212	1306.0	369009054.0	89698.0
22	1.9	23.0	100631953.0	-0.4998443176349004	1382.0	385782159.0	93809.0
22	1.9	24.0	100630909.0	-0.49983913203080493	1433.0	402555396.0	97788.0
22	1.9	25.0	100629709.0	-0.4998331715663274	1487.0	419328464.0	101936.0
22	1.9	26.0	100628125.0	-0.49982530375321704	1562.0	436101616.0	106000.0
22	1.9	27.0	100626988.0	-0.4998196562131246	1614.0	452874684.0	110148.0
22	1.9	28.0	100625214.0	-0.4998108446598053	1699.0	469647634.0	114414.0
22	1.9	29.0	100623464.0	-0.49980215231577557	1782.0	486420748.0	118516.0
22	1.9	30.0	100622018.0	-0.49979496995608014	1853.0	503193777.0	122703.0
22	1.9	31.0	100620628.0	-0.4997880657513936	1919.0	519966915.0	126781.0
22	1.9	32.0	100618912.0	-0.49977954228719074	1999.0	536739942.0	130970.0
22	1.9	33.0	100617655.0	-0.4997732987006505	2063.0	553513091.0	135037.0
22	1.9	34.0	100615940.0	-0.4997647802035014	2146.0	570286235.0	139109.0
22	1.9	35.0	100614489.0	-0.4997575730085373	2211.0	587059209.0	143351.0
22	1.9	36.0	100613003.0	-0.4997501919666926	2283.0	603832399.0	147377.0
22	1.9	37.0	100611648.0	-0.4997434616088867	2352.0	620605499.0	151493.0
22	1.9	38.0	100610340.0	-0.4997369647026062	2424.0	637378669.0	155539.0
22	1.9	39.0	100608842.0	-0.49972952405611676	2499.0	654151876.0	159548.0
22	1.9	40.0	100607091.0	-0.49972082674503326	2588.0	670925044.0	163596.0
22	1.9	41.0	100605488.0	-0.49971286455790204	2666.0	687698153.0	167703.0
22	1.9	42.0	100603929.0	-0.49970512092113495	2742.0	704471300.0	171772.0
22	1.9	43.0	100602744.0	-0.4996992349624634	2807.0	721244409.0	175879.0
22	1.9	44.0	100601343.0	-0.49969227612018585	2878.0	738017508.0	179996.0
22	1.9	45.0	100599606.0	-0.4996836483478546	2962.0	754790557.0	184163.0
22	1.9	46.0	100598226.0	-0.49967679381370544	3035.0	771563664.0	188272.0
22	1.9	47.0	100596979.0	-0.4996705998977025	3107.0	788336733.0	192419.0
22	1.9	48.0	100595866.0	-0.4996650715668996	3164.0	805109922.0	196446.0
22	1.9	49.0	100593925.0	-0.4996554305156072	3262.0	821883054.0	200530.0
22	1.9	50.0	100592521.0	-0.49964845677216846	3333.0	838656171.0	204629.0
22	1.9	51.0	100591059.0	-0.49964119493961334	3409.0	855429378.0	208638.0
22	1.9	52.0	100589225.0	-0.4996320853630702	3498.0	872202415.0	212817.0
22	1.9	53.0	100587533.0	-0.49962368110815686	3582.0	888975517.0	216931.0
22	1.9	54.0	100585998.0	-0.4996160566806793	3660.0	905748531.0	221133.0
22	1.9	55.0	100584441.0	-0.4996083229780197	3741.0	922521535.0	225345.0
22	1.9	56.0	100582762.0	-0.4995999832948049	3822.0	939294604.0	229492.0
22	1.9	57.0	100581479.0	-0.4995936105648677	3892.0	956067760.0	233552.0
22	1.9	58.0	100579751.0	-0.49958502749602	3980.0	972840932.0	237596.0
22	1.9	59.0	100578120.0	-0.4995769262313843	4064.0	989614023.0	241721.0
22	1.9	60.0	100576945.0	-0.49957108994325	4134.0	1006387143.0	245817.0
22	1.9	61.0	100575283.0	-0.4995628346999486	4223.0	1023160247.0	249929.0
22	1.9	62.0	100573354.0	-0.49955325325330097	4329.0	1039933336.0	254056.0
22	1.9	63.0	100571352.0	-0.49954330921173096	4436.0	1056706587.0	258021.0
22	1.9	64.0	100569674.0	-0.4995349744955699	4530.0	1073479564.0	262260.0
22	1.9	65.0	100567719.0	-0.4995252639055252	4631.0	1090252661.0	266379.0
22	1.9	66.0	100566195.0	-0.49951769411563873	4720.0	1107025824.0	270432.0
22	1.9	67.0	100564054.0	-0.49950705965360004	4833.0	1123799007.0	274465.0
22	1.9	68.0	100562424.0	-0.49949896335601807	4928.0	1140572017.0	278671.0
22	1.9	69.0	100561053.0	-0.4994921535253525	5006.0	1157345121.0	282783.0
22	1.9	70.0	100559157.0	-0.49948273599147797	5108.0	1174118244.0	286876.0
22	1.9	71.0	100557612.0	-0.49947506189346313	5198.0	1190891436.0	290900.0
22	1.9	72.0	100556064.0	-0.4994673728942871	5292.0	1207664603.0	294949.0
22	1.9	73.0	100554254.0	-0.4994583825270335	5396.0	1224437690.0	299078.0
22	1.9	74.0	100552576.0	-0.4994500478108724	5487.0	1241210850.0	303134.0
22	1.9	75.0	100550746.0	-0.49944095810254413	5593.0	1257983976.0	307224.0
22	1.9	76.0	100549248.0	-0.4994335174560547	5681.0	1274757197.0	311219.0
22	1.9	77.0	100547460.0	-0.49942463636398315	5778.0	1291530286.0	315346.0
22	1.9	78.0	100545589.0	-0.4994153430064519	5886.0	1308303310.0	319538.0
22	1.9	79.0	100543735.0	-0.4994061340888341	5990.0	1325076372.0	323692.0
22	1.9	80.0	100541900.0	-0.49939701954523724	6095.0	1341849476.0	327804.0
22	1.9	81.0	100540172.0	-0.4993884364763896	6196.0	1358622522.0	331974.0
22	1.9	82.0	100538107.0	-0.49937817951043445	6313.0	1375395716.0	335996.0
22	1.9	83.0	100536381.0	-0.4993696063756943	6415.0	1392168867.0	340061.0
22	1.9	84.0	100534581.0	-0.49936066567897797	6521.0	1408942026.0	344118.0
22	1.9	85.0	100532913.0	-0.4993523806333542	6622.0	1425715182.0	348178.0
22	1.9	86.0	100531164.0	-0.4993436932563782	6719.0	1442488331.0	352245.0
22	1.9	87.0	100529486.0	-0.4993353585402171	6821.0	1459261533.0	356259.0
22	1.9	88.0	100527944.0	-0.49932769934336346	6917.0	1476034576.0	360432.0
22	1.9	89.0	100526178.0	-0.499318927526474	7023.0	1492807680.0	364544.0
22	1.9	90.0	100524766.0	-0.4993119140466054	7109.0	1509580932.0	368508.0
22	1.9	91.0	100522741.0	-0.49930185576279956	7233.0	1526354194.0	372462.0
22	1.9	92.0	100520509.0	-0.49929076929887134	7363.0	1543127258.0	376614.0
22	1.9	93.0	100518680.0	-0.49928168455759686	7465.0	1559900358.0	380730.0
22	1.9	94.0	100516739.0	-0.49927204350630444	7589.0	1576673473.0	384831.0
22	1.9	95.0	100514600.0	-0.49926141897837323	7722.0	1593446683.0	388837.0
22	1.9	96.0	100512442.0	-0.4992507000764211	7858.0	1610219684.0	393052.0
22	1.9	97.0	100510382.0	-0.4992404679457347	7991.0	1626992833.0	397119.0
22	1.9	98.0	100508525.0	-0.4992312441269557	8106.0	1643765872.0	401296.0
22	1.9	99.0	100506450.0	-0.49922093749046326	8231.0	1660538970.0	405414.0
22	1.9	100.0	100504544.0	-0.49921147028605145	8342.0	1677312005.0	409595.0
23	1.85	1.0	100662012.0	-0.49999362230300903	54.0	16773093.0	4123.0
23	1.85	2.0	100661186.0	-0.499989519516627	89.0	33546157.0	8275.0
23	1.85	3.0	100660492.0	-0.49998607238133747	118.0	50319149.0	12499.0
23	1.85	4.0	100659496.0	-0.4999811251958211	160.0	67092220.0	16644.0
23	1.85	5.0	100658572.0	-0.4999765356381734	200.0	83865323.0	20757.0
23	1.85	6.0	100657864.0	-0.49997301896413165	230.0	100638349.0	24947.0
23	1.85	7.0	100656928.0	-0.4999683698018392	271.0	117411416.0	29096.0
23	1.85	8.0	100656208.0	-0.49996479352315265	301.0	134184539.0	33189.0
23	1.85	9.0	100655406.0	-0.4999608099460602	335.0	150957671.0	37273.0
23	1.85	10.0	100654242.0	-0.49995502829551697	384.0	167730801.0	41359.0
23	1.85	11.0	100653200.0	-0.499949852625529	430.0	184503968.0	45408.0
23	1.85	12.0	100652180.0	-0.4999447862307231	474.0	201277083.0	49509.0
23	1.85	13.0	100651318.0	-0.4999405046304067	511.0	218050241.0	53567.0
23	1.85	14.0	100650372.0	-0.4999358057975769	553.0	234823358.0	57666.0
23	1.85	15.0	100649642.0	-0.4999321798483531	586.0	251596451.0	61789.0
23	1.85	16.0	100648578.0	-0.499926894903183	632.0	268369634.0	65822.0
23	1.85	17.0	100647534.0	-0.4999217092990875	679.0	285142717.0	69955.0
23	1.85	18.0	100646442.0	-0.49991628527641296	727.0	301915895.0	73993.0
23	1.85	19.0	100645379.0	-0.49991100529829663	773.0	318689017.0	78087.0
23	1.85	20.0	100644456.0	-0.49990642070770264	813.0	335462119.0	82201.0
23	1.85	21.0	100643653.0	-0.4999024321635564	850.0	352235259.0	86277.0
23	1.85	22.0	100642453.0	-0.49989647169907886	903.0	369008296.0	90456.0
23	1.85	23.0	100641445.0	-0.4998914649089177	948.0	385781433.0	94535.0
23	1.85	24.0	100640617.0	-0.4998873521884282	986.0	402554566.0	98618.0
23	1.85	25.0	100639253.0	-0.4998805771271388	1049.0	419327688.0	102712.0
23	1.85	26.0	100638317.0	-0.4998759279648463	1092.0	436100717.0	106899.0
23	1.85	27.0	100637359.0	-0.4998711695273717	1138.0	452873888.0	110944.0
23	1.85	28.0	100636330.0	-0.4998660584290822	1188.0	469647014.0	115034.0
23	1.85	29.0	100635274.0	-0.499860813220342	1235.0	486420027.0	119237.0
23	1.85	30.0	100634424.0	-0.4998565912246704	1274.0	503193214.0	123266.0
23	1.85	31.0	100633560.0	-0.4998522996902466	1319.0	519966325.0	127371.0
23	1.85	32.0	100632590.0	-0.49984748164812726	1367.0	536739544.0	131368.0
23	1.85	33.0	100631440.0	-0.49984176953633624	1423.0	553512717.0	135411.0
23	1.85	34.0	100630359.0	-0.49983640015125275	1476.0	570285791.0	139553.0
23	1.85	35.0	100629353.0	-0.4998314032951991	1524.0	587058948.0	143612.0
23	1.85	36.0	100628273.0	-0.4998260388771693	1576.0	603832048.0	147728.0
23	1.85	37.0	100627278.0	-0.49982109665870667	1621.0	620605234.0	151758.0
23	1.85	38.0	100626222.0	-0.49981585144996643	1672.0	637378369.0	155839.0
23	1.85	39.0	100625444.0	-0.4998119870821635	1708.0	654151476.0	159948.0
23	1.85	40.0	100624532.0	-0.4998074571291606	1750.0	670924695.0	163945.0
23	1.85	41.0	100623536.0	-0.4998025099436442	1798.0	687697762.0	168094.0
23	1.85	42.0	100622647.0	-0.4997980942328771	1839.0	704470941.0	172131.0
23	1.85	43.0	100621603.0	-0.4997929086287816	1888.0	721244075.0	176213.0
23	1.85	44.0	100620489.0	-0.499787375330925	1940.0	738017252.0	180252.0
23	1.85	45.0	100619493.0	-0.49978242814540863	1990.0	754790416.0	184304.0
23	1.85	46.0	100618365.0	-0.49977682530879974	2047.0	771563575.0	188361.0
23	1.85	47.0	100617189.0	-0.49977098405361176	2113.0	788336642.0	192510.0
23	1.85	48.0	100616243.0	-0.499766285220782	2164.0	805109851.0	196517.0
23	1.85	49.0	100615175.0	-0.49976098040739697	2220.0	821882951.0	200633.0
23	1.85	50.0	100614134.0	-0.4997558097044627	2276.0	838656055.0	204745.0
23	1.85	51.0	100612958.0	-0.4997499684492747	2335.0	855429257.0	208759.0
23	1.85	52.0	100611749.0	-0.4997439632813136	2397.0	872202354.0	212878.0
23	1.85	53.0	100610430.0	-0.499737411737442	2465.0	888975364.0	217084.0
23	1.85	54.0	100609293.0	-0.49973176419734955	2522.0	905748556.0	221108.0
23	1.85	55.0	100608321.0	-0.49972693622112274	2570.0	922521782.0	225098.0
23	1.85	56.0	100607038.0	-0.4997205634911855	2641.0	939294831.0	229265.0
23	1.85	57.0	100605910.0	-0.4997149606545766	2695.0	956067920.0	233392.0
23	1.85	58.0	100604974.0	-0.4997103114922841	2743.0	972841036.0	237492.0
23	1.85	59.0	100603559.0	-0.4997032831112544	2814.0	989614139.0	241605.0
23	1.85	60.0	100602360.0	-0.49969732761383057	2877.0	1006387278.0	245682.0
23	1.85	61.0	100601569.0	-0.4996933986743291	2920.0	1023160338.0	249838.0
23	1.85	62.0	100600481.0	-0.4996879945198695	2977.0	1039933398.0	253994.0
23	1.85	63.0	100599545.0	-0.499683345357577	3024.0	1056706580.0	258028.0
23	1.85	64.0	100598645.0	-0.49967887500921887	3070.0	1073479656.0	262168.0
23	1.85	65.0	100597745.0	-0.4996744046608607	3126.0	1090252703.0	266337.0
23	1.85	66.0	100596933.0	-0.4996703714132309	3167.0	1107025962.0	270294.0
23	1.85	67.0	100595637.0	-0.49966393411159515	3235.0	1123798962.0	274510.0
23	1.85	68.0	100594500.0	-0.4996582865715027	3292.0	1140572061.0	278627.0
23	1.85	69.0	100593350.0	-0.49965257445971173	3353.0	1157345135.0	282769.0
23	1.85	70.0	100592174.0	-0.49964673320452374	3417.0	1174118180.0	286940.0
23	1.85	71.0	100591024.0	-0.49964102109273273	3478.0	1190891189.0	291147.0
23	1.85	72.0	100590052.0	-0.4996361931165059	3533.0	1207664383.0	295169.0
23	1.85	73.0	100588772.0	-0.4996298352877299	3605.0	1224437542.0	299226.0
23	1.85	74.0	100587742.0	-0.49962471922238666	3661.0	1241210620.0	303364.0
23	1.85	75.0	100586435.0	-0.4996182272831599	3725.0	1257983784.0	307416.0
23	1.85	76.0	100585158.0	-0.49961188435554504	3791.0	1274756945.0	311471.0
23	1.85	77.0	100584031.0	-0.49960628648598987	3851.0	1291530018.0	315614.0
23	1.85	78.0	100582927.0	-0.49960080285867053	3913.0	1308303145.0	319703.0
23	1.85	79.0	100581728.0	-0.49959484736124676	3982.0	1325076325.0	323739.0
23	1.85	80.0	100580589.0	-0.4995891898870468	4046.0	1341849487.0	327793.0
23	1.85	81.0	100579705.0	-0.49958479901154834	4097.0	1358622680.0	331816.0
23	1.85	82.0	100578700.0	-0.4995798071225484	4152.0	1375395911.0	335801.0
23	1.85	83.0	100577320.0	-0.49957295258839923	4232.0	1392168959.0	339969.0
23	1.85	84.0	100576203.0	-0.4995674043893814	4294.0	1408942239.0	343905.0
23	1.85	85.0	100575243.0	-0.4995626360177994	4347.0	1425715259.0	348101.0
23	1.85	86.0	100573903.0	-0.49955598016579944	4425.0	1442488283.0	352293.0
23	1.85	87.0	100572550.0	-0.499549259742101	4505.0	1459261455.0	356337.0
23	1.85	88.0	100571367.0	-0.4995433837175369	4573.0	1476034580.0	360428.0
23	1.85	89.0	100570335.0	-0.49953825771808624	4636.0	1492807592.0	364632.0
23	1.85	90.0	100569437.0	-0.49953379730383557	4693.0	1509580808.0	368632.0
23	1.85	91.0	100568058.0	-0.4995269477367401	4775.0	1526354014.0	372642.0
23	1.85	92.0	100566635.0	-0.4995198796192805	4856.0	1543127272.0	376600.0
23	1.85	93.0	100565267.0	-0.4995130846897761	4931.0	1559900347.0	380741.0
23	1.85	94.0	100563865.0	-0.4995061208804448	5011.0	1576673393.0	384911.0
23	1.85	95.0	100562656.0	-0.4995001157124837	5083.0	1593446382.0	389138.0
23	1.85	96.0	100561661.0	-0.4994951734940211	5145.0	1610219565.0	393171.0
23	1.85	97.0	100560629.0	-0.49949004749457043	5208.0	1626992718.0	397234.0
23	1.85	98.0	100559409.0	-0.49948398768901825	5288.0	1643765934.0	401234.0
23	1.85	99.0	100558152.0	-0.499477744102478	5361.0	1660539107.0	405277.0
23	1.85	100.0	100556784.0	-0.49947094917297363	5436.0	1677312298.0	409302.0
24	1.8	1.0	100662456.0	-0.4999958276748657	35.0	16773237.0	3979.0
24	1.8	2.0	100661856.0	-0.49999284744262695	60.0	33546396.0	8036.0
24	1.8	3.0	100661200.0	-0.4999895890553792	88.0	50319521.0	12127.0
24	1.8	4.0	100660516.0	-0.499986191590627	117.0	67092548.0	16316.0
24	1.8	5.0	100659858.0	-0.49998292326927185	146.0	83865704.0	20376.0
24	1.8	6.0	100659032.0	-0.49997882048288983	181.0	100638894.0	24402.0
24	1.8	7.0	100658264.0	-0.4999750057856242	213.0	117412032.0	28480.0
24	1.8	8.0	100657832.0	-0.4999728600184123	232.0	134185152.0	32576.0
24	1.8	9.0	100657280.0	-0.4999701182047526	257.0	150958331.0	36613.0
24	1.8	10.0	100656548.0	-0.4999664823214213	289.0	167731487.0	40673.0
24	1.8	11.0	100655720.0	-0.4999623696009318	326.0	184504645.0	44731.0
24	1.8	12.0	100655120.0	-0.49995938936869305	352.0	201277776.0	48816.0
24	1.8	13.0	100654328.0	-0.4999554554621379	386.0	218050949.0	52859.0
24	1.8	14.0	100653608.0	-0.49995187918345135	417.0	234824055.0	56969.0
24	1.8	15.0	100652720.0	-0.499947468439738	456.0	251597174.0	61066.0
24	1.8	16.0	100651964.0	-0.4999437133471171	488.0	268370339.0	65117.0
24	1.8	17.0	100651316.0	-0.49994049469629925	516.0	285143530.0	69142.0
24	1.8	18.0	100650620.0	-0.4999370376269023	546.0	301916648.0	73240.0
24	1.8	19.0	100650068.0	-0.4999342958132426	571.0	318689870.0	77234.0
24	1.8	20.0	100649324.0	-0.49993060032526654	604.0	335462922.0	81398.0
24	1.8	21.0	100648688.0	-0.49992744127909344	633.0	352236059.0	85477.0
24	1.8	22.0	100647884.0	-0.4999234477678935	668.0	369009070.0	89682.0
24	1.8	23.0	100647248.0	-0.4999202887217204	696.0	385782233.0	93735.0
24	1.8	24.0	100646456.0	-0.4999163548151652	734.0	402555365.0	97819.0
24	1.8	25.0	100645785.0	-0.4999130219221115	764.0	419328469.0	101931.0
24	1.8	26.0	100644921.0	-0.4999087303876877	805.0	436101623.0	105993.0
24	1.8	27.0	100644273.0	-0.4999055117368698	838.0	452874799.0	110033.0
24	1.8	28.0	100643709.0	-0.49990271031856537	863.0	469647822.0	114226.0
24	1.8	29.0	100642919.0	-0.4998987863461177	899.0	486421013.0	118251.0
24	1.8	30.0	100642187.0	-0.4998951504627864	933.0	503194124.0	122356.0
24	1.8	31.0	100641503.0	-0.4998917529980342	964.0	519967343.0	126353.0
24	1.8	32.0	100640701.0	-0.49988776942094165	1001.0	536740598.0	130314.0
24	1.8	33.0	100640005.0	-0.4998843123515447	1032.0	553513734.0	134394.0
24	1.8	34.0	100639489.0	-0.49988174935181934	1056.0	570286700.0	138644.0
24	1.8	35.0	100638781.0	-0.4998782326777776	1091.0	587059800.0	142760.0
24	1.8	36.0	100637977.0	-0.49987423916657764	1130.0	603833089.0	146687.0
24	1.8	37.0	100637283.0	-0.49987079203128815	1162.0	620606265.0	150727.0
24	1.8	38.0	100636371.0	-0.4998662620782852	1202.0	637379448.0	154760.0
24	1.8	39.0	100635783.0	-0.4998633414506912	1233.0	654152623.0	158801.0
24	1.8	40.0	100635016.0	-0.4998595317204793	1269.0	670925735.0	162905.0
24	1.8	41.0	100634465.0	-0.4998567948738734	1295.0	687698855.0	167001.0
24	1.8	42.0	100633579.0	-0.49985239406426746	1340.0	704471993.0	171079.0
24	1.8	43.0	100632847.0	-0.49984875818093616	1375.0	721245126.0	175162.0
24	1.8	44.0	100632055.0	-0.499844824274381	1411.0	738018177.0	179327.0
24	1.8	45.0	100631337.0	-0.49984125792980194	1448.0	754791287.0	183433.0
24	1.8	46.0	100630726.0	-0.4998382230599721	1479.0	771564366.0	187570.0
24	1.8	47.0	100629888.0	-0.4998340606689453	1516.0	788337546.0	191606.0
24	1.8	48.0	100629100.0	-0.49983014663060504	1555.0	805110608.0	195760.0
24	1.8	49.0	100628466.0	-0.49982699751853943	1588.0	821883828.0	199756.0
24	1.8	50.0	100628012.0	-0.49982474247614544	1611.0	838656877.0	203923.0
24	1.8	51.0	100627376.0	-0.49982158342997235	1642.0	855429955.0	208061.0
24	1.8	52.0	100626512.0	-0.4998172918955485	1684.0	872203074.0	212158.0
24	1.8	53.0	100625805.0	-0.4998137801885605	1717.0	888976192.0	216256.0
24	1.8	54.0	100625184.0	-0.49981069564819336	1747.0	905749261.0	220403.0
24	1.8	55.0	100624248.0	-0.4998060464859009	1793.0	922522392.0	224488.0
24	1.8	56.0	100623363.0	-0.4998016506433487	1834.0	939295493.0	228603.0
24	1.8	57.0	100622535.0	-0.4997975379228592	1880.0	956068704.0	232608.0
24	1.8	58.0	100621767.0	-0.49979372322559357	1919.0	972841804.0	236724.0
24	1.8	59.0	100620867.0	-0.4997892528772354	1964.0	989615039.0	240705.0
24	1.8	60.0	100620159.0	-0.49978573620319366	1997.0	1006388176.0	244784.0
24	1.8	61.0	100619487.0	-0.49978239834308624	2036.0	1023161242.0	248934.0
24	1.8	62.0	100618731.0	-0.4997786432504654	2072.0	1039934333.0	253059.0
24	1.8	63.0	100617989.0	-0.4997749576965968	2110.0	1056707431.0	257177.0
24	1.8	64.0	100617247.0	-0.49977127214272815	2150.0	1073480605.0	261219.0
24	1.8	65.0	100616648.0	-0.49976829687754315	2184.0	1090253697.0	265343.0
24	1.8	66.0	100615688.0	-0.4997635285059611	2230.0	1107026844.0	269412.0
24	1.8	67.0	100614835.0	-0.4997592916091283	2270.0	1123799929.0	273543.0
24	1.8	68.0	100613973.0	-0.49975501000881195	2315.0	1140573094.0	277594.0
24	1.8	69.0	100613229.0	-0.4997513145208359	2356.0	1157346225.0	281679.0
24	1.8	70.0	100612128.0	-0.49974584579467773	2413.0	1174119387.0	285733.0
24	1.8	71.0	100611504.0	-0.4997427463531494	2450.0	1190892459.0	289877.0
24	1.8	72.0	100610688.0	-0.4997386932373047	2494.0	1207665605.0	293947.0
24	1.8	73.0	100609947.0	-0.4997350126504898	2534.0	1224438680.0	298088.0
24	1.8	74.0	100609143.0	-0.49973101913928986	2576.0	1241211699.0	302285.0
24	1.8	75.0	100608543.0	-0.4997280389070511	2609.0	1257984838.0	306362.0
24	1.8	76.0	100607836.0	-0.49972452720006305	2646.0	1274757868.0	310548.0
24	1.8	77.0	100607056.0	-0.49972065289815265	2686.0	1291531022.0	314610.0
24	1.8	78.0	100606230.0	-0.49971655011177063	2730.0	1308304308.0	318540.0
24	1.8	79.0	100605606.0	-0.4997134506702423	2765.0	1325077407.0	322657.0
24	1.8	80.0	100604563.0	-0.49970827003320056	2823.0	1341850651.0	326629.0
24	1.8	81.0	100603555.0	-0.49970326324303943	2876.0	1358623734.0	330762.0
24	1.8	82.0	100602703.0	-0.4996990313132604	2926.0	1375396826.0	334886.0
24	1.8	83.0	100602129.0	-0.49969618022441864	2958.0	1392170039.0	338889.0
24	1.8	84.0	100601074.0	-0.4996909399827321	3014.0	1408943191.0	342953.0
24	1.8	85.0	100600223.0	-0.49968671302000683	3060.0	1425716444.0	346916.0
24	1.8	86.0	100599683.0	-0.49968403081099194	3095.0	1442489483.0	351093.0
24	1.8	87.0	100598854.0	-0.49967991312344867	3137.0	1459262479.0	355313.0
24	1.8	88.0	100598050.0	-0.4996759196122487	3182.0	1476035530.0	359478.0
24	1.8	89.0	100597319.0	-0.4996722886959712	3220.0	1492808708.0	363516.0
24	1.8	90.0	100596588.0	-0.4996686577796936	3261.0	1509581857.0	367583.0
24	1.8	91.0	100595712.0	-0.499664306640625	3310.0	1526355000.0	371656.0
24	1.8	92.0	100594668.0	-0.49965912103652954	3363.0	1543128067.0	375805.0
24	1.8	93.0	100593856.0	-0.4996550877888997	3409.0	1559901159.0	379929.0
24	1.8	94.0	100593220.0	-0.4996519287427266	3444.0	1576674368.0	383936.0
24	1.8	95.0	100592332.0	-0.49964751799901325	3491.0	1593447559.0	387961.0
24	1.8	96.0	100591614.0	-0.4996439516544342	3532.0	1610220831.0	391905.0
24	1.8	97.0	100590631.0	-0.49963906904061633	3589.0	1626993940.0	396012.0
24	1.8	98.0	100589875.0	-0.4996353139479955	3630.0	1643767107.0	400061.0
24	1.8	99.0	100589039.0	-0.49963116149107617	3679.0	1660540157.0	404227.0
24	1.8	100.0	100588235.0	-0.4996271679798762	3725.0	1677313305.0	408295.0
25	1.75	1.0	100662744.0	-0.49999725818634033	23.0	16773114.0	4102.0
25	1.75	2.0	100662408.0	-0.4999955892562866	37.0	33546309.0	8123.0
25	1.75	3.0	100662000.0	-0.49999356269836426	54.0	50319323.0	12325.0
25	1.75	4.0	100661568.0	-0.49999141693115234	72.0	67092476.0	16388.0
25	1.75	5.0	100661208.0	-0.4999896287918091	87.0	83865615.0	20465.0
25	1.75	6.0	100660776.0	-0.49998748302459717	105.0	100638696.0	24600.0
25	1.75	7.0	100660260.0	-0.4999849200248718	127.0	117411914.0	28598.0
25	1.75	8.0	100659864.0	-0.49998295307159424	144.0	134185003.0	32725.0
25	1.75	9.0	100659408.0	-0.4999806880950928	163.0	150958142.0	36802.0
25	1.75	10.0	100659012.0	-0.4999787211418152	181.0	167731331.0	40829.0
25	1.75	11.0	100658460.0	-0.4999759793281555	204.0	184504354.0	45022.0
25	1.75	12.0	100657944.0	-0.4999734163284302	226.0	201277487.0	49105.0
25	1.75	13.0	100657536.0	-0.4999713897705078	243.0	218050639.0	53169.0
25	1.75	14.0	100657224.0	-0.49996984004974365	257.0	234823818.0	57206.0
25	1.75	15.0	100656686.0	-0.49996716777483624	280.0	251596954.0	61286.0
25	1.75	16.0	100656171.0	-0.4999646097421646	304.0	268369965.0	65491.0
25	1.75	17.0	100655859.0	-0.49996306002140045	318.0	285142997.0	69675.0
25	1.75	18.0	100655319.0	-0.49996037781238556	341.0	301916133.0	73755.0
25	1.75	19.0	100654995.0	-0.4999587684869766	355.0	318689208.0	77896.0
25	1.75	20.0	100654515.0	-0.4999563843011856	375.0	335462264.0	82056.0
25	1.75	21.0	100654083.0	-0.4999542385339737	394.0	352235412.0	86124.0
25	1.75	22.0	100653879.0	-0.4999532252550125	403.0	369008636.0	90116.0
25	1.75	23.0	100653423.0	-0.49995096027851105	422.0	385781735.0	94233.0
25	1.75	24.0	100652835.0	-0.49994803965091705	448.0	402554816.0	98368.0
25	1.75	25.0	100652235.0	-0.4999450594186783	474.0	419327960.0	102440.0
25	1.75	26.0	100651755.0	-0.49994267523288727	497.0	436101131.0	106485.0
25	1.75	27.0	100651395.0	-0.499940887093544	512.0	452874214.0	110618.0
25	1.75	28.0	100650795.0	-0.49993790686130524	538.0	469647390.0	114658.0
25	1.75	29.0	100650507.0	-0.4999364763498306	551.0	486420485.0	118779.0
25	1.75	30.0	100650111.0	-0.49993450939655304	569.0	503193600.0	122880.0
25	1.75	31.0	100649607.0	-0.4999320060014725	591.0	519966727.0	126969.0
25	1.75	32.0	100649187.0	-0.49992991983890533	611.0	536739812.0	131100.0
25	1.75	33.0	100648491.0	-0.49992646276950836	643.0	553512935.0	135193.0
25	1.75	34.0	100647843.0	-0.4999232441186905	673.0	570286080.0	139264.0
25	1.75	35.0	100647315.0	-0.4999206215143204	699.0	587059283.0	143277.0
25	1.75	36.0	100646739.0	-0.49991776049137115	727.0	603832401.0	147375.0
25	1.75	37.0	100646451.0	-0.49991632997989655	742.0	620605569.0	151423.0
25	1.75	38.0	100645911.0	-0.49991364777088165	768.0	637378699.0	155509.0
25	1.75	39.0	100645133.0	-0.49990978340307873	801.0	654151692.0	159732.0
25	1.75	40.0	100644607.0	-0.49990717073281604	826.0	670924829.0	163811.0
25	1.75	41.0	100644271.0	-0.49990550180276233	841.0	687697925.0	167931.0
25	1.75	42.0	100643671.0	-0.49990252157052356	869.0	704471024.0	172048.0
25	1.75	43.0	100643047.0	-0.49989942212899524	898.0	721244098.0	176190.0
25	1.75	44.0	100642617.0	-0.4998972862958908	917.0	738017236.0	180268.0
25	1.75	45.0	100642149.0	-0.49989496171474457	939.0	754790458.0	184262.0
25	1.75	46.0	100641645.0	-0.499892458319664	965.0	771563513.0	188423.0
25	1.75	47.0	100641357.0	-0.4998910278081894	981.0	788336678.0	192474.0
25	1.75	48.0	100640853.0	-0.4998885244131088	1008.0	805109864.0	196504.0
25	1.75	49.0	100640433.0	-0.4998864382505417	1029.0	821882940.0	200644.0
25	1.75	50.0	100639977.0	-0.4998841732740402	1052.0	838656187.0	204613.0
25	1.75	51.0	100639461.0	-0.4998816102743149	1076.0	855429326.0	208690.0
25	1.75	52.0	100638873.0	-0.4998786896467209	1106.0	872202444.0	212788.0
25	1.75	53.0	100638455.0	-0.49987661341826123	1128.0	888975579.0	216869.0
25	1.75	54.0	100637951.0	-0.49987411002318066	1153.0	905748649.0	221015.0
25	1.75	55.0	100637315.0	-0.49987095097700757	1183.0	922521695.0	225185.0
25	1.75	56.0	100636811.0	-0.499868447581927	1205.0	939294854.0	229242.0
25	1.75	57.0	100636403.0	-0.49986642102400464	1225.0	956067977.0	233335.0
25	1.75	58.0	100636007.0	-0.49986445407072705	1247.0	972841191.0	237337.0
25	1.75	59.0	100635470.0	-0.49986178676287335	1273.0	989614327.0	241417.0
25	1.75	60.0	100635074.0	-0.49985981980959576	1295.0	1006387327.0	245633.0
25	1.75	61.0	100634630.0	-0.4998576144377391	1317.0	1023160420.0	249756.0
25	1.75	62.0	100634306.0	-0.49985600511233014	1336.0	1039933575.0	253817.0
25	1.75	63.0	100633934.0	-0.4998541573683421	1354.0	1056706621.0	257987.0
25	1.75	64.0	100633323.0	-0.49985112249851227	1385.0	1073479801.0	262023.0
25	1.75	65.0	100632723.0	-0.4998481422662735	1412.0	1090252911.0	266129.0
25	1.75	66.0	100632135.0	-0.4998452216386795	1437.0	1107026115.0	270141.0
25	1.75	67.0	100631546.0	-0.4998422960440318	1466.0	1123799224.0	274248.0
25	1.75	68.0	100631018.0	-0.4998396734396617	1493.0	1140572335.0	278353.0
25	1.75	69.0	100630322.0	-0.4998362163702647	1528.0	1157345443.0	282461.0
25	1.75	70.0	100629735.0	-0.4998333007097244	1556.0	1174118577.0	286543.0
25	1.75	71.0	100629221.0	-0.49983074764410657	1583.0	1190891788.0	290548.0
25	1.75	72.0	100628741.0	-0.49982836345831555	1605.0	1207664902.0	294650.0
25	1.75	73.0	100628205.0	-0.49982570111751556	1632.0	1224437963.0	298805.0
25	1.75	74.0	100627809.0	-0.499823734164238	1656.0	1241211026.0	302958.0
25	1.75	75.0	100627365.0	-0.4998215287923813	1684.0	1257984063.0	307137.0
25	1.75	76.0	100626828.0	-0.4998188614845276	1710.0	1274757125.0	311291.0
25	1.75	77.0	100626156.0	-0.49981552362442017	1741.0	1291530305.0	315327.0
25	1.75	78.0	100625544.0	-0.4998124837875366	1773.0	1308303345.0	319503.0
25	1.75	79.0	100624992.0	-0.49980974197387695	1802.0	1325076566.0	323498.0
25	1.75	80.0	100624536.0	-0.4998074769973755	1827.0	1341849695.0	327585.0
25	1.75	81.0	100624152.0	-0.4998055696487427	1849.0	1358622696.0	331800.0
25	1.75	82.0	100623420.0	-0.4998019337654114	1887.0	1375395812.0	335900.0
25	1.75	83.0	100622820.0	-0.4997989535331726	1918.0	1392168910.0	340018.0
25	1.75	84.0	100622340.0	-0.4997965693473816	1942.0	1408942067.0	344077.0
25	1.75	85.0	100621836.0	-0.499794065952301	1968.0	1425715229.0	348131.0
25	1.75	86.0	100621356.0	-0.49979168176651	1993.0	1442488356.0	352220.0
25	1.75	87.0	100620948.0	-0.49978965520858765	2016.0	1459261533.0	356259.0
25	1.75	88.0	100620408.0	-0.49978697299957275	2044.0	1476034586.0	360422.0
25	1.75	89.0	100619906.0	-0.49978447953859967	2072.0	1492807695.0	364529.0
25	1.75	90.0	100619354.0	-0.49978173772494	2101.0	1509580876.0	368564.0
25	1.75	91.0	100618694.0	-0.49977845946947735	2131.0	1526353941.0	372715.0
25	1.75	92.0	100618038.0	-0.4997752010822296	2162.0	1543127086.0	376786.0
25	1.75	93.0	100617295.0	-0.49977151056130725	2202.0	1559900145.0	380943.0
25	1.75	94.0	100616671.0	-0.49976841111977893	2237.0	1576673301.0	385003.0
25	1.75	95.0	100616143.0	-0.4997657885154088	2267.0	1593446472.0	389048.0
25	1.75	96.0	100615723.0	-0.4997637023528417	2289.0	1610219669.0	393067.0
25	1.75	97.0	100615243.0	-0.49976131816705066	2316.0	1626992918.0	397034.0
25	1.75	98.0	100614752.0	-0.49975887934366864	2341.0	1643765958.0	401210.0
25	1.75	99.0	100614057.0	-0.4997554272413254	2379.0	1660539076.0	405308.0
25	1.75	100.0	100613780.0	-0.49975405136744183	2398.0	1677312204.0	409396.0
26	1.7	1.0	100663104.0	-0.4999990463256836	8.0	16773133.0	4083.0
26	1.7	2.0	100662840.0	-0.49999773502349854	19.0	33546216.0	8216.0
26	1.7	3.0	100662578.0	-0.49999643365542096	30.0	50319311.0	12337.0
26	1.7	4.0	100662170.0	-0.4999944070974986	47.0	67092436.0	16428.0
26	1.7	5.0	100661774.0	-0.499992440144221	64.0	83865584.0	20496.0
26	1.7	6.0	100661488.0	-0.4999910195668538	77.0	100638744.0	24552.0
26	1.7	7.0	100661176.0	-0.49998946984608966	90.0	117411795.0	28717.0
26	1.7	8.0	100660828.0	-0.4999877413113912	105.0	134184844.0	32884.0
26	1.7	9.0	100660660.0	-0.4999869068463643	112.0	150958035.0	36909.0
26	1.7	10.0	100660396.0	-0.49998559554417926	123.0	167731244.0	40916.0
26	1.7	11.0	100660240.0	-0.4999848206837972	130.0	184504300.0	45076.0
26	1.7	12.0	100659904.0	-0.49998315175374347	144.0	201277340.0	49252.0
26	1.7	13.0	100659666.0	-0.49998196959495544	154.0	218050362.0	53446.0
26	1.7	14.0	100659354.0	-0.4999804198741913	167.0	234823456.0	57568.0
26	1.7	15.0	100658994.0	-0.499978631734848	182.0	251596676.0	61564.0
26	1.7	16.0	100658744.0	-0.4999773899714152	193.0	268369916.0	65540.0
26	1.7	17.0	100658408.0	-0.4999757210413615	208.0	285143036.0	69636.0
26	1.7	18.0	100658146.0	-0.4999744196732839	220.0	301916117.0	73771.0
26	1.7	19.0	100657906.0	-0.49997322758038837	230.0	318689396.0	77708.0
26	1.7	20.0	100657630.0	-0.49997185667355853	242.0	335462546.0	81774.0
26	1.7	21.0	100657258.0	-0.4999700089295705	259.0	352235644.0	85892.0
26	1.7	22.0	100657018.0	-0.499968816836675	271.0	369008785.0	89967.0
26	1.7	23.0	100656742.0	-0.49996744592984516	283.0	385782022.0	93946.0
26	1.7	24.0	100656370.0	-0.4999655981858571	299.0	402555191.0	97993.0
26	1.7	25.0	100656274.0	-0.4999651213486989	303.0	419328319.0	102081.0
26	1.7	26.0	100655938.0	-0.4999634524186452	318.0	436101430.0	106186.0
26	1.7	27.0	100655626.0	-0.49996190269788104	331.0	452874685.0	110147.0
26	1.7	28.0	100655434.0	-0.49996094902356464	340.0	469647742.0	114306.0
26	1.7	29.0	100655170.0	-0.4999596377213796	352.0	486420845.0	118419.0
26	1.7	30.0	100654954.0	-0.4999585648377736	361.0	503194024.0	122456.0
26	1.7	31.0	100654618.0	-0.4999568959077199	376.0	519967107.0	126589.0
26	1.7	32.0	100654414.0	-0.49995588262875873	385.0	536740230.0	130682.0
26	1.7	33.0	100654234.0	-0.4999549885590871	394.0	553513327.0	134801.0
26	1.7	34.0	100654138.0	-0.4999545117219289	398.0	570286489.0	138855.0
26	1.7	35.0	100653684.0	-0.4999522566795349	418.0	587059603.0	142957.0
26	1.7	36.0	100653444.0	-0.4999510645866394	429.0	603832697.0	147079.0
26	1.7	37.0	100653072.0	-0.49994921684265137	445.0	620605833.0	151159.0
26	1.7	38.0	100652604.0	-0.4999468922615051	467.0	637378941.0	155267.0
26	1.7	39.0	100652232.0	-0.4999450445175171	484.0	654152067.0	159357.0
26	1.7	40.0	100651874.0	-0.4999432663122813	501.0	670925262.0	163378.0
26	1.7	41.0	100651562.0	-0.49994171659151715	515.0	687698381.0	167475.0
26	1.7	42.0	100651310.0	-0.49994046489397687	526.0	704471523.0	171549.0
26	1.7	43.0	100650938.0	-0.49993861714998883	543.0	721244614.0	175674.0
26	1.7	44.0	100650566.0	-0.4999367694060008	562.0	738017790.0	179714.0
26	1.7	45.0	100650218.0	-0.4999350408713023	579.0	754790963.0	183757.0
26	1.7	46.0	100649918.0	-0.4999335507551829	593.0	771564075.0	187861.0
26	1.7	47.0	100649595.0	-0.4999319463968277	608.0	788337167.0	191985.0
26	1.7	48.0	100649259.0	-0.499930277466774	622.0	805110423.0	195945.0
26	1.7	49.0	100649115.0	-0.4999295622110367	630.0	821883573.0	200011.0
26	1.7	50.0	100648817.0	-0.4999280820290248	645.0	838656601.0	204199.0
26	1.7	51.0	100648457.0	-0.4999262938896815	662.0	855429615.0	208401.0
26	1.7	52.0	100648135.0	-0.49992469449838	677.0	872202645.0	212587.0
26	1.7	53.0	100647931.0	-0.4999236812194188	686.0	888975694.0	216754.0
26	1.7	54.0	100647595.0	-0.4999220122893651	702.0	905748828.0	220836.0
26	1.7	55.0	100647273.0	-0.49992041289806366	716.0	922521974.0	224906.0
26	1.7	56.0	100646973.0	-0.4999189227819443	732.0	939295008.0	229088.0
26	1.7	57.0	100646805.0	-0.4999180883169174	741.0	956068126.0	233186.0
26	1.7	58.0	100646361.0	-0.49991588294506073	761.0	972841344.0	237184.0
26	1.7	59.0	100646169.0	-0.4999149292707443	770.0	989614390.0	241354.0
26	1.7	60.0	100645715.0	-0.49991267422835034	791.0	1006387600.0	245360.0
26	1.7	61.0	100645427.0	-0.49991124371687573	805.0	1023160760.0	249416.0
26	1.7	62.0	100645151.0	-0.4999098728100459	817.0	1039933896.0	253496.0
26	1.7	63.0	100644815.0	-0.4999082038799922	834.0	1056707057.0	257551.0
26	1.7	64.0	100644623.0	-0.4999072502056758	844.0	1073480224.0	261600.0
26	1.7	65.0	100644311.0	-0.4999057004849116	859.0	1090253374.0	265666.0
26	1.7	66.0	100643941.0	-0.499903862675031	877.0	1107026422.0	269834.0
26	1.7	67.0	100643713.0	-0.4999027301867803	890.0	1123799540.0	273932.0
26	1.7	68.0	100643306.0	-0.4999007085959117	909.0	1140572566.0	278122.0
26	1.7	69.0	100642887.0	-0.49989862740039825	933.0	1157345623.0	282281.0
26	1.7	70.0	100642577.0	-0.4998970876137416	948.0	1174118757.0	286363.0
26	1.7	71.0	100642217.0	-0.4998952994743983	966.0	1190891904.0	290432.0
26	1.7	72.0	100641846.0	-0.499893456697464	983.0	1207665016.0	294536.0
26	1.7	73.0	100641378.0	-0.49989113211631775	1005.0	1224438149.0	298619.0
26	1.7	74.0	100641114.0	-0.4998898208141327	1018.0	1241211236.0	302748.0
26	1.7	75.0	100640686.0	-0.4998876949151357	1039.0	1257984361.0	306839.0
26	1.7	76.0	100640302.0	-0.49988578756650287	1058.0	1274757391.0	311025.0
26	1.7	77.0	100639873.0	-0.49988365670045215	1078.0	1291530465.0	315167.0
26	1.7	78.0	100639705.0	-0.4998828222354253	1087.0	1308303593.0	319255.0
26	1.7	79.0	100639189.0	-0.49988025923569995	1112.0	1325076633.0	323431.0
26	1.7	80.0	100638913.0	-0.4998788883288701	1127.0	1341849648.0	327632.0
26	1.7	81.0	100638649.0	-0.49987757702668506	1140.0	1358622691.0	331805.0
26	1.7	82.0	100638241.0	-0.4998755504687627	1160.0	1375395834.0	335878.0
26	1.7	83.0	100637785.0	-0.49987328549226123	1182.0	1392168980.0	339948.0
26	1.7	84.0	100637341.0	-0.49987108012040454	1204.0	1408942143.0	344001.0
26	1.7	85.0	100636969.0	-0.4998692323764165	1220.0	1425715215.0	348145.0
26	1.7	86.0	100636539.0	-0.4998670965433121	1246.0	1442488312.0	352264.0
26	1.7	87.0	100636059.0	-0.49986471235752106	1267.0	1459261382.0	356410.0
26	1.7	88.0	100635653.0	-0.4998626957337062	1287.0	1476034468.0	360540.0
26	1.7	89.0	100635293.0	-0.4998609075943629	1308.0	1492807643.0	364581.0
26	1.7	90.0	100635090.0	-0.49985989928245544	1320.0	1509580894.0	368546.0
26	1.7	91.0	100634634.0	-0.499857634305954	1340.0	1526353897.0	372759.0
26	1.7	92.0	100634288.0	-0.499855915705363	1359.0	1543127090.0	376782.0
26	1.7	93.0	100633928.0	-0.4998541275660197	1377.0	1559900230.0	380858.0
26	1.7	94.0	100633412.0	-0.49985156456629437	1404.0	1576673424.0	384880.0
26	1.7	95.0	100633052.0	-0.4998497764269511	1420.0	1593446539.0	388981.0
26	1.7	96.0	100632740.0	-0.49984822670618695	1438.0	1610219751.0	392985.0
26	1.7	97.0	100632380.0	-0.4998464385668437	1459.0	1626992837.0	397115.0
26	1.7	98.0	100632128.0	-0.4998451868693034	1472.0	1643765964.0	401204.0
26	1.7	99.0	100631588.0	-0.4998425046602885	1501.0	1660539107.0	405277.0
26	1.7	100.0	100631276.0	-0.49984095493952435	1519.0	1677312232.0	409368.0
27	1.65	1.0	100663056.0	-0.4999988079071045	10.0	16773253.0	3963.0
27	1.65	2.0	100662864.0	-0.4999978542327881	18.0	33546355.0	8077.0
27	1.65	3.0	100662516.0	-0.4999961256980896	33.0	50319435.0	12213.0
27	1.65	4.0	100662300.0	-0.49999505281448364	42.0	67092511.0	16353.0
27	1.65	5.0	100662168.0	-0.4999943971633911	48.0	83865587.0	20493.0
27	1.65	6.0	100662072.0	-0.4999939203262329	52.0	100638722.0	24574.0
27	1.65	7.0	100661928.0	-0.4999932050704956	58.0	117411922.0	28590.0
27	1.65	8.0	100661700.0	-0.4999920725822449	68.0	134184981.0	32747.0
27	1.65	9.0	100661484.0	-0.4999909996986389	77.0	150958040.0	36904.0
27	1.65	10.0	100661220.0	-0.49998968839645386	88.0	167731246.0	40914.0
27	1.65	11.0	100660896.0	-0.4999880790710449	102.0	184504334.0	45042.0
27	1.65	12.0	100660681.0	-0.4999870111544927	112.0	201277384.0	49208.0
27	1.65	13.0	100660477.0	-0.4999859978755315	122.0	218050439.0	53369.0
27	1.65	14.0	100660381.0	-0.4999855210383733	126.0	234823585.0	57439.0
27	1.65	15.0	100660237.0	-0.499984805782636	132.0	251596762.0	61478.0
27	1.65	16.0	100660045.0	-0.4999838521083196	141.0	268369971.0	65485.0
27	1.65	17.0	100659865.0	-0.49998295803864795	149.0	285143143.0	69529.0
27	1.65	18.0	100659627.0	-0.4999817758798599	159.0	301916278.0	73610.0
27	1.65	19.0	100659375.0	-0.49998052418231964	171.0	318689463.0	77641.0
27	1.65	20.0	100659243.0	-0.4999798685312271	178.0	335462621.0	81699.0
27	1.65	21.0	100659099.0	-0.4999791532754898	184.0	352235647.0	85889.0
27	1.65	22.0	100658883.0	-0.49997808039188385	193.0	369008678.0	90074.0
27	1.65	23.0	100658667.0	-0.4999770075082779	202.0	385781832.0	94136.0
27	1.65	24.0	100658547.0	-0.49997641146183014	207.0	402554819.0	98365.0
27	1.65	25.0	100658475.0	-0.4999760538339615	210.0	419327867.0	102533.0
27	1.65	26.0	100658175.0	-0.4999745637178421	223.0	436100945.0	106671.0
27	1.65	27.0	100657959.0	-0.49997349083423615	232.0	452873951.0	110881.0
27	1.65	28.0	100657815.0	-0.49997277557849884	239.0	469647052.0	114996.0
27	1.65	29.0	100657539.0	-0.499971404671669	251.0	486420205.0	119059.0
27	1.65	30.0	100657467.0	-0.49997104704380035	254.0	503193354.0	123126.0
27	1.65	31.0	100657227.0	-0.49996985495090485	264.0	519966387.0	127309.0
27	1.65	32.0	100657167.0	-0.49996955692768097	267.0	536739425.0	131487.0
27	1.65	33.0	100656963.0	-0.4999685436487198	277.0	553512561.0	135567.0
27	1.65	34.0	100656711.0	-0.4999672919511795	288.0	570285675.0	139669.0
27	1.65	35.0	100656531.0	-0.4999663978815079	296.0	587058799.0	143761.0
27	1.65	36.0	100656389.0	-0.49996569255987805	304.0	603831863.0	147913.0
27	1.65	37.0	100656317.0	-0.4999653349320094	309.0	620604963.0	152029.0
27	1.65	38.0	100656185.0	-0.49996467928091687	315.0	637378031.0	156177.0
27	1.65	39.0	100655993.0	-0.49996372560660046	324.0	654151009.0	160415.0
27	1.65	40.0	100655825.0	-0.4999628911415736	331.0	670923967.0	164673.0
27	1.65	41.0	100655537.0	-0.499961460630099	343.0	687697118.0	168738.0
27	1.65	42.0	100655273.0	-0.49996014932791394	355.0	704470232.0	172840.0
27	1.65	43.0	100655057.0	-0.499959076444308	364.0	721243307.0	176981.0
27	1.65	44.0	100654937.0	-0.4999584803978602	369.0	738016410.0	181094.0
27	1.65	45.0	100654865.0	-0.4999581227699916	372.0	754789539.0	185181.0
27	1.65	46.0	100654709.0	-0.4999573479096095	379.0	771562621.0	189315.0
27	1.65	47.0	100654505.0	-0.4999563346306483	388.0	788335728.0	193424.0
27	1.65	48.0	100654361.0	-0.499955619374911	394.0	805108862.0	197506.0
27	1.65	49.0	100654157.0	-0.4999546060959498	404.0	821882037.0	201547.0
27	1.65	50.0	100653953.0	-0.49995359281698865	413.0	838655098.0	205702.0
27	1.65	51.0	100653749.0	-0.49995257953802746	423.0	855428199.0	209817.0
27	1.65	52.0	100653605.0	-0.49995186428229016	429.0	872201441.0	213791.0
27	1.65	53.0	100653378.0	-0.49995073676109314	441.0	888974513.0	217935.0
27	1.65	54.0	100653234.0	-0.49995002150535583	447.0	905747604.0	222060.0
27	1.65	55.0	100653043.0	-0.49994907279809314	456.0	922520757.0	226123.0
27	1.65	56.0	100652670.0	-0.4999472200870514	473.0	939293953.0	230143.0
27	1.65	57.0	100652382.0	-0.4999457895755768	487.0	956067108.0	234204.0
27	1.65	58.0	100652106.0	-0.49994441866874695	500.0	972840150.0	238378.0
27	1.65	59.0	100651806.0	-0.49994292855262756	513.0	989613377.0	242367.0
27	1.65	60.0	100651518.0	-0.49994149804115295	525.0	1006386494.0	246466.0
27	1.65	61.0	100651362.0	-0.4999407231807709	533.0	1023159616.0	250560.0
27	1.65	62.0	100651230.0	-0.49994006752967834	541.0	1039932708.0	254684.0
27	1.65	63.0	100650942.0	-0.49993863701820374	553.0	1056705740.0	258868.0
27	1.65	64.0	100650774.0	-0.4999378025531769	562.0	1073478760.0	263064.0
27	1.65	65.0	100650714.0	-0.499937504529953	566.0	1090251783.0	267257.0
27	1.65	66.0	100650402.0	-0.49993595480918884	581.0	1107024816.0	271440.0
27	1.65	67.0	100650150.0	-0.49993470311164856	592.0	1123797787.0	275685.0
27	1.65	68.0	100649958.0	-0.49993374943733215	603.0	1140570940.0	279748.0
27	1.65	69.0	100649574.0	-0.49993184208869934	620.0	1157344091.0	283813.0
27	1.65	70.0	100649442.0	-0.4999311864376068	626.0	1174117199.0	287921.0
27	1.65	71.0	100649250.0	-0.4999302327632904	637.0	1190890239.0	292097.0
27	1.65	72.0	100649070.0	-0.4999293386936188	645.0	1207663314.0	296238.0
27	1.65	73.0	100648952.0	-0.4999287525812785	651.0	1224436435.0	300333.0
27	1.65	74.0	100648808.0	-0.4999280373255412	658.0	1241209526.0	304458.0
27	1.65	75.0	100648460.0	-0.4999263087908427	674.0	1257982693.0	308507.0
27	1.65	76.0	100648184.0	-0.4999249378840129	688.0	1274755782.0	312634.0
27	1.65	77.0	100648112.0	-0.4999245802561442	692.0	1291528899.0	316733.0
27	1.65	78.0	100647980.0	-0.4999239246050517	699.0	1308302039.0	320809.0
27	1.65	79.0	100647812.0	-0.49992309014002484	708.0	1325075097.0	324967.0
27	1.65	80.0	100647538.0	-0.49992172916730243	723.0	1341848275.0	329005.0
27	1.65	81.0	100647382.0	-0.49992095430692035	730.0	1358621308.0	333188.0
27	1.65	82.0	100647166.0	-0.4999198814233144	740.0	1375394360.0	337352.0
27	1.65	83.0	100647034.0	-0.49991922577222186	748.0	1392167482.0	341446.0
27	1.65	84.0	100646926.0	-0.4999186893304189	753.0	1408940617.0	345527.0
27	1.65	85.0	100646566.0	-0.4999169011910756	772.0	1425713763.0	349597.0
27	1.65	86.0	100646410.0	-0.49991612633069354	780.0	1442486763.0	353813.0
27	1.65	87.0	100646134.0	-0.4999147554238637	794.0	1459259839.0	357953.0
27	1.65	88.0	100645954.0	-0.4999138613541921	803.0	1476033016.0	361992.0
27	1.65	89.0	100645810.0	-0.4999131460984548	810.0	1492806170.0	366054.0
27	1.65	90.0	100645547.0	-0.4999118397633235	827.0	1509579340.0	370100.0
27	1.65	91.0	100645296.0	-0.4999105930328369	839.0	1526352526.0	374130.0
27	1.65	92.0	100645104.0	-0.4999096393585205	850.0	1543125761.0	378111.0
27	1.65	93.0	100644828.0	-0.4999082684516907	862.0	1559898798.0	382290.0
27	1.65	94.0	100644684.0	-0.49990755319595337	870.0	1576672013.0	386291.0
27	1.65	95.0	100644312.0	-0.49990570545196533	888.0	1593445124.0	390396.0
27	1.65	96.0	100644000.0	-0.49990415573120117	904.0	1610218222.0	394514.0
27	1.65	97.0	100643664.0	-0.49990248680114746	919.0	1626991341.0	398611.0
27	1.65	98.0	100643424.0	-0.49990129470825195	932.0	1643764470.0	402698.0
27	1.65	99.0	100643160.0	-0.4998999834060669	947.0	1660537542.0	406842.0
27	1.65	100.0	100642994.0	-0.4998991588751475	957.0	1677310616.0	410984.0
28	1.6	1.0	100663224.0	-0.49999964237213135	3.0	16773046.0	4170.0
28	1.6	2.0	100663056.0	-0.4999988079071045	10.0	33546188.0	8244.0
28	1.6	3.0	100663032.0	-0.49999868869781494	11.0	50319354.0	12294.0
28	1.6	4.0	100662816.0	-0.499997615814209	20.0	67092438.0	16426.0
28	1.6	5.0	100662696.0	-0.49999701976776123	25.0	83865601.0	20479.0
28	1.6	6.0	100662504.0	-0.4999960660934448	33.0	100638667.0	24629.0
28	1.6	7.0	100662288.0	-0.49999499320983887	42.0	117411844.0	28668.0
28	1.6	8.0	100662024.0	-0.4999936819076538	53.0	134184968.0	32760.0
28	1.6	9.0	100661940.0	-0.4999932646751404	57.0	150958033.0	36911.0
28	1.6	10.0	100661796.0	-0.4999925494194031	63.0	167731044.0	41116.0
28	1.6	11.0	100661628.0	-0.4999917149543762	70.0	184504173.0	45203.0
28	1.6	12.0	100661460.0	-0.49999088048934937	77.0	201277225.0	49367.0
28	1.6	13.0	100661340.0	-0.4999902844429016	82.0	218050297.0	53511.0
28	1.6	14.0	100661292.0	-0.4999900460243225	84.0	234823510.0	57514.0
28	1.6	15.0	100661172.0	-0.49998944997787476	89.0	251596601.0	61639.0
28	1.6	16.0	100661076.0	-0.49998897314071655	93.0	268369789.0	65667.0
28	1.6	17.0	100660980.0	-0.49998849630355835	97.0	285142863.0	69809.0
28	1.6	18.0	100660884.0	-0.49998801946640015	102.0	301916067.0	73821.0
28	1.6	19.0	100660788.0	-0.49998754262924194	106.0	318689294.0	77810.0
28	1.6	20.0	100660656.0	-0.4999868869781494	112.0	335462494.0	81826.0
28	1.6	21.0	100660548.0	-0.49998635053634644	117.0	352235561.0	85975.0
28	1.6	22.0	100660452.0	-0.49998587369918823	121.0	369008689.0	90063.0
28	1.6	23.0	100660296.0	-0.49998509883880615	128.0	385781894.0	94074.0
28	1.6	24.0	100660080.0	-0.4999840259552002	137.0	402555002.0	98182.0
28	1.6	25.0	100659912.0	-0.49998319149017334	144.0	419328135.0	102265.0
28	1.6	26.0	100659792.0	-0.4999825954437256	149.0	436101259.0	106357.0
28	1.6	27.0	100659672.0	-0.49998199939727783	154.0	452874438.0	110394.0
28	1.6	28.0	100659552.0	-0.4999814033508301	159.0	469647497.0	114551.0
28	1.6	29.0	100659506.0	-0.49998117486635846	161.0	486420594.0	118670.0
28	1.6	30.0	100659314.0	-0.49998022119204205	169.0	503193762.0	122718.0
28	1.6	31.0	100659146.0	-0.4999793867270152	176.0	519966874.0	126822.0
28	1.6	32.0	100659074.0	-0.49997902909914654	179.0	536739907.0	131005.0
28	1.6	33.0	100658954.0	-0.4999784330526988	184.0	553512985.0	135143.0
28	1.6	34.0	100658894.0	-0.4999781350294749	187.0	570286096.0	139248.0
28	1.6	35.0	100658798.0	-0.4999776581923167	191.0	587059102.0	143458.0
28	1.6	36.0	100658678.0	-0.49997706214586896	196.0	603832243.0	147533.0
28	1.6	37.0	100658546.0	-0.4999764064947764	202.0	620605387.0	151605.0
28	1.6	38.0	100658390.0	-0.49997563163439435	210.0	637378590.0	155618.0
28	1.6	39.0	100658366.0	-0.4999755124251048	211.0	654151757.0	159667.0
28	1.6	40.0	100658234.0	-0.49997485677401227	217.0	670924939.0	163701.0
28	1.6	41.0	100658162.0	-0.4999744991461436	220.0	687698126.0	167730.0
28	1.6	42.0	100658042.0	-0.49997390309969586	225.0	704471221.0	171851.0
28	1.6	43.0	100657898.0	-0.49997318784395856	231.0	721244430.0	175858.0
28	1.6	44.0	100657790.0	-0.4999726514021556	236.0	738017514.0	179990.0
28	1.6	45.0	100657624.0	-0.49997182687123615	243.0	754790700.0	184020.0
28	1.6	46.0	100657492.0	-0.4999711712201436	249.0	771563836.0	188100.0
28	1.6	47.0	100657372.0	-0.49997057517369586	254.0	788336962.0	192190.0
28	1.6	48.0	100657252.0	-0.4999699791272481	259.0	805110088.0	196280.0
28	1.6	49.0	100657180.0	-0.49996962149937946	262.0	821883235.0	200349.0
28	1.6	50.0	100657132.0	-0.49996938308080036	265.0	838656383.0	204417.0
28	1.6	51.0	100657036.0	-0.49996890624364215	270.0	855429428.0	208588.0
28	1.6	52.0	100656880.0	-0.4999681313832601	277.0	872202577.0	212655.0
28	1.6	53.0	100656736.0	-0.49996741612752277	284.0	888975654.0	216794.0
28	1.6	54.0	100656664.0	-0.4999670584996541	287.0	905748913.0	220751.0
28	1.6	55.0	100656604.0	-0.49996676047643024	290.0	922522087.0	224793.0
28	1.6	56.0	100656508.0	-0.49996628363927204	295.0	939295194.0	228902.0
28	1.6	57.0	100656364.0	-0.49996556838353473	301.0	956068289.0	233023.0
28	1.6	58.0	100656232.0	-0.4999649127324422	307.0	972841502.0	237026.0
28	1.6	59.0	100656148.0	-0.4999644954999288	311.0	989614584.0	241160.0
28	1.6	60.0	100656052.0	-0.49996401866277057	316.0	1006387665.0	245295.0
28	1.6	61.0	100655956.0	-0.49996354182561237	320.0	1023160758.0	249418.0
28	1.6	62.0	100655884.0	-0.4999631841977437	323.0	1039933903.0	253489.0
28	1.6	63.0	100655656.0	-0.499962051709493	334.0	1056707080.0	257528.0
28	1.6	64.0	100655632.0	-0.49996193250020343	336.0	1073480189.0	261635.0
28	1.6	65.0	100655488.0	-0.4999612172444661	342.0	1090253209.0	265831.0
28	1.6	66.0	100655344.0	-0.4999605019887288	348.0	1107026422.0	269834.0
28	1.6	67.0	100655248.0	-0.4999600251515706	353.0	1123799448.0	274024.0
28	1.6	68.0	100655248.0	-0.4999600251515706	353.0	1140572604.0	278084.0
28	1.6	69.0	100655140.0	-0.49995948870976764	358.0	1157345749.0	282155.0
28	1.6	70.0	100655070.0	-0.49995914101600647	361.0	1174118896.0	286224.0
28	1.6	71.0	100654902.0	-0.4999583065509796	368.0	1190892009.0	290327.0
28	1.6	72.0	100654782.0	-0.49995771050453186	373.0	1207665325.0	294227.0
28	1.6	73.0	100654638.0	-0.49995699524879456	381.0	1224438406.0	298362.0
28	1.6	74.0	100654482.0	-0.4999562203884125	388.0	1241211515.0	302469.0
28	1.6	75.0	100654398.0	-0.49995580315589905	393.0	1257984752.0	306448.0
28	1.6	76.0	100654326.0	-0.4999554455280304	397.0	1274757820.0	310596.0
28	1.6	77.0	100654230.0	-0.4999549686908722	401.0	1291530964.0	314668.0
28	1.6	78.0	100654122.0	-0.4999544322490692	406.0	1308304068.0	318780.0
28	1.6	79.0	100653954.0	-0.49995359778404236	413.0	1325077097.0	322967.0
28	1.6	80.0	100653786.0	-0.4999527633190155	420.0	1341850206.0	327074.0
28	1.6	81.0	100653666.0	-0.49995216727256775	425.0	1358623419.0	331077.0
28	1.6	82.0	100653570.0	-0.49995169043540955	429.0	1375396453.0	335259.0
28	1.6	83.0	100653510.0	-0.49995139241218567	432.0	1392169573.0	339355.0
28	1.6	84.0	100653390.0	-0.4999507963657379	439.0	1408942683.0	343461.0
28	1.6	85.0	100653114.0	-0.4999494254589081	452.0	1425715891.0	347469.0
28	1.6	86.0	100652982.0	-0.49994876980781555	459.0	1442489104.0	351472.0
28	1.6	87.0	100652922.0	-0.4999484717845917	463.0	1459262320.0	355472.0
28	1.6	88.0	100652826.0	-0.49994799494743347	467.0	1476035542.0	359466.0
28	1.6	89.0	100652694.0	-0.49994733929634094	473.0	1492808647.0	363577.0
28	1.6	90.0	100652538.0	-0.49994656443595886	481.0	1509581860.0	367580.0
28	1.6	91.0	100652394.0	-0.49994584918022156	488.0	1526354944.0	371712.0
28	1.6	92.0	100652118.0	-0.4999444782733917	500.0	1543128202.0	375670.0
28	1.6	93.0	100652022.0	-0.4999440014362335	505.0	1559901318.0	379770.0
28	1.6	94.0	100651878.0	-0.4999432861804962	512.0	1576674453.0	383851.0
28	1.6	95.0	100651722.0	-0.49994251132011414	519.0	1593447454.0	388066.0
28	1.6	96.0	100651604.0	-0.49994192520777386	525.0	1610220616.0	392120.0
28	1.6	97.0	100651484.0	-0.4999413291613261	531.0	1626993708.0	396244.0
28	1.6	98.0	100651316.0	-0.49994049469629925	538.0	1643766884.0	400284.0
28	1.6	99.0	100651172.0	-0.49993977944056195	544.0	1660539904.0	404480.0
28	1.6	100.0	100651028.0	-0.49993906418482464	550.0	1677313004.0	408596.0
29	1.55	1.0	100663128.0	-0.49999916553497314	7.0	16773105.0	4111.0
29	1.55	2.0	100663056.0	-0.4999988079071045	10.0	33546265.0	8167.0
29	1.55	3.0	100662984.0	-0.49999845027923584	13.0	50319464.0	12184.0
29	1.55	4.0	100662984.0	-0.49999845027923584	13.0	67092637.0	16227.0
29	1.55	5.0	100662912.0	-0.4999980926513672	16.0	83865743.0	20337.0
29	1.55	6.0	100662768.0	-0.4999973773956299	22.0	100638927.0	24369.0
29	1.55	7.0	100662648.0	-0.49999678134918213	27.0	117412053.0	28459.0
29	1.55	8.0	100662576.0	-0.4999964237213135	30.0	134185211.0	32517.0
29	1.55	9.0	100662432.0	-0.49999570846557617	36.0	150958339.0	36605.0
29	1.55	10.0	100662386.0	-0.49999547998110455	38.0	167731297.0	40863.0
29	1.55	11.0	100662314.0	-0.4999951223532359	41.0	184504440.0	44936.0
29	1.55	12.0	100662266.0	-0.4999948839346568	43.0	201277621.0	48971.0
29	1.55	13.0	100662218.0	-0.4999946455160777	46.0	218050677.0	53131.0
29	1.55	14.0	100662218.0	-0.4999946455160777	46.0	234823791.0	57233.0
29	1.55	15.0	100662122.0	-0.4999941686789195	50.0	251596963.0	61277.0
29	1.55	16.0	100662002.0	-0.49999357263247174	55.0	268370122.0	65334.0
29	1.55	17.0	100661882.0	-0.499992976586024	60.0	285143301.0	69371.0
29	1.55	18.0	100661714.0	-0.49999214212099713	67.0	301916514.0	73374.0
29	1.55	19.0	100661666.0	-0.49999190370241803	69.0	318689817.0	77287.0
29	1.55	20.0	100661570.0	-0.4999914268652598	73.0	335462933.0	81387.0
29	1.55	21.0	100661426.0	-0.4999907116095225	80.0	352235929.0	85607.0
29	1.55	22.0	100661318.0	-0.49999017516771954	85.0	369009084.0	89668.0
29	1.55	23.0	100661174.0	-0.49998945991198224	91.0	385782162.0	93806.0
29	1.55	24.0	100661030.0	-0.49998874465624493	97.0	402555135.0	98049.0
29	1.55	25.0	100660982.0	-0.49998850623766583	99.0	419328226.0	102174.0
29	1.55	26.0	100660910.0	-0.4999881486097972	102.0	436101331.0	106285.0
29	1.55	27.0	100660862.0	-0.4999879101912181	104.0	452874421.0	110411.0
29	1.55	28.0	100660838.0	-0.4999877909819285	105.0	469647531.0	114517.0
29	1.55	29.0	100660744.0	-0.49998732407887775	109.0	486420618.0	118646.0
29	1.55	30.0	100660696.0	-0.49998708566029865	111.0	503193850.0	122630.0
29	1.55	31.0	100660588.0	-0.49998654921849567	116.0	519966982.0	126714.0
29	1.55	32.0	100660468.0	-0.4999859531720479	121.0	536740175.0	130737.0
29	1.55	33.0	100660372.0	-0.4999854763348897	125.0	553513217.0	134911.0
29	1.55	34.0	100660252.0	-0.49998488028844196	130.0	570286241.0	139103.0
29	1.55	35.0	100660144.0	-0.499984343846639	135.0	587059457.0	143103.0
29	1.55	36.0	100660096.0	-0.4999841054280599	137.0	603832611.0	147165.0
29	1.55	37.0	100660024.0	-0.4999837478001912	140.0	620605649.0	151343.0
29	1.55	38.0	100660000.0	-0.4999836285909017	141.0	637378818.0	155390.0
29	1.55	39.0	100659784.0	-0.4999825557072957	150.0	654151878.0	159546.0
29	1.55	40.0	100659736.0	-0.4999823172887166	152.0	670925119.0	163521.0
29	1.55	41.0	100659652.0	-0.4999819000562032	156.0	687698203.0	167653.0
29	1.55	42.0	100659628.0	-0.49998178084691364	157.0	704471244.0	171828.0
29	1.55	43.0	100659532.0	-0.49998130400975543	161.0	721244451.0	175837.0
29	1.55	44.0	100659460.0	-0.4999809463818868	164.0	738017570.0	179934.0
29	1.55	45.0	100659364.0	-0.4999804695447286	168.0	754790737.0	183983.0
29	1.55	46.0	100659340.0	-0.499980350335439	169.0	771563856.0	188080.0
29	1.55	47.0	100659268.0	-0.4999799927075704	173.0	788336927.0	192225.0
29	1.55	48.0	100659196.0	-0.4999796350797017	177.0	805109983.0	196385.0
29	1.55	49.0	100659100.0	-0.4999791582425435	181.0	821883133.0	200451.0
29	1.55	50.0	100659004.0	-0.4999786814053853	185.0	838656241.0	204559.0
29	1.55	51.0	100658980.0	-0.49997856219609577	186.0	855429418.0	208598.0
29	1.55	52.0	100658824.0	-0.4999777873357137	193.0	872202525.0	212707.0
29	1.55	53.0	100658740.0	-0.49997737010320026	197.0	888975648.0	216800.0
29	1.55	54.0	100658692.0	-0.49997713168462116	200.0	905748748.0	220916.0
29	1.55	55.0	100658656.0	-0.49997695287068683	202.0	922521923.0	224957.0
29	1.55	56.0	100658536.0	-0.4999763568242391	207.0	939295061.0	229035.0
29	1.55	57.0	100658488.0	-0.49997611840566	210.0	956068184.0	233128.0
29	1.55	58.0	100658392.0	-0.49997564156850177	214.0	972841430.0	237098.0
29	1.55	59.0	100658368.0	-0.4999755223592122	215.0	989614505.0	241239.0
29	1.55	60.0	100658272.0	-0.499975045522054	219.0	1006387572.0	245388.0
29	1.55	61.0	100658212.0	-0.49997474749883014	222.0	1023160657.0	249519.0
29	1.55	62.0	100658092.0	-0.4999741514523824	228.0	1039933842.0	253550.0
29	1.55	63.0	100658068.0	-0.49997403224309284	229.0	1056706958.0	257650.0
29	1.55	64.0	100658032.0	-0.4999738534291585	231.0	1073480114.0	261710.0
29	1.55	65.0	100657938.0	-0.4999733865261078	236.0	1090253292.0	265748.0
29	1.55	66.0	100657842.0	-0.4999729096889496	241.0	1107026411.0	269845.0
29	1.55	67.0	100657746.0	-0.4999724328517914	245.0	1123799676.0	273796.0
29	1.55	68.0	100657662.0	-0.49997201561927795	250.0	1140572858.0	277830.0
29	1.55	69.0	100657566.0	-0.49997153878211975	254.0	1157346068.0	281836.0
29	1.55	70.0	100657518.0	-0.49997130036354065	256.0	1174119228.0	285892.0
29	1.55	71.0	100657446.0	-0.499970942735672	260.0	1190892350.0	289986.0
29	1.55	72.0	100657446.0	-0.499970942735672	260.0	1207665493.0	294059.0
29	1.55	73.0	100657350.0	-0.4999704658985138	264.0	1224438549.0	298219.0
29	1.55	74.0	100657326.0	-0.49997034668922424	265.0	1241211701.0	302283.0
29	1.55	75.0	100657290.0	-0.4999701678752899	267.0	1257984700.0	306500.0
29	1.55	76.0	100657110.0	-0.4999692738056183	275.0	1274757823.0	310593.0
29	1.55	77.0	100657062.0	-0.4999690353870392	277.0	1291530945.0	314687.0
29	1.55	78.0	100657002.0	-0.4999687373638153	281.0	1308304125.0	318723.0
29	1.55	79.0	100656930.0	-0.49996837973594666	285.0	1325077288.0	322776.0
29	1.55	80.0	100656870.0	-0.4999680817127228	288.0	1341850443.0	326837.0
29	1.55	81.0	100656870.0	-0.4999680817127228	288.0	1358623601.0	330895.0
29	1.55	82.0	100656822.0	-0.4999678432941437	290.0	1375396627.0	335085.0
29	1.55	83.0	100656774.0	-0.4999676048755646	292.0	1392169878.0	339050.0
29	1.55	84.0	100656774.0	-0.4999676048755646	292.0	1408943032.0	343112.0
29	1.55	85.0	100656666.0	-0.4999670684337616	298.0	1425716061.0	347299.0
29	1.55	86.0	100656582.0	-0.49996665120124817	302.0	1442489164.0	351412.0
29	1.55	87.0	100656486.0	-0.49996617436408997	308.0	1459262283.0	355509.0
29	1.55	88.0	100656462.0	-0.4999660551548004	310.0	1476035353.0	359655.0
29	1.55	89.0	100656402.0	-0.49996575713157654	313.0	1492808427.0	363797.0
29	1.55	90.0	100656330.0	-0.4999653995037079	317.0	1509581495.0	367945.0
29	1.55	91.0	100656221.0	-0.4999648580948512	323.0	1526354554.0	372102.0
29	1.55	92.0	100656137.0	-0.49996444086233777	328.0	1543127701.0	376171.0
29	1.55	93.0	100655981.0	-0.4999636660019557	336.0	1559900821.0	380267.0
29	1.55	94.0	100655921.0	-0.4999633679787318	340.0	1576673858.0	384446.0
29	1.55	95.0	100655861.0	-0.49996306995550793	344.0	1593447050.0	388470.0
29	1.55	96.0	100655813.0	-0.49996283153692883	347.0	1610220180.0	392556.0
29	1.55	97.0	100655705.0	-0.49996229509512585	352.0	1626993203.0	396749.0
29	1.55	98.0	100655669.0	-0.4999621162811915	354.0	1643766305.0	400863.0
29	1.55	99.0	100655573.0	-0.4999616394440333	359.0	1660539418.0	404966.0
29	1.55	100.0	100655489.0	-0.4999612222115199	363.0	1677312483.0	409117.0
30	1.5	1.0	100663224.0	-0.49999964237213135	3.0	16773137.0	4079.0
30	1.5	2.0	100663200.0	-0.4999995231628418	4.0	33546301.0	8131.0
30	1.5	3.0	100663128.0	-0.49999916553497314	7.0	50319544.0	12104.0
30	1.5	4.0	100663104.0	-0.4999990463256836	8.0	67092676.0	16188.0
30	1.5	5.0	100663056.0	-0.4999988079071045	10.0	83865805.0	20275.0
30	1.5	6.0	100663056.0	-0.4999988079071045	10.0	100638955.0	24341.0
30	1.5	7.0	100663032.0	-0.49999868869781494	11.0	117412047.0	28465.0
30	1.5	8.0	100662984.0	-0.49999845027923584	13.0	134184998.0	32730.0
30	1.5	9.0	100662936.0	-0.49999821186065674	15.0	150957995.0	36949.0
30	1.5	10.0	100662864.0	-0.4999978542327881	18.0	167731190.0	40970.0
30	1.5	11.0	100662840.0	-0.49999773502349854	19.0	184504329.0	45047.0
30	1.5	12.0	100662744.0	-0.49999725818634033	23.0	201277480.0	49112.0
30	1.5	13.0	100662720.0	-0.4999971389770508	24.0	218050669.0	53139.0
30	1.5	14.0	100662648.0	-0.49999678134918213	27.0	234823754.0	57270.0
30	1.5	15.0	100662624.0	-0.4999966621398926	28.0	251596808.0	61432.0
30	1.5	16.0	100662624.0	-0.4999966621398926	28.0	268369825.0	65631.0
30	1.5	17.0	100662600.0	-0.499996542930603	29.0	285143073.0	69599.0
30	1.5	18.0	100662506.0	-0.4999960760275523	33.0	301916213.0	73675.0
30	1.5	19.0	100662482.0	-0.49999595681826275	34.0	318689385.0	77719.0
30	1.5	20.0	100662458.0	-0.4999958376089732	36.0	335462577.0	81743.0
30	1.5	21.0	100662386.0	-0.49999547998110455	39.0	352235724.0	85812.0
30	1.5	22.0	100662362.0	-0.499995360771815	40.0	369008821.0	89931.0
30	1.5	23.0	100662242.0	-0.49999476472536725	45.0	385781926.0	94042.0
30	1.5	24.0	100662086.0	-0.49999398986498517	52.0	402555088.0	98096.0
30	1.5	25.0	100662038.0	-0.49999375144640607	54.0	419328176.0	102224.0
30	1.5	26.0	100661954.0	-0.49999333421389264	58.0	436101233.0	106383.0
30	1.5	27.0	100661906.0	-0.49999309579531354	60.0	452874409.0	110423.0
30	1.5	28.0	100661882.0	-0.499992976586024	61.0	469647584.0	114464.0
30	1.5	29.0	100661738.0	-0.4999922613302867	67.0	486420717.0	118547.0
30	1.5	30.0	100661690.0	-0.4999920229117076	69.0	503193954.0	122526.0
30	1.5	31.0	100661666.0	-0.49999190370241803	70.0	519967028.0	126668.0
30	1.5	32.0	100661570.0	-0.4999914268652598	74.0	536740084.0	130828.0
30	1.5	33.0	100661546.0	-0.4999913076559703	75.0	553513213.0	134915.0
30	1.5	34.0	100661522.0	-0.4999911884466807	76.0	570286337.0	139007.0
30	1.5	35.0	100661500.0	-0.4999910791714986	77.0	587059397.0	143163.0
30	1.5	36.0	100661500.0	-0.4999910791714986	77.0	603832495.0	147281.0
30	1.5	37.0	100661440.0	-0.4999907811482747	80.0	620605614.0	151378.0
30	1.5	38.0	100661416.0	-0.49999066193898517	81.0	637378747.0	155461.0
30	1.5	39.0	100661344.0	-0.4999903043111165	84.0	654151824.0	159600.0
30	1.5	40.0	100661248.0	-0.4999898274739583	88.0	670925025.0	163615.0
30	1.5	41.0	100661200.0	-0.4999895890553792	90.0	687698191.0	167665.0
30	1.5	42.0	100661200.0	-0.4999895890553792	90.0	704471215.0	171857.0
30	1.5	43.0	100661200.0	-0.4999895890553792	90.0	721244325.0	175963.0
30	1.5	44.0	100661200.0	-0.4999895890553792	90.0	738017526.0	179978.0
30	1.5	45.0	100661176.0	-0.49998946984608966	91.0	754790625.0	184095.0
30	1.5	46.0	100661176.0	-0.49998946984608966	91.0	771563740.0	188196.0
30	1.5	47.0	100661152.0	-0.4999893506368001	92.0	788336863.0	192289.0
30	1.5	48.0	100661104.0	-0.499989112218221	94.0	805110037.0	196331.0
30	1.5	49.0	100661056.0	-0.4999888737996419	96.0	821883087.0	200497.0
30	1.5	50.0	100660960.0	-0.4999883969624837	100.0	838656227.0	204573.0
30	1.5	51.0	100660912.0	-0.4999881585439046	102.0	855429258.0	208758.0
30	1.5	52.0	100660876.0	-0.4999879797299703	104.0	872202340.0	212892.0
30	1.5	53.0	100660876.0	-0.4999879797299703	104.0	888975431.0	217017.0
30	1.5	54.0	100660852.0	-0.4999878605206807	105.0	905748563.0	221101.0
30	1.5	55.0	100660804.0	-0.4999876221021016	107.0	922521727.0	225153.0
30	1.5	56.0	100660756.0	-0.4999873836835225	109.0	939294771.0	229325.0
30	1.5	57.0	100660732.0	-0.499987264474233	110.0	956067954.0	233358.0
30	1.5	58.0	100660660.0	-0.4999869068463643	114.0	972841042.0	237486.0
30	1.5	59.0	100660648.0	-0.49998684724171955	115.0	989614141.0	241603.0
30	1.5	60.0	100660600.0	-0.49998660882314044	117.0	1006387255.0	245705.0
30	1.5	61.0	100660576.0	-0.4999864896138509	118.0	1023160345.0	249831.0
30	1.5	62.0	100660576.0	-0.4999864896138509	118.0	1039933579.0	253813.0
30	1.5	63.0	100660528.0	-0.4999862511952718	120.0	1056706658.0	257950.0
30	1.5	64.0	100660504.0	-0.49998613198598224	121.0	1073479721.0	262103.0
30	1.5	65.0	100660480.0	-0.4999860127766927	123.0	1090252771.0	266269.0
30	1.5	66.0	100660480.0	-0.4999860127766927	123.0	1107025868.0	270388.0
30	1.5	67.0	100660384.0	-0.4999855359395345	127.0	1123798998.0	274474.0
30	1.5	68.0	100660360.0	-0.49998541673024494	128.0	1140572112.0	278576.0
30	1.5	69.0	100660336.0	-0.4999852975209554	130.0	1157345178.0	282726.0
30	1.5	70.0	100660288.0	-0.4999850591023763	133.0	1174118372.0	286748.0
30	1.5	71.0	100660264.0	-0.49998493989308673	134.0	1190891538.0	290798.0
30	1.5	72.0	100660192.0	-0.4999845822652181	137.0	1207664712.0	294840.0
30	1.5	73.0	100660144.0	-0.499984343846639	139.0	1224437910.0	298858.0
30	1.5	74.0	100660072.0	-0.4999839862187703	142.0	1241211011.0	302973.0
30	1.5	75.0	100660048.0	-0.4999838670094808	145.0	1257983986.0	307214.0
30	1.5	76.0	100660048.0	-0.4999838670094808	145.0	1274757118.0	311298.0
30	1.5	77.0	100659988.0	-0.4999835689862569	148.0	1291530179.0	315453.0
30	1.5	78.0	100659916.0	-0.49998321135838825	151.0	1308303315.0	319533.0
30	1.5	79.0	100659892.0	-0.4999830921490987	152.0	1325076473.0	323591.0
30	1.5	80.0	100659868.0	-0.49998297293980914	153.0	1341849657.0	327623.0
30	1.5	81.0	100659820.0	-0.49998273452123004	155.0	1358622786.0	331710.0
30	1.5	82.0	100659700.0	-0.4999821384747823	161.0	1375395793.0	335919.0
30	1.5	83.0	100659604.0	-0.4999816616376241	165.0	1392168783.0	340145.0
30	1.5	84.0	100659556.0	-0.499981423219045	168.0	1408941910.0	344234.0
30	1.5	85.0	100659544.0	-0.4999813636144002	169.0	1425715020.0	348340.0
30	1.5	86.0	100659508.0	-0.4999811848004659	171.0	1442488229.0	352347.0
30	1.5	87.0	100659400.0	-0.4999806483586629	177.0	1459261468.0	356324.0
30	1.5	88.0	100659328.0	-0.49998029073079425	181.0	1476034583.0	360425.0
30	1.5	89.0	100659328.0	-0.49998029073079425	181.0	1492807758.0	364466.0
30	1.5	90.0	100659256.0	-0.4999799331029256	184.0	1509580860.0	368580.0
30	1.5	91.0	100659232.0	-0.49997981389363605	187.0	1526354063.0	372593.0
30	1.5	92.0	100659208.0	-0.4999796946843465	190.0	1543127162.0	376710.0
30	1.5	93.0	100659184.0	-0.49997957547505695	191.0	1559900309.0	380779.0
30	1.5	94.0	100659160.0	-0.4999794562657674	193.0	1576673373.0	384931.0
30	1.5	95.0	100659136.0	-0.49997933705647785	194.0	1593446495.0	389025.0
30	1.5	96.0	100659088.0	-0.49997909863789874	196.0	1610219606.0	393130.0
30	1.5	97.0	100659088.0	-0.49997909863789874	196.0	1626992592.0	397360.0
30	1.5	98.0	100659064.0	-0.4999789794286092	197.0	1643765679.0	401489.0
30	1.5	99.0	100658968.0	-0.499978502591451	201.0	1660538921.0	405463.0
30	1.5	100.0	100658920.0	-0.4999782641728719	203.0	1677312008.0	409592.0
31	1.45	1.0	100663274.0	-0.49999989072481793	1.0	16773220.0	3996.0
31	1.45	2.0	100663274.0	-0.49999989072481793	1.0	33546404.0	8028.0
31	1.45	3.0	100663226.0	-0.49999965230623883	3.0	50319513.0	12135.0
31	1.45	4.0	100663226.0	-0.49999965230623883	3.0	67092654.0	16210.0
31	1.45	5.0	100663202.0	-0.4999995330969493	4.0	83865787.0	20293.0
31	1.45	6.0	100663154.0	-0.4999992946783702	6.0	100638925.0	24371.0
31	1.45	7.0	100663106.0	-0.4999990562597911	8.0	117412135.0	28377.0
31	1.45	8.0	100663034.0	-0.4999986986319224	11.0	134185215.0	32513.0
31	1.45	9.0	100662938.0	-0.4999982217947642	15.0	150958316.0	36628.0
31	1.45	10.0	100662938.0	-0.4999982217947642	15.0	167731452.0	40708.0
31	1.45	11.0	100662938.0	-0.4999982217947642	15.0	184504552.0	44824.0
31	1.45	12.0	100662938.0	-0.4999982217947642	15.0	201277710.0	48882.0
31	1.45	13.0	100662842.0	-0.499997744957606	19.0	218050848.0	52960.0
31	1.45	14.0	100662830.0	-0.49999768535296124	20.0	234823864.0	57160.0
31	1.45	15.0	100662830.0	-0.49999768535296124	21.0	251596890.0	61350.0
31	1.45	16.0	100662830.0	-0.49999768535296124	22.0	268369968.0	65488.0
31	1.45	17.0	100662830.0	-0.49999768535296124	22.0	285143059.0	69613.0
31	1.45	18.0	100662782.0	-0.49999744693438214	24.0	301916136.0	73752.0
31	1.45	19.0	100662782.0	-0.49999744693438214	24.0	318689261.0	77843.0
31	1.45	20.0	100662758.0	-0.4999973277250926	25.0	335462448.0	81872.0
31	1.45	21.0	100662758.0	-0.4999973277250926	25.0	352235524.0	86012.0
31	1.45	22.0	100662758.0	-0.4999973277250926	25.0	369008653.0	90099.0
31	1.45	23.0	100662734.0	-0.49999720851580304	26.0	385781775.0	94193.0
31	1.45	24.0	100662710.0	-0.4999970893065135	27.0	402554932.0	98252.0
31	1.45	25.0	100662686.0	-0.49999697009722394	28.0	419328044.0	102356.0
31	1.45	26.0	100662686.0	-0.49999697009722394	28.0	436101167.0	106449.0
31	1.45	27.0	100662686.0	-0.49999697009722394	28.0	452874241.0	110591.0
31	1.45	28.0	100662662.0	-0.4999968508879344	29.0	469647370.0	114678.0
31	1.45	29.0	100662638.0	-0.49999673167864483	30.0	486420556.0	118708.0
31	1.45	30.0	100662614.0	-0.4999966124693553	31.0	503193697.0	122783.0
31	1.45	31.0	100662614.0	-0.4999966124693553	31.0	519966808.0	126888.0
31	1.45	32.0	100662566.0	-0.4999963740507762	33.0	536739954.0	130958.0
31	1.45	33.0	100662518.0	-0.4999961356321971	35.0	553513124.0	135004.0
31	1.45	34.0	100662494.0	-0.49999601642290753	36.0	570286282.0	139062.0
31	1.45	35.0	100662494.0	-0.49999601642290753	36.0	587059408.0	143152.0
31	1.45	36.0	100662446.0	-0.49999577800432843	38.0	603832430.0	147346.0
31	1.45	37.0	100662398.0	-0.4999955395857493	40.0	620605559.0	151433.0
31	1.45	38.0	100662350.0	-0.4999953011671702	42.0	637378665.0	155543.0
31	1.45	39.0	100662350.0	-0.4999953011671702	42.0	654151678.0	159746.0
31	1.45	40.0	100662326.0	-0.4999951819578807	43.0	670924615.0	164025.0
31	1.45	41.0	100662326.0	-0.4999951819578807	43.0	687697678.0	168178.0
31	1.45	42.0	100662266.0	-0.4999948839346568	46.0	704470810.0	172262.0
31	1.45	43.0	100662254.0	-0.499994824330012	47.0	721243836.0	176452.0
31	1.45	44.0	100662182.0	-0.49999446670214337	50.0	738016948.0	180556.0
31	1.45	45.0	100662182.0	-0.49999446670214337	50.0	754790021.0	184699.0
31	1.45	46.0	100662158.0	-0.4999943474928538	51.0	771563036.0	188900.0
31	1.45	47.0	100662110.0	-0.4999941090742747	53.0	788336120.0	193032.0
31	1.45	48.0	100662014.0	-0.4999936322371165	57.0	805109207.0	197161.0
31	1.45	49.0	100662014.0	-0.4999936322371165	58.0	821882325.0	201259.0
31	1.45	50.0	100661930.0	-0.4999932150046031	62.0	838655386.0	205414.0
31	1.45	51.0	100661834.0	-0.4999927381674449	66.0	855428521.0	209495.0
31	1.45	52.0	100661834.0	-0.4999927381674449	67.0	872201669.0	213563.0
31	1.45	53.0	100661810.0	-0.49999261895815533	68.0	888974788.0	217660.0
31	1.45	54.0	100661762.0	-0.49999238053957623	70.0	905747905.0	221759.0
31	1.45	55.0	100661762.0	-0.49999238053957623	70.0	922521150.0	225730.0
31	1.45	56.0	100661726.0	-0.4999922017256419	72.0	939294189.0	229907.0
31	1.45	57.0	100661726.0	-0.4999922017256419	72.0	956067276.0	234036.0
31	1.45	58.0	100661702.0	-0.49999208251635235	73.0	972840455.0	238073.0
31	1.45	59.0	100661678.0	-0.4999919633070628	76.0	989613557.0	242187.0
31	1.45	60.0	100661678.0	-0.4999919633070628	76.0	1006386726.0	246234.0
31	1.45	61.0	100661654.0	-0.49999184409777325	77.0	1023159683.0	250493.0
31	1.45	62.0	100661630.0	-0.4999917248884837	79.0	1039932833.0	254559.0
31	1.45	63.0	100661582.0	-0.4999914864699046	81.0	1056705990.0	258618.0
31	1.45	64.0	100661536.0	-0.4999912579854329	83.0	1073479125.0	262699.0
31	1.45	65.0	100661536.0	-0.4999912579854329	83.0	1090252241.0	266799.0
31	1.45	66.0	100661512.0	-0.4999911387761434	84.0	1107025372.0	270884.0
31	1.45	67.0	100661512.0	-0.4999911387761434	84.0	1123798433.0	275039.0
31	1.45	68.0	100661488.0	-0.4999910195668538	85.0	1140571417.0	279271.0
31	1.45	69.0	100661464.0	-0.49999090035756427	86.0	1157344445.0	283459.0
31	1.45	70.0	100661440.0	-0.4999907811482747	87.0	1174117541.0	287579.0
31	1.45	71.0	100661416.0	-0.49999066193898517	88.0	1190890705.0	291631.0
31	1.45	72.0	100661404.0	-0.4999906023343404	89.0	1207663817.0	295735.0
31	1.45	73.0	100661380.0	-0.49999048312505084	90.0	1224436930.0	299838.0
31	1.45	74.0	100661332.0	-0.49999024470647174	92.0	1241210079.0	303905.0
31	1.45	75.0	100661332.0	-0.49999024470647174	92.0	1257983283.0	307917.0
31	1.45	76.0	100661308.0	-0.4999901254971822	93.0	1274756361.0	312055.0
31	1.45	77.0	100661308.0	-0.4999901254971822	93.0	1291529467.0	316165.0
31	1.45	78.0	100661308.0	-0.4999901254971822	93.0	1308302552.0	320296.0
31	1.45	79.0	100661308.0	-0.4999901254971822	93.0	1325075703.0	324361.0
31	1.45	80.0	100661308.0	-0.4999901254971822	93.0	1341848831.0	328449.0
31	1.45	81.0	100661284.0	-0.49999000628789264	94.0	1358621942.0	332554.0
31	1.45	82.0	100661236.0	-0.49998976786931354	97.0	1375395065.0	336647.0
31	1.45	83.0	100661212.0	-0.499989648660024	98.0	1392168206.0	340722.0
31	1.45	84.0	100661188.0	-0.49998952945073444	99.0	1408941307.0	344837.0
31	1.45	85.0	100661164.0	-0.4999894102414449	100.0	1425714353.0	349007.0
31	1.45	86.0	100661094.0	-0.4999890625476837	103.0	1442487481.0	353095.0
31	1.45	87.0	100661070.0	-0.49998894333839417	104.0	1459260658.0	357134.0
31	1.45	88.0	100661070.0	-0.49998894333839417	104.0	1476033662.0	361346.0
31	1.45	89.0	100661070.0	-0.49998894333839417	104.0	1492806755.0	365469.0
31	1.45	90.0	100661046.0	-0.4999888241291046	105.0	1509579821.0	369619.0
31	1.45	91.0	100661046.0	-0.4999888241291046	105.0	1526352937.0	373719.0
31	1.45	92.0	100661010.0	-0.4999886453151703	107.0	1543126089.0	377783.0
31	1.45	93.0	100660998.0	-0.4999885857105255	108.0	1559899255.0	381833.0
31	1.45	94.0	100660998.0	-0.4999885857105255	108.0	1576672329.0	385975.0
31	1.45	95.0	100660962.0	-0.4999884068965912	110.0	1593445526.0	389994.0
31	1.45	96.0	100660962.0	-0.4999884068965912	110.0	1610218736.0	394000.0
31	1.45	97.0	100660878.0	-0.49998798966407776	114.0	1626991824.0	398128.0
31	1.45	98.0	100660806.0	-0.4999876320362091	117.0	1643765010.0	402158.0
31	1.45	99.0	100660806.0	-0.4999876320362091	117.0	1660538136.0	406248.0
31	1.45	100.0	100660794.0	-0.49998757243156433	118.0	1677311274.0	410326.0
32	1.4	1.0	100663296.0	-0.5	0.0	16773076.0	4140.0
32	1.4	2.0	100663296.0	-0.5	0.0	33546103.0	8329.0
32	1.4	3.0	100663296.0	-0.5	0.0	50319327.0	12321.0
32	1.4	4.0	100663224.0	-0.49999964237213135	3.0	67092433.0	16431.0
32	1.4	5.0	100663176.0	-0.49999940395355225	5.0	83865481.0	20599.0
32	1.4	6.0	100663152.0	-0.4999992847442627	6.0	100638694.0	24602.0
32	1.4	7.0	100663128.0	-0.49999916553497314	7.0	117411757.0	28755.0
32	1.4	8.0	100663128.0	-0.49999916553497314	7.0	134184937.0	32791.0
32	1.4	9.0	100663128.0	-0.49999916553497314	7.0	150958030.0	36914.0
32	1.4	10.0	100663128.0	-0.49999916553497314	7.0	167731260.0	40900.0
32	1.4	11.0	100663128.0	-0.49999916553497314	7.0	184504269.0	45107.0
32	1.4	12.0	100663104.0	-0.4999990463256836	8.0	201277310.0	49282.0
32	1.4	13.0	100663056.0	-0.4999988079071045	10.0	218050440.0	53368.0
32	1.4	14.0	100663056.0	-0.4999988079071045	10.0	234823598.0	57426.0
32	1.4	15.0	100663056.0	-0.4999988079071045	10.0	251596780.0	61460.0
32	1.4	16.0	100663008.0	-0.4999985694885254	12.0	268369847.0	65609.0
32	1.4	17.0	100663008.0	-0.4999985694885254	12.0	285142861.0	69811.0
32	1.4	18.0	100662984.0	-0.49999845027923584	13.0	301916044.0	73844.0
32	1.4	19.0	100662960.0	-0.4999983310699463	14.0	318689226.0	77878.0
32	1.4	20.0	100662960.0	-0.4999983310699463	14.0	335462332.0	81988.0
32	1.4	21.0	100662936.0	-0.49999821186065674	15.0	352235565.0	85971.0
32	1.4	22.0	100662924.0	-0.49999815225601196	16.0	369008607.0	90145.0
32	1.4	23.0	100662900.0	-0.4999980330467224	17.0	385781603.0	94365.0
32	1.4	24.0	100662900.0	-0.4999980330467224	17.0	402554667.0	98517.0
32	1.4	25.0	100662900.0	-0.4999980330467224	17.0	419327776.0	102624.0
32	1.4	26.0	100662876.0	-0.49999791383743286	18.0	436101039.0	106577.0
32	1.4	27.0	100662852.0	-0.4999977946281433	19.0	452874095.0	110737.0
32	1.4	28.0	100662852.0	-0.4999977946281433	19.0	469647269.0	114779.0
32	1.4	29.0	100662852.0	-0.4999977946281433	19.0	486420356.0	118908.0
32	1.4	30.0	100662828.0	-0.49999767541885376	20.0	503193551.0	122929.0
32	1.4	31.0	100662828.0	-0.49999767541885376	20.0	519966679.0	127017.0
32	1.4	32.0	100662828.0	-0.49999767541885376	20.0	536739805.0	131107.0
32	1.4	33.0	100662804.0	-0.4999975562095642	21.0	553512923.0	135205.0
32	1.4	34.0	100662804.0	-0.4999975562095642	21.0	570285892.0	139452.0
32	1.4	35.0	100662804.0	-0.4999975562095642	21.0	587059056.0	143504.0
32	1.4	36.0	100662804.0	-0.4999975562095642	21.0	603832176.0	147600.0
32	1.4	37.0	100662780.0	-0.49999743700027466	22.0	620605319.0	151673.0
32	1.4	38.0	100662732.0	-0.49999719858169556	24.0	637378421.0	155787.0
32	1.4	39.0	100662732.0	-0.49999719858169556	24.0	654151544.0	159880.0
32	1.4	40.0	100662732.0	-0.49999719858169556	24.0	670924645.0	163995.0
32	1.4	41.0	100662708.0	-0.499997079372406	25.0	687697707.0	168149.0
32	1.4	42.0	100662708.0	-0.499997079372406	25.0	704470848.0	172224.0
32	1.4	43.0	100662708.0	-0.499997079372406	25.0	721243907.0	176381.0
32	1.4	44.0	100662684.0	-0.49999696016311646	26.0	738017080.0	180424.0
32	1.4	45.0	100662684.0	-0.49999696016311646	26.0	754790318.0	184402.0
32	1.4	46.0	100662636.0	-0.49999672174453735	28.0	771563347.0	188589.0
32	1.4	47.0	100662636.0	-0.49999672174453735	28.0	788336505.0	192647.0
32	1.4	48.0	100662612.0	-0.4999966025352478	29.0	805109531.0	196837.0
32	1.4	49.0	100662612.0	-0.4999966025352478	29.0	821882682.0	200902.0
32	1.4	50.0	100662612.0	-0.4999966025352478	29.0	838655820.0	204980.0
32	1.4	51.0	100662612.0	-0.4999966025352478	29.0	855428943.0	209073.0
32	1.4	52.0	100662612.0	-0.4999966025352478	29.0	872201956.0	213276.0
32	1.4	53.0	100662612.0	-0.4999966025352478	29.0	888974977.0	217471.0
32	1.4	54.0	100662612.0	-0.4999966025352478	29.0	905748072.0	221592.0
32	1.4	55.0	100662612.0	-0.4999966025352478	29.0	922521187.0	225693.0
32	1.4	56.0	100662612.0	-0.4999966025352478	29.0	939294298.0	229798.0
32	1.4	57.0	100662612.0	-0.4999966025352478	29.0	956067310.0	234002.0
32	1.4	58.0	100662612.0	-0.4999966025352478	29.0	972840425.0	238103.0
32	1.4	59.0	100662564.0	-0.4999963641166687	31.0	989613613.0	242131.0
32	1.4	60.0	100662492.0	-0.49999600648880005	34.0	1006386724.0	246236.0
32	1.4	61.0	100662468.0	-0.4999958872795105	35.0	1023159846.0	250330.0
32	1.4	62.0	100662468.0	-0.4999958872795105	35.0	1039933034.0	254358.0
32	1.4	63.0	100662468.0	-0.4999958872795105	35.0	1056706152.0	258456.0
32	1.4	64.0	100662468.0	-0.4999958872795105	35.0	1073479269.0	262555.0
32	1.4	65.0	100662444.0	-0.49999576807022095	36.0	1090252316.0	266724.0
32	1.4	66.0	100662396.0	-0.49999552965164185	38.0	1107025471.0	270785.0
32	1.4	67.0	100662336.0	-0.49999523162841797	41.0	1123798562.0	274910.0
32	1.4	68.0	100662288.0	-0.49999499320983887	43.0	1140571718.0	278970.0
32	1.4	69.0	100662288.0	-0.49999499320983887	43.0	1157344887.0	283017.0
32	1.4	70.0	100662288.0	-0.49999499320983887	43.0	1174117911.0	287209.0
32	1.4	71.0	100662288.0	-0.49999499320983887	43.0	1190891085.0	291251.0
32	1.4	72.0	100662288.0	-0.49999499320983887	43.0	1207664211.0	295341.0
32	1.4	73.0	100662264.0	-0.4999948740005493	44.0	1224437316.0	299452.0
32	1.4	74.0	100662264.0	-0.4999948740005493	44.0	1241210449.0	303535.0
32	1.4	75.0	100662192.0	-0.49999451637268066	47.0	1257983470.0	307730.0
32	1.4	76.0	100662168.0	-0.4999943971633911	48.0	1274756551.0	311865.0
32	1.4	77.0	100662144.0	-0.49999427795410156	49.0	1291529696.0	315936.0
32	1.4	78.0	100662144.0	-0.49999427795410156	49.0	1308302858.0	319990.0
32	1.4	79.0	100662144.0	-0.49999427795410156	49.0	1325075930.0	324134.0
32	1.4	80.0	100662072.0	-0.4999939203262329	52.0	1341849179.0	328101.0
32	1.4	81.0	100662072.0	-0.4999939203262329	52.0	1358622257.0	332239.0
32	1.4	82.0	100662048.0	-0.49999380111694336	53.0	1375395418.0	336294.0
32	1.4	83.0	100662048.0	-0.49999380111694336	53.0	1392168598.0	340330.0
32	1.4	84.0	100662024.0	-0.4999936819076538	54.0	1408941738.0	344406.0
32	1.4	85.0	100662000.0	-0.49999356269836426	55.0	1425714734.0	348626.0
32	1.4	86.0	100662000.0	-0.49999356269836426	55.0	1442487979.0	352597.0
32	1.4	87.0	100661976.0	-0.4999934434890747	56.0	1459261079.0	356713.0
32	1.4	88.0	100661976.0	-0.4999934434890747	56.0	1476034073.0	360935.0
32	1.4	89.0	100661976.0	-0.4999934434890747	56.0	1492807282.0	364942.0
32	1.4	90.0	100661976.0	-0.4999934434890747	56.0	1509580474.0	368966.0
32	1.4	91.0	100661928.0	-0.4999932050704956	59.0	1526353612.0	373044.0
32	1.4	92.0	100661904.0	-0.49999308586120605	60.0	1543126816.0	377056.0
32	1.4	93.0	100661880.0	-0.4999929666519165	61.0	1559899958.0	381130.0
32	1.4	94.0	100661856.0	-0.49999284744262695	62.0	1576672933.0	385371.0
32	1.4	95.0	100661856.0	-0.49999284744262695	62.0	1593445972.0	389548.0
32	1.4	96.0	100661856.0	-0.49999284744262695	62.0	1610219064.0	393672.0
32	1.4	97.0	100661856.0	-0.49999284744262695	62.0	1626992093.0	397859.0
32	1.4	98.0	100661832.0	-0.4999927282333374	63.0	1643765167.0	402001.0
32	1.4	99.0	100661832.0	-0.4999927282333374	63.0	1660538387.0	405997.0
32	1.4	100.0	100661832.0	-0.4999927282333374	63.0	1677311531.0	410069.0
33	1.35	1.0	100663296.0	-0.5	0.0	16773171.0	4045.0
33	1.35	2.0	100663296.0	-0.5	0.0	33546242.0	8190.0
33	1.35	3.0	100663296.0	-0.5	0.0	50319311.0	12337.0
33	1.35	4.0	100663296.0	-0.5	0.0	67092406.0	16458.0
33	1.35	5.0	100663296.0	-0.5	0.0	83865534.0	20546.0
33	1.35	6.0	100663296.0	-0.5	0.0	100638715.0	24581.0
33	1.35	7.0	100663296.0	-0.5	0.0	117411747.0	28765.0
33	1.35	8.0	100663296.0	-0.5	0.0	134184765.0	32963.0
33	1.35	9.0	100663272.0	-0.49999988079071045	1.0	150957870.0	37074.0
33	1.35	10.0	100663272.0	-0.49999988079071045	1.0	167731059.0	41101.0
33	1.35	11.0	100663248.0	-0.4999997615814209	2.0	184504167.0	45209.0
33	1.35	12.0	100663224.0	-0.49999964237213135	3.0	201277220.0	49372.0
33	1.35	13.0	100663224.0	-0.49999964237213135	3.0	218050267.0	53541.0
33	1.35	14.0	100663224.0	-0.49999964237213135	3.0	234823432.0	57592.0
33	1.35	15.0	100663224.0	-0.49999964237213135	3.0	251596559.0	61681.0
33	1.35	16.0	100663224.0	-0.49999964237213135	3.0	268369651.0	65805.0
33	1.35	17.0	100663224.0	-0.49999964237213135	3.0	285142712.0	69960.0
33	1.35	18.0	100663224.0	-0.49999964237213135	3.0	301915804.0	74084.0
33	1.35	19.0	100663224.0	-0.49999964237213135	3.0	318688892.0	78212.0
33	1.35	20.0	100663200.0	-0.4999995231628418	4.0	335461966.0	82354.0
33	1.35	21.0	100663200.0	-0.4999995231628418	4.0	352235095.0	86441.0
33	1.35	22.0	100663200.0	-0.4999995231628418	4.0	369008147.0	90605.0
33	1.35	23.0	100663176.0	-0.49999940395355225	5.0	385781277.0	94691.0
33	1.35	24.0	100663152.0	-0.4999992847442627	6.0	402554380.0	98804.0
33	1.35	25.0	100663152.0	-0.4999992847442627	6.0	419327574.0	102826.0
33	1.35	26.0	100663152.0	-0.4999992847442627	6.0	436100802.0	106814.0
33	1.35	27.0	100663152.0	-0.4999992847442627	6.0	452873918.0	110914.0
33	1.35	28.0	100663152.0	-0.4999992847442627	6.0	469647007.0	115041.0
33	1.35	29.0	100663128.0	-0.49999916553497314	7.0	486420083.0	119181.0
33	1.35	30.0	100663104.0	-0.4999990463256836	8.0	503193105.0	123375.0
33	1.35	31.0	100663104.0	-0.4999990463256836	8.0	519966229.0	127467.0
33	1.35	32.0	100663104.0	-0.4999990463256836	8.0	536739286.0	131626.0
33	1.35	33.0	100663080.0	-0.49999892711639404	9.0	553512509.0	135619.0
33	1.35	34.0	100663080.0	-0.49999892711639404	9.0	570285555.0	139789.0
33	1.35	35.0	100663080.0	-0.49999892711639404	9.0	587058569.0	143991.0
33	1.35	36.0	100663068.0	-0.49999886751174927	10.0	603831614.0	148162.0
33	1.35	37.0	100663068.0	-0.49999886751174927	10.0	620604913.0	152079.0
33	1.35	38.0	100663068.0	-0.49999886751174927	10.0	637378014.0	156194.0
33	1.35	39.0	100663044.0	-0.4999987483024597	11.0	654151236.0	160188.0
33	1.35	40.0	100663044.0	-0.4999987483024597	11.0	670924350.0	164290.0
33	1.35	41.0	100663044.0	-0.4999987483024597	11.0	687697489.0	168367.0
33	1.35	42.0	100663044.0	-0.4999987483024597	11.0	704470664.0	172408.0
33	1.35	43.0	100663020.0	-0.49999862909317017	12.0	721243725.0	176563.0
33	1.35	44.0	100663020.0	-0.49999862909317017	12.0	738016801.0	180703.0
33	1.35	45.0	100663020.0	-0.49999862909317017	12.0	754789957.0	184763.0
33	1.35	46.0	100662972.0	-0.49999839067459106	14.0	771563131.0	188805.0
33	1.35	47.0	100662948.0	-0.4999982714653015	15.0	788336185.0	192967.0
33	1.35	48.0	100662948.0	-0.4999982714653015	15.0	805109333.0	197035.0
33	1.35	49.0	100662924.0	-0.49999815225601196	16.0	821882337.0	201247.0
33	1.35	50.0	100662924.0	-0.49999815225601196	16.0	838655458.0	205342.0
33	1.35	51.0	100662924.0	-0.49999815225601196	16.0	855428629.0	209387.0
33	1.35	52.0	100662900.0	-0.4999980330467224	17.0	872201675.0	213557.0
33	1.35	53.0	100662900.0	-0.4999980330467224	17.0	888974772.0	217676.0
33	1.35	54.0	100662852.0	-0.4999977946281433	19.0	905747886.0	221778.0
33	1.35	55.0	100662852.0	-0.4999977946281433	19.0	922520911.0	225969.0
33	1.35	56.0	100662852.0	-0.4999977946281433	19.0	939294008.0	230088.0
33	1.35	57.0	100662828.0	-0.49999767541885376	20.0	956067082.0	234230.0
33	1.35	58.0	100662804.0	-0.4999975562095642	21.0	972840185.0	238343.0
33	1.35	59.0	100662804.0	-0.4999975562095642	21.0	989613360.0	242384.0
33	1.35	60.0	100662804.0	-0.4999975562095642	21.0	1006386489.0	246471.0
33	1.35	61.0	100662804.0	-0.4999975562095642	21.0	1023159649.0	250527.0
33	1.35	62.0	100662804.0	-0.4999975562095642	21.0	1039932847.0	254545.0
33	1.35	63.0	100662780.0	-0.49999743700027466	22.0	1056705945.0	258663.0
33	1.35	64.0	100662756.0	-0.4999973177909851	23.0	1073479073.0	262751.0
33	1.35	65.0	100662744.0	-0.49999725818634033	24.0	1090252190.0	266850.0
33	1.35	66.0	100662744.0	-0.49999725818634033	24.0	1107025412.0	270844.0
33	1.35	67.0	100662720.0	-0.4999971389770508	25.0	1123798525.0	274947.0
33	1.35	68.0	100662696.0	-0.49999701976776123	26.0	1140571664.0	279024.0
33	1.35	69.0	100662696.0	-0.49999701976776123	26.0	1157344823.0	283081.0
33	1.35	70.0	100662696.0	-0.49999701976776123	27.0	1174117938.0	287182.0
33	1.35	71.0	100662696.0	-0.49999701976776123	27.0	1190890963.0	291373.0
33	1.35	72.0	100662648.0	-0.49999678134918213	29.0	1207664159.0	295393.0
33	1.35	73.0	100662648.0	-0.49999678134918213	29.0	1224437392.0	299376.0
33	1.35	74.0	100662648.0	-0.49999678134918213	29.0	1241210469.0	303515.0
33	1.35	75.0	100662648.0	-0.49999678134918213	29.0	1257983563.0	307637.0
33	1.35	76.0	100662648.0	-0.49999678134918213	29.0	1274756665.0	311751.0
33	1.35	77.0	100662648.0	-0.49999678134918213	29.0	1291529843.0	315789.0
33	1.35	78.0	100662648.0	-0.49999678134918213	29.0	1308302936.0	319912.0
33	1.35	79.0	100662648.0	-0.49999678134918213	29.0	1325076017.0	324047.0
33	1.35	80.0	100662648.0	-0.49999678134918213	29.0	1341849072.0	328208.0
33	1.35	81.0	100662648.0	-0.49999678134918213	29.0	1358622277.0	332219.0
33	1.35	82.0	100662648.0	-0.49999678134918213	29.0	1375395418.0	336294.0
33	1.35	83.0	100662648.0	-0.49999678134918213	29.0	1392168615.0	340313.0
33	1.35	84.0	100662624.0	-0.4999966621398926	30.0	1408941773.0	344371.0
33	1.35	85.0	100662624.0	-0.4999966621398926	30.0	1425714955.0	348405.0
33	1.35	86.0	100662624.0	-0.4999966621398926	30.0	1442488019.0	352557.0
33	1.35	87.0	100662624.0	-0.4999966621398926	30.0	1459261136.0	356656.0
33	1.35	88.0	100662624.0	-0.4999966621398926	30.0	1476034366.0	360642.0
33	1.35	89.0	100662624.0	-0.4999966621398926	30.0	1492807607.0	364617.0
33	1.35	90.0	100662624.0	-0.4999966621398926	31.0	1509580668.0	368772.0
33	1.35	91.0	100662600.0	-0.499996542930603	32.0	1526353742.0	372914.0
33	1.35	92.0	100662600.0	-0.499996542930603	32.0	1543126852.0	377020.0
33	1.35	93.0	100662600.0	-0.499996542930603	32.0	1559899988.0	381100.0
33	1.35	94.0	100662576.0	-0.4999964237213135	33.0	1576673215.0	385089.0
33	1.35	95.0	100662552.0	-0.4999963045120239	35.0	1593446226.0	389294.0
33	1.35	96.0	100662552.0	-0.4999963045120239	35.0	1610219388.0	393348.0
33	1.35	97.0	100662528.0	-0.4999961853027344	36.0	1626992524.0	397428.0
33	1.35	98.0	100662504.0	-0.4999960660934448	38.0	1643765527.0	401641.0
33	1.35	99.0	100662480.0	-0.4999959468841553	39.0	1660538645.0	405739.0
33	1.35	100.0	100662480.0	-0.4999959468841553	39.0	1677311671.0	409929.0
34	1.3	1.0	100663296.0	-0.5	0.0	16773070.0	4146.0
34	1.3	2.0	100663296.0	-0.5	0.0	33546076.0	8356.0
34	1.3	3.0	100663296.0	-0.5	0.0	50319222.0	12426.0
34	1.3	4.0	100663296.0	-0.5	0.0	67092547.0	16317.0
34	1.3	5.0	100663296.0	-0.5	0.0	83865749.0	20331.0
34	1.3	6.0	100663296.0	-0.5	0.0	100638871.0	24425.0
34	1.3	7.0	100663296.0	-0.5	0.0	117411970.0	28542.0
34	1.3	8.0	100663296.0	-0.5	0.0	134185111.0	32617.0
34	1.3	9.0	100663296.0	-0.5	0.0	150958265.0	36679.0
34	1.3	10.0	100663272.0	-0.49999988079071045	1.0	167731465.0	40695.0
34	1.3	11.0	100663272.0	-0.49999988079071045	1.0	184504583.0	44793.0
34	1.3	12.0	100663272.0	-0.49999988079071045	1.0	201277636.0	48956.0
34	1.3	13.0	100663272.0	-0.49999988079071045	1.0	218050770.0	53038.0
34	1.3	14.0	100663272.0	-0.49999988079071045	1.0	234823934.0	57090.0
34	1.3	15.0	100663272.0	-0.49999988079071045	1.0	251597150.0	61090.0
34	1.3	16.0	100663272.0	-0.49999988079071045	1.0	268370233.0	65223.0
34	1.3	17.0	100663272.0	-0.49999988079071045	1.0	285143296.0	69376.0
34	1.3	18.0	100663272.0	-0.49999988079071045	1.0	301916414.0	73474.0
34	1.3	19.0	100663272.0	-0.49999988079071045	1.0	318689542.0	77562.0
34	1.3	20.0	100663272.0	-0.49999988079071045	1.0	335462597.0	81723.0
34	1.3	21.0	100663272.0	-0.49999988079071045	1.0	352235787.0	85749.0
34	1.3	22.0	100663248.0	-0.4999997615814209	2.0	369008871.0	89881.0
34	1.3	23.0	100663224.0	-0.49999964237213135	3.0	385782056.0	93912.0
34	1.3	24.0	100663224.0	-0.49999964237213135	3.0	402555164.0	98020.0
34	1.3	25.0	100663200.0	-0.4999995231628418	4.0	419328344.0	102056.0
34	1.3	26.0	100663200.0	-0.4999995231628418	4.0	436101596.0	106020.0
34	1.3	27.0	100663152.0	-0.4999992847442627	6.0	452874674.0	110158.0
34	1.3	28.0	100663152.0	-0.4999992847442627	6.0	469647824.0	114224.0
34	1.3	29.0	100663152.0	-0.4999992847442627	6.0	486420884.0	118380.0
34	1.3	30.0	100663152.0	-0.4999992847442627	6.0	503193925.0	122555.0
34	1.3	31.0	100663152.0	-0.4999992847442627	6.0	519967129.0	126567.0
34	1.3	32.0	100663152.0	-0.4999992847442627	6.0	536740249.0	130663.0
34	1.3	33.0	100663128.0	-0.49999916553497314	7.0	553513414.0	134714.0
34	1.3	34.0	100663128.0	-0.49999916553497314	7.0	570286570.0	138774.0
34	1.3	35.0	100663128.0	-0.49999916553497314	7.0	587059655.0	142905.0
34	1.3	36.0	100663128.0	-0.49999916553497314	7.0	603832752.0	147024.0
34	1.3	37.0	100663128.0	-0.49999916553497314	7.0	620605890.0	151102.0
34	1.3	38.0	100663128.0	-0.49999916553497314	7.0	637379027.0	155181.0
34	1.3	39.0	100663128.0	-0.49999916553497314	7.0	654152221.0	159203.0
34	1.3	40.0	100663128.0	-0.49999916553497314	7.0	670925299.0	163341.0
34	1.3	41.0	100663128.0	-0.49999916553497314	7.0	687698488.0	167368.0
34	1.3	42.0	100663128.0	-0.49999916553497314	7.0	704471626.0	171446.0
34	1.3	43.0	100663128.0	-0.49999916553497314	7.0	721244594.0	175694.0
34	1.3	44.0	100663128.0	-0.49999916553497314	7.0	738017726.0	179778.0
34	1.3	45.0	100663104.0	-0.4999990463256836	8.0	754790863.0	183857.0
34	1.3	46.0	100663080.0	-0.49999892711639404	9.0	771564029.0	187907.0
34	1.3	47.0	100663080.0	-0.49999892711639404	9.0	788337094.0	192058.0
34	1.3	48.0	100663080.0	-0.49999892711639404	9.0	805110212.0	196156.0
34	1.3	49.0	100663080.0	-0.49999892711639404	9.0	821883320.0	200264.0
34	1.3	50.0	100663080.0	-0.49999892711639404	9.0	838656471.0	204329.0
34	1.3	51.0	100663080.0	-0.49999892711639404	9.0	855429738.0	208278.0
34	1.3	52.0	100663080.0	-0.49999892711639404	9.0	872202847.0	212385.0
34	1.3	53.0	100663080.0	-0.49999892711639404	9.0	888975957.0	216491.0
34	1.3	54.0	100663080.0	-0.49999892711639404	9.0	905749164.0	220500.0
34	1.3	55.0	100663080.0	-0.49999892711639404	9.0	922522144.0	224736.0
34	1.3	56.0	100663080.0	-0.49999892711639404	9.0	939295130.0	228966.0
34	1.3	57.0	100663080.0	-0.49999892711639404	9.0	956068215.0	233097.0
34	1.3	58.0	100663080.0	-0.49999892711639404	9.0	972841307.0	237221.0
34	1.3	59.0	100663080.0	-0.49999892711639404	9.0	989614605.0	241139.0
34	1.3	60.0	100663080.0	-0.49999892711639404	9.0	1006387722.0	245238.0
34	1.3	61.0	100663080.0	-0.49999892711639404	9.0	1023160720.0	249456.0
34	1.3	62.0	100663080.0	-0.49999892711639404	9.0	1039933902.0	253490.0
34	1.3	63.0	100663080.0	-0.49999892711639404	9.0	1056706998.0	257610.0
34	1.3	64.0	100663080.0	-0.49999892711639404	9.0	1073480160.0	261664.0
34	1.3	65.0	100663056.0	-0.4999988079071045	10.0	1090253275.0	265765.0
34	1.3	66.0	100663056.0	-0.4999988079071045	11.0	1107026452.0	269804.0
34	1.3	67.0	100663056.0	-0.4999988079071045	11.0	1123799503.0	273969.0
34	1.3	68.0	100663056.0	-0.4999988079071045	11.0	1140572468.0	278220.0
34	1.3	69.0	100663032.0	-0.49999868869781494	12.0	1157345543.0	282361.0
34	1.3	70.0	100663032.0	-0.49999868869781494	12.0	1174118748.0	286372.0
34	1.3	71.0	100663032.0	-0.49999868869781494	12.0	1190891808.0	290528.0
34	1.3	72.0	100663032.0	-0.49999868869781494	12.0	1207664914.0	294638.0
34	1.3	73.0	100663032.0	-0.49999868869781494	12.0	1224438108.0	298660.0
34	1.3	74.0	100663032.0	-0.49999868869781494	12.0	1241211272.0	302712.0
34	1.3	75.0	100663008.0	-0.4999985694885254	13.0	1257984402.0	306798.0
34	1.3	76.0	100663008.0	-0.4999985694885254	14.0	1274757421.0	310995.0
34	1.3	77.0	100663008.0	-0.4999985694885254	14.0	1291530481.0	315151.0
34	1.3	78.0	100663008.0	-0.4999985694885254	14.0	1308303592.0	319256.0
34	1.3	79.0	100662960.0	-0.4999983310699463	16.0	1325076527.0	323537.0
34	1.3	80.0	100662960.0	-0.4999983310699463	16.0	1341849651.0	327629.0
34	1.3	81.0	100662960.0	-0.4999983310699463	16.0	1358622701.0	331795.0
34	1.3	82.0	100662960.0	-0.4999983310699463	16.0	1375395792.0	335920.0
34	1.3	83.0	100662960.0	-0.4999983310699463	16.0	1392168877.0	340051.0
34	1.3	84.0	100662960.0	-0.4999983310699463	16.0	1408941968.0	344176.0
34	1.3	85.0	100662960.0	-0.4999983310699463	16.0	1425715148.0	348212.0
34	1.3	86.0	100662960.0	-0.4999983310699463	16.0	1442488165.0	352411.0
34	1.3	87.0	100662960.0	-0.4999983310699463	16.0	1459261217.0	356575.0
34	1.3	88.0	100662960.0	-0.4999983310699463	16.0	1476034282.0	360726.0
34	1.3	89.0	100662960.0	-0.4999983310699463	16.0	1492807491.0	364733.0
34	1.3	90.0	100662960.0	-0.4999983310699463	16.0	1509580637.0	368803.0
34	1.3	91.0	100662960.0	-0.4999983310699463	16.0	1526353744.0	372912.0
34	1.3	92.0	100662960.0	-0.4999983310699463	16.0	1543126816.0	377056.0
34	1.3	93.0	100662960.0	-0.4999983310699463	16.0	1559899980.0	381108.0
34	1.3	94.0	100662960.0	-0.4999983310699463	16.0	1576673098.0	385206.0
34	1.3	95.0	100662936.0	-0.49999821186065674	17.0	1593446191.0	389329.0
34	1.3	96.0	100662936.0	-0.49999821186065674	17.0	1610219226.0	393510.0
34	1.3	97.0	100662936.0	-0.49999821186065674	17.0	1626992393.0	397559.0
34	1.3	98.0	100662936.0	-0.49999821186065674	17.0	1643765503.0	401665.0
34	1.3	99.0	100662936.0	-0.49999821186065674	17.0	1660538711.0	405673.0
34	1.3	100.0	100662936.0	-0.49999821186065674	17.0	1677311823.0	409777.0
35	1.25	1.0	100663296.0	-0.5	0.0	16773156.0	4060.0
35	1.25	2.0	100663296.0	-0.5	0.0	33546180.0	8252.0
35	1.25	3.0	100663296.0	-0.5	0.0	50319280.0	12368.0
35	1.25	4.0	100663296.0	-0.5	0.0	67092481.0	16383.0
35	1.25	5.0	100663296.0	-0.5	0.0	83865643.0	20437.0
35	1.25	6.0	100663296.0	-0.5	0.0	100638703.0	24593.0
35	1.25	7.0	100663296.0	-0.5	0.0	117411892.0	28620.0
35	1.25	8.0	100663296.0	-0.5	0.0	134184936.0	32792.0
35	1.25	9.0	100663296.0	-0.5	0.0	150958114.0	36830.0
35	1.25	10.0	100663296.0	-0.5	0.0	167731202.0	40958.0
35	1.25	11.0	100663296.0	-0.5	0.0	184504331.0	45045.0
35	1.25	12.0	100663296.0	-0.5	0.0	201277536.0	49056.0
35	1.25	13.0	100663296.0	-0.5	0.0	218050673.0	53135.0
35	1.25	14.0	100663296.0	-0.5	0.0	234823858.0	57166.0
35	1.25	15.0	100663272.0	-0.49999988079071045	1.0	251597048.0	61192.0
35	1.25	16.0	100663272.0	-0.49999988079071045	1.0	268370201.0	65255.0
35	1.25	17.0	100663248.0	-0.4999997615814209	2.0	285143333.0	69339.0
35	1.25	18.0	100663248.0	-0.4999997615814209	2.0	301916306.0	73582.0
35	1.25	19.0	100663248.0	-0.4999997615814209	2.0	318689370.0	77734.0
35	1.25	20.0	100663248.0	-0.4999997615814209	2.0	335462503.0	81817.0
35	1.25	21.0	100663248.0	-0.4999997615814209	2.0	352235617.0	85919.0
35	1.25	22.0	100663248.0	-0.4999997615814209	2.0	369008824.0	89928.0
35	1.25	23.0	100663248.0	-0.4999997615814209	2.0	385782010.0	93958.0
35	1.25	24.0	100663248.0	-0.4999997615814209	2.0	402555063.0	98121.0
35	1.25	25.0	100663248.0	-0.4999997615814209	2.0	419328243.0	102157.0
35	1.25	26.0	100663248.0	-0.4999997615814209	2.0	436101442.0	106174.0
35	1.25	27.0	100663248.0	-0.4999997615814209	2.0	452874581.0	110251.0
35	1.25	28.0	100663248.0	-0.4999997615814209	2.0	469647773.0	114275.0
35	1.25	29.0	100663248.0	-0.4999997615814209	2.0	486421021.0	118243.0
35	1.25	30.0	100663248.0	-0.4999997615814209	2.0	503194032.0	122448.0
35	1.25	31.0	100663248.0	-0.4999997615814209	2.0	519967132.0	126564.0
35	1.25	32.0	100663248.0	-0.4999997615814209	2.0	536740299.0	130613.0
35	1.25	33.0	100663248.0	-0.4999997615814209	2.0	553513350.0	134778.0
35	1.25	34.0	100663248.0	-0.4999997615814209	2.0	570286584.0	138760.0
35	1.25	35.0	100663248.0	-0.4999997615814209	2.0	587059740.0	142820.0
35	1.25	36.0	100663248.0	-0.4999997615814209	2.0	603832841.0	146935.0
35	1.25	37.0	100663248.0	-0.4999997615814209	2.0	620606048.0	150944.0
35	1.25	38.0	100663248.0	-0.4999997615814209	2.0	637379115.0	155093.0
35	1.25	39.0	100663248.0	-0.4999997615814209	2.0	654152333.0	159091.0
35	1.25	40.0	100663248.0	-0.4999997615814209	2.0	670925405.0	163235.0
35	1.25	41.0	100663248.0	-0.4999997615814209	2.0	687698456.0	167400.0
35	1.25	42.0	100663248.0	-0.4999997615814209	2.0	704471563.0	171509.0
35	1.25	43.0	100663248.0	-0.4999997615814209	2.0	721244664.0	175624.0
35	1.25	44.0	100663224.0	-0.49999964237213135	3.0	738017719.0	179785.0
35	1.25	45.0	100663224.0	-0.49999964237213135	3.0	754790749.0	183971.0
35	1.25	46.0	100663224.0	-0.49999964237213135	3.0	771563868.0	188068.0
35	1.25	47.0	100663224.0	-0.49999964237213135	3.0	788336978.0	192174.0
35	1.25	48.0	100663224.0	-0.49999964237213135	3.0	805110057.0	196311.0
35	1.25	49.0	100663224.0	-0.49999964237213135	3.0	821883166.0	200418.0
35	1.25	50.0	100663224.0	-0.49999964237213135	3.0	838656233.0	204567.0
35	1.25	51.0	100663224.0	-0.49999964237213135	3.0	855429345.0	208671.0
35	1.25	52.0	100663224.0	-0.49999964237213135	3.0	872202426.0	212806.0
35	1.25	53.0	100663224.0	-0.49999964237213135	3.0	888975647.0	216801.0
35	1.25	54.0	100663224.0	-0.49999964237213135	3.0	905748788.0	220876.0
35	1.25	55.0	100663224.0	-0.49999964237213135	3.0	922521944.0	224936.0
35	1.25	56.0	100663224.0	-0.49999964237213135	3.0	939295158.0	228938.0
35	1.25	57.0	100663224.0	-0.49999964237213135	3.0	956068299.0	233013.0
35	1.25	58.0	100663224.0	-0.49999964237213135	3.0	972841443.0	237085.0
35	1.25	59.0	100663224.0	-0.49999964237213135	3.0	989614614.0	241130.0
35	1.25	60.0	100663224.0	-0.49999964237213135	3.0	1006387777.0	245183.0
35	1.25	61.0	100663224.0	-0.49999964237213135	3.0	1023160974.0	249202.0
35	1.25	62.0	100663200.0	-0.4999995231628418	4.0	1039934204.0	253188.0
35	1.25	63.0	100663200.0	-0.4999995231628418	4.0	1056707326.0	257282.0
35	1.25	64.0	100663200.0	-0.4999995231628418	4.0	1073480516.0	261308.0
35	1.25	65.0	100663200.0	-0.4999995231628418	4.0	1090253590.0	265450.0
35	1.25	66.0	100663200.0	-0.4999995231628418	4.0	1107026681.0	269575.0
35	1.25	67.0	100663200.0	-0.4999995231628418	4.0	1123799771.0	273701.0
35	1.25	68.0	100663200.0	-0.4999995231628418	4.0	1140572714.0	277974.0
35	1.25	69.0	100663200.0	-0.4999995231628418	4.0	1157345921.0	281983.0
35	1.25	70.0	100663176.0	-0.49999940395355225	5.0	1174119024.0	286096.0
35	1.25	71.0	100663176.0	-0.49999940395355225	5.0	1190892079.0	290257.0
35	1.25	72.0	100663176.0	-0.49999940395355225	5.0	1207665118.0	294434.0
35	1.25	73.0	100663176.0	-0.49999940395355225	5.0	1224438246.0	298522.0
35	1.25	74.0	100663176.0	-0.49999940395355225	5.0	1241211417.0	302567.0
35	1.25	75.0	100663176.0	-0.49999940395355225	5.0	1257984497.0	306703.0
35	1.25	76.0	100663176.0	-0.49999940395355225	5.0	1274757642.0	310774.0
35	1.25	77.0	100663176.0	-0.49999940395355225	5.0	1291530707.0	314925.0
35	1.25	78.0	100663152.0	-0.4999992847442627	6.0	1308303885.0	318963.0
35	1.25	79.0	100663152.0	-0.4999992847442627	6.0	1325076991.0	323073.0
35	1.25	80.0	100663152.0	-0.4999992847442627	6.0	1341850117.0	327163.0
35	1.25	81.0	100663152.0	-0.4999992847442627	6.0	1358623244.0	331252.0
35	1.25	82.0	100663152.0	-0.4999992847442627	6.0	1375396275.0	335437.0
35	1.25	83.0	100663152.0	-0.4999992847442627	6.0	1392169506.0	339422.0
35	1.25	84.0	100663152.0	-0.4999992847442627	6.0	1408942699.0	343445.0
35	1.25	85.0	100663152.0	-0.4999992847442627	6.0	1425715772.0	347588.0
35	1.25	86.0	100663152.0	-0.4999992847442627	6.0	1442488888.0	351688.0
35	1.25	87.0	100663152.0	-0.4999992847442627	6.0	1459261914.0	355878.0
35	1.25	88.0	100663152.0	-0.4999992847442627	6.0	1476035022.0	359986.0
35	1.25	89.0	100663152.0	-0.4999992847442627	6.0	1492808134.0	364090.0
35	1.25	90.0	100663152.0	-0.4999992847442627	6.0	1509581175.0	368265.0
35	1.25	91.0	100663152.0	-0.4999992847442627	6.0	1526354236.0	372420.0
35	1.25	92.0	100663152.0	-0.4999992847442627	6.0	1543127391.0	376481.0
35	1.25	93.0	100663152.0	-0.4999992847442627	6.0	1559900459.0	380629.0
35	1.25	94.0	100663152.0	-0.4999992847442627	6.0	1576673592.0	384712.0
35	1.25	95.0	100663152.0	-0.4999992847442627	6.0	1593446697.0	388823.0
35	1.25	96.0	100663152.0	-0.4999992847442627	6.0	1610219767.0	392969.0
35	1.25	97.0	100663152.0	-0.4999992847442627	6.0	1626992877.0	397075.0
35	1.25	98.0	100663152.0	-0.4999992847442627	6.0	1643765985.0	401183.0
35	1.25	99.0	100663128.0	-0.49999916553497314	7.0	1660539186.0	405198.0
35	1.25	100.0	100663128.0	-0.49999916553497314	7.0	1677312334.0	409266.0
36	1.2	1.0	100663296.0	-0.5	0.0	16773138.0	4078.0
36	1.2	2.0	100663296.0	-0.5	0.0	33546330.0	8102.0
36	1.2	3.0	100663272.0	-0.49999988079071045	1.0	50319444.0	12204.0
36	1.2	4.0	100663272.0	-0.49999988079071045	1.0	67092611.0	16253.0
36	1.2	5.0	100663272.0	-0.49999988079071045	1.0	83865683.0	20397.0
36	1.2	6.0	100663272.0	-0.49999988079071045	1.0	100638810.0	24486.0
36	1.2	7.0	100663248.0	-0.4999997615814209	2.0	117411986.0	28526.0
36	1.2	8.0	100663248.0	-0.4999997615814209	2.0	134185057.0	32671.0
36	1.2	9.0	100663248.0	-0.4999997615814209	2.0	150958068.0	36876.0
36	1.2	10.0	100663248.0	-0.4999997615814209	2.0	167731062.0	41098.0
36	1.2	11.0	100663248.0	-0.4999997615814209	2.0	184504193.0	45183.0
36	1.2	12.0	100663248.0	-0.4999997615814209	2.0	201277289.0	49303.0
36	1.2	13.0	100663248.0	-0.4999997615814209	2.0	218050459.0	53349.0
36	1.2	14.0	100663248.0	-0.4999997615814209	2.0	234823550.0	57474.0
36	1.2	15.0	100663248.0	-0.4999997615814209	2.0	251596690.0	61550.0
36	1.2	16.0	100663248.0	-0.4999997615814209	2.0	268369839.0	65617.0
36	1.2	17.0	100663248.0	-0.4999997615814209	2.0	285142979.0	69693.0
36	1.2	18.0	100663248.0	-0.4999997615814209	2.0	301916148.0	73740.0
36	1.2	19.0	100663248.0	-0.4999997615814209	2.0	318689309.0	77795.0
36	1.2	20.0	100663248.0	-0.4999997615814209	2.0	335462459.0	81861.0
36	1.2	21.0	100663248.0	-0.4999997615814209	2.0	352235542.0	85994.0
36	1.2	22.0	100663248.0	-0.4999997615814209	2.0	369008673.0	90079.0
36	1.2	23.0	100663248.0	-0.4999997615814209	2.0	385781841.0	94127.0
36	1.2	24.0	100663248.0	-0.4999997615814209	2.0	402554983.0	98201.0
36	1.2	25.0	100663248.0	-0.4999997615814209	2.0	419328100.0	102300.0
36	1.2	26.0	100663248.0	-0.4999997615814209	2.0	436101206.0	106410.0
36	1.2	27.0	100663248.0	-0.4999997615814209	2.0	452874286.0	110546.0
36	1.2	28.0	100663224.0	-0.49999964237213135	3.0	469647374.0	114674.0
36	1.2	29.0	100663224.0	-0.49999964237213135	3.0	486420505.0	118759.0
36	1.2	30.0	100663200.0	-0.4999995231628418	4.0	503193625.0	122855.0
36	1.2	31.0	100663200.0	-0.4999995231628418	4.0	519966749.0	126947.0
36	1.2	32.0	100663176.0	-0.49999940395355225	5.0	536739865.0	131047.0
36	1.2	33.0	100663176.0	-0.49999940395355225	5.0	553512941.0	135187.0
36	1.2	34.0	100663176.0	-0.49999940395355225	5.0	570285993.0	139351.0
36	1.2	35.0	100663176.0	-0.49999940395355225	5.0	587059055.0	143505.0
36	1.2	36.0	100663176.0	-0.49999940395355225	5.0	603832181.0	147595.0
36	1.2	37.0	100663176.0	-0.49999940395355225	5.0	620605217.0	151775.0
36	1.2	38.0	100663176.0	-0.49999940395355225	5.0	637378394.0	155814.0
36	1.2	39.0	100663176.0	-0.49999940395355225	5.0	654151586.0	159838.0
36	1.2	40.0	100663176.0	-0.49999940395355225	5.0	670924669.0	163971.0
36	1.2	41.0	100663176.0	-0.49999940395355225	5.0	687697766.0	168090.0
36	1.2	42.0	100663176.0	-0.49999940395355225	5.0	704470831.0	172241.0
36	1.2	43.0	100663176.0	-0.49999940395355225	5.0	721243958.0	176330.0
36	1.2	44.0	100663176.0	-0.49999940395355225	5.0	738017032.0	180472.0
36	1.2	45.0	100663176.0	-0.49999940395355225	5.0	754790122.0	184598.0
36	1.2	46.0	100663176.0	-0.49999940395355225	5.0	771563319.0	188617.0
36	1.2	47.0	100663176.0	-0.49999940395355225	5.0	788336476.0	192676.0
36	1.2	48.0	100663176.0	-0.49999940395355225	5.0	805109558.0	196810.0
36	1.2	49.0	100663176.0	-0.49999940395355225	5.0	821882744.0	200840.0
36	1.2	50.0	100663176.0	-0.49999940395355225	5.0	838655856.0	204944.0
36	1.2	51.0	100663176.0	-0.49999940395355225	5.0	855428923.0	209093.0
36	1.2	52.0	100663176.0	-0.49999940395355225	5.0	872202070.0	213162.0
36	1.2	53.0	100663176.0	-0.49999940395355225	5.0	888975355.0	217093.0
36	1.2	54.0	100663176.0	-0.49999940395355225	5.0	905748463.0	221201.0
36	1.2	55.0	100663176.0	-0.49999940395355225	5.0	922521536.0	225344.0
36	1.2	56.0	100663176.0	-0.49999940395355225	5.0	939294677.0	229419.0
36	1.2	57.0	100663176.0	-0.49999940395355225	5.0	956067863.0	233449.0
36	1.2	58.0	100663176.0	-0.49999940395355225	5.0	972840900.0	237628.0
36	1.2	59.0	100663176.0	-0.49999940395355225	5.0	989613991.0	241753.0
36	1.2	60.0	100663176.0	-0.49999940395355225	5.0	1006387194.0	245766.0
36	1.2	61.0	100663176.0	-0.49999940395355225	5.0	1023160290.0	249886.0
36	1.2	62.0	100663176.0	-0.49999940395355225	5.0	1039933424.0	253968.0
36	1.2	63.0	100663176.0	-0.49999940395355225	5.0	1056706476.0	258132.0
36	1.2	64.0	100663176.0	-0.49999940395355225	5.0	1073479528.0	262296.0
36	1.2	65.0	100663176.0	-0.49999940395355225	5.0	1090252527.0	266513.0
36	1.2	66.0	100663176.0	-0.49999940395355225	5.0	1107025585.0	270671.0
36	1.2	67.0	100663176.0	-0.49999940395355225	5.0	1123798689.0	274783.0
36	1.2	68.0	100663176.0	-0.49999940395355225	5.0	1140571756.0	278932.0
36	1.2	69.0	100663176.0	-0.49999940395355225	5.0	1157344969.0	282935.0
36	1.2	70.0	100663176.0	-0.49999940395355225	5.0	1174118063.0	287057.0
36	1.2	71.0	100663176.0	-0.49999940395355225	5.0	1190891099.0	291237.0
36	1.2	72.0	100663176.0	-0.49999940395355225	5.0	1207664138.0	295414.0
36	1.2	73.0	100663176.0	-0.49999940395355225	5.0	1224437253.0	299515.0
36	1.2	74.0	100663176.0	-0.49999940395355225	5.0	1241210231.0	303753.0
36	1.2	75.0	100663176.0	-0.49999940395355225	5.0	1257983349.0	307851.0
36	1.2	76.0	100663176.0	-0.49999940395355225	5.0	1274756341.0	312075.0
36	1.2	77.0	100663176.0	-0.49999940395355225	5.0	1291529439.0	316193.0
36	1.2	78.0	100663176.0	-0.49999940395355225	5.0	1308302533.0	320315.0
36	1.2	79.0	100663176.0	-0.49999940395355225	5.0	1325075722.0	324342.0
36	1.2	80.0	100663176.0	-0.49999940395355225	5.0	1341848815.0	328465.0
36	1.2	81.0	100663176.0	-0.49999940395355225	5.0	1358622019.0	332477.0
36	1.2	82.0	100663176.0	-0.49999940395355225	5.0	1375395136.0	336576.0
36	1.2	83.0	100663176.0	-0.49999940395355225	5.0	1392168328.0	340600.0
36	1.2	84.0	100663176.0	-0.49999940395355225	5.0	1408941489.0	344655.0
36	1.2	85.0	100663152.0	-0.4999992847442627	6.0	1425714616.0	348744.0
36	1.2	86.0	100663152.0	-0.4999992847442627	6.0	1442487817.0	352759.0
36	1.2	87.0	100663152.0	-0.4999992847442627	6.0	1459260903.0	356889.0
36	1.2	88.0	100663152.0	-0.4999992847442627	6.0	1476034038.0	360970.0
36	1.2	89.0	100663152.0	-0.4999992847442627	6.0	1492807198.0	365026.0
36	1.2	90.0	100663152.0	-0.4999992847442627	6.0	1509580337.0	369103.0
36	1.2	91.0	100663152.0	-0.4999992847442627	6.0	1526353406.0	373250.0
36	1.2	92.0	100663152.0	-0.4999992847442627	6.0	1543126478.0	377394.0
36	1.2	93.0	100663152.0	-0.4999992847442627	6.0	1559899681.0	381407.0
36	1.2	94.0	100663152.0	-0.4999992847442627	6.0	1576672814.0	385490.0
36	1.2	95.0	100663152.0	-0.4999992847442627	6.0	1593445937.0	389583.0
36	1.2	96.0	100663152.0	-0.4999992847442627	6.0	1610219111.0	393625.0
36	1.2	97.0	100663152.0	-0.4999992847442627	6.0	1626992274.0	397678.0
36	1.2	98.0	100663152.0	-0.4999992847442627	6.0	1643765384.0	401784.0
36	1.2	99.0	100663152.0	-0.4999992847442627	6.0	1660538452.0	405932.0
36	1.2	100.0	100663152.0	-0.4999992847442627	6.0	1677311569.0	410031.0
37	1.15	1.0	100663296.0	-0.5	0.0	16773184.0	4032.0
37	1.15	2.0	100663296.0	-0.5	0.0	33546369.0	8063.0
37	1.15	3.0	100663296.0	-0.5	0.0	50319533.0	12115.0
37	1.15	4.0	100663296.0	-0.5	0.0	67092694.0	16170.0
37	1.15	5.0	100663296.0	-0.5	0.0	83865787.0	20293.0
37	1.15	6.0	100663296.0	-0.5	0.0	100638833.0	24463.0
37	1.15	7.0	100663272.0	-0.49999988079071045	1.0	117412023.0	28489.0
37	1.15	8.0	100663272.0	-0.49999988079071045	1.0	134185088.0	32640.0
37	1.15	9.0	100663272.0	-0.49999988079071045	1.0	150958220.0	36724.0
37	1.15	10.0	100663272.0	-0.49999988079071045	1.0	167731413.0	40747.0
37	1.15	11.0	100663272.0	-0.49999988079071045	1.0	184504561.0	44815.0
37	1.15	12.0	100663272.0	-0.49999988079071045	1.0	201277678.0	48914.0
37	1.15	13.0	100663272.0	-0.49999988079071045	1.0	218050829.0	52979.0
37	1.15	14.0	100663272.0	-0.49999988079071045	1.0	234823880.0	57144.0
37	1.15	15.0	100663272.0	-0.49999988079071045	1.0	251597033.0	61207.0
37	1.15	16.0	100663272.0	-0.49999988079071045	1.0	268370210.0	65246.0
37	1.15	17.0	100663272.0	-0.49999988079071045	1.0	285143433.0	69239.0
37	1.15	18.0	100663272.0	-0.49999988079071045	1.0	301916577.0	73311.0
37	1.15	19.0	100663272.0	-0.49999988079071045	1.0	318689711.0	77393.0
37	1.15	20.0	100663272.0	-0.49999988079071045	1.0	335462723.0	81597.0
37	1.15	21.0	100663272.0	-0.49999988079071045	1.0	352235729.0	85807.0
37	1.15	22.0	100663272.0	-0.49999988079071045	1.0	369008882.0	89870.0
37	1.15	23.0	100663272.0	-0.49999988079071045	1.0	385781910.0	94058.0
37	1.15	24.0	100663272.0	-0.49999988079071045	1.0	402555048.0	98136.0
37	1.15	25.0	100663272.0	-0.49999988079071045	1.0	419328102.0	102298.0
37	1.15	26.0	100663272.0	-0.49999988079071045	1.0	436101263.0	106353.0
37	1.15	27.0	100663272.0	-0.49999988079071045	1.0	452874444.0	110388.0
37	1.15	28.0	100663272.0	-0.49999988079071045	1.0	469647533.0	114515.0
37	1.15	29.0	100663272.0	-0.49999988079071045	1.0	486420641.0	118623.0
37	1.15	30.0	100663272.0	-0.49999988079071045	1.0	503193823.0	122657.0
37	1.15	31.0	100663272.0	-0.49999988079071045	1.0	519966901.0	126795.0
37	1.15	32.0	100663272.0	-0.49999988079071045	1.0	536740069.0	130843.0
37	1.15	33.0	100663272.0	-0.49999988079071045	1.0	553513242.0	134886.0
37	1.15	34.0	100663272.0	-0.49999988079071045	1.0	570286319.0	139025.0
37	1.15	35.0	100663272.0	-0.49999988079071045	1.0	587059474.0	143086.0
37	1.15	36.0	100663272.0	-0.49999988079071045	1.0	603832514.0	147262.0
37	1.15	37.0	100663272.0	-0.49999988079071045	1.0	620605560.0	151432.0
37	1.15	38.0	100663272.0	-0.49999988079071045	1.0	637378691.0	155517.0
37	1.15	39.0	100663272.0	-0.49999988079071045	1.0	654151790.0	159634.0
37	1.15	40.0	100663272.0	-0.49999988079071045	1.0	670924895.0	163745.0
37	1.15	41.0	100663272.0	-0.49999988079071045	1.0	687698069.0	167787.0
37	1.15	42.0	100663272.0	-0.49999988079071045	1.0	704471072.0	172000.0
37	1.15	43.0	100663272.0	-0.49999988079071045	1.0	721244239.0	176049.0
37	1.15	44.0	100663272.0	-0.49999988079071045	1.0	738017328.0	180176.0
37	1.15	45.0	100663272.0	-0.49999988079071045	1.0	754790311.0	184409.0
37	1.15	46.0	100663272.0	-0.49999988079071045	1.0	771563478.0	188458.0
37	1.15	47.0	100663272.0	-0.49999988079071045	1.0	788336642.0	192510.0
37	1.15	48.0	100663272.0	-0.49999988079071045	1.0	805109738.0	196630.0
37	1.15	49.0	100663272.0	-0.49999988079071045	1.0	821882870.0	200714.0
37	1.15	50.0	100663272.0	-0.49999988079071045	1.0	838656051.0	204749.0
37	1.15	51.0	100663272.0	-0.49999988079071045	1.0	855429125.0	208891.0
37	1.15	52.0	100663272.0	-0.49999988079071045	1.0	872202169.0	213063.0
37	1.15	53.0	100663272.0	-0.49999988079071045	1.0	888975389.0	217059.0
37	1.15	54.0	100663272.0	-0.49999988079071045	1.0	905748460.0	221204.0
37	1.15	55.0	100663272.0	-0.49999988079071045	1.0	922521643.0	225237.0
37	1.15	56.0	100663272.0	-0.49999988079071045	1.0	939294613.0	229483.0
37	1.15	57.0	100663248.0	-0.4999997615814209	2.0	956067800.0	233512.0
37	1.15	58.0	100663248.0	-0.4999997615814209	2.0	972840901.0	237627.0
37	1.15	59.0	100663248.0	-0.4999997615814209	2.0	989613989.0	241755.0
37	1.15	60.0	100663248.0	-0.4999997615814209	2.0	1006387146.0	245814.0
37	1.15	61.0	100663248.0	-0.4999997615814209	2.0	1023160341.0	249835.0
37	1.15	62.0	100663248.0	-0.4999997615814209	2.0	1039933551.0	253841.0
37	1.15	63.0	100663248.0	-0.4999997615814209	2.0	1056706657.0	257951.0
37	1.15	64.0	100663248.0	-0.4999997615814209	2.0	1073479830.0	261994.0
37	1.15	65.0	100663248.0	-0.4999997615814209	2.0	1090252998.0	266042.0
37	1.15	66.0	100663248.0	-0.4999997615814209	2.0	1107026124.0	270132.0
37	1.15	67.0	100663248.0	-0.4999997615814209	2.0	1123799250.0	274222.0
37	1.15	68.0	100663248.0	-0.4999997615814209	2.0	1140572408.0	278280.0
37	1.15	69.0	100663248.0	-0.4999997615814209	2.0	1157345658.0	282246.0
37	1.15	70.0	100663248.0	-0.4999997615814209	2.0	1174118795.0	286325.0
37	1.15	71.0	100663248.0	-0.4999997615814209	2.0	1190891883.0	290453.0
37	1.15	72.0	100663248.0	-0.4999997615814209	2.0	1207665010.0	294542.0
37	1.15	73.0	100663248.0	-0.4999997615814209	2.0	1224438147.0	298621.0
37	1.15	74.0	100663248.0	-0.4999997615814209	2.0	1241211271.0	302713.0
37	1.15	75.0	100663248.0	-0.4999997615814209	2.0	1257984295.0	306905.0
37	1.15	76.0	100663248.0	-0.4999997615814209	2.0	1274757336.0	311080.0
37	1.15	77.0	100663248.0	-0.4999997615814209	2.0	1291530534.0	315098.0
37	1.15	78.0	100663248.0	-0.4999997615814209	2.0	1308303603.0	319245.0
37	1.15	79.0	100663248.0	-0.4999997615814209	2.0	1325076868.0	323196.0
37	1.15	80.0	100663248.0	-0.4999997615814209	2.0	1341850008.0	327272.0
37	1.15	81.0	100663248.0	-0.4999997615814209	2.0	1358623093.0	331403.0
37	1.15	82.0	100663248.0	-0.4999997615814209	2.0	1375396276.0	335436.0
37	1.15	83.0	100663248.0	-0.4999997615814209	2.0	1392169384.0	339544.0
37	1.15	84.0	100663248.0	-0.4999997615814209	2.0	1408942550.0	343594.0
37	1.15	85.0	100663248.0	-0.4999997615814209	2.0	1425715567.0	347793.0
37	1.15	86.0	100663248.0	-0.4999997615814209	2.0	1442488765.0	351811.0
37	1.15	87.0	100663248.0	-0.4999997615814209	2.0	1459261940.0	355852.0
37	1.15	88.0	100663248.0	-0.4999997615814209	2.0	1476034970.0	360038.0
37	1.15	89.0	100663248.0	-0.4999997615814209	2.0	1492808156.0	364068.0
37	1.15	90.0	100663248.0	-0.4999997615814209	2.0	1509581305.0	368135.0
37	1.15	91.0	100663248.0	-0.4999997615814209	2.0	1526354423.0	372233.0
37	1.15	92.0	100663248.0	-0.4999997615814209	2.0	1543127544.0	376328.0
37	1.15	93.0	100663248.0	-0.4999997615814209	2.0	1559900588.0	380500.0
37	1.15	94.0	100663248.0	-0.4999997615814209	2.0	1576673682.0	384622.0
37	1.15	95.0	100663248.0	-0.4999997615814209	2.0	1593446806.0	388714.0
37	1.15	96.0	100663248.0	-0.4999997615814209	2.0	1610219940.0	392796.0
37	1.15	97.0	100663248.0	-0.4999997615814209	2.0	1626993054.0	396898.0
37	1.15	98.0	100663248.0	-0.4999997615814209	2.0	1643766267.0	400901.0
37	1.15	99.0	100663224.0	-0.49999964237213135	3.0	1660539300.0	405084.0
37	1.15	100.0	100663224.0	-0.49999964237213135	3.0	1677312488.0	409112.0
38	1.1	1.0	100663296.0	-0.5	0.0	16773069.0	4147.0
38	1.1	2.0	100663296.0	-0.5	0.0	33546286.0	8146.0
38	1.1	3.0	100663296.0	-0.5	0.0	50319404.0	12244.0
38	1.1	4.0	100663296.0	-0.5	0.0	67092548.0	16316.0
38	1.1	5.0	100663296.0	-0.5	0.0	83865665.0	20415.0
38	1.1	6.0	100663296.0	-0.5	0.0	100638744.0	24552.0
38	1.1	7.0	100663296.0	-0.5	0.0	117411794.0	28718.0
38	1.1	8.0	100663296.0	-0.5	0.0	134184948.0	32780.0
38	1.1	9.0	100663296.0	-0.5	0.0	150958095.0	36849.0
38	1.1	10.0	100663296.0	-0.5	0.0	167731104.0	41056.0
38	1.1	11.0	100663296.0	-0.5	0.0	184504327.0	45049.0
38	1.1	12.0	100663296.0	-0.5	0.0	201277443.0	49149.0
38	1.1	13.0	100663296.0	-0.5	0.0	218050513.0	53295.0
38	1.1	14.0	100663296.0	-0.5	0.0	234823633.0	57391.0
38	1.1	15.0	100663296.0	-0.5	0.0	251596815.0	61425.0
38	1.1	16.0	100663296.0	-0.5	0.0	268369937.0	65519.0
38	1.1	17.0	100663296.0	-0.5	0.0	285142969.0	69703.0
38	1.1	18.0	100663296.0	-0.5	0.0	301916138.0	73750.0
38	1.1	19.0	100663296.0	-0.5	0.0	318689263.0	77841.0
38	1.1	20.0	100663296.0	-0.5	0.0	335462356.0	81964.0
38	1.1	21.0	100663296.0	-0.5	0.0	352235485.0	86051.0
38	1.1	22.0	100663296.0	-0.5	0.0	369008664.0	90088.0
38	1.1	23.0	100663296.0	-0.5	0.0	385781880.0	94088.0
38	1.1	24.0	100663296.0	-0.5	0.0	402555033.0	98151.0
38	1.1	25.0	100663296.0	-0.5	0.0	419328033.0	102367.0
38	1.1	26.0	100663296.0	-0.5	0.0	436101126.0	106490.0
38	1.1	27.0	100663296.0	-0.5	0.0	452874194.0	110638.0
38	1.1	28.0	100663296.0	-0.5	0.0	469647274.0	114774.0
38	1.1	29.0	100663296.0	-0.5	0.0	486420306.0	118958.0
38	1.1	30.0	100663296.0	-0.5	0.0	503193508.0	122972.0
38	1.1	31.0	100663296.0	-0.5	0.0	519966644.0	127052.0
38	1.1	32.0	100663296.0	-0.5	0.0	536739808.0	131104.0
38	1.1	33.0	100663296.0	-0.5	0.0	553512965.0	135163.0
38	1.1	34.0	100663296.0	-0.5	0.0	570286018.0	139326.0
38	1.1	35.0	100663296.0	-0.5	0.0	587059165.0	143395.0
38	1.1	36.0	100663296.0	-0.5	0.0	603832283.0	147493.0
38	1.1	37.0	100663296.0	-0.5	0.0	620605433.0	151559.0
38	1.1	38.0	100663296.0	-0.5	0.0	637378529.0	155679.0
38	1.1	39.0	100663296.0	-0.5	0.0	654151596.0	159828.0
38	1.1	40.0	100663296.0	-0.5	0.0	670924740.0	163900.0
38	1.1	41.0	100663296.0	-0.5	0.0	687697949.0	167907.0
38	1.1	42.0	100663296.0	-0.5	0.0	704471090.0	171982.0
38	1.1	43.0	100663296.0	-0.5	0.0	721244206.0	176082.0
38	1.1	44.0	100663296.0	-0.5	0.0	738017352.0	180152.0
38	1.1	45.0	100663296.0	-0.5	0.0	754790692.0	184028.0
38	1.1	46.0	100663296.0	-0.5	0.0	771563859.0	188077.0
38	1.1	47.0	100663296.0	-0.5	0.0	788336965.0	192187.0
38	1.1	48.0	100663296.0	-0.5	0.0	805110160.0	196208.0
38	1.1	49.0	100663296.0	-0.5	0.0	821883407.0	200177.0
38	1.1	50.0	100663296.0	-0.5	0.0	838656456.0	204344.0
38	1.1	51.0	100663296.0	-0.5	0.0	855429581.0	208435.0
38	1.1	52.0	100663296.0	-0.5	0.0	872202681.0	212551.0
38	1.1	53.0	100663296.0	-0.5	0.0	888975806.0	216642.0
38	1.1	54.0	100663296.0	-0.5	0.0	905748852.0	220812.0
38	1.1	55.0	100663296.0	-0.5	0.0	922522026.0	224854.0
38	1.1	56.0	100663296.0	-0.5	0.0	939295101.0	228995.0
38	1.1	57.0	100663296.0	-0.5	0.0	956068246.0	233066.0
38	1.1	58.0	100663296.0	-0.5	0.0	972841386.0	237142.0
38	1.1	59.0	100663296.0	-0.5	0.0	989614515.0	241229.0
38	1.1	60.0	100663296.0	-0.5	0.0	1006387647.0	245313.0
38	1.1	61.0	100663296.0	-0.5	0.0	1023160736.0	249440.0
38	1.1	62.0	100663296.0	-0.5	0.0	1039933828.0	253564.0
38	1.1	63.0	100663296.0	-0.5	0.0	1056706933.0	257675.0
38	1.1	64.0	100663296.0	-0.5	0.0	1073480082.0	261742.0
38	1.1	65.0	100663296.0	-0.5	0.0	1090253263.0	265777.0
38	1.1	66.0	100663296.0	-0.5	0.0	1107026388.0	269868.0
38	1.1	67.0	100663296.0	-0.5	0.0	1123799508.0	273964.0
38	1.1	68.0	100663296.0	-0.5	0.0	1140572644.0	278044.0
38	1.1	69.0	100663296.0	-0.5	0.0	1157345805.0	282099.0
38	1.1	70.0	100663296.0	-0.5	0.0	1174118923.0	286197.0
38	1.1	71.0	100663296.0	-0.5	0.0	1190892046.0	290290.0
38	1.1	72.0	100663296.0	-0.5	0.0	1207665198.0	294354.0
38	1.1	73.0	100663296.0	-0.5	0.0	1224438393.0	298375.0
38	1.1	74.0	100663296.0	-0.5	0.0	1241211522.0	302462.0
38	1.1	75.0	100663296.0	-0.5	0.0	1257984663.0	306537.0
38	1.1	76.0	100663296.0	-0.5	0.0	1274757753.0	310663.0
38	1.1	77.0	100663296.0	-0.5	0.0	1291530808.0	314824.0
38	1.1	78.0	100663296.0	-0.5	0.0	1308303863.0	318985.0
38	1.1	79.0	100663296.0	-0.5	0.0	1325076922.0	323142.0
38	1.1	80.0	100663296.0	-0.5	0.0	1341850049.0	327231.0
38	1.1	81.0	100663296.0	-0.5	0.0	1358623116.0	331380.0
38	1.1	82.0	100663296.0	-0.5	0.0	1375396226.0	335486.0
38	1.1	83.0	100663296.0	-0.5	0.0	1392169397.0	339531.0
38	1.1	84.0	100663296.0	-0.5	0.0	1408942585.0	343559.0
38	1.1	85.0	100663296.0	-0.5	0.0	1425715655.0	347705.0
38	1.1	86.0	100663296.0	-0.5	0.0	1442488755.0	351821.0
38	1.1	87.0	100663296.0	-0.5	0.0	1459261774.0	356018.0
38	1.1	88.0	100663296.0	-0.5	0.0	1476034928.0	360080.0
38	1.1	89.0	100663296.0	-0.5	0.0	1492808028.0	364196.0
38	1.1	90.0	100663296.0	-0.5	0.0	1509581063.0	368377.0
38	1.1	91.0	100663296.0	-0.5	0.0	1526354239.0	372417.0
38	1.1	92.0	100663296.0	-0.5	0.0	1543127338.0	376534.0
38	1.1	93.0	100663296.0	-0.5	0.0	1559900469.0	380619.0
38	1.1	94.0	100663296.0	-0.5	0.0	1576673572.0	384732.0
38	1.1	95.0	100663296.0	-0.5	0.0	1593446737.0	388783.0
38	1.1	96.0	100663296.0	-0.5	0.0	1610219847.0	392889.0
38	1.1	97.0	100663296.0	-0.5	0.0	1626992960.0	396992.0
38	1.1	98.0	100663296.0	-0.5	0.0	1643766234.0	400934.0
38	1.1	99.0	100663296.0	-0.5	0.0	1660539414.0	404970.0
38	1.1	100.0	100663296.0	-0.5	0.0	1677312511.0	409089.0
39	1.05	1.0	100663296.0	-0.5	0.0	16773003.0	4213.0
39	1.05	2.0	100663296.0	-0.5	0.0	33546113.0	8319.0
39	1.05	3.0	100663296.0	-0.5	0.0	50319215.0	12433.0
39	1.05	4.0	100663296.0	-0.5	0.0	67092309.0	16555.0
39	1.05	5.0	100663296.0	-0.5	0.0	83865541.0	20539.0
39	1.05	6.0	100663296.0	-0.5	0.0	100638666.0	24630.0
39	1.05	7.0	100663296.0	-0.5	0.0	117411779.0	28733.0
39	1.05	8.0	100663296.0	-0.5	0.0	134184878.0	32850.0
39	1.05	9.0	100663296.0	-0.5	0.0	150957971.0	36973.0
39	1.05	10.0	100663296.0	-0.5	0.0	167731014.0	41146.0
39	1.05	11.0	100663296.0	-0.5	0.0	184504119.0	45257.0
39	1.05	12.0	100663296.0	-0.5	0.0	201277126.0	49466.0
39	1.05	13.0	100663296.0	-0.5	0.0	218050291.0	53517.0
39	1.05	14.0	100663296.0	-0.5	0.0	234823459.0	57565.0
39	1.05	15.0	100663296.0	-0.5	0.0	251596503.0	61737.0
39	1.05	16.0	100663296.0	-0.5	0.0	268369607.0	65849.0
39	1.05	17.0	100663296.0	-0.5	0.0	285142714.0	69958.0
39	1.05	18.0	100663296.0	-0.5	0.0	301915847.0	74041.0
39	1.05	19.0	100663296.0	-0.5	0.0	318689000.0	78104.0
39	1.05	20.0	100663296.0	-0.5	0.0	335462065.0	82255.0
39	1.05	21.0	100663296.0	-0.5	0.0	352235300.0	86236.0
39	1.05	22.0	100663296.0	-0.5	0.0	369008318.0	90434.0
39	1.05	23.0	100663296.0	-0.5	0.0	385781416.0	94552.0
39	1.05	24.0	100663296.0	-0.5	0.0	402554509.0	98675.0
39	1.05	25.0	100663296.0	-0.5	0.0	419327595.0	102805.0
39	1.05	26.0	100663296.0	-0.5	0.0	436100706.0	106910.0
39	1.05	27.0	100663296.0	-0.5	0.0	452873749.0	111083.0
39	1.05	28.0	100663296.0	-0.5	0.0	469646890.0	115158.0
39	1.05	29.0	100663296.0	-0.5	0.0	486420068.0	119196.0
39	1.05	30.0	100663296.0	-0.5	0.0	503193217.0	123263.0
39	1.05	31.0	100663296.0	-0.5	0.0	519966287.0	127409.0
39	1.05	32.0	100663296.0	-0.5	0.0	536739272.0	131640.0
39	1.05	33.0	100663296.0	-0.5	0.0	553512450.0	135678.0
39	1.05	34.0	100663296.0	-0.5	0.0	570285590.0	139754.0
39	1.05	35.0	100663296.0	-0.5	0.0	587058623.0	143937.0
39	1.05	36.0	100663296.0	-0.5	0.0	603831684.0	148092.0
39	1.05	37.0	100663296.0	-0.5	0.0	620604740.0	152252.0
39	1.05	38.0	100663296.0	-0.5	0.0	637377862.0	156346.0
39	1.05	39.0	100663296.0	-0.5	0.0	654150919.0	160505.0
39	1.05	40.0	100663296.0	-0.5	0.0	670923989.0	164651.0
39	1.05	41.0	100663296.0	-0.5	0.0	687697117.0	168739.0
39	1.05	42.0	100663296.0	-0.5	0.0	704470338.0	172734.0
39	1.05	43.0	100663296.0	-0.5	0.0	721243499.0	176789.0
39	1.05	44.0	100663296.0	-0.5	0.0	738016611.0	180893.0
39	1.05	45.0	100663296.0	-0.5	0.0	754789751.0	184969.0
39	1.05	46.0	100663296.0	-0.5	0.0	771562913.0	189023.0
39	1.05	47.0	100663296.0	-0.5	0.0	788335982.0	193170.0
39	1.05	48.0	100663296.0	-0.5	0.0	805109072.0	197296.0
39	1.05	49.0	100663296.0	-0.5	0.0	821882125.0	201459.0
39	1.05	50.0	100663296.0	-0.5	0.0	838655216.0	205584.0
39	1.05	51.0	100663296.0	-0.5	0.0	855428311.0	209705.0
39	1.05	52.0	100663296.0	-0.5	0.0	872201457.0	213775.0
39	1.05	53.0	100663296.0	-0.5	0.0	888974571.0	217877.0
39	1.05	54.0	100663296.0	-0.5	0.0	905747700.0	221964.0
39	1.05	55.0	100663296.0	-0.5	0.0	922520892.0	225988.0
39	1.05	56.0	100663296.0	-0.5	0.0	939293986.0	230110.0
39	1.05	57.0	100663296.0	-0.5	0.0	956067077.0	234235.0
39	1.05	58.0	100663296.0	-0.5	0.0	972840307.0	238221.0
39	1.05	59.0	100663296.0	-0.5	0.0	989613423.0	242321.0
39	1.05	60.0	100663296.0	-0.5	0.0	1006386429.0	246531.0
39	1.05	61.0	100663296.0	-0.5	0.0	1023159493.0	250683.0
39	1.05	62.0	100663296.0	-0.5	0.0	1039932689.0	254703.0
39	1.05	63.0	100663296.0	-0.5	0.0	1056705774.0	258834.0
39	1.05	64.0	100663296.0	-0.5	0.0	1073479014.0	262810.0
39	1.05	65.0	100663296.0	-0.5	0.0	1090252200.0	266840.0
39	1.05	66.0	100663296.0	-0.5	0.0	1107025446.0	270810.0
39	1.05	67.0	100663296.0	-0.5	0.0	1123798520.0	274952.0
39	1.05	68.0	100663296.0	-0.5	0.0	1140571786.0	278902.0
39	1.05	69.0	100663296.0	-0.5	0.0	1157344951.0	282953.0
39	1.05	70.0	100663296.0	-0.5	0.0	1174118047.0	287073.0
39	1.05	71.0	100663296.0	-0.5	0.0	1190891195.0	291141.0
39	1.05	72.0	100663296.0	-0.5	0.0	1207664347.0	295205.0
39	1.05	73.0	100663296.0	-0.5	0.0	1224437490.0	299278.0
39	1.05	74.0	100663296.0	-0.5	0.0	1241210674.0	303310.0
39	1.05	75.0	100663296.0	-0.5	0.0	1257983815.0	307385.0
39	1.05	76.0	100663296.0	-0.5	0.0	1274756962.0	311454.0
39	1.05	77.0	100663296.0	-0.5	0.0	1291530170.0	315462.0
39	1.05	78.0	100663296.0	-0.5	0.0	1308303331.0	319517.0
39	1.05	79.0	100663296.0	-0.5	0.0	1325076482.0	323582.0
39	1.05	80.0	100663296.0	-0.5	0.0	1341849609.0	327671.0
39	1.05	81.0	100663296.0	-0.5	0.0	1358622825.0	331671.0
39	1.05	82.0	100663296.0	-0.5	0.0	1375395986.0	335726.0
39	1.05	83.0	100663296.0	-0.5	0.0	1392169223.0	339705.0
39	1.05	84.0	100663296.0	-0.5	0.0	1408942459.0	343685.0
39	1.05	85.0	100663296.0	-0.5	0.0	1425715519.0	347841.0
39	1.05	86.0	100663296.0	-0.5	0.0	1442488569.0	352007.0
39	1.05	87.0	100663296.0	-0.5	0.0	1459261758.0	356034.0
39	1.05	88.0	100663296.0	-0.5	0.0	1476034882.0	360126.0
39	1.05	89.0	100663296.0	-0.5	0.0	1492807983.0	364241.0
39	1.05	90.0	100663296.0	-0.5	0.0	1509581060.0	368380.0
39	1.05	91.0	100663296.0	-0.5	0.0	1526354252.0	372404.0
39	1.05	92.0	100663296.0	-0.5	0.0	1543127461.0	376411.0
39	1.05	93.0	100663296.0	-0.5	0.0	1559900575.0	380513.0
39	1.05	94.0	100663296.0	-0.5	0.0	1576673697.0	384607.0
39	1.05	95.0	100663296.0	-0.5	0.0	1593446811.0	388709.0
39	1.05	96.0	100663296.0	-0.5	0.0	1610220000.0	392736.0
39	1.05	97.0	100663296.0	-0.5	0.0	1626993033.0	396919.0
39	1.05	98.0	100663296.0	-0.5	0.0	1643766176.0	400992.0
39	1.05	99.0	100663296.0	-0.5	0.0	1660539420.0	404964.0
39	1.05	100.0	100663296.0	-0.5	0.0	1677312537.0	409063.0
40	1.0	1.0	100663296.0	-0.5	0.0	16773146.0	4070.0
40	1.0	2.0	100663296.0	-0.5	0.0	33546264.0	8168.0
40	1.0	3.0	100663296.0	-0.5	0.0	50319375.0	12273.0
40	1.0	4.0	100663296.0	-0.5	0.0	67092516.0	16348.0
40	1.0	5.0	100663296.0	-0.5	0.0	83865645.0	20435.0
40	1.0	6.0	100663296.0	-0.5	0.0	100638792.0	24504.0
40	1.0	7.0	100663296.0	-0.5	0.0	117411898.0	28614.0
40	1.0	8.0	100663296.0	-0.5	0.0	134184989.0	32739.0
40	1.0	9.0	100663296.0	-0.5	0.0	150958118.0	36826.0
40	1.0	10.0	100663296.0	-0.5	0.0	167731248.0	40912.0
40	1.0	11.0	100663296.0	-0.5	0.0	184504360.0	45016.0
40	1.0	12.0	100663296.0	-0.5	0.0	201277495.0	49097.0
40	1.0	13.0	100663296.0	-0.5	0.0	218050659.0	53149.0
40	1.0	14.0	100663296.0	-0.5	0.0	234823823.0	57201.0
40	1.0	15.0	100663296.0	-0.5	0.0	251596884.0	61356.0
40	1.0	16.0	100663296.0	-0.5	0.0	268370036.0	65420.0
40	1.0	17.0	100663296.0	-0.5	0.0	285143133.0	69539.0
40	1.0	18.0	100663296.0	-0.5	0.0	301916243.0	73645.0
40	1.0	19.0	100663296.0	-0.5	0.0	318689534.0	77570.0
40	1.0	20.0	100663296.0	-0.5	0.0	335462633.0	81687.0
40	1.0	21.0	100663296.0	-0.5	0.0	352235731.0	85805.0
40	1.0	22.0	100663296.0	-0.5	0.0	369008953.0	89799.0
40	1.0	23.0	100663296.0	-0.5	0.0	385781951.0	94017.0
40	1.0	24.0	100663296.0	-0.5	0.0	402555053.0	98131.0
40	1.0	25.0	100663296.0	-0.5	0.0	419328271.0	102129.0
40	1.0	26.0	100663296.0	-0.5	0.0	436101392.0	106224.0
40	1.0	27.0	100663296.0	-0.5	0.0	452874427.0	110405.0
40	1.0	28.0	100663296.0	-0.5	0.0	469647577.0	114471.0
40	1.0	29.0	100663296.0	-0.5	0.0	486420631.0	118633.0
40	1.0	30.0	100663296.0	-0.5	0.0	503193764.0	122716.0
40	1.0	31.0	100663296.0	-0.5	0.0	519966881.0	126815.0
40	1.0	32.0	100663296.0	-0.5	0.0	536740076.0	130836.0
40	1.0	33.0	100663296.0	-0.5	0.0	553513350.0	134778.0
40	1.0	34.0	100663296.0	-0.5	0.0	570286429.0	138915.0
40	1.0	35.0	100663296.0	-0.5	0.0	587059551.0	143009.0
40	1.0	36.0	100663296.0	-0.5	0.0	603832605.0	147171.0
40	1.0	37.0	100663296.0	-0.5	0.0	620605603.0	151389.0
40	1.0	38.0	100663296.0	-0.5	0.0	637378772.0	155436.0
40	1.0	39.0	100663296.0	-0.5	0.0	654151806.0	159618.0
40	1.0	40.0	100663296.0	-0.5	0.0	670925018.0	163622.0
40	1.0	41.0	100663296.0	-0.5	0.0	687698082.0	167774.0
40	1.0	42.0	100663296.0	-0.5	0.0	704471225.0	171847.0
40	1.0	43.0	100663296.0	-0.5	0.0	721244242.0	176046.0
40	1.0	44.0	100663296.0	-0.5	0.0	738017379.0	180125.0
40	1.0	45.0	100663296.0	-0.5	0.0	754790381.0	184339.0
40	1.0	46.0	100663296.0	-0.5	0.0	771563481.0	188455.0
40	1.0	47.0	100663296.0	-0.5	0.0	788336612.0	192540.0
40	1.0	48.0	100663296.0	-0.5	0.0	805109754.0	196614.0
40	1.0	49.0	100663296.0	-0.5	0.0	821882804.0	200780.0
40	1.0	50.0	100663296.0	-0.5	0.0	838655896.0	204904.0
40	1.0	51.0	100663296.0	-0.5	0.0	855429108.0	208908.0
40	1.0	52.0	100663296.0	-0.5	0.0	872202204.0	213028.0
40	1.0	53.0	100663296.0	-0.5	0.0	888975319.0	217129.0
40	1.0	54.0	100663296.0	-0.5	0.0	905748442.0	221222.0
40	1.0	55.0	100663296.0	-0.5	0.0	922521511.0	225369.0
40	1.0	56.0	100663296.0	-0.5	0.0	939294645.0	229451.0
40	1.0	57.0	100663296.0	-0.5	0.0	956067705.0	233607.0
40	1.0	58.0	100663296.0	-0.5	0.0	972840775.0	237753.0
40	1.0	59.0	100663296.0	-0.5	0.0	989613820.0	241924.0
40	1.0	60.0	100663296.0	-0.5	0.0	1006386947.0	246013.0
40	1.0	61.0	100663296.0	-0.5	0.0	1023160015.0	250161.0
40	1.0	62.0	100663296.0	-0.5	0.0	1039933174.0	254218.0
40	1.0	63.0	100663296.0	-0.5	0.0	1056706194.0	258414.0
40	1.0	64.0	100663296.0	-0.5	0.0	1073479403.0	262421.0
40	1.0	65.0	100663296.0	-0.5	0.0	1090252633.0	266407.0
40	1.0	66.0	100663296.0	-0.5	0.0	1107025841.0	270415.0
40	1.0	67.0	100663296.0	-0.5	0.0	1123798960.0	274512.0
40	1.0	68.0	100663296.0	-0.5	0.0	1140572185.0	278503.0
40	1.0	69.0	100663296.0	-0.5	0.0	1157345325.0	282579.0
40	1.0	70.0	100663296.0	-0.5	0.0	1174118480.0	286640.0
40	1.0	71.0	100663296.0	-0.5	0.0	1190891578.0	290758.0
40	1.0	72.0	100663296.0	-0.5	0.0	1207664776.0	294776.0
40	1.0	73.0	100663296.0	-0.5	0.0	1224437963.0	298805.0
40	1.0	74.0	100663296.0	-0.5	0.0	1241211029.0	302955.0
40	1.0	75.0	100663296.0	-0.5	0.0	1257984117.0	307083.0
40	1.0	76.0	100663296.0	-0.5	0.0	1274757245.0	311171.0
40	1.0	77.0	100663296.0	-0.5	0.0	1291530406.0	315226.0
40	1.0	78.0	100663296.0	-0.5	0.0	1308303547.0	319301.0
40	1.0	79.0	100663296.0	-0.5	0.0	1325076668.0	323396.0
40	1.0	80.0	100663296.0	-0.5	0.0	1341849754.0	327526.0
40	1.0	81.0	100663296.0	-0.5	0.0	1358623039.0	331457.0
40	1.0	82.0	100663296.0	-0.5	0.0	1375396179.0	335533.0
40	1.0	83.0	100663296.0	-0.5	0.0	1392169232.0	339696.0
40	1.0	84.0	100663296.0	-0.5	0.0	1408942346.0	343798.0
40	1.0	85.0	100663296.0	-0.5	0.0	1425715504.0	347856.0
40	1.0	86.0	100663296.0	-0.5	0.0	1442488628.0	351948.0
40	1.0	87.0	100663296.0	-0.5	0.0	1459261765.0	356027.0
40	1.0	88.0	100663296.0	-0.5	0.0	1476034881.0	360127.0
40	1.0	89.0	100663296.0	-0.5	0.0	1492807984.0	364240.0
40	1.0	90.0	100663296.0	-0.5	0.0	1509581121.0	368319.0
40	1.0	91.0	100663296.0	-0.5	0.0	1526354251.0	372405.0
40	1.0	92.0	100663296.0	-0.5	0.0	1543127406.0	376466.0
40	1.0	93.0	100663296.0	-0.5	0.0	1559900565.0	380523.0
40	1.0	94.0	100663296.0	-0.5	0.0	1576673609.0	384695.0
40	1.0	95.0	100663296.0	-0.5	0.0	1593446762.0	388758.0
40	1.0	96.0	100663296.0	-0.5	0.0	1610219878.0	392858.0
40	1.0	97.0	100663296.0	-0.5	0.0	1626993064.0	396888.0
40	1.0	98.0	100663296.0	-0.5	0.0	1643766261.0	400907.0
40	1.0	99.0	100663296.0	-0.5	0.0	1660539394.0	404990.0
40	1.0	100.0	100663296.0	-0.5	0.0	1677312600.0	409000.0
41	0.95	1.0	100663296.0	-0.5	0.0	16773119.0	4097.0
41	0.95	2.0	100663296.0	-0.5	0.0	33546210.0	8222.0
41	0.95	3.0	100663296.0	-0.5	0.0	50319303.0	12345.0
41	0.95	4.0	100663296.0	-0.5	0.0	67092424.0	16440.0
41	0.95	5.0	100663296.0	-0.5	0.0	83865587.0	20493.0
41	0.95	6.0	100663296.0	-0.5	0.0	100638566.0	24730.0
41	0.95	7.0	100663296.0	-0.5	0.0	117411752.0	28760.0
41	0.95	8.0	100663296.0	-0.5	0.0	134184956.0	32772.0
41	0.95	9.0	100663296.0	-0.5	0.0	150958119.0	36825.0
41	0.95	10.0	100663296.0	-0.5	0.0	167731164.0	40996.0
41	0.95	11.0	100663296.0	-0.5	0.0	184504281.0	45095.0
41	0.95	12.0	100663296.0	-0.5	0.0	201277396.0	49196.0
41	0.95	13.0	100663296.0	-0.5	0.0	218050584.0	53224.0
41	0.95	14.0	100663296.0	-0.5	0.0	234823765.0	57259.0
41	0.95	15.0	100663296.0	-0.5	0.0	251596964.0	61276.0
41	0.95	16.0	100663296.0	-0.5	0.0	268370153.0	65303.0
41	0.95	17.0	100663296.0	-0.5	0.0	285143320.0	69352.0
41	0.95	18.0	100663296.0	-0.5	0.0	301916488.0	73400.0
41	0.95	19.0	100663296.0	-0.5	0.0	318689590.0	77514.0
41	0.95	20.0	100663296.0	-0.5	0.0	335462615.0	81705.0
41	0.95	21.0	100663296.0	-0.5	0.0	352235736.0	85800.0
41	0.95	22.0	100663296.0	-0.5	0.0	369008894.0	89858.0
41	0.95	23.0	100663296.0	-0.5	0.0	385782084.0	93884.0
41	0.95	24.0	100663296.0	-0.5	0.0	402555163.0	98021.0
41	0.95	25.0	100663296.0	-0.5	0.0	419328224.0	102176.0
41	0.95	26.0	100663296.0	-0.5	0.0	436101246.0	106370.0
41	0.95	27.0	100663296.0	-0.5	0.0	452874509.0	110323.0
41	0.95	28.0	100663296.0	-0.5	0.0	469647657.0	114391.0
41	0.95	29.0	100663296.0	-0.5	0.0	486420728.0	118536.0
41	0.95	30.0	100663296.0	-0.5	0.0	503193904.0	122576.0
41	0.95	31.0	100663296.0	-0.5	0.0	519967035.0	126661.0
41	0.95	32.0	100663296.0	-0.5	0.0	536740156.0	130756.0
41	0.95	33.0	100663296.0	-0.5	0.0	553513280.0	134848.0
41	0.95	34.0	100663296.0	-0.5	0.0	570286353.0	138991.0
41	0.95	35.0	100663296.0	-0.5	0.0	587059389.0	143171.0
41	0.95	36.0	100663296.0	-0.5	0.0	603832415.0	147361.0
41	0.95	37.0	100663296.0	-0.5	0.0	620605429.0	151563.0
41	0.95	38.0	100663296.0	-0.5	0.0	637378646.0	155562.0
41	0.95	39.0	100663296.0	-0.5	0.0	654151774.0	159650.0
41	0.95	40.0	100663296.0	-0.5	0.0	670924806.0	163834.0
41	0.95	41.0	100663296.0	-0.5	0.0	687697943.0	167913.0
41	0.95	42.0	100663296.0	-0.5	0.0	704471021.0	172051.0
41	0.95	43.0	100663296.0	-0.5	0.0	721244062.0	176226.0
41	0.95	44.0	100663296.0	-0.5	0.0	738017204.0	180300.0
41	0.95	45.0	100663296.0	-0.5	0.0	754790475.0	184245.0
41	0.95	46.0	100663296.0	-0.5	0.0	771563745.0	188191.0
41	0.95	47.0	100663296.0	-0.5	0.0	788336877.0	192275.0
41	0.95	48.0	100663296.0	-0.5	0.0	805110011.0	196357.0
41	0.95	49.0	100663296.0	-0.5	0.0	821883111.0	200473.0
41	0.95	50.0	100663296.0	-0.5	0.0	838656200.0	204600.0
41	0.95	51.0	100663296.0	-0.5	0.0	855429366.0	208650.0
41	0.95	52.0	100663296.0	-0.5	0.0	872202455.0	212777.0
41	0.95	53.0	100663296.0	-0.5	0.0	888975543.0	216905.0
41	0.95	54.0	100663296.0	-0.5	0.0	905748724.0	220940.0
41	0.95	55.0	100663296.0	-0.5	0.0	922521844.0	225036.0
41	0.95	56.0	100663296.0	-0.5	0.0	939295016.0	229080.0
41	0.95	57.0	100663296.0	-0.5	0.0	956068048.0	233264.0
41	0.95	58.0	100663296.0	-0.5	0.0	972841147.0	237381.0
41	0.95	59.0	100663296.0	-0.5	0.0	989614312.0	241432.0
41	0.95	60.0	100663296.0	-0.5	0.0	1006387433.0	245527.0
41	0.95	61.0	100663296.0	-0.5	0.0	1023160525.0	249651.0
41	0.95	62.0	100663296.0	-0.5	0.0	1039933627.0	253765.0
41	0.95	63.0	100663296.0	-0.5	0.0	1056706639.0	257969.0
41	0.95	64.0	100663296.0	-0.5	0.0	1073479662.0	262162.0
41	0.95	65.0	100663296.0	-0.5	0.0	1090252809.0	266231.0
41	0.95	66.0	100663296.0	-0.5	0.0	1107025985.0	270271.0
41	0.95	67.0	100663296.0	-0.5	0.0	1123799197.0	274275.0
41	0.95	68.0	100663296.0	-0.5	0.0	1140572248.0	278440.0
41	0.95	69.0	100663296.0	-0.5	0.0	1157345434.0	282470.0
41	0.95	70.0	100663296.0	-0.5	0.0	1174118567.0	286553.0
41	0.95	71.0	100663296.0	-0.5	0.0	1190891723.0	290613.0
41	0.95	72.0	100663296.0	-0.5	0.0	1207664874.0	294678.0
41	0.95	73.0	100663296.0	-0.5	0.0	1224437975.0	298793.0
41	0.95	74.0	100663296.0	-0.5	0.0	1241211105.0	302879.0
41	0.95	75.0	100663296.0	-0.5	0.0	1257984180.0	307020.0
41	0.95	76.0	100663296.0	-0.5	0.0	1274757397.0	311019.0
41	0.95	77.0	100663296.0	-0.5	0.0	1291530522.0	315110.0
41	0.95	78.0	100663296.0	-0.5	0.0	1308303522.0	319326.0
41	0.95	79.0	100663296.0	-0.5	0.0	1325076607.0	323457.0
41	0.95	80.0	100663296.0	-0.5	0.0	1341849812.0	327468.0
41	0.95	81.0	100663296.0	-0.5	0.0	1358623012.0	331484.0
41	0.95	82.0	100663296.0	-0.5	0.0	1375396167.0	335545.0
41	0.95	83.0	100663296.0	-0.5	0.0	1392169285.0	339643.0
41	0.95	84.0	100663296.0	-0.5	0.0	1408942418.0	343726.0
41	0.95	85.0	100663296.0	-0.5	0.0	1425715507.0	347853.0
41	0.95	86.0	100663296.0	-0.5	0.0	1442488752.0	351824.0
41	0.95	87.0	100663296.0	-0.5	0.0	1459261885.0	355907.0
41	0.95	88.0	100663296.0	-0.5	0.0	1476035014.0	359994.0
41	0.95	89.0	100663296.0	-0.5	0.0	1492808034.0	364190.0
41	0.95	90.0	100663296.0	-0.5	0.0	1509581085.0	368355.0
41	0.95	91.0	100663296.0	-0.5	0.0	1526354186.0	372470.0
41	0.95	92.0	100663296.0	-0.5	0.0	1543127272.0	376600.0
41	0.95	93.0	100663296.0	-0.5	0.0	1559900376.0	380712.0
41	0.95	94.0	100663296.0	-0.5	0.0	1576673607.0	384697.0
41	0.95	95.0	100663296.0	-0.5	0.0	1593446706.0	388814.0
41	0.95	96.0	100663296.0	-0.5	0.0	1610219843.0	392893.0
41	0.95	97.0	100663296.0	-0.5	0.0	1626992934.0	397018.0
41	0.95	98.0	100663296.0	-0.5	0.0	1643766079.0	401089.0
41	0.95	99.0	100663296.0	-0.5	0.0	1660539236.0	405148.0
41	0.95	100.0	100663296.0	-0.5	0.0	1677312378.0	409222.0
42	0.9	1.0	100663296.0	-0.5	0.0	16773056.0	4160.0
42	0.9	2.0	100663296.0	-0.5	0.0	33546216.0	8216.0
42	0.9	3.0	100663296.0	-0.5	0.0	50319330.0	12318.0
42	0.9	4.0	100663296.0	-0.5	0.0	67092385.0	16479.0
42	0.9	5.0	100663296.0	-0.5	0.0	83865500.0	20580.0
42	0.9	6.0	100663296.0	-0.5	0.0	100638658.0	24638.0
42	0.9	7.0	100663296.0	-0.5	0.0	117411784.0	28728.0
42	0.9	8.0	100663296.0	-0.5	0.0	134184927.0	32801.0
42	0.9	9.0	100663296.0	-0.5	0.0	150957906.0	37038.0
42	0.9	10.0	100663296.0	-0.5	0.0	167731016.0	41144.0
42	0.9	11.0	100663296.0	-0.5	0.0	184504062.0	45314.0
42	0.9	12.0	100663296.0	-0.5	0.0	201277104.0	49488.0
42	0.9	13.0	100663296.0	-0.5	0.0	218050155.0	53653.0
42	0.9	14.0	100663296.0	-0.5	0.0	234823440.0	57584.0
42	0.9	15.0	100663296.0	-0.5	0.0	251596594.0	61646.0
42	0.9	16.0	100663296.0	-0.5	0.0	268369717.0	65739.0
42	0.9	17.0	100663296.0	-0.5	0.0	285142923.0	69749.0
42	0.9	18.0	100663296.0	-0.5	0.0	301916134.0	73754.0
42	0.9	19.0	100663296.0	-0.5	0.0	318689382.0	77722.0
42	0.9	20.0	100663296.0	-0.5	0.0	335462498.0	81822.0
42	0.9	21.0	100663296.0	-0.5	0.0	352235694.0	85842.0
42	0.9	22.0	100663296.0	-0.5	0.0	369008862.0	89890.0
42	0.9	23.0	100663296.0	-0.5	0.0	385781973.0	93995.0
42	0.9	24.0	100663296.0	-0.5	0.0	402555040.0	98144.0
42	0.9	25.0	100663296.0	-0.5	0.0	419328223.0	102177.0
42	0.9	26.0	100663296.0	-0.5	0.0	436101388.0	106228.0
42	0.9	27.0	100663296.0	-0.5	0.0	452874557.0	110275.0
42	0.9	28.0	100663296.0	-0.5	0.0	469647684.0	114364.0
42	0.9	29.0	100663296.0	-0.5	0.0	486420859.0	118405.0
42	0.9	30.0	100663296.0	-0.5	0.0	503194093.0	122387.0
42	0.9	31.0	100663296.0	-0.5	0.0	519967247.0	126449.0
42	0.9	32.0	100663296.0	-0.5	0.0	536740326.0	130586.0
42	0.9	33.0	100663296.0	-0.5	0.0	553513419.0	134709.0
42	0.9	34.0	100663296.0	-0.5	0.0	570286428.0	138916.0
42	0.9	35.0	100663296.0	-0.5	0.0	587059603.0	142957.0
42	0.9	36.0	100663296.0	-0.5	0.0	603832709.0	147067.0
42	0.9	37.0	100663296.0	-0.5	0.0	620605875.0	151117.0
42	0.9	38.0	100663296.0	-0.5	0.0	637378985.0	155223.0
42	0.9	39.0	100663296.0	-0.5	0.0	654152064.0	159360.0
42	0.9	40.0	100663296.0	-0.5	0.0	670925199.0	163441.0
42	0.9	41.0	100663296.0	-0.5	0.0	687698348.0	167508.0
42	0.9	42.0	100663296.0	-0.5	0.0	704471518.0	171554.0
42	0.9	43.0	100663296.0	-0.5	0.0	721244674.0	175614.0
42	0.9	44.0	100663296.0	-0.5	0.0	738017811.0	179693.0
42	0.9	45.0	100663296.0	-0.5	0.0	754790936.0	183784.0
42	0.9	46.0	100663296.0	-0.5	0.0	771564115.0	187821.0
42	0.9	47.0	100663296.0	-0.5	0.0	788337290.0	191862.0
42	0.9	48.0	100663296.0	-0.5	0.0	805110425.0	195943.0
42	0.9	49.0	100663296.0	-0.5	0.0	821883638.0	199946.0
42	0.9	50.0	100663296.0	-0.5	0.0	838656759.0	204041.0
42	0.9	51.0	100663296.0	-0.5	0.0	855429835.0	208181.0
42	0.9	52.0	100663296.0	-0.5	0.0	872202894.0	212338.0
42	0.9	53.0	100663296.0	-0.5	0.0	888976015.0	216433.0
42	0.9	54.0	100663296.0	-0.5	0.0	905749123.0	220541.0
42	0.9	55.0	100663296.0	-0.5	0.0	922522227.0	224653.0
42	0.9	56.0	100663296.0	-0.5	0.0	939295392.0	228704.0
42	0.9	57.0	100663296.0	-0.5	0.0	956068597.0	232715.0
42	0.9	58.0	100663296.0	-0.5	0.0	972841761.0	236767.0
42	0.9	59.0	100663296.0	-0.5	0.0	989614976.0	240768.0
42	0.9	60.0	100663296.0	-0.5	0.0	1006388125.0	244835.0
42	0.9	61.0	100663296.0	-0.5	0.0	1023161234.0	248942.0
42	0.9	62.0	100663296.0	-0.5	0.0	1039934282.0	253110.0
42	0.9	63.0	100663296.0	-0.5	0.0	1056707385.0	257223.0
42	0.9	64.0	100663296.0	-0.5	0.0	1073480479.0	261345.0
42	0.9	65.0	100663296.0	-0.5	0.0	1090253485.0	265555.0
42	0.9	66.0	100663296.0	-0.5	0.0	1107026677.0	269579.0
42	0.9	67.0	100663296.0	-0.5	0.0	1123799836.0	273636.0
42	0.9	68.0	100663296.0	-0.5	0.0	1140572919.0	277769.0
42	0.9	69.0	100663296.0	-0.5	0.0	1157346049.0	281855.0
42	0.9	70.0	100663296.0	-0.5	0.0	1174119233.0	285887.0
42	0.9	71.0	100663296.0	-0.5	0.0	1190892386.0	289950.0
42	0.9	72.0	100663296.0	-0.5	0.0	1207665603.0	293949.0
42	0.9	73.0	100663296.0	-0.5	0.0	1224438547.0	298221.0
42	0.9	74.0	100663296.0	-0.5	0.0	1241211738.0	302246.0
42	0.9	75.0	100663296.0	-0.5	0.0	1257984872.0	306328.0
42	0.9	76.0	100663296.0	-0.5	0.0	1274757960.0	310456.0
42	0.9	77.0	100663296.0	-0.5	0.0	1291531140.0	314492.0
42	0.9	78.0	100663296.0	-0.5	0.0	1308304269.0	318579.0
42	0.9	79.0	100663296.0	-0.5	0.0	1325077333.0	322731.0
42	0.9	80.0	100663296.0	-0.5	0.0	1341850482.0	326798.0
42	0.9	81.0	100663296.0	-0.5	0.0	1358623544.0	330952.0
42	0.9	82.0	100663296.0	-0.5	0.0	1375396724.0	334988.0
42	0.9	83.0	100663296.0	-0.5	0.0	1392169880.0	339048.0
42	0.9	84.0	100663296.0	-0.5	0.0	1408942989.0	343155.0
42	0.9	85.0	100663296.0	-0.5	0.0	1425716179.0	347181.0
42	0.9	86.0	100663296.0	-0.5	0.0	1442489234.0	351342.0
42	0.9	87.0	100663296.0	-0.5	0.0	1459262314.0	355478.0
42	0.9	88.0	100663296.0	-0.5	0.0	1476035458.0	359550.0
42	0.9	89.0	100663296.0	-0.5	0.0	1492808534.0	363690.0
42	0.9	90.0	100663296.0	-0.5	0.0	1509581630.0	367810.0
42	0.9	91.0	100663296.0	-0.5	0.0	1526354809.0	371847.0
42	0.9	92.0	100663296.0	-0.5	0.0	1543127974.0	375898.0
42	0.9	93.0	100663296.0	-0.5	0.0	1559901062.0	380026.0
42	0.9	94.0	100663296.0	-0.5	0.0	1576674225.0	384079.0
42	0.9	95.0	100663296.0	-0.5	0.0	1593447473.0	388047.0
42	0.9	96.0	100663296.0	-0.5	0.0	1610220678.0	392058.0
42	0.9	97.0	100663296.0	-0.5	0.0	1626993728.0	396224.0
42	0.9	98.0	100663296.0	-0.5	0.0	1643766822.0	400346.0
42	0.9	99.0	100663296.0	-0.5	0.0	1660539935.0	404449.0
42	0.9	100.0	100663296.0	-0.5	0.0	1677313165.0	408435.0
43	0.85	1.0	100663296.0	-0.5	0.0	16773168.0	4048.0
43	0.85	2.0	100663296.0	-0.5	0.0	33546359.0	8073.0
43	0.85	3.0	100663296.0	-0.5	0.0	50319441.0	12207.0
43	0.85	4.0	100663296.0	-0.5	0.0	67092675.0	16189.0
43	0.85	5.0	100663296.0	-0.5	0.0	83865747.0	20333.0
43	0.85	6.0	100663296.0	-0.5	0.0	100638833.0	24463.0
43	0.85	7.0	100663296.0	-0.5	0.0	117411945.0	28567.0
43	0.85	8.0	100663296.0	-0.5	0.0	134185020.0	32708.0
43	0.85	9.0	100663296.0	-0.5	0.0	150958221.0	36723.0
43	0.85	10.0	100663296.0	-0.5	0.0	167731359.0	40801.0
43	0.85	11.0	100663296.0	-0.5	0.0	184504399.0	44977.0
43	0.85	12.0	100663296.0	-0.5	0.0	201277505.0	49087.0
43	0.85	13.0	100663296.0	-0.5	0.0	218050588.0	53220.0
43	0.85	14.0	100663296.0	-0.5	0.0	234823577.0	57447.0
43	0.85	15.0	100663296.0	-0.5	0.0	251596702.0	61538.0
43	0.85	16.0	100663296.0	-0.5	0.0	268369828.0	65628.0
43	0.85	17.0	100663296.0	-0.5	0.0	285142936.0	69736.0
43	0.85	18.0	100663296.0	-0.5	0.0	301916042.0	73846.0
43	0.85	19.0	100663296.0	-0.5	0.0	318689160.0	77944.0
43	0.85	20.0	100663296.0	-0.5	0.0	335462219.0	82101.0
43	0.85	21.0	100663296.0	-0.5	0.0	352235370.0	86166.0
43	0.85	22.0	100663296.0	-0.5	0.0	369008454.0	90298.0
43	0.85	23.0	100663296.0	-0.5	0.0	385781463.0	94505.0
43	0.85	24.0	100663296.0	-0.5	0.0	402554437.0	98747.0
43	0.85	25.0	100663296.0	-0.5	0.0	419327609.0	102791.0
43	0.85	26.0	100663296.0	-0.5	0.0	436100795.0	106821.0
43	0.85	27.0	100663296.0	-0.5	0.0	452873835.0	110997.0
43	0.85	28.0	100663296.0	-0.5	0.0	469647008.0	115040.0
43	0.85	29.0	100663296.0	-0.5	0.0	486420143.0	119121.0
43	0.85	30.0	100663296.0	-0.5	0.0	503193317.0	123163.0
43	0.85	31.0	100663296.0	-0.5	0.0	519966435.0	127261.0
43	0.85	32.0	100663296.0	-0.5	0.0	536739520.0	131392.0
43	0.85	33.0	100663296.0	-0.5	0.0	553512650.0	135478.0
43	0.85	34.0	100663296.0	-0.5	0.0	570285747.0	139597.0
43	0.85	35.0	100663296.0	-0.5	0.0	587058977.0	143583.0
43	0.85	36.0	100663296.0	-0.5	0.0	603832263.0	147513.0
43	0.85	37.0	100663296.0	-0.5	0.0	620605365.0	151627.0
43	0.85	38.0	100663296.0	-0.5	0.0	637378523.0	155685.0
43	0.85	39.0	100663296.0	-0.5	0.0	654151579.0	159845.0
43	0.85	40.0	100663296.0	-0.5	0.0	670924680.0	163960.0
43	0.85	41.0	100663296.0	-0.5	0.0	687697707.0	168149.0
43	0.85	42.0	100663296.0	-0.5	0.0	704470803.0	172269.0
43	0.85	43.0	100663296.0	-0.5	0.0	721243895.0	176393.0
43	0.85	44.0	100663296.0	-0.5	0.0	738016999.0	180505.0
43	0.85	45.0	100663296.0	-0.5	0.0	754790189.0	184531.0
43	0.85	46.0	100663296.0	-0.5	0.0	771563216.0	188720.0
43	0.85	47.0	100663296.0	-0.5	0.0	788336287.0	192865.0
43	0.85	48.0	100663296.0	-0.5	0.0	805109397.0	196971.0
43	0.85	49.0	100663296.0	-0.5	0.0	821882484.0	201100.0
43	0.85	50.0	100663296.0	-0.5	0.0	838655635.0	205165.0
43	0.85	51.0	100663296.0	-0.5	0.0	855428699.0	209317.0
43	0.85	52.0	100663296.0	-0.5	0.0	872201808.0	213424.0
43	0.85	53.0	100663296.0	-0.5	0.0	888974886.0	217562.0
43	0.85	54.0	100663296.0	-0.5	0.0	905748070.0	221594.0
43	0.85	55.0	100663296.0	-0.5	0.0	922521182.0	225698.0
43	0.85	56.0	100663296.0	-0.5	0.0	939294368.0	229728.0
43	0.85	57.0	100663296.0	-0.5	0.0	956067466.0	233846.0
43	0.85	58.0	100663296.0	-0.5	0.0	972840596.0	237932.0
43	0.85	59.0	100663296.0	-0.5	0.0	989613634.0	242110.0
43	0.85	60.0	100663296.0	-0.5	0.0	1006386747.0	246213.0
43	0.85	61.0	100663296.0	-0.5	0.0	1023159891.0	250285.0
43	0.85	62.0	100663296.0	-0.5	0.0	1039933023.0	254369.0
43	0.85	63.0	100663296.0	-0.5	0.0	1056706180.0	258428.0
43	0.85	64.0	100663296.0	-0.5	0.0	1073479198.0	262626.0
43	0.85	65.0	100663296.0	-0.5	0.0	1090252318.0	266722.0
43	0.85	66.0	100663296.0	-0.5	0.0	1107025503.0	270753.0
43	0.85	67.0	100663296.0	-0.5	0.0	1123798687.0	274785.0
43	0.85	68.0	100663296.0	-0.5	0.0	1140571754.0	278934.0
43	0.85	69.0	100663296.0	-0.5	0.0	1157344701.0	283203.0
43	0.85	70.0	100663296.0	-0.5	0.0	1174117792.0	287328.0
43	0.85	71.0	100663296.0	-0.5	0.0	1190890849.0	291487.0
43	0.85	72.0	100663296.0	-0.5	0.0	1207663956.0	295596.0
43	0.85	73.0	100663296.0	-0.5	0.0	1224437078.0	299690.0
43	0.85	74.0	100663296.0	-0.5	0.0	1241210182.0	303802.0
43	0.85	75.0	100663296.0	-0.5	0.0	1257983235.0	307965.0
43	0.85	76.0	100663296.0	-0.5	0.0	1274756358.0	312058.0
43	0.85	77.0	100663296.0	-0.5	0.0	1291529496.0	316136.0
43	0.85	78.0	100663296.0	-0.5	0.0	1308302623.0	320225.0
43	0.85	79.0	100663296.0	-0.5	0.0	1325075746.0	324318.0
43	0.85	80.0	100663296.0	-0.5	0.0	1341848939.0	328341.0
43	0.85	81.0	100663296.0	-0.5	0.0	1358622016.0	332480.0
43	0.85	82.0	100663296.0	-0.5	0.0	1375395244.0	336468.0
43	0.85	83.0	100663296.0	-0.5	0.0	1392168419.0	340509.0
43	0.85	84.0	100663296.0	-0.5	0.0	1408941547.0	344597.0
43	0.85	85.0	100663296.0	-0.5	0.0	1425714704.0	348656.0
43	0.85	86.0	100663296.0	-0.5	0.0	1442487896.0	352680.0
43	0.85	87.0	100663296.0	-0.5	0.0	1459261102.0	356690.0
43	0.85	88.0	100663296.0	-0.5	0.0	1476034235.0	360773.0
43	0.85	89.0	100663296.0	-0.5	0.0	1492807400.0	364824.0
43	0.85	90.0	100663296.0	-0.5	0.0	1509580485.0	368955.0
43	0.85	91.0	100663296.0	-0.5	0.0	1526353638.0	373018.0
43	0.85	92.0	100663296.0	-0.5	0.0	1543126812.0	377060.0
43	0.85	93.0	100663296.0	-0.5	0.0	1559899927.0	381161.0
43	0.85	94.0	100663296.0	-0.5	0.0	1576672989.0	385315.0
43	0.85	95.0	100663296.0	-0.5	0.0	1593446138.0	389382.0
43	0.85	96.0	100663296.0	-0.5	0.0	1610219296.0	393440.0
43	0.85	97.0	100663296.0	-0.5	0.0	1626992409.0	397543.0
43	0.85	98.0	100663296.0	-0.5	0.0	1643765510.0	401658.0
43	0.85	99.0	100663296.0	-0.5	0.0	1660538543.0	405841.0
43	0.85	100.0	100663296.0	-0.5	0.0	1677311648.0	409952.0
44	0.8	1.0	100663296.0	-0.5	0.0	16773020.0	4196.0
44	0.8	2.0	100663296.0	-0.5	0.0	33546231.0	8201.0
44	0.8	3.0	100663296.0	-0.5	0.0	50319351.0	12297.0
44	0.8	4.0	100663296.0	-0.5	0.0	67092512.0	16352.0
44	0.8	5.0	100663296.0	-0.5	0.0	83865670.0	20410.0
44	0.8	6.0	100663296.0	-0.5	0.0	100638743.0	24553.0
44	0.8	7.0	100663296.0	-0.5	0.0	117411736.0	28776.0
44	0.8	8.0	100663296.0	-0.5	0.0	134184920.0	32808.0
44	0.8	9.0	100663296.0	-0.5	0.0	150958057.0	36887.0
44	0.8	10.0	100663296.0	-0.5	0.0	167731145.0	41015.0
44	0.8	11.0	100663296.0	-0.5	0.0	184504196.0	45180.0
44	0.8	12.0	100663296.0	-0.5	0.0	201277365.0	49227.0
44	0.8	13.0	100663296.0	-0.5	0.0	218050513.0	53295.0
44	0.8	14.0	100663296.0	-0.5	0.0	234823726.0	57298.0
44	0.8	15.0	100663296.0	-0.5	0.0	251596765.0	61475.0
44	0.8	16.0	100663296.0	-0.5	0.0	268370018.0	65438.0
44	0.8	17.0	100663296.0	-0.5	0.0	285143168.0	69504.0
44	0.8	18.0	100663296.0	-0.5	0.0	301916318.0	73570.0
44	0.8	19.0	100663296.0	-0.5	0.0	318689509.0	77595.0
44	0.8	20.0	100663296.0	-0.5	0.0	335462677.0	81643.0
44	0.8	21.0	100663296.0	-0.5	0.0	352235759.0	85777.0
44	0.8	22.0	100663296.0	-0.5	0.0	369008843.0	89909.0
44	0.8	23.0	100663296.0	-0.5	0.0	385781844.0	94124.0
44	0.8	24.0	100663296.0	-0.5	0.0	402555049.0	98135.0
44	0.8	25.0	100663296.0	-0.5	0.0	419328154.0	102246.0
44	0.8	26.0	100663296.0	-0.5	0.0	436101132.0	106484.0
44	0.8	27.0	100663296.0	-0.5	0.0	452874225.0	110607.0
44	0.8	28.0	100663296.0	-0.5	0.0	469647350.0	114698.0
44	0.8	29.0	100663296.0	-0.5	0.0	486420451.0	118813.0
44	0.8	30.0	100663296.0	-0.5	0.0	503193637.0	122843.0
44	0.8	31.0	100663296.0	-0.5	0.0	519966697.0	126999.0
44	0.8	32.0	100663296.0	-0.5	0.0	536739996.0	130916.0
44	0.8	33.0	100663296.0	-0.5	0.0	553513221.0	134907.0
44	0.8	34.0	100663296.0	-0.5	0.0	570286368.0	138976.0
44	0.8	35.0	100663296.0	-0.5	0.0	587059432.0	143128.0
44	0.8	36.0	100663296.0	-0.5	0.0	603832561.0	147215.0
44	0.8	37.0	100663296.0	-0.5	0.0	620605647.0	151345.0
44	0.8	38.0	100663296.0	-0.5	0.0	637378808.0	155400.0
44	0.8	39.0	100663296.0	-0.5	0.0	654151855.0	159569.0
44	0.8	40.0	100663296.0	-0.5	0.0	670924906.0	163734.0
44	0.8	41.0	100663296.0	-0.5	0.0	687698058.0	167798.0
44	0.8	42.0	100663296.0	-0.5	0.0	704471165.0	171907.0
44	0.8	43.0	100663296.0	-0.5	0.0	721244313.0	175975.0
44	0.8	44.0	100663296.0	-0.5	0.0	738017472.0	180032.0
44	0.8	45.0	100663296.0	-0.5	0.0	754790695.0	184025.0
44	0.8	46.0	100663296.0	-0.5	0.0	771563820.0	188116.0
44	0.8	47.0	100663296.0	-0.5	0.0	788336962.0	192190.0
44	0.8	48.0	100663296.0	-0.5	0.0	805110264.0	196104.0
44	0.8	49.0	100663296.0	-0.5	0.0	821883344.0	200240.0
44	0.8	50.0	100663296.0	-0.5	0.0	838656455.0	204345.0
44	0.8	51.0	100663296.0	-0.5	0.0	855429521.0	208495.0
44	0.8	52.0	100663296.0	-0.5	0.0	872202636.0	212596.0
44	0.8	53.0	100663296.0	-0.5	0.0	888975881.0	216567.0
44	0.8	54.0	100663296.0	-0.5	0.0	905749052.0	220612.0
44	0.8	55.0	100663296.0	-0.5	0.0	922522115.0	224765.0
44	0.8	56.0	100663296.0	-0.5	0.0	939295243.0	228853.0
44	0.8	57.0	100663296.0	-0.5	0.0	956068294.0	233018.0
44	0.8	58.0	100663296.0	-0.5	0.0	972841301.0	237227.0
44	0.8	59.0	100663296.0	-0.5	0.0	989614406.0	241338.0
44	0.8	60.0	100663296.0	-0.5	0.0	1006387481.0	245479.0
44	0.8	61.0	100663296.0	-0.5	0.0	1023160556.0	249620.0
44	0.8	62.0	100663296.0	-0.5	0.0	1039933736.0	253656.0
44	0.8	63.0	100663296.0	-0.5	0.0	1056706852.0	257756.0
44	0.8	64.0	100663296.0	-0.5	0.0	1073479894.0	261930.0
44	0.8	65.0	100663296.0	-0.5	0.0	1090252933.0	266107.0
44	0.8	66.0	100663296.0	-0.5	0.0	1107026128.0	270128.0
44	0.8	67.0	100663296.0	-0.5	0.0	1123799346.0	274126.0
44	0.8	68.0	100663296.0	-0.5	0.0	1140572461.0	278227.0
44	0.8	69.0	100663296.0	-0.5	0.0	1157345609.0	282295.0
44	0.8	70.0	100663296.0	-0.5	0.0	1174118703.0	286417.0
44	0.8	71.0	100663296.0	-0.5	0.0	1190891887.0	290449.0
44	0.8	72.0	100663296.0	-0.5	0.0	1207664933.0	294619.0
44	0.8	73.0	100663296.0	-0.5	0.0	1224437991.0	298777.0
44	0.8	74.0	100663296.0	-0.5	0.0	1241211147.0	302837.0
44	0.8	75.0	100663296.0	-0.5	0.0	1257984280.0	306920.0
44	0.8	76.0	100663296.0	-0.5	0.0	1274757425.0	310991.0
44	0.8	77.0	100663296.0	-0.5	0.0	1291530625.0	315007.0
44	0.8	78.0	100663296.0	-0.5	0.0	1308303753.0	319095.0
44	0.8	79.0	100663296.0	-0.5	0.0	1325076807.0	323257.0
44	0.8	80.0	100663296.0	-0.5	0.0	1341849949.0	327331.0
44	0.8	81.0	100663296.0	-0.5	0.0	1358623119.0	331377.0
44	0.8	82.0	100663296.0	-0.5	0.0	1375396262.0	335450.0
44	0.8	83.0	100663296.0	-0.5	0.0	1392169354.0	339574.0
44	0.8	84.0	100663296.0	-0.5	0.0	1408942491.0	343653.0
44	0.8	85.0	100663296.0	-0.5	0.0	1425715602.0	347758.0
44	0.8	86.0	100663296.0	-0.5	0.0	1442488675.0	351901.0
44	0.8	87.0	100663296.0	-0.5	0.0	1459261685.0	356107.0
44	0.8	88.0	100663296.0	-0.5	0.0	1476034874.0	360134.0
44	0.8	89.0	100663296.0	-0.5	0.0	1492807904.0	364320.0
44	0.8	90.0	100663296.0	-0.5	0.0	1509580925.0	368515.0
44	0.8	91.0	100663296.0	-0.5	0.0	1526353997.0	372659.0
44	0.8	92.0	100663296.0	-0.5	0.0	1543127070.0	376802.0
44	0.8	93.0	100663296.0	-0.5	0.0	1559900306.0	380782.0
44	0.8	94.0	100663296.0	-0.5	0.0	1576673440.0	384864.0
44	0.8	95.0	100663296.0	-0.5	0.0	1593446568.0	388952.0
44	0.8	96.0	100663296.0	-0.5	0.0	1610219623.0	393113.0
44	0.8	97.0	100663296.0	-0.5	0.0	1626992783.0	397169.0
44	0.8	98.0	100663296.0	-0.5	0.0	1643765854.0	401314.0
44	0.8	99.0	100663296.0	-0.5	0.0	1660539010.0	405374.0
44	0.8	100.0	100663296.0	-0.5	0.0	1677312228.0	409372.0
45	0.75	1.0	100663296.0	-0.5	0.0	16773139.0	4077.0
45	0.75	2.0	100663296.0	-0.5	0.0	33546219.0	8213.0
45	0.75	3.0	100663296.0	-0.5	0.0	50319330.0	12318.0
45	0.75	4.0	100663296.0	-0.5	0.0	67092427.0	16437.0
45	0.75	5.0	100663296.0	-0.5	0.0	83865504.0	20576.0
45	0.75	6.0	100663296.0	-0.5	0.0	100638677.0	24619.0
45	0.75	7.0	100663296.0	-0.5	0.0	117411691.0	28821.0
45	0.75	8.0	100663296.0	-0.5	0.0	134184793.0	32935.0
45	0.75	9.0	100663296.0	-0.5	0.0	150957842.0	37102.0
45	0.75	10.0	100663296.0	-0.5	0.0	167730930.0	41230.0
45	0.75	11.0	100663296.0	-0.5	0.0	184504028.0	45348.0
45	0.75	12.0	100663296.0	-0.5	0.0	201277104.0	49488.0
45	0.75	13.0	100663296.0	-0.5	0.0	218050146.0	53662.0
45	0.75	14.0	100663296.0	-0.5	0.0	234823301.0	57723.0
45	0.75	15.0	100663296.0	-0.5	0.0	251596360.0	61880.0
45	0.75	16.0	100663296.0	-0.5	0.0	268369519.0	65937.0
45	0.75	17.0	100663296.0	-0.5	0.0	285142666.0	70006.0
45	0.75	18.0	100663296.0	-0.5	0.0	301915742.0	74146.0
45	0.75	19.0	100663296.0	-0.5	0.0	318688803.0	78301.0
45	0.75	20.0	100663296.0	-0.5	0.0	335461843.0	82477.0
45	0.75	21.0	100663296.0	-0.5	0.0	352235019.0	86517.0
45	0.75	22.0	100663296.0	-0.5	0.0	369008056.0	90696.0
45	0.75	23.0	100663296.0	-0.5	0.0	385781166.0	94802.0
45	0.75	24.0	100663296.0	-0.5	0.0	402554398.0	98786.0
45	0.75	25.0	100663296.0	-0.5	0.0	419327406.0	102994.0
45	0.75	26.0	100663296.0	-0.5	0.0	436100688.0	106928.0
45	0.75	27.0	100663296.0	-0.5	0.0	452873839.0	110993.0
45	0.75	28.0	100663296.0	-0.5	0.0	469646913.0	115135.0
45	0.75	29.0	100663296.0	-0.5	0.0	486420072.0	119192.0
45	0.75	30.0	100663296.0	-0.5	0.0	503193102.0	123378.0
45	0.75	31.0	100663296.0	-0.5	0.0	519966296.0	127400.0
45	0.75	32.0	100663296.0	-0.5	0.0	536739397.0	131515.0
45	0.75	33.0	100663296.0	-0.5	0.0	553512568.0	135560.0
45	0.75	34.0	100663296.0	-0.5	0.0	570285636.0	139708.0
45	0.75	35.0	100663296.0	-0.5	0.0	587058808.0	143752.0
45	0.75	36.0	100663296.0	-0.5	0.0	603831850.0	147926.0
45	0.75	37.0	100663296.0	-0.5	0.0	620604808.0	152184.0
45	0.75	38.0	100663296.0	-0.5	0.0	637377847.0	156361.0
45	0.75	39.0	100663296.0	-0.5	0.0	654151002.0	160422.0
45	0.75	40.0	100663296.0	-0.5	0.0	670924224.0	164416.0
45	0.75	41.0	100663296.0	-0.5	0.0	687697429.0	168427.0
45	0.75	42.0	100663296.0	-0.5	0.0	704470519.0	172553.0
45	0.75	43.0	100663296.0	-0.5	0.0	721243515.0	176773.0
45	0.75	44.0	100663296.0	-0.5	0.0	738016739.0	180765.0
45	0.75	45.0	100663296.0	-0.5	0.0	754789918.0	184802.0
45	0.75	46.0	100663296.0	-0.5	0.0	771563039.0	188897.0
45	0.75	47.0	100663296.0	-0.5	0.0	788336151.0	193001.0
45	0.75	48.0	100663296.0	-0.5	0.0	805109230.0	197138.0
45	0.75	49.0	100663296.0	-0.5	0.0	821882394.0	201190.0
45	0.75	50.0	100663296.0	-0.5	0.0	838655504.0	205296.0
45	0.75	51.0	100663296.0	-0.5	0.0	855428526.0	209490.0
45	0.75	52.0	100663296.0	-0.5	0.0	872201649.0	213583.0
45	0.75	53.0	100663296.0	-0.5	0.0	888974780.0	217668.0
45	0.75	54.0	100663296.0	-0.5	0.0	905747924.0	221740.0
45	0.75	55.0	100663296.0	-0.5	0.0	922521031.0	225849.0
45	0.75	56.0	100663296.0	-0.5	0.0	939294216.0	229880.0
45	0.75	57.0	100663296.0	-0.5	0.0	956067378.0	233934.0
45	0.75	58.0	100663296.0	-0.5	0.0	972840501.0	238027.0
45	0.75	59.0	100663296.0	-0.5	0.0	989613627.0	242117.0
45	0.75	60.0	100663296.0	-0.5	0.0	1006386781.0	246179.0
45	0.75	61.0	100663296.0	-0.5	0.0	1023159998.0	250178.0
45	0.75	62.0	100663296.0	-0.5	0.0	1039933084.0	254308.0
45	0.75	63.0	100663296.0	-0.5	0.0	1056706243.0	258365.0
45	0.75	64.0	100663296.0	-0.5	0.0	1073479398.0	262426.0
45	0.75	65.0	100663296.0	-0.5	0.0	1090252462.0	266578.0
45	0.75	66.0	100663296.0	-0.5	0.0	1107025531.0	270725.0
45	0.75	67.0	100663296.0	-0.5	0.0	1123798663.0	274809.0
45	0.75	68.0	100663296.0	-0.5	0.0	1140571756.0	278932.0
45	0.75	69.0	100663296.0	-0.5	0.0	1157344933.0	282971.0
45	0.75	70.0	100663296.0	-0.5	0.0	1174118009.0	287111.0
45	0.75	71.0	100663296.0	-0.5	0.0	1190891222.0	291114.0
45	0.75	72.0	100663296.0	-0.5	0.0	1207664290.0	295262.0
45	0.75	73.0	100663296.0	-0.5	0.0	1224437523.0	299245.0
45	0.75	74.0	100663296.0	-0.5	0.0	1241210580.0	303404.0
45	0.75	75.0	100663296.0	-0.5	0.0	1257983781.0	307419.0
45	0.75	76.0	100663296.0	-0.5	0.0	1274756847.0	311569.0
45	0.75	77.0	100663296.0	-0.5	0.0	1291529909.0	315723.0
45	0.75	78.0	100663296.0	-0.5	0.0	1308302929.0	319919.0
45	0.75	79.0	100663296.0	-0.5	0.0	1325076032.0	324032.0
45	0.75	80.0	100663296.0	-0.5	0.0	1341849077.0	328203.0
45	0.75	81.0	100663296.0	-0.5	0.0	1358622113.0	332383.0
45	0.75	82.0	100663296.0	-0.5	0.0	1375395297.0	336415.0
45	0.75	83.0	100663296.0	-0.5	0.0	1392168376.0	340552.0
45	0.75	84.0	100663296.0	-0.5	0.0	1408941591.0	344553.0
45	0.75	85.0	100663296.0	-0.5	0.0	1425714682.0	348678.0
45	0.75	86.0	100663296.0	-0.5	0.0	1442487746.0	352830.0
45	0.75	87.0	100663296.0	-0.5	0.0	1459260941.0	356851.0
45	0.75	88.0	100663296.0	-0.5	0.0	1476034155.0	360853.0
45	0.75	89.0	100663296.0	-0.5	0.0	1492807343.0	364881.0
45	0.75	90.0	100663296.0	-0.5	0.0	1509580390.0	369050.0
45	0.75	91.0	100663296.0	-0.5	0.0	1526353496.0	373160.0
45	0.75	92.0	100663296.0	-0.5	0.0	1543126758.0	377114.0
45	0.75	93.0	100663296.0	-0.5	0.0	1559899912.0	381176.0
45	0.75	94.0	100663296.0	-0.5	0.0	1576673098.0	385206.0
45	0.75	95.0	100663296.0	-0.5	0.0	1593446104.0	389416.0
45	0.75	96.0	100663296.0	-0.5	0.0	1610219242.0	393494.0
45	0.75	97.0	100663296.0	-0.5	0.0	1626992382.0	397570.0
45	0.75	98.0	100663296.0	-0.5	0.0	1643765523.0	401645.0
45	0.75	99.0	100663296.0	-0.5	0.0	1660538579.0	405805.0
45	0.75	100.0	100663296.0	-0.5	0.0	1677311676.0	409924.0
46	0.7	1.0	100663296.0	-0.5	0.0	16773217.0	3999.0
46	0.7	2.0	100663296.0	-0.5	0.0	33546262.0	8170.0
46	0.7	3.0	100663296.0	-0.5	0.0	50319409.0	12239.0
46	0.7	4.0	100663296.0	-0.5	0.0	67092579.0	16285.0
46	0.7	5.0	100663296.0	-0.5	0.0	83865693.0	20387.0
46	0.7	6.0	100663296.0	-0.5	0.0	100638803.0	24493.0
46	0.7	7.0	100663296.0	-0.5	0.0	117411933.0	28579.0
46	0.7	8.0	100663296.0	-0.5	0.0	134185114.0	32614.0
46	0.7	9.0	100663296.0	-0.5	0.0	150958265.0	36679.0
46	0.7	10.0	100663296.0	-0.5	0.0	167731471.0	40689.0
46	0.7	11.0	100663296.0	-0.5	0.0	184504625.0	44751.0
46	0.7	12.0	100663296.0	-0.5	0.0	201277758.0	48834.0
46	0.7	13.0	100663296.0	-0.5	0.0	218051001.0	52807.0
46	0.7	14.0	100663296.0	-0.5	0.0	234824042.0	56982.0
46	0.7	15.0	100663296.0	-0.5	0.0	251597116.0	61124.0
46	0.7	16.0	100663296.0	-0.5	0.0	268370210.0	65246.0
46	0.7	17.0	100663296.0	-0.5	0.0	285143399.0	69273.0
46	0.7	18.0	100663296.0	-0.5	0.0	301916524.0	73364.0
46	0.7	19.0	100663296.0	-0.5	0.0	318689662.0	77442.0
46	0.7	20.0	100663296.0	-0.5	0.0	335462708.0	81612.0
46	0.7	21.0	100663296.0	-0.5	0.0	352235769.0	85767.0
46	0.7	22.0	100663296.0	-0.5	0.0	369008987.0	89765.0
46	0.7	23.0	100663296.0	-0.5	0.0	385782095.0	93873.0
46	0.7	24.0	100663296.0	-0.5	0.0	402555124.0	98060.0
46	0.7	25.0	100663296.0	-0.5	0.0	419328363.0	102037.0
46	0.7	26.0	100663296.0	-0.5	0.0	436101464.0	106152.0
46	0.7	27.0	100663296.0	-0.5	0.0	452874617.0	110215.0
46	0.7	28.0	100663296.0	-0.5	0.0	469647711.0	114337.0
46	0.7	29.0	100663296.0	-0.5	0.0	486420863.0	118401.0
46	0.7	30.0	100663296.0	-0.5	0.0	503193961.0	122519.0
46	0.7	31.0	100663296.0	-0.5	0.0	519967173.0	126523.0
46	0.7	32.0	100663296.0	-0.5	0.0	536740201.0	130711.0
46	0.7	33.0	100663296.0	-0.5	0.0	553513228.0	134900.0
46	0.7	34.0	100663296.0	-0.5	0.0	570286349.0	138995.0
46	0.7	35.0	100663296.0	-0.5	0.0	587059515.0	143045.0
46	0.7	36.0	100663296.0	-0.5	0.0	603832709.0	147067.0
46	0.7	37.0	100663296.0	-0.5	0.0	620605792.0	151200.0
46	0.7	38.0	100663296.0	-0.5	0.0	637378785.0	155423.0
46	0.7	39.0	100663296.0	-0.5	0.0	654151933.0	159491.0
46	0.7	40.0	100663296.0	-0.5	0.0	670925071.0	163569.0
46	0.7	41.0	100663296.0	-0.5	0.0	687698264.0	167592.0
46	0.7	42.0	100663296.0	-0.5	0.0	704471388.0	171684.0
46	0.7	43.0	100663296.0	-0.5	0.0	721244527.0	175761.0
46	0.7	44.0	100663296.0	-0.5	0.0	738017704.0	179800.0
46	0.7	45.0	100663296.0	-0.5	0.0	754790879.0	183841.0
46	0.7	46.0	100663296.0	-0.5	0.0	771564042.0	187894.0
46	0.7	47.0	100663296.0	-0.5	0.0	788337141.0	192011.0
46	0.7	48.0	100663296.0	-0.5	0.0	805110274.0	196094.0
46	0.7	49.0	100663296.0	-0.5	0.0	821883353.0	200231.0
46	0.7	50.0	100663296.0	-0.5	0.0	838656563.0	204237.0
46	0.7	51.0	100663296.0	-0.5	0.0	855429671.0	208345.0
46	0.7	52.0	100663296.0	-0.5	0.0	872202893.0	212339.0
46	0.7	53.0	100663296.0	-0.5	0.0	888976048.0	216400.0
46	0.7	54.0	100663296.0	-0.5	0.0	905749195.0	220469.0
46	0.7	55.0	100663296.0	-0.5	0.0	922522367.0	224513.0
46	0.7	56.0	100663296.0	-0.5	0.0	939295426.0	228670.0
46	0.7	57.0	100663296.0	-0.5	0.0	956068483.0	232829.0
46	0.7	58.0	100663296.0	-0.5	0.0	972841631.0	236897.0
46	0.7	59.0	100663296.0	-0.5	0.0	989614764.0	240980.0
46	0.7	60.0	100663296.0	-0.5	0.0	1006387824.0	245136.0
46	0.7	61.0	100663296.0	-0.5	0.0	1023161069.0	249107.0
46	0.7	62.0	100663296.0	-0.5	0.0	1039934267.0	253125.0
46	0.7	63.0	100663296.0	-0.5	0.0	1056707335.0	257273.0
46	0.7	64.0	100663296.0	-0.5	0.0	1073480479.0	261345.0
46	0.7	65.0	100663296.0	-0.5	0.0	1090253544.0	265496.0
46	0.7	66.0	100663296.0	-0.5	0.0	1107026666.0	269590.0
46	0.7	67.0	100663296.0	-0.5	0.0	1123799802.0	273670.0
46	0.7	68.0	100663296.0	-0.5	0.0	1140572942.0	277746.0
46	0.7	69.0	100663296.0	-0.5	0.0	1157346068.0	281836.0
46	0.7	70.0	100663296.0	-0.5	0.0	1174119217.0	285903.0
46	0.7	71.0	100663296.0	-0.5	0.0	1190892366.0	289970.0
46	0.7	72.0	100663296.0	-0.5	0.0	1207665562.0	293990.0
46	0.7	73.0	100663296.0	-0.5	0.0	1224438594.0	298174.0
46	0.7	74.0	100663296.0	-0.5	0.0	1241211700.0	302284.0
46	0.7	75.0	100663296.0	-0.5	0.0	1257984879.0	306321.0
46	0.7	76.0	100663296.0	-0.5	0.0	1274757966.0	310450.0
46	0.7	77.0	100663296.0	-0.5	0.0	1291531113.0	314519.0
46	0.7	78.0	100663296.0	-0.5	0.0	1308304261.0	318587.0
46	0.7	79.0	100663296.0	-0.5	0.0	1325077333.0	322731.0
46	0.7	80.0	100663296.0	-0.5	0.0	1341850519.0	326761.0
46	0.7	81.0	100663296.0	-0.5	0.0	1358623655.0	330841.0
46	0.7	82.0	100663296.0	-0.5	0.0	1375396774.0	334938.0
46	0.7	83.0	100663296.0	-0.5	0.0	1392169837.0	339091.0
46	0.7	84.0	100663296.0	-0.5	0.0	1408942884.0	343260.0
46	0.7	85.0	100663296.0	-0.5	0.0	1425715961.0	347399.0
46	0.7	86.0	100663296.0	-0.5	0.0	1442489108.0	351468.0
46	0.7	87.0	100663296.0	-0.5	0.0	1459262223.0	355569.0
46	0.7	88.0	100663296.0	-0.5	0.0	1476035284.0	359724.0
46	0.7	89.0	100663296.0	-0.5	0.0	1492808435.0	363789.0
46	0.7	90.0	100663296.0	-0.5	0.0	1509581633.0	367807.0
46	0.7	91.0	100663296.0	-0.5	0.0	1526354737.0	371919.0
46	0.7	92.0	100663296.0	-0.5	0.0	1543127829.0	376043.0
46	0.7	93.0	100663296.0	-0.5	0.0	1559901076.0	380012.0
46	0.7	94.0	100663296.0	-0.5	0.0	1576674257.0	384047.0
46	0.7	95.0	100663296.0	-0.5	0.0	1593447359.0	388161.0
46	0.7	96.0	100663296.0	-0.5	0.0	1610220554.0	392182.0
46	0.7	97.0	100663296.0	-0.5	0.0	1626993702.0	396250.0
46	0.7	98.0	100663296.0	-0.5	0.0	1643766910.0	400258.0
46	0.7	99.0	100663296.0	-0.5	0.0	1660539985.0	404399.0
46	0.7	100.0	100663296.0	-0.5	0.0	1677313173.0	408427.0
47	0.65	1.0	100663296.0	-0.5	0.0	16773114.0	4102.0
47	0.65	2.0	100663296.0	-0.5	0.0	33546145.0	8287.0
47	0.65	3.0	100663296.0	-0.5	0.0	50319290.0	12358.0
47	0.65	4.0	100663296.0	-0.5	0.0	67092345.0	16519.0
47	0.65	5.0	100663296.0	-0.5	0.0	83865429.0	20651.0
47	0.65	6.0	100663296.0	-0.5	0.0	100638645.0	24651.0
47	0.65	7.0	100663296.0	-0.5	0.0	117411757.0	28755.0
47	0.65	8.0	100663296.0	-0.5	0.0	134184940.0	32788.0
47	0.65	9.0	100663296.0	-0.5	0.0	150958003.0	36941.0
47	0.65	10.0	100663296.0	-0.5	0.0	167731187.0	40973.0
47	0.65	11.0	100663296.0	-0.5	0.0	184504332.0	45044.0
47	0.65	12.0	100663296.0	-0.5	0.0	201277362.0	49230.0
47	0.65	13.0	100663296.0	-0.5	0.0	218050475.0	53333.0
47	0.65	14.0	100663296.0	-0.5	0.0	234823577.0	57447.0
47	0.65	15.0	100663296.0	-0.5	0.0	251596870.0	61370.0
47	0.65	16.0	100663296.0	-0.5	0.0	268370105.0	65351.0
47	0.65	17.0	100663296.0	-0.5	0.0	285143238.0	69434.0
47	0.65	18.0	100663296.0	-0.5	0.0	301916463.0	73425.0
47	0.65	19.0	100663296.0	-0.5	0.0	318689690.0	77414.0
47	0.65	20.0	100663296.0	-0.5	0.0	335462780.0	81540.0
47	0.65	21.0	100663296.0	-0.5	0.0	352235857.0	85679.0
47	0.65	22.0	100663296.0	-0.5	0.0	369008864.0	89888.0
47	0.65	23.0	100663296.0	-0.5	0.0	385782063.0	93905.0
47	0.65	24.0	100663296.0	-0.5	0.0	402555247.0	97937.0
47	0.65	25.0	100663296.0	-0.5	0.0	419328322.0	102078.0
47	0.65	26.0	100663296.0	-0.5	0.0	436101453.0	106163.0
47	0.65	27.0	100663296.0	-0.5	0.0	452874728.0	110104.0
47	0.65	28.0	100663296.0	-0.5	0.0	469647863.0	114185.0
47	0.65	29.0	100663296.0	-0.5	0.0	486420996.0	118268.0
47	0.65	30.0	100663296.0	-0.5	0.0	503194187.0	122293.0
47	0.65	31.0	100663296.0	-0.5	0.0	519967388.0	126308.0
47	0.65	32.0	100663296.0	-0.5	0.0	536740630.0	130282.0
47	0.65	33.0	100663296.0	-0.5	0.0	553513708.0	134420.0
47	0.65	34.0	100663296.0	-0.5	0.0	570286801.0	138543.0
47	0.65	35.0	100663296.0	-0.5	0.0	587059794.0	142766.0
47	0.65	36.0	100663296.0	-0.5	0.0	603832865.0	146911.0
47	0.65	37.0	100663296.0	-0.5	0.0	620605978.0	151014.0
47	0.65	38.0	100663296.0	-0.5	0.0	637379066.0	155142.0
47	0.65	39.0	100663296.0	-0.5	0.0	654152069.0	159355.0
47	0.65	40.0	100663296.0	-0.5	0.0	670925267.0	163373.0
47	0.65	41.0	100663296.0	-0.5	0.0	687698382.0	167474.0
47	0.65	42.0	100663296.0	-0.5	0.0	704471610.0	171462.0
47	0.65	43.0	100663296.0	-0.5	0.0	721244724.0	175564.0
47	0.65	44.0	100663296.0	-0.5	0.0	738017870.0	179634.0
47	0.65	45.0	100663296.0	-0.5	0.0	754790950.0	183770.0
47	0.65	46.0	100663296.0	-0.5	0.0	771563985.0	187951.0
47	0.65	47.0	100663296.0	-0.5	0.0	788337124.0	192028.0
47	0.65	48.0	100663296.0	-0.5	0.0	805110198.0	196170.0
47	0.65	49.0	100663296.0	-0.5	0.0	821883272.0	200312.0
47	0.65	50.0	100663296.0	-0.5	0.0	838656375.0	204425.0
47	0.65	51.0	100663296.0	-0.5	0.0	855429633.0	208383.0
47	0.65	52.0	100663296.0	-0.5	0.0	872202885.0	212347.0
47	0.65	53.0	100663296.0	-0.5	0.0	888976053.0	216395.0
47	0.65	54.0	100663296.0	-0.5	0.0	905749239.0	220425.0
47	0.65	55.0	100663296.0	-0.5	0.0	922522357.0	224523.0
47	0.65	56.0	100663296.0	-0.5	0.0	939295504.0	228592.0
47	0.65	57.0	100663296.0	-0.5	0.0	956068589.0	232723.0
47	0.65	58.0	100663296.0	-0.5	0.0	972841672.0	236856.0
47	0.65	59.0	100663296.0	-0.5	0.0	989614771.0	240973.0
47	0.65	60.0	100663296.0	-0.5	0.0	1006387948.0	245012.0
47	0.65	61.0	100663296.0	-0.5	0.0	1023161002.0	249174.0
47	0.65	62.0	100663296.0	-0.5	0.0	1039934180.0	253212.0
47	0.65	63.0	100663296.0	-0.5	0.0	1056707239.0	257369.0
47	0.65	64.0	100663296.0	-0.5	0.0	1073480390.0	261434.0
47	0.65	65.0	100663296.0	-0.5	0.0	1090253601.0	265439.0
47	0.65	66.0	100663296.0	-0.5	0.0	1107026766.0	269490.0
47	0.65	67.0	100663296.0	-0.5	0.0	1123799928.0	273544.0
47	0.65	68.0	100663296.0	-0.5	0.0	1140573000.0	277688.0
47	0.65	69.0	100663296.0	-0.5	0.0	1157346167.0	281737.0
47	0.65	70.0	100663296.0	-0.5	0.0	1174119317.0	285803.0
47	0.65	71.0	100663296.0	-0.5	0.0	1190892528.0	289808.0
47	0.65	72.0	100663296.0	-0.5	0.0	1207665573.0	293979.0
47	0.65	73.0	100663296.0	-0.5	0.0	1224438685.0	298083.0
47	0.65	74.0	100663296.0	-0.5	0.0	1241211892.0	302092.0
47	0.65	75.0	100663296.0	-0.5	0.0	1257984955.0	306245.0
47	0.65	76.0	100663296.0	-0.5	0.0	1274758114.0	310302.0
47	0.65	77.0	100663296.0	-0.5	0.0	1291531265.0	314367.0
47	0.65	78.0	100663296.0	-0.5	0.0	1308304281.0	318567.0
47	0.65	79.0	100663296.0	-0.5	0.0	1325077338.0	322726.0
47	0.65	80.0	100663296.0	-0.5	0.0	1341850470.0	326810.0
47	0.65	81.0	100663296.0	-0.5	0.0	1358623342.0	331154.0
47	0.65	82.0	100663296.0	-0.5	0.0	1375396491.0	335221.0
47	0.65	83.0	100663296.0	-0.5	0.0	1392169716.0	339212.0
47	0.65	84.0	100663296.0	-0.5	0.0	1408942810.0	343334.0
47	0.65	85.0	100663296.0	-0.5	0.0	1425715859.0	347501.0
47	0.65	86.0	100663296.0	-0.5	0.0	1442488973.0	351603.0
47	0.65	87.0	100663296.0	-0.5	0.0	1459262114.0	355678.0
47	0.65	88.0	100663296.0	-0.5	0.0	1476035290.0	359718.0
47	0.65	89.0	100663296.0	-0.5	0.0	1492808496.0	363728.0
47	0.65	90.0	100663296.0	-0.5	0.0	1509581611.0	367829.0
47	0.65	91.0	100663296.0	-0.5	0.0	1526354753.0	371903.0
47	0.65	92.0	100663296.0	-0.5	0.0	1543127845.0	376027.0
47	0.65	93.0	100663296.0	-0.5	0.0	1559900961.0	380127.0
47	0.65	94.0	100663296.0	-0.5	0.0	1576674139.0	384165.0
47	0.65	95.0	100663296.0	-0.5	0.0	1593447241.0	388279.0
47	0.65	96.0	100663296.0	-0.5	0.0	1610220402.0	392334.0
47	0.65	97.0	100663296.0	-0.5	0.0	1626993548.0	396404.0
47	0.65	98.0	100663296.0	-0.5	0.0	1643766666.0	400502.0
47	0.65	99.0	100663296.0	-0.5	0.0	1660539823.0	404561.0
47	0.65	100.0	100663296.0	-0.5	0.0	1677312887.0	408713.0
48	0.6	1.0	100663296.0	-0.5	0.0	16773191.0	4025.0
48	0.6	2.0	100663296.0	-0.5	0.0	33546314.0	8118.0
48	0.6	3.0	100663296.0	-0.5	0.0	50319324.0	12324.0
48	0.6	4.0	100663296.0	-0.5	0.0	67092483.0	16381.0
48	0.6	5.0	100663296.0	-0.5	0.0	83865641.0	20439.0
48	0.6	6.0	100663296.0	-0.5	0.0	100638616.0	24680.0
48	0.6	7.0	100663296.0	-0.5	0.0	117411786.0	28726.0
48	0.6	8.0	100663296.0	-0.5	0.0	134184752.0	32976.0
48	0.6	9.0	100663296.0	-0.5	0.0	150957889.0	37055.0
48	0.6	10.0	100663296.0	-0.5	0.0	167731039.0	41121.0
48	0.6	11.0	100663296.0	-0.5	0.0	184504247.0	45129.0
48	0.6	12.0	100663296.0	-0.5	0.0	201277440.0	49152.0
48	0.6	13.0	100663296.0	-0.5	0.0	218050530.0	53278.0
48	0.6	14.0	100663296.0	-0.5	0.0	234823652.0	57372.0
48	0.6	15.0	100663296.0	-0.5	0.0	251596881.0	61359.0
48	0.6	16.0	100663296.0	-0.5	0.0	268369986.0	65470.0
48	0.6	17.0	100663296.0	-0.5	0.0	285143165.0	69507.0
48	0.6	18.0	100663296.0	-0.5	0.0	301916342.0	73546.0
48	0.6	19.0	100663296.0	-0.5	0.0	318689547.0	77557.0
48	0.6	20.0	100663296.0	-0.5	0.0	335462718.0	81602.0
48	0.6	21.0	100663296.0	-0.5	0.0	352235890.0	85646.0
48	0.6	22.0	100663296.0	-0.5	0.0	369009056.0	89696.0
48	0.6	23.0	100663296.0	-0.5	0.0	385782197.0	93771.0
48	0.6	24.0	100663296.0	-0.5	0.0	402555312.0	97872.0
48	0.6	25.0	100663296.0	-0.5	0.0	419328465.0	101935.0
48	0.6	26.0	100663296.0	-0.5	0.0	436101607.0	106009.0
48	0.6	27.0	100663296.0	-0.5	0.0	452874634.0	110198.0
48	0.6	28.0	100663296.0	-0.5	0.0	469647663.0	114385.0
48	0.6	29.0	100663296.0	-0.5	0.0	486420801.0	118463.0
48	0.6	30.0	100663296.0	-0.5	0.0	503193804.0	122676.0
48	0.6	31.0	100663296.0	-0.5	0.0	519966923.0	126773.0
48	0.6	32.0	100663296.0	-0.5	0.0	536740074.0	130838.0
48	0.6	33.0	100663296.0	-0.5	0.0	553513091.0	135037.0
48	0.6	34.0	100663296.0	-0.5	0.0	570286168.0	139176.0
48	0.6	35.0	100663296.0	-0.5	0.0	587059366.0	143194.0
48	0.6	36.0	100663296.0	-0.5	0.0	603832475.0	147301.0
48	0.6	37.0	100663296.0	-0.5	0.0	620605594.0	151398.0
48	0.6	38.0	100663296.0	-0.5	0.0	637378617.0	155591.0
48	0.6	39.0	100663296.0	-0.5	0.0	654151700.0	159724.0
48	0.6	40.0	100663296.0	-0.5	0.0	670924839.0	163801.0
48	0.6	41.0	100663296.0	-0.5	0.0	687697882.0	167974.0
48	0.6	42.0	100663296.0	-0.5	0.0	704471069.0	172003.0
48	0.6	43.0	100663296.0	-0.5	0.0	721244219.0	176069.0
48	0.6	44.0	100663296.0	-0.5	0.0	738017458.0	180046.0
48	0.6	45.0	100663296.0	-0.5	0.0	754790611.0	184109.0
48	0.6	46.0	100663296.0	-0.5	0.0	771563773.0	188163.0
48	0.6	47.0	100663296.0	-0.5	0.0	788336897.0	192255.0
48	0.6	48.0	100663296.0	-0.5	0.0	805110010.0	196358.0
48	0.6	49.0	100663296.0	-0.5	0.0	821883040.0	200544.0
48	0.6	50.0	100663296.0	-0.5	0.0	838656337.0	204463.0
48	0.6	51.0	100663296.0	-0.5	0.0	855429425.0	208591.0
48	0.6	52.0	100663296.0	-0.5	0.0	872202594.0	212638.0
48	0.6	53.0	100663296.0	-0.5	0.0	888975737.0	216711.0
48	0.6	54.0	100663296.0	-0.5	0.0	905748830.0	220834.0
48	0.6	55.0	100663296.0	-0.5	0.0	922522041.0	224839.0
48	0.6	56.0	100663296.0	-0.5	0.0	939295092.0	229004.0
48	0.6	57.0	100663296.0	-0.5	0.0	956068234.0	233078.0
48	0.6	58.0	100663296.0	-0.5	0.0	972841467.0	237061.0
48	0.6	59.0	100663296.0	-0.5	0.0	989614564.0	241180.0
48	0.6	60.0	100663296.0	-0.5	0.0	1006387752.0	245208.0
48	0.6	61.0	100663296.0	-0.5	0.0	1023160873.0	249303.0
48	0.6	62.0	100663296.0	-0.5	0.0	1039933982.0	253410.0
48	0.6	63.0	100663296.0	-0.5	0.0	1056707079.0	257529.0
48	0.6	64.0	100663296.0	-0.5	0.0	1073480305.0	261519.0
48	0.6	65.0	100663296.0	-0.5	0.0	1090253459.0	265581.0
48	0.6	66.0	100663296.0	-0.5	0.0	1107026556.0	269700.0
48	0.6	67.0	100663296.0	-0.5	0.0	1123799650.0	273822.0
48	0.6	68.0	100663296.0	-0.5	0.0	1140572708.0	277980.0
48	0.6	69.0	100663296.0	-0.5	0.0	1157345863.0	282041.0
48	0.6	70.0	100663296.0	-0.5	0.0	1174118956.0	286164.0
48	0.6	71.0	100663296.0	-0.5	0.0	1190891977.0	290359.0
48	0.6	72.0	100663296.0	-0.5	0.0	1207665084.0	294468.0
48	0.6	73.0	100663296.0	-0.5	0.0	1224438074.0	298694.0
48	0.6	74.0	100663296.0	-0.5	0.0	1241211077.0	302907.0
48	0.6	75.0	100663296.0	-0.5	0.0	1257984207.0	306993.0
48	0.6	76.0	100663296.0	-0.5	0.0	1274757363.0	311053.0
48	0.6	77.0	100663296.0	-0.5	0.0	1291530527.0	315105.0
48	0.6	78.0	100663296.0	-0.5	0.0	1308303608.0	319240.0
48	0.6	79.0	100663296.0	-0.5	0.0	1325076750.0	323314.0
48	0.6	80.0	100663296.0	-0.5	0.0	1341849968.0	327312.0
48	0.6	81.0	100663296.0	-0.5	0.0	1358623047.0	331449.0
48	0.6	82.0	100663296.0	-0.5	0.0	1375396305.0	335407.0
48	0.6	83.0	100663296.0	-0.5	0.0	1392169501.0	339427.0
48	0.6	84.0	100663296.0	-0.5	0.0	1408942528.0	343616.0
48	0.6	85.0	100663296.0	-0.5	0.0	1425715624.0	347736.0
48	0.6	86.0	100663296.0	-0.5	0.0	1442488802.0	351774.0
48	0.6	87.0	100663296.0	-0.5	0.0	1459261954.0	355838.0
48	0.6	88.0	100663296.0	-0.5	0.0	1476035133.0	359875.0
48	0.6	89.0	100663296.0	-0.5	0.0	1492808207.0	364017.0
48	0.6	90.0	100663296.0	-0.5	0.0	1509581316.0	368124.0
48	0.6	91.0	100663296.0	-0.5	0.0	1526354342.0	372314.0
48	0.6	92.0	100663296.0	-0.5	0.0	1543127408.0	376464.0
48	0.6	93.0	100663296.0	-0.5	0.0	1559900462.0	380626.0
48	0.6	94.0	100663296.0	-0.5	0.0	1576673676.0	384628.0
48	0.6	95.0	100663296.0	-0.5	0.0	1593446786.0	388734.0
48	0.6	96.0	100663296.0	-0.5	0.0	1610219840.0	392896.0
48	0.6	97.0	100663296.0	-0.5	0.0	1626993017.0	396935.0
48	0.6	98.0	100663296.0	-0.5	0.0	1643766122.0	401046.0
48	0.6	99.0	100663296.0	-0.5	0.0	1660539361.0	405023.0
48	0.6	100.0	100663296.0	-0.5	0.0	1677312461.0	409139.0
49	0.55	1.0	100663296.0	-0.5	0.0	16773186.0	4030.0
49	0.55	2.0	100663296.0	-0.5	0.0	33546263.0	8169.0
49	0.55	3.0	100663296.0	-0.5	0.0	50319317.0	12331.0
49	0.55	4.0	100663296.0	-0.5	0.0	67092319.0	16545.0
49	0.55	5.0	100663296.0	-0.5	0.0	83865453.0	20627.0
49	0.55	6.0	100663296.0	-0.5	0.0	100638500.0	24796.0
49	0.55	7.0	100663296.0	-0.5	0.0	117411653.0	28859.0
49	0.55	8.0	100663296.0	-0.5	0.0	134184707.0	33021.0
49	0.55	9.0	100663296.0	-0.5	0.0	150957864.0	37080.0
49	0.55	10.0	100663296.0	-0.5	0.0	167730897.0	41263.0
49	0.55	11.0	100663296.0	-0.5	0.0	184504084.0	45292.0
49	0.55	12.0	100663296.0	-0.5	0.0	201277210.0	49382.0
49	0.55	13.0	100663296.0	-0.5	0.0	218050446.0	53362.0
49	0.55	14.0	100663296.0	-0.5	0.0	234823467.0	57557.0
49	0.55	15.0	100663296.0	-0.5	0.0	251596609.0	61631.0
49	0.55	16.0	100663296.0	-0.5	0.0	268369638.0	65818.0
49	0.55	17.0	100663296.0	-0.5	0.0	285142649.0	70023.0
49	0.55	18.0	100663296.0	-0.5	0.0	301915773.0	74115.0
49	0.55	19.0	100663296.0	-0.5	0.0	318688773.0	78331.0
49	0.55	20.0	100663296.0	-0.5	0.0	335461953.0	82367.0
49	0.55	21.0	100663296.0	-0.5	0.0	352235020.0	86516.0
49	0.55	22.0	100663296.0	-0.5	0.0	369008141.0	90611.0
49	0.55	23.0	100663296.0	-0.5	0.0	385781268.0	94700.0
49	0.55	24.0	100663296.0	-0.5	0.0	402554337.0	98847.0
49	0.55	25.0	100663296.0	-0.5	0.0	419327488.0	102912.0
49	0.55	26.0	100663296.0	-0.5	0.0	436100615.0	107001.0
49	0.55	27.0	100663296.0	-0.5	0.0	452873649.0	111183.0
49	0.55	28.0	100663296.0	-0.5	0.0	469646779.0	115269.0
49	0.55	29.0	100663296.0	-0.5	0.0	486419855.0	119409.0
49	0.55	30.0	100663296.0	-0.5	0.0	503192951.0	123529.0
49	0.55	31.0	100663296.0	-0.5	0.0	519966038.0	127658.0
49	0.55	32.0	100663296.0	-0.5	0.0	536739121.0	131791.0
49	0.55	33.0	100663296.0	-0.5	0.0	553512140.0	135988.0
49	0.55	34.0	100663296.0	-0.5	0.0	570285169.0	140175.0
49	0.55	35.0	100663296.0	-0.5	0.0	587058256.0	144304.0
49	0.55	36.0	100663296.0	-0.5	0.0	603831374.0	148402.0
49	0.55	37.0	100663296.0	-0.5	0.0	620604428.0	152564.0
49	0.55	38.0	100663296.0	-0.5	0.0	637377568.0	156640.0
49	0.55	39.0	100663296.0	-0.5	0.0	654150677.0	160747.0
49	0.55	40.0	100663296.0	-0.5	0.0	670923789.0	164851.0
49	0.55	41.0	100663296.0	-0.5	0.0	687697009.0	168847.0
49	0.55	42.0	100663296.0	-0.5	0.0	704470069.0	173003.0
49	0.55	43.0	100663296.0	-0.5	0.0	721243242.0	177046.0
49	0.55	44.0	100663296.0	-0.5	0.0	738016283.0	181221.0
49	0.55	45.0	100663296.0	-0.5	0.0	754789448.0	185272.0
49	0.55	46.0	100663296.0	-0.5	0.0	771562592.0	189344.0
49	0.55	47.0	100663296.0	-0.5	0.0	788335816.0	193336.0
49	0.55	48.0	100663296.0	-0.5	0.0	805108986.0	197382.0
49	0.55	49.0	100663296.0	-0.5	0.0	821882026.0	201558.0
49	0.55	50.0	100663296.0	-0.5	0.0	838655098.0	205702.0
49	0.55	51.0	100663296.0	-0.5	0.0	855428320.0	209696.0
49	0.55	52.0	100663296.0	-0.5	0.0	872201459.0	213773.0
49	0.55	53.0	100663296.0	-0.5	0.0	888974589.0	217859.0
49	0.55	54.0	100663296.0	-0.5	0.0	905747651.0	222013.0
49	0.55	55.0	100663296.0	-0.5	0.0	922520716.0	226164.0
49	0.55	56.0	100663296.0	-0.5	0.0	939293860.0	230236.0
49	0.55	57.0	100663296.0	-0.5	0.0	956067008.0	234304.0
49	0.55	58.0	100663296.0	-0.5	0.0	972840045.0	238483.0
49	0.55	59.0	100663296.0	-0.5	0.0	989613239.0	242505.0
49	0.55	60.0	100663296.0	-0.5	0.0	1006386329.0	246631.0
49	0.55	61.0	100663296.0	-0.5	0.0	1023159442.0	250734.0
49	0.55	62.0	100663296.0	-0.5	0.0	1039932452.0	254940.0
49	0.55	63.0	100663296.0	-0.5	0.0	1056705545.0	259063.0
49	0.55	64.0	100663296.0	-0.5	0.0	1073478721.0	263103.0
49	0.55	65.0	100663296.0	-0.5	0.0	1090251844.0	267196.0
49	0.55	66.0	100663296.0	-0.5	0.0	1107025073.0	271183.0
49	0.55	67.0	100663296.0	-0.5	0.0	1123798339.0	275133.0
49	0.55	68.0	100663296.0	-0.5	0.0	1140571478.0	279210.0
49	0.55	69.0	100663296.0	-0.5	0.0	1157344586.0	283318.0
49	0.55	70.0	100663296.0	-0.5	0.0	1174117717.0	287403.0
49	0.55	71.0	100663296.0	-0.5	0.0	1190890813.0	291523.0
49	0.55	72.0	100663296.0	-0.5	0.0	1207663832.0	295720.0
49	0.55	73.0	100663296.0	-0.5	0.0	1224437102.0	299666.0
49	0.55	74.0	100663296.0	-0.5	0.0	1241210185.0	303799.0
49	0.55	75.0	100663296.0	-0.5	0.0	1257983408.0	307792.0
49	0.55	76.0	100663296.0	-0.5	0.0	1274756584.0	311832.0
49	0.55	77.0	100663296.0	-0.5	0.0	1291529709.0	315923.0
49	0.55	78.0	100663296.0	-0.5	0.0	1308302935.0	319913.0
49	0.55	79.0	100663296.0	-0.5	0.0	1325076015.0	324049.0
49	0.55	80.0	100663296.0	-0.5	0.0	1341849072.0	328208.0
49	0.55	81.0	100663296.0	-0.5	0.0	1358622190.0	332306.0
49	0.55	82.0	100663296.0	-0.5	0.0	1375395369.0	336343.0
49	0.55	83.0	100663296.0	-0.5	0.0	1392168408.0	340520.0
49	0.55	84.0	100663296.0	-0.5	0.0	1408941546.0	344598.0
49	0.55	85.0	100663296.0	-0.5	0.0	1425714687.0	348673.0
49	0.55	86.0	100663296.0	-0.5	0.0	1442487654.0	352922.0
49	0.55	87.0	100663296.0	-0.5	0.0	1459260739.0	357053.0
49	0.55	88.0	100663296.0	-0.5	0.0	1476033787.0	361221.0
49	0.55	89.0	100663296.0	-0.5	0.0	1492806913.0	365311.0
49	0.55	90.0	100663296.0	-0.5	0.0	1509579992.0	369448.0
49	0.55	91.0	100663296.0	-0.5	0.0	1526353090.0	373566.0
49	0.55	92.0	100663296.0	-0.5	0.0	1543126145.0	377727.0
49	0.55	93.0	100663296.0	-0.5	0.0	1559899188.0	381900.0
49	0.55	94.0	100663296.0	-0.5	0.0	1576672297.0	386007.0
49	0.55	95.0	100663296.0	-0.5	0.0	1593445431.0	390089.0
49	0.55	96.0	100663296.0	-0.5	0.0	1610218572.0	394164.0
49	0.55	97.0	100663296.0	-0.5	0.0	1626991639.0	398313.0
49	0.55	98.0	100663296.0	-0.5	0.0	1643764632.0	402536.0
49	0.55	99.0	100663296.0	-0.5	0.0	1660537762.0	406622.0
49	0.55	100.0	100663296.0	-0.5	0.0	1677310929.0	410671.0
50	0.5	1.0	100663296.0	-0.5	0.0	16773135.0	4081.0
50	0.5	2.0	100663296.0	-0.5	0.0	33546187.0	8245.0
50	0.5	3.0	100663296.0	-0.5	0.0	50319280.0	12368.0
50	0.5	4.0	100663296.0	-0.5	0.0	67092302.0	16562.0
50	0.5	5.0	100663296.0	-0.5	0.0	83865397.0	20683.0
50	0.5	6.0	100663296.0	-0.5	0.0	100638423.0	24873.0
50	0.5	7.0	100663296.0	-0.5	0.0	117411481.0	29031.0
50	0.5	8.0	100663296.0	-0.5	0.0	134184632.0	33096.0
50	0.5	9.0	100663296.0	-0.5	0.0	150957805.0	37139.0
50	0.5	10.0	100663296.0	-0.5	0.0	167730871.0	41289.0
50	0.5	11.0	100663296.0	-0.5	0.0	184503997.0	45379.0
50	0.5	12.0	100663296.0	-0.5	0.0	201277170.0	49422.0
50	0.5	13.0	100663296.0	-0.5	0.0	218050257.0	53551.0
50	0.5	14.0	100663296.0	-0.5	0.0	234823414.0	57610.0
50	0.5	15.0	100663296.0	-0.5	0.0	251596583.0	61657.0
50	0.5	16.0	100663296.0	-0.5	0.0	268369616.0	65840.0
50	0.5	17.0	100663296.0	-0.5	0.0	285142748.0	69924.0
50	0.5	18.0	100663296.0	-0.5	0.0	301915830.0	74058.0
50	0.5	19.0	100663296.0	-0.5	0.0	318689001.0	78103.0
50	0.5	20.0	100663296.0	-0.5	0.0	335462258.0	82062.0
50	0.5	21.0	100663296.0	-0.5	0.0	352235478.0	86058.0
50	0.5	22.0	100663296.0	-0.5	0.0	369008630.0	90122.0
50	0.5	23.0	100663296.0	-0.5	0.0	385781682.0	94286.0
50	0.5	24.0	100663296.0	-0.5	0.0	402554793.0	98391.0
50	0.5	25.0	100663296.0	-0.5	0.0	419327901.0	102499.0
50	0.5	26.0	100663296.0	-0.5	0.0	436101025.0	106591.0
50	0.5	27.0	100663296.0	-0.5	0.0	452874189.0	110643.0
50	0.5	28.0	100663296.0	-0.5	0.0	469647299.0	114749.0
50	0.5	29.0	100663296.0	-0.5	0.0	486420415.0	118849.0
50	0.5	30.0	100663296.0	-0.5	0.0	503193575.0	122905.0
50	0.5	31.0	100663296.0	-0.5	0.0	519966674.0	127022.0
50	0.5	32.0	100663296.0	-0.5	0.0	536739859.0	131053.0
50	0.5	33.0	100663296.0	-0.5	0.0	553512992.0	135136.0
50	0.5	34.0	100663296.0	-0.5	0.0	570286103.0	139241.0
50	0.5	35.0	100663296.0	-0.5	0.0	587059213.0	143347.0
50	0.5	36.0	100663296.0	-0.5	0.0	603832220.0	147556.0
50	0.5	37.0	100663296.0	-0.5	0.0	620605415.0	151577.0
50	0.5	38.0	100663296.0	-0.5	0.0	637378504.0	155704.0
50	0.5	39.0	100663296.0	-0.5	0.0	654151658.0	159766.0
50	0.5	40.0	100663296.0	-0.5	0.0	670924736.0	163904.0
50	0.5	41.0	100663296.0	-0.5	0.0	687697861.0	167995.0
50	0.5	42.0	100663296.0	-0.5	0.0	704470908.0	172164.0
50	0.5	43.0	100663296.0	-0.5	0.0	721244033.0	176255.0
50	0.5	44.0	100663296.0	-0.5	0.0	738017282.0	180222.0
50	0.5	45.0	100663296.0	-0.5	0.0	754790428.0	184292.0
50	0.5	46.0	100663296.0	-0.5	0.0	771563690.0	188246.0
50	0.5	47.0	100663296.0	-0.5	0.0	788336826.0	192326.0
50	0.5	48.0	100663296.0	-0.5	0.0	805110059.0	196309.0
50	0.5	49.0	100663296.0	-0.5	0.0	821883159.0	200425.0
50	0.5	50.0	100663296.0	-0.5	0.0	838656340.0	204460.0
50	0.5	51.0	100663296.0	-0.5	0.0	855429465.0	208551.0
50	0.5	52.0	100663296.0	-0.5	0.0	872202437.0	212795.0
50	0.5	53.0	100663296.0	-0.5	0.0	888975484.0	216964.0
50	0.5	54.0	100663296.0	-0.5	0.0	905748511.0	221153.0
50	0.5	55.0	100663296.0	-0.5	0.0	922521612.0	225268.0
50	0.5	56.0	100663296.0	-0.5	0.0	939294682.0	229414.0
50	0.5	57.0	100663296.0	-0.5	0.0	956067853.0	233459.0
50	0.5	58.0	100663296.0	-0.5	0.0	972840981.0	237547.0
50	0.5	59.0	100663296.0	-0.5	0.0	989614032.0	241712.0
50	0.5	60.0	100663296.0	-0.5	0.0	1006387155.0	245805.0
50	0.5	61.0	100663296.0	-0.5	0.0	1023160242.0	249934.0
50	0.5	62.0	100663296.0	-0.5	0.0	1039933434.0	253958.0
50	0.5	63.0	100663296.0	-0.5	0.0	1056706506.0	258102.0
50	0.5	64.0	100663296.0	-0.5	0.0	1073479763.0	262061.0
50	0.5	65.0	100663296.0	-0.5	0.0	1090252962.0	266078.0
50	0.5	66.0	100663296.0	-0.5	0.0	1107026055.0	270201.0
50	0.5	67.0	100663296.0	-0.5	0.0	1123799127.0	274345.0
50	0.5	68.0	100663296.0	-0.5	0.0	1140572120.0	278568.0
50	0.5	69.0	100663296.0	-0.5	0.0	1157345327.0	282577.0
50	0.5	70.0	100663296.0	-0.5	0.0	1174118419.0	286701.0
50	0.5	71.0	100663296.0	-0.5	0.0	1190891655.0	290681.0
50	0.5	72.0	100663296.0	-0.5	0.0	1207664668.0	294884.0
50	0.5	73.0	100663296.0	-0.5	0.0	1224437739.0	299029.0
50	0.5	74.0	100663296.0	-0.5	0.0	1241210966.0	303018.0
50	0.5	75.0	100663296.0	-0.5	0.0	1257984071.0	307129.0
50	0.5	76.0	100663296.0	-0.5	0.0	1274757225.0	311191.0
50	0.5	77.0	100663296.0	-0.5	0.0	1291530328.0	315304.0
50	0.5	78.0	100663296.0	-0.5	0.0	1308303403.0	319445.0
50	0.5	79.0	100663296.0	-0.5	0.0	1325076426.0	323638.0
50	0.5	80.0	100663296.0	-0.5	0.0	1341849636.0	327644.0
50	0.5	81.0	100663296.0	-0.5	0.0	1358622694.0	331802.0
50	0.5	82.0	100663296.0	-0.5	0.0	1375395751.0	335961.0
50	0.5	83.0	100663296.0	-0.5	0.0	1392168898.0	340030.0
50	0.5	84.0	100663296.0	-0.5	0.0	1408942114.0	344030.0
50	0.5	85.0	100663296.0	-0.5	0.0	1425715201.0	348159.0
50	0.5	86.0	100663296.0	-0.5	0.0	1442488345.0	352231.0
50	0.5	87.0	100663296.0	-0.5	0.0	1459261383.0	356409.0
50	0.5	88.0	100663296.0	-0.5	0.0	1476034415.0	360593.0
50	0.5	89.0	100663296.0	-0.5	0.0	1492807446.0	364778.0
50	0.5	90.0	100663296.0	-0.5	0.0	1509580573.0	368867.0
50	0.5	91.0	100663296.0	-0.5	0.0	1526353735.0	372921.0
50	0.5	92.0	100663296.0	-0.5	0.0	1543126931.0	376941.0
50	0.5	93.0	100663296.0	-0.5	0.0	1559900106.0	380982.0
50	0.5	94.0	100663296.0	-0.5	0.0	1576673291.0	385013.0
50	0.5	95.0	100663296.0	-0.5	0.0	1593446436.0	389084.0
50	0.5	96.0	100663296.0	-0.5	0.0	1610219627.0	393109.0
50	0.5	97.0	100663296.0	-0.5	0.0	1626992737.0	397215.0
50	0.5	98.0	100663296.0	-0.5	0.0	1643765793.0	401375.0
50	0.5	99.0	100663296.0	-0.5	0.0	1660538933.0	405451.0
50	0.5	100.0	100663296.0	-0.5	0.0	1677312073.0	409527.0
51	0.45	1.0	100663296.0	-0.5	0.0	16773073.0	4143.0
51	0.45	2.0	100663296.0	-0.5	0.0	33546224.0	8208.0
51	0.45	3.0	100663296.0	-0.5	0.0	50319427.0	12221.0
51	0.45	4.0	100663296.0	-0.5	0.0	67092606.0	16258.0
51	0.45	5.0	100663296.0	-0.5	0.0	83865742.0	20338.0
51	0.45	6.0	100663296.0	-0.5	0.0	100638843.0	24453.0
51	0.45	7.0	100663296.0	-0.5	0.0	117411912.0	28600.0
51	0.45	8.0	100663296.0	-0.5	0.0	134185176.0	32552.0
51	0.45	9.0	100663296.0	-0.5	0.0	150958270.0	36674.0
51	0.45	10.0	100663296.0	-0.5	0.0	167731362.0	40798.0
51	0.45	11.0	100663296.0	-0.5	0.0	184504417.0	44959.0
51	0.45	12.0	100663296.0	-0.5	0.0	201277592.0	49000.0
51	0.45	13.0	100663296.0	-0.5	0.0	218050839.0	52969.0
51	0.45	14.0	100663296.0	-0.5	0.0	234823954.0	57070.0
51	0.45	15.0	100663296.0	-0.5	0.0	251596985.0	61255.0
51	0.45	16.0	100663296.0	-0.5	0.0	268370188.0	65268.0
51	0.45	17.0	100663296.0	-0.5	0.0	285143209.0	69463.0
51	0.45	18.0	100663296.0	-0.5	0.0	301916335.0	73553.0
51	0.45	19.0	100663296.0	-0.5	0.0	318689365.0	77739.0
51	0.45	20.0	100663296.0	-0.5	0.0	335462490.0	81830.0
51	0.45	21.0	100663296.0	-0.5	0.0	352235623.0	85913.0
51	0.45	22.0	100663296.0	-0.5	0.0	369008755.0	89997.0
51	0.45	23.0	100663296.0	-0.5	0.0	385781864.0	94104.0
51	0.45	24.0	100663296.0	-0.5	0.0	402554990.0	98194.0
51	0.45	25.0	100663296.0	-0.5	0.0	419328121.0	102279.0
51	0.45	26.0	100663296.0	-0.5	0.0	436101243.0	106373.0
51	0.45	27.0	100663296.0	-0.5	0.0	452874410.0	110422.0
51	0.45	28.0	100663296.0	-0.5	0.0	469647577.0	114471.0
51	0.45	29.0	100663296.0	-0.5	0.0	486420752.0	118512.0
51	0.45	30.0	100663296.0	-0.5	0.0	503193819.0	122661.0
51	0.45	31.0	100663296.0	-0.5	0.0	519966929.0	126767.0
51	0.45	32.0	100663296.0	-0.5	0.0	536739982.0	130930.0
51	0.45	33.0	100663296.0	-0.5	0.0	553513176.0	134952.0
51	0.45	34.0	100663296.0	-0.5	0.0	570286370.0	138974.0
51	0.45	35.0	100663296.0	-0.5	0.0	587059438.0	143122.0
51	0.45	36.0	100663296.0	-0.5	0.0	603832551.0	147225.0
51	0.45	37.0	100663296.0	-0.5	0.0	620605580.0	151412.0
51	0.45	38.0	100663296.0	-0.5	0.0	637378653.0	155555.0
51	0.45	39.0	100663296.0	-0.5	0.0	654151738.0	159686.0
51	0.45	40.0	100663296.0	-0.5	0.0	670924875.0	163765.0
51	0.45	41.0	100663296.0	-0.5	0.0	687697931.0	167925.0
51	0.45	42.0	100663296.0	-0.5	0.0	704471053.0	172019.0
51	0.45	43.0	100663296.0	-0.5	0.0	721244197.0	176091.0
51	0.45	44.0	100663296.0	-0.5	0.0	738017202.0	180302.0
51	0.45	45.0	100663296.0	-0.5	0.0	754790359.0	184361.0
51	0.45	46.0	100663296.0	-0.5	0.0	771563399.0	188537.0
51	0.45	47.0	100663296.0	-0.5	0.0	788336541.0	192611.0
51	0.45	48.0	100663296.0	-0.5	0.0	805109745.0	196623.0
51	0.45	49.0	100663296.0	-0.5	0.0	821882819.0	200765.0
51	0.45	50.0	100663296.0	-0.5	0.0	838655868.0	204932.0
51	0.45	51.0	100663296.0	-0.5	0.0	855428976.0	209040.0
51	0.45	52.0	100663296.0	-0.5	0.0	872202084.0	213148.0
51	0.45	53.0	100663296.0	-0.5	0.0	888975122.0	217326.0
51	0.45	54.0	100663296.0	-0.5	0.0	905748233.0	221431.0
51	0.45	55.0	100663296.0	-0.5	0.0	922521419.0	225461.0
51	0.45	56.0	100663296.0	-0.5	0.0	939294418.0	229678.0
51	0.45	57.0	100663296.0	-0.5	0.0	956067502.0	233810.0
51	0.45	58.0	100663296.0	-0.5	0.0	972840643.0	237885.0
51	0.45	59.0	100663296.0	-0.5	0.0	989613674.0	242070.0
51	0.45	60.0	100663296.0	-0.5	0.0	1006386759.0	246201.0
51	0.45	61.0	100663296.0	-0.5	0.0	1023159958.0	250218.0
51	0.45	62.0	100663296.0	-0.5	0.0	1039933165.0	254227.0
51	0.45	63.0	100663296.0	-0.5	0.0	1056706318.0	258290.0
51	0.45	64.0	100663296.0	-0.5	0.0	1073479472.0	262352.0
51	0.45	65.0	100663296.0	-0.5	0.0	1090252667.0	266373.0
51	0.45	66.0	100663296.0	-0.5	0.0	1107025722.0	270534.0
51	0.45	67.0	100663296.0	-0.5	0.0	1123798872.0	274600.0
51	0.45	68.0	100663296.0	-0.5	0.0	1140572017.0	278671.0
51	0.45	69.0	100663296.0	-0.5	0.0	1157345023.0	282881.0
51	0.45	70.0	100663296.0	-0.5	0.0	1174118137.0	286983.0
51	0.45	71.0	100663296.0	-0.5	0.0	1190891152.0	291184.0
51	0.45	72.0	100663296.0	-0.5	0.0	1207664307.0	295245.0
51	0.45	73.0	100663296.0	-0.5	0.0	1224437390.0	299378.0
51	0.45	74.0	100663296.0	-0.5	0.0	1241210492.0	303492.0
51	0.45	75.0	100663296.0	-0.5	0.0	1257983618.0	307582.0
51	0.45	76.0	100663296.0	-0.5	0.0	1274756798.0	311618.0
51	0.45	77.0	100663296.0	-0.5	0.0	1291529960.0	315672.0
51	0.45	78.0	100663296.0	-0.5	0.0	1308303167.0	319681.0
51	0.45	79.0	100663296.0	-0.5	0.0	1325076163.0	323901.0
51	0.45	80.0	100663296.0	-0.5	0.0	1341849258.0	328022.0
51	0.45	81.0	100663296.0	-0.5	0.0	1358622362.0	332134.0
51	0.45	82.0	100663296.0	-0.5	0.0	1375395567.0	336145.0
51	0.45	83.0	100663296.0	-0.5	0.0	1392168698.0	340230.0
51	0.45	84.0	100663296.0	-0.5	0.0	1408941828.0	344316.0
51	0.45	85.0	100663296.0	-0.5	0.0	1425714911.0	348449.0
51	0.45	86.0	100663296.0	-0.5	0.0	1442487952.0	352624.0
51	0.45	87.0	100663296.0	-0.5	0.0	1459260998.0	356794.0
51	0.45	88.0	100663296.0	-0.5	0.0	1476034087.0	360921.0
51	0.45	89.0	100663296.0	-0.5	0.0	1492807259.0	364965.0
51	0.45	90.0	100663296.0	-0.5	0.0	1509580352.0	369088.0
51	0.45	91.0	100663296.0	-0.5	0.0	1526353416.0	373240.0
51	0.45	92.0	100663296.0	-0.5	0.0	1543126520.0	377352.0
51	0.45	93.0	100663296.0	-0.5	0.0	1559899671.0	381417.0
51	0.45	94.0	100663296.0	-0.5	0.0	1576672699.0	385605.0
51	0.45	95.0	100663296.0	-0.5	0.0	1593445883.0	389637.0
51	0.45	96.0	100663296.0	-0.5	0.0	1610219024.0	393712.0
51	0.45	97.0	100663296.0	-0.5	0.0	1626992099.0	397853.0
51	0.45	98.0	100663296.0	-0.5	0.0	1643765202.0	401966.0
51	0.45	99.0	100663296.0	-0.5	0.0	1660538387.0	405997.0
51	0.45	100.0	100663296.0	-0.5	0.0	1677311438.0	410162.0
52	0.4	1.0	100663296.0	-0.5	0.0	16773054.0	4162.0
52	0.4	2.0	100663296.0	-0.5	0.0	33546143.0	8289.0
52	0.4	3.0	100663296.0	-0.5	0.0	50319220.0	12428.0
52	0.4	4.0	100663296.0	-0.5	0.0	67092397.0	16467.0
52	0.4	5.0	100663296.0	-0.5	0.0	83865532.0	20548.0
52	0.4	6.0	100663296.0	-0.5	0.0	100638672.0	24624.0
52	0.4	7.0	100663296.0	-0.5	0.0	117411811.0	28701.0
52	0.4	8.0	100663296.0	-0.5	0.0	134184985.0	32743.0
52	0.4	9.0	100663296.0	-0.5	0.0	150958049.0	36895.0
52	0.4	10.0	100663296.0	-0.5	0.0	167731185.0	40975.0
52	0.4	11.0	100663296.0	-0.5	0.0	184504260.0	45116.0
52	0.4	12.0	100663296.0	-0.5	0.0	201277316.0	49276.0
52	0.4	13.0	100663296.0	-0.5	0.0	218050421.0	53387.0
52	0.4	14.0	100663296.0	-0.5	0.0	234823421.0	57603.0
52	0.4	15.0	100663296.0	-0.5	0.0	251596542.0	61698.0
52	0.4	16.0	100663296.0	-0.5	0.0	268369714.0	65742.0
52	0.4	17.0	100663296.0	-0.5	0.0	285142909.0	69763.0
52	0.4	18.0	100663296.0	-0.5	0.0	301915999.0	73889.0
52	0.4	19.0	100663296.0	-0.5	0.0	318689083.0	78021.0
52	0.4	20.0	100663296.0	-0.5	0.0	335462256.0	82064.0
52	0.4	21.0	100663296.0	-0.5	0.0	352235517.0	86019.0
52	0.4	22.0	100663296.0	-0.5	0.0	369008690.0	90062.0
52	0.4	23.0	100663296.0	-0.5	0.0	385781794.0	94174.0
52	0.4	24.0	100663296.0	-0.5	0.0	402554765.0	98419.0
52	0.4	25.0	100663296.0	-0.5	0.0	419327904.0	102496.0
52	0.4	26.0	100663296.0	-0.5	0.0	436101059.0	106557.0
52	0.4	27.0	100663296.0	-0.5	0.0	452874251.0	110581.0
52	0.4	28.0	100663296.0	-0.5	0.0	469647299.0	114749.0
52	0.4	29.0	100663296.0	-0.5	0.0	486420405.0	118859.0
52	0.4	30.0	100663296.0	-0.5	0.0	503193617.0	122863.0
52	0.4	31.0	100663296.0	-0.5	0.0	519966734.0	126962.0
52	0.4	32.0	100663296.0	-0.5	0.0	536739880.0	131032.0
52	0.4	33.0	100663296.0	-0.5	0.0	553512903.0	135225.0
52	0.4	34.0	100663296.0	-0.5	0.0	570286026.0	139318.0
52	0.4	35.0	100663296.0	-0.5	0.0	587059216.0	143344.0
52	0.4	36.0	100663296.0	-0.5	0.0	603832234.0	147542.0
52	0.4	37.0	100663296.0	-0.5	0.0	620605288.0	151704.0
52	0.4	38.0	100663296.0	-0.5	0.0	637378405.0	155803.0
52	0.4	39.0	100663296.0	-0.5	0.0	654151433.0	159991.0
52	0.4	40.0	100663296.0	-0.5	0.0	670924498.0	164142.0
52	0.4	41.0	100663296.0	-0.5	0.0	687697612.0	168244.0
52	0.4	42.0	100663296.0	-0.5	0.0	704470692.0	172380.0
52	0.4	43.0	100663296.0	-0.5	0.0	721243868.0	176420.0
52	0.4	44.0	100663296.0	-0.5	0.0	738017013.0	180491.0
52	0.4	45.0	100663296.0	-0.5	0.0	754790192.0	184528.0
52	0.4	46.0	100663296.0	-0.5	0.0	771563216.0	188720.0
52	0.4	47.0	100663296.0	-0.5	0.0	788336222.0	192930.0
52	0.4	48.0	100663296.0	-0.5	0.0	805109335.0	197033.0
52	0.4	49.0	100663296.0	-0.5	0.0	821882506.0	201078.0
52	0.4	50.0	100663296.0	-0.5	0.0	838655574.0	205226.0
52	0.4	51.0	100663296.0	-0.5	0.0	855428624.0	209392.0
52	0.4	52.0	100663296.0	-0.5	0.0	872201716.0	213516.0
52	0.4	53.0	100663296.0	-0.5	0.0	888974862.0	217586.0
52	0.4	54.0	100663296.0	-0.5	0.0	905747885.0	221779.0
52	0.4	55.0	100663296.0	-0.5	0.0	922520902.0	225978.0
52	0.4	56.0	100663296.0	-0.5	0.0	939294051.0	230045.0
52	0.4	57.0	100663296.0	-0.5	0.0	956067227.0	234085.0
52	0.4	58.0	100663296.0	-0.5	0.0	972840272.0	238256.0
52	0.4	59.0	100663296.0	-0.5	0.0	989613338.0	242406.0
52	0.4	60.0	100663296.0	-0.5	0.0	1006386314.0	246646.0
52	0.4	61.0	100663296.0	-0.5	0.0	1023159368.0	250808.0
52	0.4	62.0	100663296.0	-0.5	0.0	1039932538.0	254854.0
52	0.4	63.0	100663296.0	-0.5	0.0	1056705617.0	258991.0
52	0.4	64.0	100663296.0	-0.5	0.0	1073478791.0	263033.0
52	0.4	65.0	100663296.0	-0.5	0.0	1090251813.0	267227.0
52	0.4	66.0	100663296.0	-0.5	0.0	1107025061.0	271195.0
52	0.4	67.0	100663296.0	-0.5	0.0	1123798118.0	275354.0
52	0.4	68.0	100663296.0	-0.5	0.0	1140571326.0	279362.0
52	0.4	69.0	100663296.0	-0.5	0.0	1157344409.0	283495.0
52	0.4	70.0	100663296.0	-0.5	0.0	1174117598.0	287522.0
52	0.4	71.0	100663296.0	-0.5	0.0	1190890767.0	291569.0
52	0.4	72.0	100663296.0	-0.5	0.0	1207663821.0	295731.0
52	0.4	73.0	100663296.0	-0.5	0.0	1224436902.0	299866.0
52	0.4	74.0	100663296.0	-0.5	0.0	1241210091.0	303893.0
52	0.4	75.0	100663296.0	-0.5	0.0	1257983212.0	307988.0
52	0.4	76.0	100663296.0	-0.5	0.0	1274756334.0	312082.0
52	0.4	77.0	100663296.0	-0.5	0.0	1291529478.0	316154.0
52	0.4	78.0	100663296.0	-0.5	0.0	1308302488.0	320360.0
52	0.4	79.0	100663296.0	-0.5	0.0	1325075583.0	324481.0
52	0.4	80.0	100663296.0	-0.5	0.0	1341848573.0	328707.0
52	0.4	81.0	100663296.0	-0.5	0.0	1358621769.0	332727.0
52	0.4	82.0	100663296.0	-0.5	0.0	1375394945.0	336767.0
52	0.4	83.0	100663296.0	-0.5	0.0	1392168040.0	340888.0
52	0.4	84.0	100663296.0	-0.5	0.0	1408941215.0	344929.0
52	0.4	85.0	100663296.0	-0.5	0.0	1425714378.0	348982.0
52	0.4	86.0	100663296.0	-0.5	0.0	1442487560.0	353016.0
52	0.4	87.0	100663296.0	-0.5	0.0	1459260715.0	357077.0
52	0.4	88.0	100663296.0	-0.5	0.0	1476033741.0	361267.0
52	0.4	89.0	100663296.0	-0.5	0.0	1492806871.0	365353.0
52	0.4	90.0	100663296.0	-0.5	0.0	1509580066.0	369374.0
52	0.4	91.0	100663296.0	-0.5	0.0	1526353210.0	373446.0
52	0.4	92.0	100663296.0	-0.5	0.0	1543126331.0	377541.0
52	0.4	93.0	100663296.0	-0.5	0.0	1559899411.0	381677.0
52	0.4	94.0	100663296.0	-0.5	0.0	1576672530.0	385774.0
52	0.4	95.0	100663296.0	-0.5	0.0	1593445589.0	389931.0
52	0.4	96.0	100663296.0	-0.5	0.0	1610218674.0	394062.0
52	0.4	97.0	100663296.0	-0.5	0.0	1626991665.0	398287.0
52	0.4	98.0	100663296.0	-0.5	0.0	1643764868.0	402300.0
52	0.4	99.0	100663296.0	-0.5	0.0	1660538037.0	406347.0
52	0.4	100.0	100663296.0	-0.5	0.0	1677311142.0	410458.0
53	0.35	1.0	100663296.0	-0.5	0.0	16773091.0	4125.0
53	0.35	2.0	100663296.0	-0.5	0.0	33546315.0	8117.0
53	0.35	3.0	100663296.0	-0.5	0.0	50319536.0	12112.0
53	0.35	4.0	100663296.0	-0.5	0.0	67092727.0	16137.0
53	0.35	5.0	100663296.0	-0.5	0.0	83865846.0	20234.0
53	0.35	6.0	100663296.0	-0.5	0.0	100639044.0	24252.0
53	0.35	7.0	100663296.0	-0.5	0.0	117412095.0	28417.0
53	0.35	8.0	100663296.0	-0.5	0.0	134185261.0	32467.0
53	0.35	9.0	100663296.0	-0.5	0.0	150958370.0	36574.0
53	0.35	10.0	100663296.0	-0.5	0.0	167731479.0	40681.0
53	0.35	11.0	100663296.0	-0.5	0.0	184504688.0	44688.0
53	0.35	12.0	100663296.0	-0.5	0.0	201277863.0	48729.0
53	0.35	13.0	100663296.0	-0.5	0.0	218050810.0	52998.0
53	0.35	14.0	100663296.0	-0.5	0.0	234823971.0	57053.0
53	0.35	15.0	100663296.0	-0.5	0.0	251596980.0	61260.0
53	0.35	16.0	100663296.0	-0.5	0.0	268370060.0	65396.0
53	0.35	17.0	100663296.0	-0.5	0.0	285143259.0	69413.0
53	0.35	18.0	100663296.0	-0.5	0.0	301916465.0	73423.0
53	0.35	19.0	100663296.0	-0.5	0.0	318689632.0	77472.0
53	0.35	20.0	100663296.0	-0.5	0.0	335462843.0	81477.0
53	0.35	21.0	100663296.0	-0.5	0.0	352236025.0	85511.0
53	0.35	22.0	100663296.0	-0.5	0.0	369009081.0	89671.0
53	0.35	23.0	100663296.0	-0.5	0.0	385782149.0	93819.0
53	0.35	24.0	100663296.0	-0.5	0.0	402555300.0	97884.0
53	0.35	25.0	100663296.0	-0.5	0.0	419328511.0	101889.0
53	0.35	26.0	100663296.0	-0.5	0.0	436101653.0	105963.0
53	0.35	27.0	100663296.0	-0.5	0.0	452874857.0	109975.0
53	0.35	28.0	100663296.0	-0.5	0.0	469648003.0	114045.0
53	0.35	29.0	100663296.0	-0.5	0.0	486421215.0	118049.0
53	0.35	30.0	100663296.0	-0.5	0.0	503194297.0	122183.0
53	0.35	31.0	100663296.0	-0.5	0.0	519967469.0	126227.0
53	0.35	32.0	100663296.0	-0.5	0.0	536740677.0	130235.0
53	0.35	33.0	100663296.0	-0.5	0.0	553513682.0	134446.0
53	0.35	34.0	100663296.0	-0.5	0.0	570286884.0	138460.0
53	0.35	35.0	100663296.0	-0.5	0.0	587059924.0	142636.0
53	0.35	36.0	100663296.0	-0.5	0.0	603832990.0	146786.0
53	0.35	37.0	100663296.0	-0.5	0.0	620606092.0	150900.0
53	0.35	38.0	100663296.0	-0.5	0.0	637379187.0	155021.0
53	0.35	39.0	100663296.0	-0.5	0.0	654152222.0	159202.0
53	0.35	40.0	100663296.0	-0.5	0.0	670925452.0	163188.0
53	0.35	41.0	100663296.0	-0.5	0.0	687698484.0	167372.0
53	0.35	42.0	100663296.0	-0.5	0.0	704471632.0	171440.0
53	0.35	43.0	100663296.0	-0.5	0.0	721244676.0	175612.0
53	0.35	44.0	100663296.0	-0.5	0.0	738017786.0	179718.0
53	0.35	45.0	100663296.0	-0.5	0.0	754790875.0	183845.0
53	0.35	46.0	100663296.0	-0.5	0.0	771564042.0	187894.0
53	0.35	47.0	100663296.0	-0.5	0.0	788337173.0	191979.0
53	0.35	48.0	100663296.0	-0.5	0.0	805110348.0	196020.0
53	0.35	49.0	100663296.0	-0.5	0.0	821883582.0	200002.0
53	0.35	50.0	100663296.0	-0.5	0.0	838656659.0	204141.0
53	0.35	51.0	100663296.0	-0.5	0.0	855429841.0	208175.0
53	0.35	52.0	100663296.0	-0.5	0.0	872203060.0	212172.0
53	0.35	53.0	100663296.0	-0.5	0.0	888976198.0	216250.0
53	0.35	54.0	100663296.0	-0.5	0.0	905749343.0	220321.0
53	0.35	55.0	100663296.0	-0.5	0.0	922522297.0	224583.0
53	0.35	56.0	100663296.0	-0.5	0.0	939295464.0	228632.0
53	0.35	57.0	100663296.0	-0.5	0.0	956068575.0	232737.0
53	0.35	58.0	100663296.0	-0.5	0.0	972841759.0	236769.0
53	0.35	59.0	100663296.0	-0.5	0.0	989614840.0	240904.0
53	0.35	60.0	100663296.0	-0.5	0.0	1006387981.0	244979.0
53	0.35	61.0	100663296.0	-0.5	0.0	1023161089.0	249087.0
53	0.35	62.0	100663296.0	-0.5	0.0	1039934252.0	253140.0
53	0.35	63.0	100663296.0	-0.5	0.0	1056707304.0	257304.0
53	0.35	64.0	100663296.0	-0.5	0.0	1073480368.0	261456.0
53	0.35	65.0	100663296.0	-0.5	0.0	1090253487.0	265553.0
53	0.35	66.0	100663296.0	-0.5	0.0	1107026654.0	269602.0
53	0.35	67.0	100663296.0	-0.5	0.0	1123799775.0	273697.0
53	0.35	68.0	100663296.0	-0.5	0.0	1140572962.0	277726.0
53	0.35	69.0	100663296.0	-0.5	0.0	1157346024.0	281880.0
53	0.35	70.0	100663296.0	-0.5	0.0	1174119313.0	285807.0
53	0.35	71.0	100663296.0	-0.5	0.0	1190892395.0	289941.0
53	0.35	72.0	100663296.0	-0.5	0.0	1207665470.0	294082.0
53	0.35	73.0	100663296.0	-0.5	0.0	1224438640.0	298128.0
53	0.35	74.0	100663296.0	-0.5	0.0	1241211778.0	302206.0
53	0.35	75.0	100663296.0	-0.5	0.0	1257984899.0	306301.0
53	0.35	76.0	100663296.0	-0.5	0.0	1274758035.0	310381.0
53	0.35	77.0	100663296.0	-0.5	0.0	1291531092.0	314540.0
53	0.35	78.0	100663296.0	-0.5	0.0	1308304245.0	318603.0
53	0.35	79.0	100663296.0	-0.5	0.0	1325077351.0	322713.0
53	0.35	80.0	100663296.0	-0.5	0.0	1341850440.0	326840.0
53	0.35	81.0	100663296.0	-0.5	0.0	1358623526.0	330970.0
53	0.35	82.0	100663296.0	-0.5	0.0	1375396575.0	335137.0
53	0.35	83.0	100663296.0	-0.5	0.0	1392169701.0	339227.0
53	0.35	84.0	100663296.0	-0.5	0.0	1408942763.0	343381.0
53	0.35	85.0	100663296.0	-0.5	0.0	1425715771.0	347589.0
53	0.35	86.0	100663296.0	-0.5	0.0	1442488893.0	351683.0
53	0.35	87.0	100663296.0	-0.5	0.0	1459261988.0	355804.0
53	0.35	88.0	100663296.0	-0.5	0.0	1476035157.0	359851.0
53	0.35	89.0	100663296.0	-0.5	0.0	1492808243.0	363981.0
53	0.35	90.0	100663296.0	-0.5	0.0	1509581338.0	368102.0
53	0.35	91.0	100663296.0	-0.5	0.0	1526354331.0	372325.0
53	0.35	92.0	100663296.0	-0.5	0.0	1543127516.0	376356.0
53	0.35	93.0	100663296.0	-0.5	0.0	1559900613.0	380475.0
53	0.35	94.0	100663296.0	-0.5	0.0	1576673674.0	384630.0
53	0.35	95.0	100663296.0	-0.5	0.0	1593446873.0	388647.0
53	0.35	96.0	100663296.0	-0.5	0.0	1610220002.0	392734.0
53	0.35	97.0	100663296.0	-0.5	0.0	1626993178.0	396774.0
53	0.35	98.0	100663296.0	-0.5	0.0	1643766332.0	400836.0
53	0.35	99.0	100663296.0	-0.5	0.0	1660539393.0	404991.0
53	0.35	100.0	100663296.0	-0.5	0.0	1677312591.0	409009.0
54	0.3	1.0	100663296.0	-0.5	0.0	16772978.0	4238.0
54	0.3	2.0	100663296.0	-0.5	0.0	33546012.0	8420.0
54	0.3	3.0	100663296.0	-0.5	0.0	50319146.0	12502.0
54	0.3	4.0	100663296.0	-0.5	0.0	67092328.0	16536.0
54	0.3	5.0	100663296.0	-0.5	0.0	83865436.0	20644.0
54	0.3	6.0	100663296.0	-0.5	0.0	100638634.0	24662.0
54	0.3	7.0	100663296.0	-0.5	0.0	117411797.0	28715.0
54	0.3	8.0	100663296.0	-0.5	0.0	134184867.0	32861.0
54	0.3	9.0	100663296.0	-0.5	0.0	150957999.0	36945.0
54	0.3	10.0	100663296.0	-0.5	0.0	167731070.0	41090.0
54	0.3	11.0	100663296.0	-0.5	0.0	184504113.0	45263.0
54	0.3	12.0	100663296.0	-0.5	0.0	201277130.0	49462.0
54	0.3	13.0	100663296.0	-0.5	0.0	218050362.0	53446.0
54	0.3	14.0	100663296.0	-0.5	0.0	234823467.0	57557.0
54	0.3	15.0	100663296.0	-0.5	0.0	251596592.0	61648.0
54	0.3	16.0	100663296.0	-0.5	0.0	268369764.0	65692.0
54	0.3	17.0	100663296.0	-0.5	0.0	285142879.0	69793.0
54	0.3	18.0	100663296.0	-0.5	0.0	301916024.0	73864.0
54	0.3	19.0	100663296.0	-0.5	0.0	318689138.0	77966.0
54	0.3	20.0	100663296.0	-0.5	0.0	335462195.0	82125.0
54	0.3	21.0	100663296.0	-0.5	0.0	352235323.0	86213.0
54	0.3	22.0	100663296.0	-0.5	0.0	369008416.0	90336.0
54	0.3	23.0	100663296.0	-0.5	0.0	385781514.0	94454.0
54	0.3	24.0	100663296.0	-0.5	0.0	402554625.0	98559.0
54	0.3	25.0	100663296.0	-0.5	0.0	419327651.0	102749.0
54	0.3	26.0	100663296.0	-0.5	0.0	436100691.0	106925.0
54	0.3	27.0	100663296.0	-0.5	0.0	452873818.0	111014.0
54	0.3	28.0	100663296.0	-0.5	0.0	469646922.0	115126.0
54	0.3	29.0	100663296.0	-0.5	0.0	486420042.0	119222.0
54	0.3	30.0	100663296.0	-0.5	0.0	503193151.0	123329.0
54	0.3	31.0	100663296.0	-0.5	0.0	519966281.0	127415.0
54	0.3	32.0	100663296.0	-0.5	0.0	536739411.0	131501.0
54	0.3	33.0	100663296.0	-0.5	0.0	553512660.0	135468.0
54	0.3	34.0	100663296.0	-0.5	0.0	570285818.0	139526.0
54	0.3	35.0	100663296.0	-0.5	0.0	587059024.0	143536.0
54	0.3	36.0	100663296.0	-0.5	0.0	603832176.0	147600.0
54	0.3	37.0	100663296.0	-0.5	0.0	620605298.0	151694.0
54	0.3	38.0	100663296.0	-0.5	0.0	637378343.0	155865.0
54	0.3	39.0	100663296.0	-0.5	0.0	654151442.0	159982.0
54	0.3	40.0	100663296.0	-0.5	0.0	670924483.0	164157.0
54	0.3	41.0	100663296.0	-0.5	0.0	687697590.0	168266.0
54	0.3	42.0	100663296.0	-0.5	0.0	704470627.0	172445.0
54	0.3	43.0	100663296.0	-0.5	0.0	721243652.0	176636.0
54	0.3	44.0	100663296.0	-0.5	0.0	738016727.0	180777.0
54	0.3	45.0	100663296.0	-0.5	0.0	754789828.0	184892.0
54	0.3	46.0	100663296.0	-0.5	0.0	771562865.0	189071.0
54	0.3	47.0	100663296.0	-0.5	0.0	788336124.0	193028.0
54	0.3	48.0	100663296.0	-0.5	0.0	805109165.0	197203.0
54	0.3	49.0	100663296.0	-0.5	0.0	821882218.0	201366.0
54	0.3	50.0	100663296.0	-0.5	0.0	838655325.0	205475.0
54	0.3	51.0	100663296.0	-0.5	0.0	855428497.0	209519.0
54	0.3	52.0	100663296.0	-0.5	0.0	872201629.0	213603.0
54	0.3	53.0	100663296.0	-0.5	0.0	888974657.0	217791.0
54	0.3	54.0	100663296.0	-0.5	0.0	905747787.0	221877.0
54	0.3	55.0	100663296.0	-0.5	0.0	922521009.0	225871.0
54	0.3	56.0	100663296.0	-0.5	0.0	939294157.0	229939.0
54	0.3	57.0	100663296.0	-0.5	0.0	956067183.0	234129.0
54	0.3	58.0	100663296.0	-0.5	0.0	972840308.0	238220.0
54	0.3	59.0	100663296.0	-0.5	0.0	989613506.0	242238.0
54	0.3	60.0	100663296.0	-0.5	0.0	1006386567.0	246393.0
54	0.3	61.0	100663296.0	-0.5	0.0	1023159674.0	250502.0
54	0.3	62.0	100663296.0	-0.5	0.0	1039932804.0	254588.0
54	0.3	63.0	100663296.0	-0.5	0.0	1056705950.0	258658.0
54	0.3	64.0	100663296.0	-0.5	0.0	1073479118.0	262706.0
54	0.3	65.0	100663296.0	-0.5	0.0	1090252221.0	266819.0
54	0.3	66.0	100663296.0	-0.5	0.0	1107025411.0	270845.0
54	0.3	67.0	100663296.0	-0.5	0.0	1123798585.0	274887.0
54	0.3	68.0	100663296.0	-0.5	0.0	1140571609.0	279079.0
54	0.3	69.0	100663296.0	-0.5	0.0	1157344622.0	283282.0
54	0.3	70.0	100663296.0	-0.5	0.0	1174117755.0	287365.0
54	0.3	71.0	100663296.0	-0.5	0.0	1190890779.0	291557.0
54	0.3	72.0	100663296.0	-0.5	0.0	1207663954.0	295598.0
54	0.3	73.0	100663296.0	-0.5	0.0	1224437137.0	299631.0
54	0.3	74.0	100663296.0	-0.5	0.0	1241210127.0	303857.0
54	0.3	75.0	100663296.0	-0.5	0.0	1257983302.0	307898.0
54	0.3	76.0	100663296.0	-0.5	0.0	1274756430.0	311986.0
54	0.3	77.0	100663296.0	-0.5	0.0	1291529564.0	316068.0
54	0.3	78.0	100663296.0	-0.5	0.0	1308302623.0	320225.0
54	0.3	79.0	100663296.0	-0.5	0.0	1325075822.0	324242.0
54	0.3	80.0	100663296.0	-0.5	0.0	1341848917.0	328363.0
54	0.3	81.0	100663296.0	-0.5	0.0	1358622054.0	332442.0
54	0.3	82.0	100663296.0	-0.5	0.0	1375395325.0	336387.0
54	0.3	83.0	100663296.0	-0.5	0.0	1392168445.0	340483.0
54	0.3	84.0	100663296.0	-0.5	0.0	1408941557.0	344587.0
54	0.3	85.0	100663296.0	-0.5	0.0	1425714635.0	348725.0
54	0.3	86.0	100663296.0	-0.5	0.0	1442487755.0	352821.0
54	0.3	87.0	100663296.0	-0.5	0.0	1459260913.0	356879.0
54	0.3	88.0	100663296.0	-0.5	0.0	1476034012.0	360996.0
54	0.3	89.0	100663296.0	-0.5	0.0	1492807004.0	365220.0
54	0.3	90.0	100663296.0	-0.5	0.0	1509580159.0	369281.0
54	0.3	91.0	100663296.0	-0.5	0.0	1526353276.0	373380.0
54	0.3	92.0	100663296.0	-0.5	0.0	1543126374.0	377498.0
54	0.3	93.0	100663296.0	-0.5	0.0	1559899485.0	381603.0
54	0.3	94.0	100663296.0	-0.5	0.0	1576672624.0	385680.0
54	0.3	95.0	100663296.0	-0.5	0.0	1593445684.0	389836.0
54	0.3	96.0	100663296.0	-0.5	0.0	1610218867.0	393869.0
54	0.3	97.0	100663296.0	-0.5	0.0	1626991978.0	397974.0
54	0.3	98.0	100663296.0	-0.5	0.0	1643765059.0	402109.0
54	0.3	99.0	100663296.0	-0.5	0.0	1660538177.0	406207.0
54	0.3	100.0	100663296.0	-0.5	0.0	1677311244.0	410356.0
55	0.25	1.0	100663296.0	-0.5	0.0	16773094.0	4122.0
55	0.25	2.0	100663296.0	-0.5	0.0	33546247.0	8185.0
55	0.25	3.0	100663296.0	-0.5	0.0	50319295.0	12353.0
55	0.25	4.0	100663296.0	-0.5	0.0	67092364.0	16500.0
55	0.25	5.0	100663296.0	-0.5	0.0	83865553.0	20527.0
55	0.25	6.0	100663296.0	-0.5	0.0	100638813.0	24483.0
55	0.25	7.0	100663296.0	-0.5	0.0	117411925.0	28587.0
55	0.25	8.0	100663296.0	-0.5	0.0	134185098.0	32630.0
55	0.25	9.0	100663296.0	-0.5	0.0	150958191.0	36753.0
55	0.25	10.0	100663296.0	-0.5	0.0	167731220.0	40940.0
55	0.25	11.0	100663296.0	-0.5	0.0	184504328.0	45048.0
55	0.25	12.0	100663296.0	-0.5	0.0	201277397.0	49195.0
55	0.25	13.0	100663296.0	-0.5	0.0	218050540.0	53268.0
55	0.25	14.0	100663296.0	-0.5	0.0	234823519.0	57505.0
55	0.25	15.0	100663296.0	-0.5	0.0	251596627.0	61613.0
55	0.25	16.0	100663296.0	-0.5	0.0	268369809.0	65647.0
55	0.25	17.0	100663296.0	-0.5	0.0	285143018.0	69654.0
55	0.25	18.0	100663296.0	-0.5	0.0	301916215.0	73673.0
55	0.25	19.0	100663296.0	-0.5	0.0	318689314.0	77790.0
55	0.25	20.0	100663296.0	-0.5	0.0	335462432.0	81888.0
55	0.25	21.0	100663296.0	-0.5	0.0	352235611.0	85925.0
55	0.25	22.0	100663296.0	-0.5	0.0	369008768.0	89984.0
55	0.25	23.0	100663296.0	-0.5	0.0	385781834.0	94134.0
55	0.25	24.0	100663296.0	-0.5	0.0	402554936.0	98248.0
55	0.25	25.0	100663296.0	-0.5	0.0	419328048.0	102352.0
55	0.25	26.0	100663296.0	-0.5	0.0	436101210.0	106406.0
55	0.25	27.0	100663296.0	-0.5	0.0	452874341.0	110491.0
55	0.25	28.0	100663296.0	-0.5	0.0	469647426.0	114622.0
55	0.25	29.0	100663296.0	-0.5	0.0	486420489.0	118775.0
55	0.25	30.0	100663296.0	-0.5	0.0	503193589.0	122891.0
55	0.25	31.0	100663296.0	-0.5	0.0	519966697.0	126999.0
55	0.25	32.0	100663296.0	-0.5	0.0	536739871.0	131041.0
55	0.25	33.0	100663296.0	-0.5	0.0	553512974.0	135154.0
55	0.25	34.0	100663296.0	-0.5	0.0	570286233.0	139111.0
55	0.25	35.0	100663296.0	-0.5	0.0	587059395.0	143165.0
55	0.25	36.0	100663296.0	-0.5	0.0	603832520.0	147256.0
55	0.25	37.0	100663296.0	-0.5	0.0	620605630.0	151362.0
55	0.25	38.0	100663296.0	-0.5	0.0	637378749.0	155459.0
55	0.25	39.0	100663296.0	-0.5	0.0	654151851.0	159573.0
55	0.25	40.0	100663296.0	-0.5	0.0	670924825.0	163815.0
55	0.25	41.0	100663296.0	-0.5	0.0	687698039.0	167817.0
55	0.25	42.0	100663296.0	-0.5	0.0	704471200.0	171872.0
55	0.25	43.0	100663296.0	-0.5	0.0	721244249.0	176039.0
55	0.25	44.0	100663296.0	-0.5	0.0	738017308.0	180196.0
55	0.25	45.0	100663296.0	-0.5	0.0	754790532.0	184188.0
55	0.25	46.0	100663296.0	-0.5	0.0	771563658.0	188278.0
55	0.25	47.0	100663296.0	-0.5	0.0	788336771.0	192381.0
55	0.25	48.0	100663296.0	-0.5	0.0	805109812.0	196556.0
55	0.25	49.0	100663296.0	-0.5	0.0	821882962.0	200622.0
55	0.25	50.0	100663296.0	-0.5	0.0	838656083.0	204717.0
55	0.25	51.0	100663296.0	-0.5	0.0	855429237.0	208779.0
55	0.25	52.0	100663296.0	-0.5	0.0	872202330.0	212902.0
55	0.25	53.0	100663296.0	-0.5	0.0	888975386.0	217062.0
55	0.25	54.0	100663296.0	-0.5	0.0	905748611.0	221053.0
55	0.25	55.0	100663296.0	-0.5	0.0	922521749.0	225131.0
55	0.25	56.0	100663296.0	-0.5	0.0	939294830.0	229266.0
55	0.25	57.0	100663296.0	-0.5	0.0	956067911.0	233401.0
55	0.25	58.0	100663296.0	-0.5	0.0	972841103.0	237425.0
55	0.25	59.0	100663296.0	-0.5	0.0	989614190.0	241554.0
55	0.25	60.0	100663296.0	-0.5	0.0	1006387195.0	245765.0
55	0.25	61.0	100663296.0	-0.5	0.0	1023160266.0	249910.0
55	0.25	62.0	100663296.0	-0.5	0.0	1039933186.0	254206.0
55	0.25	63.0	100663296.0	-0.5	0.0	1056706302.0	258306.0
55	0.25	64.0	100663296.0	-0.5	0.0	1073479438.0	262386.0
55	0.25	65.0	100663296.0	-0.5	0.0	1090252638.0	266402.0
55	0.25	66.0	100663296.0	-0.5	0.0	1107025844.0	270412.0
55	0.25	67.0	100663296.0	-0.5	0.0	1123798977.0	274495.0
55	0.25	68.0	100663296.0	-0.5	0.0	1140572143.0	278545.0
55	0.25	69.0	100663296.0	-0.5	0.0	1157345283.0	282621.0
55	0.25	70.0	100663296.0	-0.5	0.0	1174118388.0	286732.0
55	0.25	71.0	100663296.0	-0.5	0.0	1190891547.0	290789.0
55	0.25	72.0	100663296.0	-0.5	0.0	1207664747.0	294805.0
55	0.25	73.0	100663296.0	-0.5	0.0	1224437931.0	298837.0
55	0.25	74.0	100663296.0	-0.5	0.0	1241211102.0	302882.0
55	0.25	75.0	100663296.0	-0.5	0.0	1257984275.0	306925.0
55	0.25	76.0	100663296.0	-0.5	0.0	1274757299.0	311117.0
55	0.25	77.0	100663296.0	-0.5	0.0	1291530403.0	315229.0
55	0.25	78.0	100663296.0	-0.5	0.0	1308303428.0	319420.0
55	0.25	79.0	100663296.0	-0.5	0.0	1325076566.0	323498.0
55	0.25	80.0	100663296.0	-0.5	0.0	1341849764.0	327516.0
55	0.25	81.0	100663296.0	-0.5	0.0	1358622932.0	331564.0
55	0.25	82.0	100663296.0	-0.5	0.0	1375396098.0	335614.0
55	0.25	83.0	100663296.0	-0.5	0.0	1392169178.0	339750.0
55	0.25	84.0	100663296.0	-0.5	0.0	1408942301.0	343843.0
55	0.25	85.0	100663296.0	-0.5	0.0	1425715414.0	347946.0
55	0.25	86.0	100663296.0	-0.5	0.0	1442488593.0	351983.0
55	0.25	87.0	100663296.0	-0.5	0.0	1459261706.0	356086.0
55	0.25	88.0	100663296.0	-0.5	0.0	1476034866.0	360142.0
55	0.25	89.0	100663296.0	-0.5	0.0	1492807934.0	364290.0
55	0.25	90.0	100663296.0	-0.5	0.0	1509580988.0	368452.0
55	0.25	91.0	100663296.0	-0.5	0.0	1526354143.0	372513.0
55	0.25	92.0	100663296.0	-0.5	0.0	1543127331.0	376541.0
55	0.25	93.0	100663296.0	-0.5	0.0	1559900414.0	380674.0
55	0.25	94.0	100663296.0	-0.5	0.0	1576673529.0	384775.0
55	0.25	95.0	100663296.0	-0.5	0.0	1593446757.0	388763.0
55	0.25	96.0	100663296.0	-0.5	0.0	1610219808.0	392928.0
55	0.25	97.0	100663296.0	-0.5	0.0	1626992936.0	397016.0
55	0.25	98.0	100663296.0	-0.5	0.0	1643766055.0	401113.0
55	0.25	99.0	100663296.0	-0.5	0.0	1660539110.0	405274.0
55	0.25	100.0	100663296.0	-0.5	0.0	1677312277.0	409323.0
56	0.2	1.0	100663296.0	-0.5	0.0	16773116.0	4100.0
56	0.2	2.0	100663296.0	-0.5	0.0	33546130.0	8302.0
56	0.2	3.0	100663296.0	-0.5	0.0	50319106.0	12542.0
56	0.2	4.0	100663296.0	-0.5	0.0	67092293.0	16571.0
56	0.2	5.0	100663296.0	-0.5	0.0	83865370.0	20710.0
56	0.2	6.0	100663296.0	-0.5	0.0	100638609.0	24687.0
56	0.2	7.0	100663296.0	-0.5	0.0	117411691.0	28821.0
56	0.2	8.0	100663296.0	-0.5	0.0	134184855.0	32873.0
56	0.2	9.0	100663296.0	-0.5	0.0	150958046.0	36898.0
56	0.2	10.0	100663296.0	-0.5	0.0	167731128.0	41032.0
56	0.2	11.0	100663296.0	-0.5	0.0	184504226.0	45150.0
56	0.2	12.0	100663296.0	-0.5	0.0	201277329.0	49263.0
56	0.2	13.0	100663296.0	-0.5	0.0	218050426.0	53382.0
56	0.2	14.0	100663296.0	-0.5	0.0	234823506.0	57518.0
56	0.2	15.0	100663296.0	-0.5	0.0	251596552.0	61688.0
56	0.2	16.0	100663296.0	-0.5	0.0	268369507.0	65949.0
56	0.2	17.0	100663296.0	-0.5	0.0	285142590.0	70082.0
56	0.2	18.0	100663296.0	-0.5	0.0	301915743.0	74145.0
56	0.2	19.0	100663296.0	-0.5	0.0	318688905.0	78199.0
56	0.2	20.0	100663296.0	-0.5	0.0	335462019.0	82301.0
56	0.2	21.0	100663296.0	-0.5	0.0	352235125.0	86411.0
56	0.2	22.0	100663296.0	-0.5	0.0	369008265.0	90487.0
56	0.2	23.0	100663296.0	-0.5	0.0	385781464.0	94504.0
56	0.2	24.0	100663296.0	-0.5	0.0	402554629.0	98555.0
56	0.2	25.0	100663296.0	-0.5	0.0	419327743.0	102657.0
56	0.2	26.0	100663296.0	-0.5	0.0	436100882.0	106734.0
56	0.2	27.0	100663296.0	-0.5	0.0	452873975.0	110857.0
56	0.2	28.0	100663296.0	-0.5	0.0	469647003.0	115045.0
56	0.2	29.0	100663296.0	-0.5	0.0	486420122.0	119142.0
56	0.2	30.0	100663296.0	-0.5	0.0	503193155.0	123325.0
56	0.2	31.0	100663296.0	-0.5	0.0	519966285.0	127411.0
56	0.2	32.0	100663296.0	-0.5	0.0	536739363.0	131549.0
56	0.2	33.0	100663296.0	-0.5	0.0	553512490.0	135638.0
56	0.2	34.0	100663296.0	-0.5	0.0	570285635.0	139709.0
56	0.2	35.0	100663296.0	-0.5	0.0	587058780.0	143780.0
56	0.2	36.0	100663296.0	-0.5	0.0	603831906.0	147870.0
56	0.2	37.0	100663296.0	-0.5	0.0	620605086.0	151906.0
56	0.2	38.0	100663296.0	-0.5	0.0	637378228.0	155980.0
56	0.2	39.0	100663296.0	-0.5	0.0	654151335.0	160089.0
56	0.2	40.0	100663296.0	-0.5	0.0	670924433.0	164207.0
56	0.2	41.0	100663296.0	-0.5	0.0	687697558.0	168298.0
56	0.2	42.0	100663296.0	-0.5	0.0	704470605.0	172467.0
56	0.2	43.0	100663296.0	-0.5	0.0	721243748.0	176540.0
56	0.2	44.0	100663296.0	-0.5	0.0	738016878.0	180626.0
56	0.2	45.0	100663296.0	-0.5	0.0	754789983.0	184737.0
56	0.2	46.0	100663296.0	-0.5	0.0	771563015.0	188921.0
56	0.2	47.0	100663296.0	-0.5	0.0	788336145.0	193007.0
56	0.2	48.0	100663296.0	-0.5	0.0	805109185.0	197183.0
56	0.2	49.0	100663296.0	-0.5	0.0	821882301.0	201283.0
56	0.2	50.0	100663296.0	-0.5	0.0	838655398.0	205402.0
56	0.2	51.0	100663296.0	-0.5	0.0	855428441.0	209575.0
56	0.2	52.0	100663296.0	-0.5	0.0	872201551.0	213681.0
56	0.2	53.0	100663296.0	-0.5	0.0	888974622.0	217826.0
56	0.2	54.0	100663296.0	-0.5	0.0	905747694.0	221970.0
56	0.2	55.0	100663296.0	-0.5	0.0	922520865.0	226015.0
56	0.2	56.0	100663296.0	-0.5	0.0	939294018.0	230078.0
56	0.2	57.0	100663296.0	-0.5	0.0	956067258.0	234054.0
56	0.2	58.0	100663296.0	-0.5	0.0	972840357.0	238171.0
56	0.2	59.0	100663296.0	-0.5	0.0	989613523.0	242221.0
56	0.2	60.0	100663296.0	-0.5	0.0	1006386616.0	246344.0
56	0.2	61.0	100663296.0	-0.5	0.0	1023159768.0	250408.0
56	0.2	62.0	100663296.0	-0.5	0.0	1039933021.0	254371.0
56	0.2	63.0	100663296.0	-0.5	0.0	1056706108.0	258500.0
56	0.2	64.0	100663296.0	-0.5	0.0	1073479324.0	262500.0
56	0.2	65.0	100663296.0	-0.5	0.0	1090252417.0	266623.0
56	0.2	66.0	100663296.0	-0.5	0.0	1107025458.0	270798.0
56	0.2	67.0	100663296.0	-0.5	0.0	1123798568.0	274904.0
56	0.2	68.0	100663296.0	-0.5	0.0	1140571743.0	278945.0
56	0.2	69.0	100663296.0	-0.5	0.0	1157344945.0	282959.0
56	0.2	70.0	100663296.0	-0.5	0.0	1174118141.0	286979.0
56	0.2	71.0	100663296.0	-0.5	0.0	1190891299.0	291037.0
56	0.2	72.0	100663296.0	-0.5	0.0	1207664445.0	295107.0
56	0.2	73.0	100663296.0	-0.5	0.0	1224437639.0	299129.0
56	0.2	74.0	100663296.0	-0.5	0.0	1241210709.0	303275.0
56	0.2	75.0	100663296.0	-0.5	0.0	1257983850.0	307350.0
56	0.2	76.0	100663296.0	-0.5	0.0	1274757092.0	311324.0
56	0.2	77.0	100663296.0	-0.5	0.0	1291530206.0	315426.0
56	0.2	78.0	100663296.0	-0.5	0.0	1308303296.0	319552.0
56	0.2	79.0	100663296.0	-0.5	0.0	1325076399.0	323665.0
56	0.2	80.0	100663296.0	-0.5	0.0	1341849523.0	327757.0
56	0.2	81.0	100663296.0	-0.5	0.0	1358622692.0	331804.0
56	0.2	82.0	100663296.0	-0.5	0.0	1375395888.0	335824.0
56	0.2	83.0	100663296.0	-0.5	0.0	1392169016.0	339912.0
56	0.2	84.0	100663296.0	-0.5	0.0	1408942158.0	343986.0
56	0.2	85.0	100663296.0	-0.5	0.0	1425715321.0	348039.0
56	0.2	86.0	100663296.0	-0.5	0.0	1442488448.0	352128.0
56	0.2	87.0	100663296.0	-0.5	0.0	1459261518.0	356274.0
56	0.2	88.0	100663296.0	-0.5	0.0	1476034639.0	360369.0
56	0.2	89.0	100663296.0	-0.5	0.0	1492807676.0	364548.0
56	0.2	90.0	100663296.0	-0.5	0.0	1509580687.0	368753.0
56	0.2	91.0	100663296.0	-0.5	0.0	1526353717.0	372939.0
56	0.2	92.0	100663296.0	-0.5	0.0	1543126765.0	377107.0
56	0.2	93.0	100663296.0	-0.5	0.0	1559899780.0	381308.0
56	0.2	94.0	100663296.0	-0.5	0.0	1576672943.0	385361.0
56	0.2	95.0	100663296.0	-0.5	0.0	1593446098.0	389422.0
56	0.2	96.0	100663296.0	-0.5	0.0	1610219286.0	393450.0
56	0.2	97.0	100663296.0	-0.5	0.0	1626992332.0	397620.0
56	0.2	98.0	100663296.0	-0.5	0.0	1643765534.0	401634.0
56	0.2	99.0	100663296.0	-0.5	0.0	1660538622.0	405762.0
56	0.2	100.0	100663296.0	-0.5	0.0	1677311839.0	409761.0
57	0.15	1.0	100663296.0	-0.5	0.0	16773080.0	4136.0
57	0.15	2.0	100663296.0	-0.5	0.0	33546202.0	8230.0
57	0.15	3.0	100663296.0	-0.5	0.0	50319315.0	12333.0
57	0.15	4.0	100663296.0	-0.5	0.0	67092481.0	16383.0
57	0.15	5.0	100663296.0	-0.5	0.0	83865621.0	20459.0
57	0.15	6.0	100663296.0	-0.5	0.0	100638770.0	24526.0
57	0.15	7.0	100663296.0	-0.5	0.0	117411934.0	28578.0
57	0.15	8.0	100663296.0	-0.5	0.0	134185001.0	32727.0
57	0.15	9.0	100663296.0	-0.5	0.0	150957994.0	36950.0
57	0.15	10.0	100663296.0	-0.5	0.0	167731036.0	41124.0
57	0.15	11.0	100663296.0	-0.5	0.0	184504160.0	45216.0
57	0.15	12.0	100663296.0	-0.5	0.0	201277218.0	49374.0
57	0.15	13.0	100663296.0	-0.5	0.0	218050270.0	53538.0
57	0.15	14.0	100663296.0	-0.5	0.0	234823347.0	57677.0
57	0.15	15.0	100663296.0	-0.5	0.0	251596479.0	61761.0
57	0.15	16.0	100663296.0	-0.5	0.0	268369679.0	65777.0
57	0.15	17.0	100663296.0	-0.5	0.0	285142922.0	69750.0
57	0.15	18.0	100663296.0	-0.5	0.0	301916074.0	73814.0
57	0.15	19.0	100663296.0	-0.5	0.0	318689243.0	77861.0
57	0.15	20.0	100663296.0	-0.5	0.0	335462401.0	81919.0
57	0.15	21.0	100663296.0	-0.5	0.0	352235556.0	85980.0
57	0.15	22.0	100663296.0	-0.5	0.0	369008665.0	90087.0
57	0.15	23.0	100663296.0	-0.5	0.0	385781826.0	94142.0
57	0.15	24.0	100663296.0	-0.5	0.0	402554913.0	98271.0
57	0.15	25.0	100663296.0	-0.5	0.0	419327906.0	102494.0
57	0.15	26.0	100663296.0	-0.5	0.0	436100986.0	106630.0
57	0.15	27.0	100663296.0	-0.5	0.0	452874223.0	110609.0
57	0.15	28.0	100663296.0	-0.5	0.0	469647347.0	114701.0
57	0.15	29.0	100663296.0	-0.5	0.0	486420429.0	118835.0
57	0.15	30.0	100663296.0	-0.5	0.0	503193537.0	122943.0
57	0.15	31.0	100663296.0	-0.5	0.0	519966679.0	127017.0
57	0.15	32.0	100663296.0	-0.5	0.0	536739809.0	131103.0
57	0.15	33.0	100663296.0	-0.5	0.0	553512937.0	135191.0
57	0.15	34.0	100663296.0	-0.5	0.0	570286138.0	139206.0
57	0.15	35.0	100663296.0	-0.5	0.0	587059212.0	143348.0
57	0.15	36.0	100663296.0	-0.5	0.0	603832389.0	147387.0
57	0.15	37.0	100663296.0	-0.5	0.0	620605495.0	151497.0
57	0.15	38.0	100663296.0	-0.5	0.0	637378668.0	155540.0
57	0.15	39.0	100663296.0	-0.5	0.0	654151773.0	159651.0
57	0.15	40.0	100663296.0	-0.5	0.0	670924946.0	163694.0
57	0.15	41.0	100663296.0	-0.5	0.0	687698008.0	167848.0
57	0.15	42.0	100663296.0	-0.5	0.0	704471060.0	172012.0
57	0.15	43.0	100663296.0	-0.5	0.0	721244123.0	176165.0
57	0.15	44.0	100663296.0	-0.5	0.0	738017325.0	180179.0
57	0.15	45.0	100663296.0	-0.5	0.0	754790338.0	184382.0
57	0.15	46.0	100663296.0	-0.5	0.0	771563392.0	188544.0
57	0.15	47.0	100663296.0	-0.5	0.0	788336619.0	192533.0
57	0.15	48.0	100663296.0	-0.5	0.0	805109801.0	196567.0
57	0.15	49.0	100663296.0	-0.5	0.0	821882794.0	200790.0
57	0.15	50.0	100663296.0	-0.5	0.0	838655843.0	204957.0
57	0.15	51.0	100663296.0	-0.5	0.0	855428922.0	209094.0
57	0.15	52.0	100663296.0	-0.5	0.0	872202031.0	213201.0
57	0.15	53.0	100663296.0	-0.5	0.0	888975191.0	217257.0
57	0.15	54.0	100663296.0	-0.5	0.0	905748348.0	221316.0
57	0.15	55.0	100663296.0	-0.5	0.0	922521532.0	225348.0
57	0.15	56.0	100663296.0	-0.5	0.0	939294700.0	229396.0
57	0.15	57.0	100663296.0	-0.5	0.0	956067807.0	233505.0
57	0.15	58.0	100663296.0	-0.5	0.0	972840844.0	237684.0
57	0.15	59.0	100663296.0	-0.5	0.0	989613892.0	241852.0
57	0.15	60.0	100663296.0	-0.5	0.0	1006387007.0	245953.0
57	0.15	61.0	100663296.0	-0.5	0.0	1023160183.0	249993.0
57	0.15	62.0	100663296.0	-0.5	0.0	1039933284.0	254108.0
57	0.15	63.0	100663296.0	-0.5	0.0	1056706452.0	258156.0
57	0.15	64.0	100663296.0	-0.5	0.0	1073479511.0	262313.0
57	0.15	65.0	100663296.0	-0.5	0.0	1090252594.0	266446.0
57	0.15	66.0	100663296.0	-0.5	0.0	1107025694.0	270562.0
57	0.15	67.0	100663296.0	-0.5	0.0	1123798666.0	274806.0
57	0.15	68.0	100663296.0	-0.5	0.0	1140571830.0	278858.0
57	0.15	69.0	100663296.0	-0.5	0.0	1157344924.0	282980.0
57	0.15	70.0	100663296.0	-0.5	0.0	1174118013.0	287107.0
57	0.15	71.0	100663296.0	-0.5	0.0	1190891092.0	291244.0
57	0.15	72.0	100663296.0	-0.5	0.0	1207664240.0	295312.0
57	0.15	73.0	100663296.0	-0.5	0.0	1224437309.0	299459.0
57	0.15	74.0	100663296.0	-0.5	0.0	1241210375.0	303609.0
57	0.15	75.0	100663296.0	-0.5	0.0	1257983686.0	307514.0
57	0.15	76.0	100663296.0	-0.5	0.0	1274756854.0	311562.0
57	0.15	77.0	100663296.0	-0.5	0.0	1291529900.0	315732.0
57	0.15	78.0	100663296.0	-0.5	0.0	1308302959.0	319889.0
57	0.15	79.0	100663296.0	-0.5	0.0	1325076116.0	323948.0
57	0.15	80.0	100663296.0	-0.5	0.0	1341849096.0	328184.0
57	0.15	81.0	100663296.0	-0.5	0.0	1358622206.0	332290.0
57	0.15	82.0	100663296.0	-0.5	0.0	1375395343.0	336369.0
57	0.15	83.0	100663296.0	-0.5	0.0	1392168503.0	340425.0
57	0.15	84.0	100663296.0	-0.5	0.0	1408941508.0	344636.0
57	0.15	85.0	100663296.0	-0.5	0.0	1425714658.0	348702.0
57	0.15	86.0	100663296.0	-0.5	0.0	1442487754.0	352822.0
57	0.15	87.0	100663296.0	-0.5	0.0	1459260862.0	356930.0
57	0.15	88.0	100663296.0	-0.5	0.0	1476034022.0	360986.0
57	0.15	89.0	100663296.0	-0.5	0.0	1492807168.0	365056.0
57	0.15	90.0	100663296.0	-0.5	0.0	1509580270.0	369170.0
57	0.15	91.0	100663296.0	-0.5	0.0	1526353517.0	373139.0
57	0.15	92.0	100663296.0	-0.5	0.0	1543126472.0	377400.0
57	0.15	93.0	100663296.0	-0.5	0.0	1559899644.0	381444.0
57	0.15	94.0	100663296.0	-0.5	0.0	1576672757.0	385547.0
57	0.15	95.0	100663296.0	-0.5	0.0	1593445986.0	389534.0
57	0.15	96.0	100663296.0	-0.5	0.0	1610219079.0	393657.0
57	0.15	97.0	100663296.0	-0.5	0.0	1626992248.0	397704.0
57	0.15	98.0	100663296.0	-0.5	0.0	1643765331.0	401837.0
57	0.15	99.0	100663296.0	-0.5	0.0	1660538397.0	405987.0
57	0.15	100.0	100663296.0	-0.5	0.0	1677311537.0	410063.0
58	0.1	1.0	100663296.0	-0.5	0.0	16773115.0	4101.0
58	0.1	2.0	100663296.0	-0.5	0.0	33546329.0	8103.0
58	0.1	3.0	100663296.0	-0.5	0.0	50319433.0	12215.0
58	0.1	4.0	100663296.0	-0.5	0.0	67092515.0	16349.0
58	0.1	5.0	100663296.0	-0.5	0.0	83865633.0	20447.0
58	0.1	6.0	100663296.0	-0.5	0.0	100638783.0	24513.0
58	0.1	7.0	100663296.0	-0.5	0.0	117411883.0	28629.0
58	0.1	8.0	100663296.0	-0.5	0.0	134184960.0	32768.0
58	0.1	9.0	100663296.0	-0.5	0.0	150958100.0	36844.0
58	0.1	10.0	100663296.0	-0.5	0.0	167731271.0	40889.0
58	0.1	11.0	100663296.0	-0.5	0.0	184504488.0	44888.0
58	0.1	12.0	100663296.0	-0.5	0.0	201277628.0	48964.0
58	0.1	13.0	100663296.0	-0.5	0.0	218050570.0	53238.0
58	0.1	14.0	100663296.0	-0.5	0.0	234823724.0	57300.0
58	0.1	15.0	100663296.0	-0.5	0.0	251596893.0	61347.0
58	0.1	16.0	100663296.0	-0.5	0.0	268369951.0	65505.0
58	0.1	17.0	100663296.0	-0.5	0.0	285143218.0	69454.0
58	0.1	18.0	100663296.0	-0.5	0.0	301916348.0	73540.0
58	0.1	19.0	100663296.0	-0.5	0.0	318689535.0	77569.0
58	0.1	20.0	100663296.0	-0.5	0.0	335462617.0	81703.0
58	0.1	21.0	100663296.0	-0.5	0.0	352235724.0	85812.0
58	0.1	22.0	100663296.0	-0.5	0.0	369008778.0	89974.0
58	0.1	23.0	100663296.0	-0.5	0.0	385781917.0	94051.0
58	0.1	24.0	100663296.0	-0.5	0.0	402555167.0	98017.0
58	0.1	25.0	100663296.0	-0.5	0.0	419328322.0	102078.0
58	0.1	26.0	100663296.0	-0.5	0.0	436101506.0	106110.0
58	0.1	27.0	100663296.0	-0.5	0.0	452874631.0	110201.0
58	0.1	28.0	100663296.0	-0.5	0.0	469647625.0	114423.0
58	0.1	29.0	100663296.0	-0.5	0.0	486420679.0	118585.0
58	0.1	30.0	100663296.0	-0.5	0.0	503193826.0	122654.0
58	0.1	31.0	100663296.0	-0.5	0.0	519966963.0	126733.0
58	0.1	32.0	100663296.0	-0.5	0.0	536740007.0	130905.0
58	0.1	33.0	100663296.0	-0.5	0.0	553513077.0	135051.0
58	0.1	34.0	100663296.0	-0.5	0.0	570286150.0	139194.0
58	0.1	35.0	100663296.0	-0.5	0.0	587059205.0	143355.0
58	0.1	36.0	100663296.0	-0.5	0.0	603832309.0	147467.0
58	0.1	37.0	100663296.0	-0.5	0.0	620605396.0	151596.0
58	0.1	38.0	100663296.0	-0.5	0.0	637378527.0	155681.0
58	0.1	39.0	100663296.0	-0.5	0.0	654151705.0	159719.0
58	0.1	40.0	100663296.0	-0.5	0.0	670924777.0	163863.0
58	0.1	41.0	100663296.0	-0.5	0.0	687697949.0	167907.0
58	0.1	42.0	100663296.0	-0.5	0.0	704471104.0	171968.0
58	0.1	43.0	100663296.0	-0.5	0.0	721244289.0	175999.0
58	0.1	44.0	100663296.0	-0.5	0.0	738017492.0	180012.0
58	0.1	45.0	100663296.0	-0.5	0.0	754790572.0	184148.0
58	0.1	46.0	100663296.0	-0.5	0.0	771563654.0	188282.0
58	0.1	47.0	100663296.0	-0.5	0.0	788336763.0	192389.0
58	0.1	48.0	100663296.0	-0.5	0.0	805109823.0	196545.0
58	0.1	49.0	100663296.0	-0.5	0.0	821882876.0	200708.0
58	0.1	50.0	100663296.0	-0.5	0.0	838655996.0	204804.0
58	0.1	51.0	100663296.0	-0.5	0.0	855429130.0	208886.0
58	0.1	52.0	100663296.0	-0.5	0.0	872202265.0	212967.0
58	0.1	53.0	100663296.0	-0.5	0.0	888975289.0	217159.0
58	0.1	54.0	100663296.0	-0.5	0.0	905748460.0	221204.0
58	0.1	55.0	100663296.0	-0.5	0.0	922521577.0	225303.0
58	0.1	56.0	100663296.0	-0.5	0.0	939294694.0	229402.0
58	0.1	57.0	100663296.0	-0.5	0.0	956067825.0	233487.0
58	0.1	58.0	100663296.0	-0.5	0.0	972840902.0	237626.0
58	0.1	59.0	100663296.0	-0.5	0.0	989614009.0	241735.0
58	0.1	60.0	100663296.0	-0.5	0.0	1006387208.0	245752.0
58	0.1	61.0	100663296.0	-0.5	0.0	1023160340.0	249836.0
58	0.1	62.0	100663296.0	-0.5	0.0	1039933430.0	253962.0
58	0.1	63.0	100663296.0	-0.5	0.0	1056706517.0	258091.0
58	0.1	64.0	100663296.0	-0.5	0.0	1073479556.0	262268.0
58	0.1	65.0	100663296.0	-0.5	0.0	1090252629.0	266411.0
58	0.1	66.0	100663296.0	-0.5	0.0	1107025667.0	270589.0
58	0.1	67.0	100663296.0	-0.5	0.0	1123798845.0	274627.0
58	0.1	68.0	100663296.0	-0.5	0.0	1140571982.0	278706.0
58	0.1	69.0	100663296.0	-0.5	0.0	1157345062.0	282842.0
58	0.1	70.0	100663296.0	-0.5	0.0	1174118117.0	287003.0
58	0.1	71.0	100663296.0	-0.5	0.0	1190891280.0	291056.0
58	0.1	72.0	100663296.0	-0.5	0.0	1207664494.0	295058.0
58	0.1	73.0	100663296.0	-0.5	0.0	1224437681.0	299087.0
58	0.1	74.0	100663296.0	-0.5	0.0	1241210710.0	303274.0
58	0.1	75.0	100663296.0	-0.5	0.0	1257983881.0	307319.0
58	0.1	76.0	100663296.0	-0.5	0.0	1274757070.0	311346.0
58	0.1	77.0	100663296.0	-0.5	0.0	1291530207.0	315425.0
58	0.1	78.0	100663296.0	-0.5	0.0	1308303279.0	319569.0
58	0.1	79.0	100663296.0	-0.5	0.0	1325076421.0	323643.0
58	0.1	80.0	100663296.0	-0.5	0.0	1341849573.0	327707.0
58	0.1	81.0	100663296.0	-0.5	0.0	1358622666.0	331830.0
58	0.1	82.0	100663296.0	-0.5	0.0	1375395687.0	336025.0
58	0.1	83.0	100663296.0	-0.5	0.0	1392168804.0	340124.0
58	0.1	84.0	100663296.0	-0.5	0.0	1408941908.0	344236.0
58	0.1	85.0	100663296.0	-0.5	0.0	1425714962.0	348398.0
58	0.1	86.0	100663296.0	-0.5	0.0	1442488101.0	352475.0
58	0.1	87.0	100663296.0	-0.5	0.0	1459261266.0	356526.0
58	0.1	88.0	100663296.0	-0.5	0.0	1476034328.0	360680.0
58	0.1	89.0	100663296.0	-0.5	0.0	1492807410.0	364814.0
58	0.1	90.0	100663296.0	-0.5	0.0	1509580415.0	369025.0
58	0.1	91.0	100663296.0	-0.5	0.0	1526353530.0	373126.0
58	0.1	92.0	100663296.0	-0.5	0.0	1543126724.0	377148.0
58	0.1	93.0	100663296.0	-0.5	0.0	1559899885.0	381203.0
58	0.1	94.0	100663296.0	-0.5	0.0	1576672988.0	385316.0
58	0.1	95.0	100663296.0	-0.5	0.0	1593446079.0	389441.0
58	0.1	96.0	100663296.0	-0.5	0.0	1610219239.0	393497.0
58	0.1	97.0	100663296.0	-0.5	0.0	1626992364.0	397588.0
58	0.1	98.0	100663296.0	-0.5	0.0	1643765579.0	401589.0
58	0.1	99.0	100663296.0	-0.5	0.0	1660538692.0	405692.0
58	0.1	100.0	100663296.0	-0.5	0.0	1677311844.0	409756.0
59	0.05	1.0	100663296.0	-0.5	0.0	16773082.0	4134.0
59	0.05	2.0	100663296.0	-0.5	0.0	33546290.0	8142.0
59	0.05	3.0	100663296.0	-0.5	0.0	50319506.0	12142.0
59	0.05	4.0	100663296.0	-0.5	0.0	67092632.0	16232.0
59	0.05	5.0	100663296.0	-0.5	0.0	83865545.0	20535.0
59	0.05	6.0	100663296.0	-0.5	0.0	100638732.0	24564.0
59	0.05	7.0	100663296.0	-0.5	0.0	117411738.0	28774.0
59	0.05	8.0	100663296.0	-0.5	0.0	134184855.0	32873.0
59	0.05	9.0	100663296.0	-0.5	0.0	150958032.0	36912.0
59	0.05	10.0	100663296.0	-0.5	0.0	167731215.0	40945.0
59	0.05	11.0	100663296.0	-0.5	0.0	184504426.0	44950.0
59	0.05	12.0	100663296.0	-0.5	0.0	201277524.0	49068.0
59	0.05	13.0	100663296.0	-0.5	0.0	218050621.0	53187.0
59	0.05	14.0	100663296.0	-0.5	0.0	234823645.0	57379.0
59	0.05	15.0	100663296.0	-0.5	0.0	251596771.0	61469.0
59	0.05	16.0	100663296.0	-0.5	0.0	268369865.0	65591.0
59	0.05	17.0	100663296.0	-0.5	0.0	285143052.0	69620.0
59	0.05	18.0	100663296.0	-0.5	0.0	301916135.0	73753.0
59	0.05	19.0	100663296.0	-0.5	0.0	318689240.0	77864.0
59	0.05	20.0	100663296.0	-0.5	0.0	335462353.0	81967.0
59	0.05	21.0	100663296.0	-0.5	0.0	352235451.0	86085.0
59	0.05	22.0	100663296.0	-0.5	0.0	369008536.0	90216.0
59	0.05	23.0	100663296.0	-0.5	0.0	385781780.0	94188.0
59	0.05	24.0	100663296.0	-0.5	0.0	402554849.0	98335.0
59	0.05	25.0	100663296.0	-0.5	0.0	419327919.0	102481.0
59	0.05	26.0	100663296.0	-0.5	0.0	436101036.0	106580.0
59	0.05	27.0	100663296.0	-0.5	0.0	452874192.0	110640.0
59	0.05	28.0	100663296.0	-0.5	0.0	469647350.0	114698.0
59	0.05	29.0	100663296.0	-0.5	0.0	486420496.0	118768.0
59	0.05	30.0	100663296.0	-0.5	0.0	503193552.0	122928.0
59	0.05	31.0	100663296.0	-0.5	0.0	519966731.0	126965.0
59	0.05	32.0	100663296.0	-0.5	0.0	536739833.0	131079.0
59	0.05	33.0	100663296.0	-0.5	0.0	553512982.0	135146.0
59	0.05	34.0	100663296.0	-0.5	0.0	570286173.0	139171.0
59	0.05	35.0	100663296.0	-0.5	0.0	587059369.0	143191.0
59	0.05	36.0	100663296.0	-0.5	0.0	603832374.0	147402.0
59	0.05	37.0	100663296.0	-0.5	0.0	620605448.0	151544.0
59	0.05	38.0	100663296.0	-0.5	0.0	637378572.0	155636.0
59	0.05	39.0	100663296.0	-0.5	0.0	654151679.0	159745.0
59	0.05	40.0	100663296.0	-0.5	0.0	670924847.0	163793.0
59	0.05	41.0	100663296.0	-0.5	0.0	687697959.0	167897.0
59	0.05	42.0	100663296.0	-0.5	0.0	704471127.0	171945.0
59	0.05	43.0	100663296.0	-0.5	0.0	721244175.0	176113.0
59	0.05	44.0	100663296.0	-0.5	0.0	738017398.0	180106.0
59	0.05	45.0	100663296.0	-0.5	0.0	754790526.0	184194.0
59	0.05	46.0	100663296.0	-0.5	0.0	771563688.0	188248.0
59	0.05	47.0	100663296.0	-0.5	0.0	788336704.0	192448.0
59	0.05	48.0	100663296.0	-0.5	0.0	805109852.0	196516.0
59	0.05	49.0	100663296.0	-0.5	0.0	821882928.0	200656.0
59	0.05	50.0	100663296.0	-0.5	0.0	838656066.0	204734.0
59	0.05	51.0	100663296.0	-0.5	0.0	855429281.0	208735.0
59	0.05	52.0	100663296.0	-0.5	0.0	872202353.0	212879.0
59	0.05	53.0	100663296.0	-0.5	0.0	888975517.0	216931.0
59	0.05	54.0	100663296.0	-0.5	0.0	905748556.0	221108.0
59	0.05	55.0	100663296.0	-0.5	0.0	922521758.0	225122.0
59	0.05	56.0	100663296.0	-0.5	0.0	939294799.0	229297.0
59	0.05	57.0	100663296.0	-0.5	0.0	956067779.0	233533.0
59	0.05	58.0	100663296.0	-0.5	0.0	972840881.0	237647.0
59	0.05	59.0	100663296.0	-0.5	0.0	989613973.0	241771.0
59	0.05	60.0	100663296.0	-0.5	0.0	1006387074.0	245886.0
59	0.05	61.0	100663296.0	-0.5	0.0	1023160159.0	250017.0
59	0.05	62.0	100663296.0	-0.5	0.0	1039933310.0	254082.0
59	0.05	63.0	100663296.0	-0.5	0.0	1056706469.0	258139.0
59	0.05	64.0	100663296.0	-0.5	0.0	1073479593.0	262231.0
59	0.05	65.0	100663296.0	-0.5	0.0	1090252772.0	266268.0
59	0.05	66.0	100663296.0	-0.5	0.0	1107025918.0	270338.0
59	0.05	67.0	100663296.0	-0.5	0.0	1123798968.0	274504.0
59	0.05	68.0	100663296.0	-0.5	0.0	1140572060.0	278628.0
59	0.05	69.0	100663296.0	-0.5	0.0	1157345239.0	282665.0
59	0.05	70.0	100663296.0	-0.5	0.0	1174118322.0	286798.0
59	0.05	71.0	100663296.0	-0.5	0.0	1190891473.0	290863.0
59	0.05	72.0	100663296.0	-0.5	0.0	1207664503.0	295049.0
59	0.05	73.0	100663296.0	-0.5	0.0	1224437619.0	299149.0
59	0.05	74.0	100663296.0	-0.5	0.0	1241210784.0	303200.0
59	0.05	75.0	100663296.0	-0.5	0.0	1257983909.0	307291.0
59	0.05	76.0	100663296.0	-0.5	0.0	1274756915.0	311501.0
59	0.05	77.0	100663296.0	-0.5	0.0	1291530004.0	315628.0
59	0.05	78.0	100663296.0	-0.5	0.0	1308303083.0	319765.0
59	0.05	79.0	100663296.0	-0.5	0.0	1325076124.0	323940.0
59	0.05	80.0	100663296.0	-0.5	0.0	1341849265.0	328015.0
59	0.05	81.0	100663296.0	-0.5	0.0	1358622293.0	332203.0
59	0.05	82.0	100663296.0	-0.5	0.0	1375395393.0	336319.0
59	0.05	83.0	100663296.0	-0.5	0.0	1392168550.0	340378.0
59	0.05	84.0	100663296.0	-0.5	0.0	1408941680.0	344464.0
59	0.05	85.0	100663296.0	-0.5	0.0	1425714892.0	348468.0
59	0.05	86.0	100663296.0	-0.5	0.0	1442488096.0	352480.0
59	0.05	87.0	100663296.0	-0.5	0.0	1459261142.0	356650.0
59	0.05	88.0	100663296.0	-0.5	0.0	1476034162.0	360846.0
59	0.05	89.0	100663296.0	-0.5	0.0	1492807318.0	364906.0
59	0.05	90.0	100663296.0	-0.5	0.0	1509580368.0	369072.0
59	0.05	91.0	100663296.0	-0.5	0.0	1526353360.0	373296.0
59	0.05	92.0	100663296.0	-0.5	0.0	1543126414.0	377458.0
59	0.05	93.0	100663296.0	-0.5	0.0	1559899551.0	381537.0
59	0.05	94.0	100663296.0	-0.5	0.0	1576672650.0	385654.0
59	0.05	95.0	100663296.0	-0.5	0.0	1593445845.0	389675.0
59	0.05	96.0	100663296.0	-0.5	0.0	1610218963.0	393773.0
59	0.05	97.0	100663296.0	-0.5	0.0	1626992023.0	397929.0
59	0.05	98.0	100663296.0	-0.5	0.0	1643765178.0	401990.0
59	0.05	99.0	100663296.0	-0.5	0.0	1660538372.0	406012.0
59	0.05	100.0	100663296.0	-0.5	0.0	1677311471.0	410129.0
