temp_index	temp	sweep	S	E	accepted	nonnull	null
0	14.0	1.0	5783668.0	-0.12535762786865234	2019852.0	4161370.0	32934.0
0	14.0	2.0	801857.0	-0.017379782416603783	5681495.0	8322864.0	65744.0
0	14.0	3.0	400643.0	-0.008683703162453392	9758687.0	12484487.0	98425.0
0	14.0	4.0	385092.0	-0.008346644314852629	13863390.0	16645909.0	131307.0
0	14.0	5.0	385733.0	-0.008360537615689364	17969600.0	20807722.0	163798.0
0	14.0	6.0	384988.0	-0.008344390175559303	22075253.0	24969147.0	196677.0
0	14.0	7.0	384760.0	-0.008339448408647017	26181017.0	29130753.0	229375.0
0	14.0	8.0	384351.0	-0.008330583572387695	30286957.0	33292114.0	262318.0
0	14.0	9.0	384878.0	-0.008342005989768288	34393100.0	37453697.0	295039.0
0	14.0	10.0	385291.0	-0.008350957523692738	38499184.0	41615477.0	327563.0
0	14.0	11.0	383976.0	-0.00832245566628196	42604991.0	45776908.0	360436.0
0	14.0	12.0	384829.0	-0.008340943943370472	46711149.0	49938522.0	393126.0
0	14.0	13.0	385129.0	-0.00834744626825506	50816761.0	54099925.0	426027.0
0	14.0	14.0	385010.0	-0.008344867012717506	54922750.0	58261393.0	458863.0
0	14.0	15.0	385570.0	-0.008357004685835405	59028246.0	62422726.0	491834.0
0	14.0	16.0	384571.0	-0.008335351943969727	63134233.0	66584370.0	524494.0
0	14.0	17.0	384211.0	-0.008327549154108221	67240342.0	70745954.0	557214.0
0	14.0	18.0	385402.0	-0.008353363383900036	71346252.0	74907475.0	589997.0
0	14.0	19.0	385046.0	-0.008345647291703657	75452062.0	79069254.0	622522.0
0	14.0	20.0	384383.0	-0.008331277153708717	79558137.0	83230780.0	655300.0
0	14.0	21.0	384269.0	-0.008328806270252575	83663781.0	87392222.0	688162.0
0	14.0	22.0	385107.0	-0.008346969431096857	87769699.0	91553643.0	721045.0
0	14.0	23.0	384749.0	-0.008339209990067915	91875642.0	95715329.0	753663.0
0	14.0	24.0	385390.0	-0.008353103290904652	95981294.0	99877063.0	786233.0
0	14.0	25.0	384569.0	-0.008335308595137163	100087578.0	104038805.0	818795.0
0	14.0	26.0	386128.0	-0.008369099010120739	104193550.0	108200363.0	851541.0
0	14.0	27.0	384292.0	-0.008329304781827059	108299099.0	112361633.0	884575.0
0	14.0	28.0	384928.0	-0.008343089710582386	112404964.0	116523190.0	917322.0
0	14.0	29.0	384439.0	-0.008332490921020508	116510736.0	120684685.0	950131.0
0	14.0	30.0	386870.0	-0.008385181427001953	120616185.0	124846227.0	982893.0
0	14.0	31.0	386038.0	-0.008367148312655363	124721907.0	129007560.0	1015864.0
0	14.0	32.0	384356.0	-0.008330691944469105	128828156.0	133169058.0	1048670.0
0	14.0	33.0	384973.0	-0.008344065059315075	132934435.0	137330803.0	1081229.0
0	14.0	34.0	384933.0	-0.008343198082663796	137040294.0	141492235.0	1114101.0
0	14.0	35.0	384142.0	-0.008326053619384766	141146231.0	145653811.0	1146829.0
0	14.0	36.0	385009.0	-0.008344845338301226	145252504.0	149815408.0	1179536.0
0	14.0	37.0	384596.0	-0.008335893804376776	149358259.0	153976964.0	1212284.0
0	14.0	38.0	386169.0	-0.0083699876611883	153463788.0	158138484.0	1245068.0
0	14.0	39.0	384002.0	-0.008323019201105291	157569789.0	162299940.0	1277916.0
0	14.0	40.0	384178.0	-0.008326833898370916	161675720.0	166461655.0	1310505.0
0	14.0	41.0	385813.0	-0.00836227156899192	165781649.0	170623512.0	1342952.0
0	14.0	42.0	384203.0	-0.008327375758777966	169887500.0	174785245.0	1375523.0
0	14.0	43.0	384629.0	-0.00833660906011408	173994108.0	178947110.0	1407962.0
0	14.0	44.0	385557.0	-0.008356722918423739	178100205.0	183108802.0	1440574.0
0	14.0	45.0	385780.0	-0.008361556313254616	182206280.0	187270529.0	1473151.0
0	14.0	46.0	384672.0	-0.008337541060014204	186312405.0	191432045.0	1505939.0
0	14.0	47.0	385268.0	-0.008350459012118254	190418168.0	195593838.0	1538450.0
0	14.0	48.0	384909.0	-0.008342677896673029	194523891.0	199755398.0	1571194.0
0	14.0	49.0	385941.0	-0.008365045894276012	198630159.0	203917063.0	1603833.0
0	14.0	50.0	384377.0	-0.008331147107211027	202735755.0	208078612.0	1636588.0
0	14.0	51.0	385577.0	-0.008357156406749378	206841569.0	212239941.0	1669563.0
0	14.0	52.0	384296.0	-0.008329391479492188	210947354.0	216401510.0	1702298.0
0	14.0	53.0	385175.0	-0.00834844329140403	215053532.0	220562904.0	1735208.0
0	14.0	54.0	385358.0	-0.00835240970958363	219159611.0	224724461.0	1767955.0
0	14.0	55.0	384574.0	-0.008335416967218573	223265671.0	228886172.0	1800548.0
0	14.0	56.0	384392.0	-0.008331472223455256	227371066.0	233047498.0	1833526.0
0	14.0	57.0	384513.0	-0.008334094827825373	231477041.0	237209080.0	1866248.0
0	14.0	58.0	384733.0	-0.008338863199407404	235583262.0	241370614.0	1899018.0
0	14.0	59.0	385619.0	-0.008358066732233221	239689110.0	245532082.0	1931854.0
0	14.0	60.0	385925.0	-0.008364699103615501	243794546.0	249693684.0	1964556.0
0	14.0	61.0	385902.0	-0.008364200592041016	247901065.0	253855536.0	1997008.0
0	14.0	62.0	384610.0	-0.008336197246204723	252007235.0	258017201.0	2029647.0
0	14.0	63.0	385130.0	-0.008347467942671343	256113245.0	262178866.0	2062286.0
0	14.0	64.0	384861.0	-0.008341637524691496	260219365.0	266340254.0	2095202.0
0	14.0	65.0	384644.0	-0.008336934176358309	264325532.0	270501533.0	2128227.0
0	14.0	66.0	384589.0	-0.008335742083462801	268431345.0	274663212.0	2160852.0
0	14.0	67.0	384527.0	-0.00833439826965332	272537124.0	278824827.0	2193541.0
0	14.0	68.0	384472.0	-0.008333206176757812	276643232.0	282986465.0	2226207.0
0	14.0	69.0	384681.0	-0.008337736129760742	280749135.0	287148002.0	2258974.0
0	14.0	70.0	385224.0	-0.008349505337801847	284855038.0	291309809.0	2291471.0
0	14.0	71.0	384929.0	-0.008343111384998669	288960922.0	295471309.0	2324275.0
0	14.0	72.0	384965.0	-0.00834389166398482	293066646.0	299633001.0	2356887.0
0	14.0	73.0	385310.0	-0.008351369337602095	297172837.0	303794731.0	2389461.0
0	14.0	74.0	385073.0	-0.00834623250094327	301278959.0	307956319.0	2422177.0
0	14.0	75.0	384825.0	-0.008340857245705345	305385453.0	312118102.0	2454698.0
0	14.0	76.0	384908.0	-0.008342656222256746	309491456.0	316279637.0	2487467.0
0	14.0	77.0	384794.0	-0.008340185338800604	313597314.0	320441365.0	2520043.0
0	14.0	78.0	384915.0	-0.008342807943170721	317703985.0	324603001.0	2552711.0
0	14.0	79.0	385478.0	-0.008355010639537464	321810631.0	328764902.0	2585114.0
0	14.0	80.0	385081.0	-0.008346405896273527	325916429.0	332926519.0	2617801.0
0	14.0	81.0	384214.0	-0.008327614177357067	330022133.0	337088052.0	2650572.0
0	14.0	82.0	385669.0	-0.00835915045304732	334128243.0	341249569.0	2683359.0
0	14.0	83.0	384656.0	-0.008337194269353693	338234959.0	345411571.0	2715661.0
0	14.0	84.0	384456.0	-0.008332859386097301	342341012.0	349572976.0	2748560.0
0	14.0	85.0	385608.0	-0.00835782831365412	346447223.0	353734705.0	2781135.0
0	14.0	86.0	384499.0	-0.008333791385997425	350553058.0	357896252.0	2813892.0
0	14.0	87.0	384945.0	-0.00834345817565918	354658831.0	362057794.0	2846654.0
0	14.0	88.0	385152.0	-0.008347944779829546	358764588.0	366219228.0	2879524.0
0	14.0	89.0	385679.0	-0.008359367197210138	362870228.0	370380809.0	2912247.0
0	14.0	90.0	384998.0	-0.008344606919722124	366975788.0	374542078.0	2945282.0
0	14.0	91.0	384458.0	-0.008332902734929865	371081163.0	378703383.0	2978281.0
0	14.0	92.0	384564.0	-0.008335200223055754	375186814.0	382864582.0	3011386.0
0	14.0	93.0	384404.0	-0.00833173231645064	379292434.0	387025870.0	3044402.0
0	14.0	94.0	384626.0	-0.008336544036865234	383398423.0	391187682.0	3076894.0
0	14.0	95.0	385603.0	-0.00835771994157271	387504286.0	395349182.0	3109698.0
0	14.0	96.0	384661.0	-0.008337302641435103	391609834.0	399510696.0	3142488.0
0	14.0	97.0	385489.0	-0.008355249058116566	395715320.0	403671746.0	3175742.0
0	14.0	98.0	384672.0	-0.008337541060014204	399821526.0	407833125.0	3208667.0
0	14.0	99.0	384901.0	-0.008342504501342773	403928020.0	411994960.0	3241136.0
0	14.0	100.0	385978.0	-0.008365847847678444	408034046.0	416156640.0	3273760.0
1	12.0	1.0	7745648.0	-0.16788239912553268	1654309.0	4161659.0	32645.0
1	12.0	2.0	1299427.0	-0.028164321726018734	4999698.0	8323073.0	65535.0
1	12.0	3.0	435569.0	-0.009440703825517134	9016661.0	12484227.0	98685.0
1	12.0	4.0	390995.0	-0.008474588394165039	13109805.0	16645740.0	131476.0
1	12.0	5.0	389695.0	-0.008446411652998491	17205179.0	20807055.0	164465.0
1	12.0	6.0	390193.0	-0.008457205512306908	21301675.0	24968691.0	197133.0
1	12.0	7.0	388756.0	-0.00842605937610973	25397672.0	29129843.0	230285.0
1	12.0	8.0	388704.0	-0.008424932306463068	29493804.0	33291395.0	263037.0
1	12.0	9.0	389196.0	-0.008435596119273792	33590096.0	37452742.0	295994.0
1	12.0	10.0	389580.0	-0.008443919095126066	37686490.0	41614390.0	328650.0
1	12.0	11.0	389324.0	-0.008438370444557884	41782845.0	45775904.0	361440.0
1	12.0	12.0	388964.0	-0.008430567654696379	45879508.0	49937407.0	394241.0
1	12.0	13.0	389757.0	-0.008447755466807972	49975865.0	54098974.0	426978.0
1	12.0	14.0	388855.0	-0.008428205143321644	54072069.0	58260411.0	459845.0
1	12.0	15.0	389493.0	-0.008442033420909534	58168478.0	62421922.0	492638.0
1	12.0	16.0	387248.0	-0.008393374356356535	62264760.0	66583609.0	525255.0
1	12.0	17.0	388399.0	-0.00841832160949707	66361167.0	70744635.0	558533.0
1	12.0	18.0	390523.0	-0.008464358069679954	70457682.0	74906099.0	591373.0
1	12.0	19.0	388871.0	-0.008428551933982155	74553818.0	79067599.0	624177.0
1	12.0	20.0	388432.0	-0.008419036865234375	78650244.0	83229186.0	656894.0
1	12.0	21.0	389478.0	-0.008441708304665306	82746688.0	87390729.0	689655.0
1	12.0	22.0	388943.0	-0.008430112491954456	86843619.0	91552627.0	722061.0
1	12.0	23.0	389203.0	-0.008435747840187767	90940174.0	95714137.0	754855.0
1	12.0	24.0	389548.0	-0.008443225513805042	95036169.0	99875657.0	787639.0
1	12.0	25.0	389100.0	-0.008433515375310724	99132362.0	104037145.0	820455.0
1	12.0	26.0	389229.0	-0.008436311375011097	103229391.0	108198952.0	852952.0
1	12.0	27.0	390097.0	-0.00845512476834384	107325788.0	112360269.0	885939.0
1	12.0	28.0	388662.0	-0.008424021980979225	111422110.0	116521771.0	918741.0
1	12.0	29.0	389996.0	-0.00845293565229936	115518334.0	120683627.0	951189.0
1	12.0	30.0	389100.0	-0.008433515375310724	119614962.0	124845070.0	984050.0
1	12.0	31.0	388825.0	-0.008427554910833185	123711244.0	129006495.0	1016929.0
1	12.0	32.0	389091.0	-0.008433320305564186	127807235.0	133167879.0	1049849.0
1	12.0	33.0	389216.0	-0.008436029607599432	131903814.0	137329518.0	1082514.0
1	12.0	34.0	389264.0	-0.008437069979580965	136000276.0	141491520.0	1114816.0
1	12.0	35.0	389639.0	-0.0084451978856867	140096509.0	145652961.0	1147679.0
1	12.0	36.0	389644.0	-0.00844530625776811	144192822.0	149814349.0	1180595.0
1	12.0	37.0	389114.0	-0.008433818817138672	148289504.0	153976211.0	1213037.0
1	12.0	38.0	388798.0	-0.008426969701593573	152385527.0	158137685.0	1245867.0
1	12.0	39.0	388866.0	-0.008428443561900745	156482140.0	162299404.0	1278452.0
1	12.0	40.0	388288.0	-0.008415915749289772	160578936.0	166460836.0	1311324.0
1	12.0	41.0	388687.0	-0.008424563841386274	164675040.0	170622350.0	1344114.0
1	12.0	42.0	389686.0	-0.008446216583251953	168772028.0	174783781.0	1376987.0
1	12.0	43.0	389541.0	-0.00844307379289107	172867892.0	178945140.0	1409932.0
1	12.0	44.0	389141.0	-0.008434404026378284	176963912.0	183106538.0	1442838.0
1	12.0	45.0	388467.0	-0.008419795469804243	181060142.0	187267700.0	1475980.0
1	12.0	46.0	389517.0	-0.008442553606900301	185156439.0	191429077.0	1508907.0
1	12.0	47.0	389580.0	-0.008443919095126066	189252602.0	195590492.0	1541796.0
1	12.0	48.0	389821.0	-0.008449142629450018	193348799.0	199751930.0	1574662.0
1	12.0	49.0	388685.0	-0.008424520492553711	197445065.0	203913389.0	1607507.0
1	12.0	50.0	388912.0	-0.008429440585049715	201541140.0	208074931.0	1640269.0
1	12.0	51.0	389942.0	-0.008451765233820135	205637487.0	212236346.0	1673158.0
1	12.0	52.0	389791.0	-0.00844849239696156	209734015.0	216397920.0	1705888.0
1	12.0	53.0	389426.0	-0.008440581235018644	213830163.0	220559314.0	1738798.0
1	12.0	54.0	389228.0	-0.008436289700594816	217926753.0	224720966.0	1771450.0
1	12.0	55.0	388381.0	-0.008417931470003996	222022889.0	228882382.0	1804338.0
1	12.0	56.0	388491.0	-0.008420315655795011	226119644.0	233043725.0	1837299.0
1	12.0	57.0	389841.0	-0.008449576117775658	230215936.0	237204956.0	1870372.0
1	12.0	58.0	388319.0	-0.008416587656194513	234312266.0	241366506.0	1903126.0
1	12.0	59.0	389293.0	-0.008437698537653143	238409219.0	245528419.0	1935517.0
1	12.0	60.0	388943.0	-0.008430112491954456	242506170.0	249689915.0	1968325.0
1	12.0	61.0	390260.0	-0.008458657698197798	246602626.0	253851656.0	2000888.0
1	12.0	62.0	389693.0	-0.008446368304165926	250698234.0	258013102.0	2033746.0
1	12.0	63.0	389902.0	-0.008450898257168856	254795020.0	262174612.0	2066540.0
1	12.0	64.0	389413.0	-0.008440299467606978	258891504.0	266336274.0	2099182.0
1	12.0	65.0	389406.0	-0.008440147746693005	262987390.0	270497503.0	2132257.0
1	12.0	66.0	389329.0	-0.008438478816639294	267084145.0	274659289.0	2164775.0
1	12.0	67.0	389216.0	-0.008436029607599432	271180272.0	278820674.0	2197694.0
1	12.0	68.0	389294.0	-0.008437720212069426	275276783.0	282982229.0	2230443.0
1	12.0	69.0	389568.0	-0.008443659002130682	279373340.0	287143715.0	2263261.0
1	12.0	70.0	389051.0	-0.008432453328912909	283469678.0	291305345.0	2295935.0
1	12.0	71.0	389588.0	-0.008444092490456322	287566680.0	295466982.0	2328602.0
1	12.0	72.0	388710.0	-0.00842506235296076	291662803.0	299628502.0	2361386.0
1	12.0	73.0	389790.0	-0.008448470722545277	295759499.0	303790426.0	2393766.0
1	12.0	74.0	388880.0	-0.008428747003728693	299856131.0	307952030.0	2426466.0
1	12.0	75.0	387965.0	-0.0084089149128307	303953078.0	312113790.0	2459010.0
1	12.0	76.0	388587.0	-0.00842239639975808	308050111.0	316275307.0	2491797.0
1	12.0	77.0	388372.0	-0.008417736400257458	312146469.0	320436946.0	2524462.0
1	12.0	78.0	390125.0	-0.008455731651999733	316242821.0	324598358.0	2557354.0
1	12.0	79.0	389237.0	-0.008436484770341353	320339029.0	328759694.0	2590322.0
1	12.0	80.0	389373.0	-0.0084394324909557	324435670.0	332921301.0	2623019.0
1	12.0	81.0	389903.0	-0.008450919931585138	328531819.0	337082725.0	2655899.0
1	12.0	82.0	389709.0	-0.008446715094826439	332628034.0	341244516.0	2688412.0
1	12.0	83.0	388772.0	-0.00842640616677024	336724497.0	345406081.0	2721151.0
1	12.0	84.0	389114.0	-0.008433818817138672	340820634.0	349567196.0	2754340.0
1	12.0	85.0	388744.0	-0.008425799283114347	344917169.0	353728886.0	2786954.0
1	12.0	86.0	389222.0	-0.008436159654097124	349013508.0	357890513.0	2819631.0
1	12.0	87.0	389113.0	-0.00843379714272239	353110280.0	362052278.0	2852170.0
1	12.0	88.0	388987.0	-0.008431066166270863	357206652.0	366213765.0	2884987.0
1	12.0	89.0	388126.0	-0.008412404493852095	361303214.0	370375395.0	2917661.0
1	12.0	90.0	389184.0	-0.00843533602627841	365400241.0	374536906.0	2950454.0
1	12.0	91.0	388812.0	-0.00842727314342152	369496865.0	378698682.0	2982982.0
1	12.0	92.0	388823.0	-0.008427511562000622	373592723.0	382859944.0	3016024.0
1	12.0	93.0	389645.0	-0.008445327932184393	377689260.0	387021427.0	3048845.0
1	12.0	94.0	389057.0	-0.0084325833754106	381785437.0	391183080.0	3081496.0
1	12.0	95.0	389927.0	-0.008451440117575905	385880955.0	395344184.0	3114696.0
1	12.0	96.0	389708.0	-0.008446693420410156	389977779.0	399505900.0	3147284.0
1	12.0	97.0	388969.0	-0.008430676026777788	394073971.0	403667325.0	3180163.0
1	12.0	98.0	389609.0	-0.008444547653198242	398170251.0	407828624.0	3213168.0
1	12.0	99.0	389655.0	-0.008445544676347212	402265995.0	411989987.0	3246109.0
1	12.0	100.0	389718.0	-0.008446910164572975	406362582.0	416151638.0	3278762.0
2	11.0	1.0	9064553.0	-0.19646889513189142	1444907.0	4161248.0	33056.0
2	11.0	2.0	1833294.0	-0.039735577323219994	4538153.0	8322909.0	65699.0
2	11.0	3.0	490182.0	-0.010624408721923828	8485968.0	12484496.0	98416.0
2	11.0	4.0	396688.0	-0.008597980846058239	12568165.0	16646150.0	131066.0
2	11.0	5.0	393328.0	-0.008525154807350853	16657719.0	20807529.0	163991.0
2	11.0	6.0	391725.0	-0.00849041071805087	20748142.0	24969174.0	196650.0
2	11.0	7.0	390400.0	-0.008461692116477272	24838538.0	29130582.0	229546.0
2	11.0	8.0	392549.0	-0.008508270437067205	28928766.0	33292331.0	262101.0
2	11.0	9.0	391709.0	-0.008490063927390358	33019191.0	37453964.0	294772.0
2	11.0	10.0	391733.0	-0.008490584113381126	37109706.0	41615801.0	327239.0
2	11.0	11.0	392289.0	-0.008502635088833895	41199738.0	45777305.0	360039.0
2	11.0	12.0	390967.0	-0.008473981510509144	45289935.0	49939101.0	392547.0
2	11.0	13.0	391866.0	-0.008493466810746626	49380678.0	54101192.0	424760.0
2	11.0	14.0	391974.0	-0.008495807647705078	53470882.0	58262634.0	457622.0
2	11.0	15.0	392136.0	-0.008499318903142756	57560967.0	62424088.0	490472.0
2	11.0	16.0	391394.0	-0.008483236486261541	61651168.0	66585516.0	523348.0
2	11.0	17.0	391125.0	-0.008477406068281694	65741196.0	70746935.0	556233.0
2	11.0	18.0	391694.0	-0.00848973881114613	69831538.0	74908598.0	588874.0
2	11.0	19.0	392808.0	-0.008513884110884233	73921905.0	79070293.0	621483.0
2	11.0	20.0	392164.0	-0.00849992578679865	78012757.0	83231993.0	654087.0
2	11.0	21.0	392568.0	-0.008508682250976562	82102595.0	87393522.0	686862.0
2	11.0	22.0	392308.0	-0.008503046902743254	86192780.0	91554969.0	719719.0
2	11.0	23.0	392244.0	-0.008501659740101208	90282485.0	95716245.0	752747.0
2	11.0	24.0	392496.0	-0.008507121693004261	94372909.0	99877779.0	785517.0
2	11.0	25.0	391886.0	-0.008493900299072266	98463222.0	104039309.0	818291.0
2	11.0	26.0	391747.0	-0.008490887555209074	102553911.0	108200892.0	851012.0
2	11.0	27.0	391160.0	-0.008478164672851562	106644517.0	112362503.0	883705.0
2	11.0	28.0	392190.0	-0.00850048932162198	110734521.0	116523679.0	916833.0
2	11.0	29.0	392077.0	-0.00849804011258212	114824819.0	120685203.0	949613.0
2	11.0	30.0	393230.0	-0.00852303071455522	118914985.0	124846616.0	982504.0
2	11.0	31.0	392019.0	-0.008496782996437767	123005351.0	129008323.0	1015101.0
2	11.0	32.0	391624.0	-0.008488221602006392	127095786.0	133170028.0	1047700.0
2	11.0	33.0	392417.0	-0.008505409414117987	131186863.0	137331631.0	1080401.0
2	11.0	34.0	392378.0	-0.00850456411188299	135277259.0	141493262.0	1113074.0
2	11.0	35.0	392012.0	-0.008496631275523792	139367480.0	145654714.0	1145926.0
2	11.0	36.0	392335.0	-0.008503632111982866	143457364.0	149816179.0	1178765.0
2	11.0	37.0	392929.0	-0.00851650671525435	147547241.0	153977508.0	1211740.0
2	11.0	38.0	392381.0	-0.008504629135131836	151637804.0	158139141.0	1244411.0
2	11.0	39.0	391962.0	-0.008495547554709694	155728716.0	162300570.0	1277286.0
2	11.0	40.0	392173.0	-0.008500120856545189	159818621.0	166461939.0	1310221.0
2	11.0	41.0	392225.0	-0.00850124792619185	163908986.0	170623422.0	1343042.0
2	11.0	42.0	391990.0	-0.00849615443836559	167999067.0	174784908.0	1375860.0
2	11.0	43.0	392696.0	-0.008511456576260653	172089079.0	178946316.0	1408756.0
2	11.0	44.0	391766.0	-0.008491299369118431	176180009.0	183107868.0	1441508.0
2	11.0	45.0	392142.0	-0.008499448949640448	180269769.0	187269462.0	1474218.0
2	11.0	46.0	392310.0	-0.008503090251575817	184360189.0	191430836.0	1507148.0
2	11.0	47.0	391847.0	-0.008493054996837269	188450517.0	195592616.0	1539672.0
2	11.0	48.0	393008.0	-0.008518218994140625	192540676.0	199754131.0	1572461.0
2	11.0	49.0	391153.0	-0.00847801295193759	196630898.0	203915422.0	1605474.0
2	11.0	50.0	391400.0	-0.008483366532759233	200721400.0	208076739.0	1638461.0
2	11.0	51.0	391815.0	-0.008492361415516247	204811399.0	212238269.0	1671235.0
2	11.0	52.0	391674.0	-0.00848930532282049	208902343.0	216399572.0	1704236.0
2	11.0	53.0	391051.0	-0.00847580216147683	212992887.0	220561079.0	1737033.0
2	11.0	54.0	391292.0	-0.008481025695800781	217082749.0	224722864.0	1769552.0
2	11.0	55.0	391949.0	-0.008495265787298029	221172464.0	228884078.0	1802642.0
2	11.0	56.0	391917.0	-0.008494572205977007	225262673.0	233045614.0	1835410.0
2	11.0	57.0	392806.0	-0.008513840762051668	229352339.0	237206812.0	1868516.0
2	11.0	58.0	391762.0	-0.008491212671453302	233442952.0	241368538.0	1901094.0
2	11.0	59.0	392214.0	-0.008501009507612749	237532774.0	245529962.0	1933974.0
2	11.0	60.0	392742.0	-0.008512453599409624	241623276.0	249691379.0	1966861.0
2	11.0	61.0	390641.0	-0.008466915650801226	245713608.0	253853019.0	1999525.0
2	11.0	62.0	392115.0	-0.008498863740400835	249804053.0	258014528.0	2032320.0
2	11.0	63.0	392175.0	-0.008500164205377752	253893889.0	262175799.0	2065353.0
2	11.0	64.0	391504.0	-0.008485620672052557	257983590.0	266337369.0	2098087.0
2	11.0	65.0	391974.0	-0.008495807647705078	262073679.0	270499118.0	2130642.0
2	11.0	66.0	391761.0	-0.00849119099703702	266163737.0	274660513.0	2163551.0
2	11.0	67.0	392294.0	-0.008502743460915306	270254263.0	278822248.0	2196120.0
2	11.0	68.0	392312.0	-0.00850313360040838	274344295.0	282983800.0	2228872.0
2	11.0	69.0	392942.0	-0.008516788482666016	278434759.0	287145380.0	2261596.0
2	11.0	70.0	391797.0	-0.00849197127602317	282525185.0	291307111.0	2294169.0
2	11.0	71.0	393408.0	-0.00852688876065341	286615386.0	295468834.0	2326750.0
2	11.0	72.0	392138.0	-0.008499362251975319	290705185.0	299630163.0	2359725.0
2	11.0	73.0	392195.0	-0.008500597693703392	294795784.0	303792005.0	2392187.0
2	11.0	74.0	391420.0	-0.008483800021084871	298886168.0	307953182.0	2425314.0
2	11.0	75.0	393550.0	-0.008529966527765448	302976320.0	312114873.0	2457927.0
2	11.0	76.0	390787.0	-0.008470080115578392	307066621.0	316276356.0	2490748.0
2	11.0	77.0	392303.0	-0.008502938530661842	311156402.0	320437856.0	2523552.0
2	11.0	78.0	392736.0	-0.008512323552911932	315247189.0	324599521.0	2556191.0
2	11.0	79.0	390981.0	-0.008474284952337091	319337314.0	328761351.0	2588665.0
2	11.0	80.0	391556.0	-0.008486747741699219	323427034.0	332922814.0	2621506.0
2	11.0	81.0	392177.0	-0.008500207554210316	327517212.0	337084161.0	2654463.0
2	11.0	82.0	391348.0	-0.008482239463112572	331607498.0	341245712.0	2687216.0
2	11.0	83.0	392404.0	-0.008505127646706322	335698118.0	345407391.0	2719841.0
2	11.0	84.0	392476.0	-0.008506688204678621	339788452.0	349569214.0	2752322.0
2	11.0	85.0	392443.0	-0.008505972948941317	343878806.0	353730862.0	2784978.0
2	11.0	86.0	392001.0	-0.00849639285694469	347969265.0	357892353.0	2817791.0
2	11.0	87.0	392380.0	-0.008504607460715553	352059303.0	362053579.0	2850869.0
2	11.0	88.0	391722.0	-0.008490345694802025	356149364.0	366215086.0	2883666.0
2	11.0	89.0	391934.0	-0.0084949406710538	360239638.0	370376722.0	2916334.0
2	11.0	90.0	393456.0	-0.008527929132634943	364330088.0	374538267.0	2949093.0
2	11.0	91.0	391881.0	-0.008493791926990856	368420435.0	378699905.0	2981759.0
2	11.0	92.0	391727.0	-0.008490454066883434	372510804.0	382861374.0	3014594.0
2	11.0	93.0	391251.0	-0.008480137044733221	376601313.0	387022862.0	3047410.0
2	11.0	94.0	391983.0	-0.008496002717451616	380691594.0	391184253.0	3080323.0
2	11.0	95.0	391694.0	-0.00848973881114613	384782494.0	395345802.0	3113078.0
2	11.0	96.0	392386.0	-0.008504737507213245	388872927.0	399507330.0	3145854.0
2	11.0	97.0	393241.0	-0.008523269133134321	392963781.0	403669000.0	3178488.0
2	11.0	98.0	391879.0	-0.008493748578158293	397053766.0	407830351.0	3211441.0
2	11.0	99.0	391838.0	-0.00849285992709073	401144018.0	411991495.0	3244601.0
2	11.0	100.0	391634.0	-0.008488438346169212	405234280.0	416152984.0	3277416.0
3	10.0	1.0	10633316.0	-0.2304709174416282	1220853.0	4161758.0	32546.0
3	10.0	2.0	2769863.0	-0.0600351637059992	3974709.0	8323112.0	65496.0
3	10.0	3.0	623072.0	-0.013504721901633522	7783922.0	12484673.0	98239.0
3	10.0	4.0	407319.0	-0.008828401565551758	11844335.0	16645822.0	131394.0
3	10.0	5.0	396250.0	-0.00858848745172674	15926393.0	20807173.0	164347.0
3	10.0	6.0	395744.0	-0.008577520197088068	20008636.0	24968567.0	197257.0
3	10.0	7.0	394718.0	-0.008555282245982777	24091454.0	29129961.0	230167.0
3	10.0	8.0	395337.0	-0.00856869870966131	28174434.0	33291335.0	263097.0
3	10.0	9.0	394305.0	-0.008546330712058327	32257871.0	37452868.0	295868.0
3	10.0	10.0	395289.0	-0.008567658337679777	36340638.0	41614280.0	328760.0
3	10.0	11.0	394904.0	-0.008559313687411222	40423957.0	45775746.0	361598.0
3	10.0	12.0	396048.0	-0.008584109219637785	44507700.0	49937306.0	394342.0
3	10.0	13.0	395515.0	-0.008572556755759499	48590582.0	54098991.0	426961.0
3	10.0	14.0	394999.0	-0.008561372756958008	52673812.0	58260796.0	459460.0
3	10.0	15.0	394606.0	-0.008552854711359198	56756856.0	62422592.0	491968.0
3	10.0	16.0	394766.0	-0.008556322617964312	60840079.0	66584209.0	524655.0
3	10.0	17.0	395520.0	-0.00857266512784091	64922908.0	70745808.0	557360.0
3	10.0	18.0	395782.0	-0.008578343824906782	69005714.0	74907368.0	590104.0
3	10.0	19.0	394223.0	-0.008544553409923206	73087683.0	79068722.0	623054.0
3	10.0	20.0	394843.0	-0.008557991548018022	77170414.0	83230158.0	655922.0
3	10.0	21.0	395234.0	-0.00856646624478427	81253318.0	87391710.0	688674.0
3	10.0	22.0	396119.0	-0.008585648103193804	85336582.0	91553424.0	721264.0
3	10.0	23.0	395766.0	-0.008577997034246271	89419434.0	95714951.0	754041.0
3	10.0	24.0	396941.0	-0.008603464473377575	93502345.0	99876676.0	786620.0
3	10.0	25.0	395693.0	-0.008576414801857689	97585373.0	104038314.0	819286.0
3	10.0	26.0	395713.0	-0.008576848290183327	101668403.0	108199863.0	852041.0
3	10.0	27.0	394388.0	-0.00854812968860973	105750806.0	112361187.0	885021.0
3	10.0	28.0	394029.0	-0.008540348573164507	109833726.0	116522676.0	917836.0
3	10.0	29.0	395100.0	-0.008563561873002485	113916384.0	120684218.0	950598.0
3	10.0	30.0	395686.0	-0.008576263080943714	117999514.0	124845869.0	983251.0
3	10.0	31.0	395206.0	-0.008565859361128374	122082776.0	129007353.0	1016071.0
3	10.0	32.0	395350.0	-0.008568980477072975	126166305.0	133168964.0	1048764.0
3	10.0	33.0	396080.0	-0.008584802800958807	130249364.0	137330682.0	1081350.0
3	10.0	34.0	395971.0	-0.008582440289584074	134331720.0	141492213.0	1114123.0
3	10.0	35.0	396105.0	-0.008585344661365856	138415101.0	145653749.0	1146891.0
3	10.0	36.0	394871.0	-0.008558598431673918	142497848.0	149815334.0	1179610.0
3	10.0	37.0	395344.0	-0.008568850430575285	146580580.0	153976869.0	1212379.0
3	10.0	38.0	395211.0	-0.008565967733209784	150663514.0	158138369.0	1245183.0
3	10.0	39.0	394618.0	-0.008553114804354582	154746119.0	162299795.0	1278061.0
3	10.0	40.0	394629.0	-0.008553353222933683	158828908.0	166461454.0	1310706.0
3	10.0	41.0	394705.0	-0.008555000478571112	162912368.0	170623113.0	1343351.0
3	10.0	42.0	393711.0	-0.008533456108786842	166995962.0	174785077.0	1375691.0
3	10.0	43.0	394995.0	-0.00856128605929288	171078417.0	178946247.0	1408825.0
3	10.0	44.0	394620.0	-0.008553158153187145	175161176.0	183107711.0	1441665.0
3	10.0	45.0	395379.0	-0.008569609035145153	179244210.0	187269592.0	1474088.0
3	10.0	46.0	396144.0	-0.008586189963600853	183327530.0	191431068.0	1506916.0
3	10.0	47.0	395481.0	-0.008571819825605913	187411298.0	195593093.0	1539195.0
3	10.0	48.0	395196.0	-0.008565642616965553	191494191.0	199754733.0	1571859.0
3	10.0	49.0	394195.0	-0.008543946526267311	195577526.0	203916632.0	1604264.0
3	10.0	50.0	395031.0	-0.00856206633827903	199660904.0	208078224.0	1636976.0
3	10.0	51.0	394342.0	-0.00854713266546076	203744666.0	212239766.0	1669738.0
3	10.0	52.0	394845.0	-0.008558034896850586	207827831.0	216401273.0	1702535.0
3	10.0	53.0	395390.0	-0.008569847453724255	211911256.0	220562722.0	1735390.0
3	10.0	54.0	396208.0	-0.008587577126242897	215994049.0	224724027.0	1768389.0
3	10.0	55.0	396201.0	-0.008587425405328924	220076819.0	228885580.0	1801140.0
3	10.0	56.0	395392.0	-0.008569890802556818	224159126.0	233047005.0	1834019.0
3	10.0	57.0	395887.0	-0.008580619638616388	228241773.0	237208503.0	1866825.0
3	10.0	58.0	394995.0	-0.00856128605929288	232324600.0	241369991.0	1899641.0
3	10.0	59.0	395588.0	-0.008574138988148083	236408045.0	245531823.0	1932113.0
3	10.0	60.0	394672.0	-0.008554285222833807	240491504.0	249693447.0	1964793.0
3	10.0	61.0	394822.0	-0.0085575363852761	244574145.0	253854857.0	1997687.0
3	10.0	62.0	395324.0	-0.008568416942249645	248657749.0	258016646.0	2030202.0
3	10.0	63.0	395421.0	-0.008570519360628996	252740325.0	262178324.0	2062828.0
3	10.0	64.0	396146.0	-0.008586233312433416	256822749.0	266339772.0	2095684.0
3	10.0	65.0	394955.0	-0.008560419082641602	260905281.0	270501099.0	2128661.0
3	10.0	66.0	395341.0	-0.008568785407326439	264987791.0	274662640.0	2161424.0
3	10.0	67.0	395821.0	-0.008579189127141779	269070582.0	278824065.0	2194303.0
3	10.0	68.0	395271.0	-0.0085672681981867	273153212.0	282985745.0	2226927.0
3	10.0	69.0	395153.0	-0.00856471061706543	277235947.0	287147201.0	2259775.0
3	10.0	70.0	395108.0	-0.00856373526833274	281319054.0	291308718.0	2292562.0
3	10.0	71.0	394795.0	-0.008556951176036488	285401860.0	295470384.0	2325200.0
3	10.0	72.0	396118.0	-0.008585626428777521	289484924.0	299632143.0	2357745.0
3	10.0	73.0	395160.0	-0.008564862337979403	293567428.0	303793592.0	2390600.0
3	10.0	74.0	394580.0	-0.008552291176535866	297649929.0	307954825.0	2423671.0
3	10.0	75.0	394348.0	-0.008547262711958452	301733020.0	312116478.0	2456322.0
3	10.0	76.0	395318.0	-0.008568286895751953	305815216.0	316277763.0	2489341.0
3	10.0	77.0	393956.0	-0.008538766340775923	309898783.0	320439485.0	2521923.0
3	10.0	78.0	395466.0	-0.008571494709361683	313981220.0	324601051.0	2554661.0
3	10.0	79.0	395141.0	-0.008564450524070046	318064147.0	328762582.0	2587434.0
3	10.0	80.0	395531.0	-0.008572903546420011	322147687.0	332924218.0	2620102.0
3	10.0	81.0	396207.0	-0.008587555451826616	326230572.0	337085792.0	2652832.0
3	10.0	82.0	395705.0	-0.008576674894853071	330314436.0	341247683.0	2685245.0
3	10.0	83.0	395134.0	-0.008564298803156073	334397976.0	345409494.0	2717738.0
3	10.0	84.0	396810.0	-0.008600625124844637	338480258.0	349571038.0	2750498.0
3	10.0	85.0	394770.0	-0.008556409315629438	342563576.0	353732709.0	2783131.0
3	10.0	86.0	394776.0	-0.00855653936212713	346646359.0	357894278.0	2815866.0
3	10.0	87.0	396166.0	-0.008586666800759056	350728848.0	362055652.0	2848796.0
3	10.0	88.0	396478.0	-0.008593429218639027	354811319.0	366216917.0	2881835.0
3	10.0	89.0	393326.0	-0.008525111458518288	358893868.0	370378366.0	2914690.0
3	10.0	90.0	394803.0	-0.008557124571366743	362976972.0	374539864.0	2947496.0
3	10.0	91.0	394713.0	-0.008555173873901367	367059754.0	378701494.0	2980170.0
3	10.0	92.0	394978.0	-0.008560917594216087	371142486.0	382862971.0	3012997.0
3	10.0	93.0	395179.0	-0.008565274151888761	375225634.0	387024467.0	3045805.0
3	10.0	94.0	395180.0	-0.008565295826305042	379309091.0	391185965.0	3078611.0
3	10.0	95.0	395990.0	-0.008582852103493431	383392238.0	395347567.0	3111313.0
3	10.0	96.0	395047.0	-0.008562413128939543	387475926.0	399509268.0	3143916.0
3	10.0	97.0	395633.0	-0.00857511433688077	391559168.0	403670867.0	3176621.0
3	10.0	98.0	394811.0	-0.008557297966696999	395642371.0	407832423.0	3209369.0
3	10.0	99.0	394264.0	-0.008545442060990767	399725175.0	411993808.0	3242288.0
3	10.0	100.0	395139.0	-0.008564407175237482	403808493.0	416155307.0	3275093.0
4	9.0	1.0	12388912.0	-0.26852243596857245	991999.0	4161619.0	32685.0
4	9.0	2.0	4318836.0	-0.09360824931751598	3317718.0	8323220.0	65388.0
4	9.0	3.0	1006177.0	-0.021808299151333897	6858536.0	12484642.0	98270.0
4	9.0	4.0	445173.0	-0.00964886491948908	10860801.0	16646402.0	130814.0
4	9.0	5.0	402424.0	-0.008722305297851562	14929470.0	20807833.0	163687.0
4	9.0	6.0	399206.0	-0.008652557026256214	19003590.0	24969649.0	196175.0
4	9.0	7.0	398665.0	-0.008640831167047674	23077619.0	29130874.0	229254.0
4	9.0	8.0	399330.0	-0.008655244653875177	27151755.0	33292319.0	262113.0
4	9.0	9.0	398708.0	-0.008641763166947798	31225654.0	37453882.0	294854.0
4	9.0	10.0	399531.0	-0.008659601211547852	35299286.0	41615075.0	327965.0
4	9.0	11.0	398649.0	-0.008640484376387163	39373217.0	45776478.0	360866.0
4	9.0	12.0	399299.0	-0.008654572746970436	43447431.0	49937898.0	393750.0
4	9.0	13.0	399465.0	-0.008658170700073242	47521198.0	54099422.0	426530.0
4	9.0	14.0	399519.0	-0.008659341118552467	51595404.0	58260937.0	459319.0
4	9.0	15.0	399198.0	-0.008652383630925959	55669440.0	62422660.0	491900.0
4	9.0	16.0	399402.0	-0.008656805211847479	59743388.0	66584536.0	524328.0
4	9.0	17.0	398864.0	-0.008645144375887785	63817422.0	70746259.0	556909.0
4	9.0	18.0	398444.0	-0.00863604112104936	67891224.0	74907591.0	589881.0
4	9.0	19.0	398877.0	-0.00864542614329945	71965591.0	79069130.0	622646.0
4	9.0	20.0	398749.0	-0.008642651818015358	76039685.0	83230728.0	655352.0
4	9.0	21.0	399528.0	-0.008659536188299006	80113868.0	87392187.0	688197.0
4	9.0	22.0	399200.0	-0.008652426979758522	84187775.0	91553797.0	720891.0
4	9.0	23.0	399464.0	-0.00865814902565696	88262351.0	95715503.0	753489.0
4	9.0	24.0	398831.0	-0.00864442912015048	92336042.0	99877270.0	786026.0
4	9.0	25.0	399462.0	-0.008658105676824396	96409516.0	104038423.0	819177.0
4	9.0	26.0	399408.0	-0.008656935258345171	100484625.0	108200302.0	851602.0
4	9.0	27.0	399024.0	-0.008648612282492897	104558902.0	112361858.0	884350.0
4	9.0	28.0	399342.0	-0.008655504746870562	108632572.0	116523335.0	917177.0
4	9.0	29.0	398879.0	-0.008645469492132013	112706180.0	120684885.0	949931.0
4	9.0	30.0	398306.0	-0.00863305005160245	116780605.0	124846699.0	982421.0
4	9.0	31.0	399320.0	-0.008655027909712358	120854694.0	129008531.0	1014893.0
4	9.0	32.0	399999.0	-0.00866974483836781	124928443.0	133170111.0	1047617.0
4	9.0	33.0	399441.0	-0.008657650514082476	129001935.0	137331424.0	1080608.0
4	9.0	34.0	397383.0	-0.0086130445653742	133076760.0	141493249.0	1113087.0
4	9.0	35.0	398682.0	-0.008641199632124468	137151282.0	145654878.0	1145762.0
4	9.0	36.0	400335.0	-0.008677027442238548	141225045.0	149816335.0	1178609.0
4	9.0	37.0	398827.0	-0.008644342422485352	145299344.0	153978026.0	1211222.0
4	9.0	38.0	399011.0	-0.008648330515081232	149373804.0	158139637.0	1243915.0
4	9.0	39.0	398667.0	-0.008640874515880238	153447948.0	162301102.0	1276754.0
4	9.0	40.0	400357.0	-0.008677504279396751	157521763.0	166462648.0	1309512.0
4	9.0	41.0	399433.0	-0.00865747711875222	161595964.0	170624019.0	1342445.0
4	9.0	42.0	399040.0	-0.00864895907315341	165669489.0	174785385.0	1375383.0
4	9.0	43.0	398527.0	-0.008637840097600763	169743174.0	178947085.0	1407987.0
4	9.0	44.0	399145.0	-0.008651234886863014	173817833.0	183108803.0	1440573.0
4	9.0	45.0	398929.0	-0.008646553212946112	177892154.0	187270381.0	1473299.0
4	9.0	46.0	398917.0	-0.008646293119950728	181966192.0	191431630.0	1506354.0
4	9.0	47.0	398716.0	-0.008641936562278053	186040603.0	195593448.0	1538840.0
4	9.0	48.0	399468.0	-0.008658235723322088	190114914.0	199755023.0	1571569.0
4	9.0	49.0	399968.0	-0.008669072931463068	194188654.0	203916746.0	1604150.0
4	9.0	50.0	399499.0	-0.00865890763022683	198262264.0	208077885.0	1637315.0
4	9.0	51.0	399157.0	-0.008651494979858398	202335928.0	212239460.0	1670044.0
4	9.0	52.0	398524.0	-0.008637775074351917	206409999.0	216401002.0	1702806.0
4	9.0	53.0	399321.0	-0.00865504958412864	210483858.0	220562616.0	1735496.0
4	9.0	54.0	399601.0	-0.00866111842068759	214557814.0	224724184.0	1768232.0
4	9.0	55.0	398269.0	-0.008632248098200018	218631834.0	228886027.0	1800693.0
4	9.0	56.0	397894.0	-0.008624120192094282	222705898.0	233047718.0	1833306.0
4	9.0	57.0	399760.0	-0.008664564652876421	226779602.0	237209203.0	1866125.0
4	9.0	58.0	399178.0	-0.008651950142600319	230853411.0	241370425.0	1899207.0
4	9.0	59.0	399218.0	-0.008652817119251598	234927781.0	245531942.0	1931994.0
4	9.0	60.0	399563.0	-0.008660294792868874	239001397.0	249693441.0	1964799.0
4	9.0	61.0	399432.0	-0.008657455444335938	243075631.0	253854897.0	1997647.0
4	9.0	62.0	399164.0	-0.008651646700772371	247149798.0	258016610.0	2030238.0
4	9.0	63.0	400187.0	-0.008673819628628817	251223315.0	262178275.0	2062877.0
4	9.0	64.0	399678.0	-0.0086627873507413	255297271.0	266339483.0	2095973.0
4	9.0	65.0	399931.0	-0.008668270978060636	259371079.0	270501006.0	2128754.0
4	9.0	66.0	398850.0	-0.008644840934059837	263445071.0	274662491.0	2161573.0
4	9.0	67.0	398585.0	-0.008639097213745117	267519340.0	278824002.0	2194366.0
4	9.0	68.0	399992.0	-0.008669593117453835	271594063.0	282985741.0	2226931.0
4	9.0	69.0	399560.0	-0.008660229769620028	275667990.0	287147406.0	2259570.0
4	9.0	70.0	399765.0	-0.00866467302495783	279741861.0	291308989.0	2292291.0
4	9.0	71.0	399028.0	-0.008648698980158026	283816129.0	295470635.0	2324949.0
4	9.0	72.0	399892.0	-0.00866742567582564	287891144.0	299632547.0	2357341.0
4	9.0	73.0	398947.0	-0.008646943352439186	291964450.0	303793673.0	2390519.0
4	9.0	74.0	398349.0	-0.008633982051502575	296038856.0	307955040.0	2423456.0
4	9.0	75.0	397915.0	-0.008624575354836204	300113170.0	312116687.0	2456113.0
4	9.0	76.0	398809.0	-0.008643952282992277	304186931.0	316278040.0	2489064.0
4	9.0	77.0	399477.0	-0.008658430793068626	308260573.0	320439428.0	2521980.0
4	9.0	78.0	399406.0	-0.008656891909512606	312334160.0	324600760.0	2554952.0
4	9.0	79.0	400652.0	-0.008683898232199928	316408519.0	328762417.0	2587599.0
4	9.0	80.0	399719.0	-0.00866367600180886	320482036.0	332923568.0	2620752.0
4	9.0	81.0	399119.0	-0.008650671352039684	324556066.0	337085237.0	2653387.0
4	9.0	82.0	399747.0	-0.008664282885464754	328629929.0	341246534.0	2686394.0
4	9.0	83.0	399483.0	-0.008658560839566317	332703850.0	345408144.0	2719088.0
4	9.0	84.0	398944.0	-0.00864687832919034	336777610.0	349569748.0	2751788.0
4	9.0	85.0	399228.0	-0.008653033863414417	340851256.0	353731056.0	2784784.0
4	9.0	86.0	399634.0	-0.008661833676424894	344924684.0	357892330.0	2817814.0
4	9.0	87.0	399603.0	-0.008661161769520153	348998640.0	362054018.0	2850430.0
4	9.0	88.0	400270.0	-0.00867561860518022	353073089.0	366215936.0	2882816.0
4	9.0	89.0	399050.0	-0.008649175817316229	357146645.0	370377425.0	2915631.0
4	9.0	90.0	399021.0	-0.008648547259244051	361220442.0	374538842.0	2948518.0
4	9.0	91.0	399830.0	-0.008666081862016157	365293955.0	378700392.0	2981272.0
4	9.0	92.0	399088.0	-0.008649999445134943	369367551.0	382861940.0	3014028.0
4	9.0	93.0	399328.0	-0.008655201305042614	373441282.0	387023360.0	3046912.0
4	9.0	94.0	399311.0	-0.00865483283996582	377514746.0	391184540.0	3080036.0
4	9.0	95.0	399851.0	-0.00866653702475808	381588681.0	395346015.0	3112865.0
4	9.0	96.0	398672.0	-0.008640982887961647	385662329.0	399507772.0	3145412.0
4	9.0	97.0	399179.0	-0.008651971817016602	389736769.0	403669094.0	3178394.0
4	9.0	98.0	399465.0	-0.008658170700073242	393811309.0	407830629.0	3211163.0
4	9.0	99.0	399590.0	-0.008660880002108488	397885620.0	411992137.0	3243959.0
4	9.0	100.0	400031.0	-0.008670438419688831	401959761.0	416153673.0	3276727.0
5	8.299999999999999	1.0	13729531.0	-0.2975795702500777	832515.0	4161440.0	32864.0
5	8.299999999999999	2.0	5868885.0	-0.12720465660095215	2812658.0	8322822.0	65786.0
5	8.299999999999999	3.0	1638947.0	-0.03552321954206987	6045431.0	12484123.0	98789.0
5	8.299999999999999	4.0	539553.0	-0.011694496328180487	9942426.0	16645604.0	131612.0
5	8.299999999999999	5.0	411331.0	-0.008915359323674982	13993235.0	20807231.0	164289.0
5	8.299999999999999	6.0	402659.0	-0.008727398785677824	18058285.0	24968783.0	197041.0
5	8.299999999999999	7.0	402117.0	-0.008715651252053001	22125134.0	29130290.0	229838.0
5	8.299999999999999	8.0	402514.0	-0.008724255995316938	26191799.0	33292036.0	262396.0
5	8.299999999999999	9.0	402559.0	-0.008725231344049627	30258539.0	37453648.0	295088.0
5	8.299999999999999	10.0	402891.0	-0.008732427250255238	34324469.0	41615050.0	327990.0
5	8.299999999999999	11.0	402353.0	-0.008720766414295544	38390933.0	45776407.0	360937.0
5	8.299999999999999	12.0	401977.0	-0.008712616833773527	42456646.0	49937630.0	394018.0
5	8.299999999999999	13.0	404115.0	-0.008758956735784357	46522571.0	54099131.0	426821.0
5	8.299999999999999	14.0	402366.0	-0.008721048181707209	50588509.0	58260804.0	459452.0
5	8.299999999999999	15.0	402330.0	-0.008720267902721058	54655212.0	62422481.0	492079.0
5	8.299999999999999	16.0	402484.0	-0.00872360576282848	58721494.0	66583910.0	524954.0
5	8.299999999999999	17.0	403031.0	-0.008735461668534712	62787691.0	70745273.0	557895.0
5	8.299999999999999	18.0	402383.0	-0.008721416646784002	66854542.0	74907161.0	590311.0
5	8.299999999999999	19.0	403788.0	-0.008751869201660156	70920727.0	79068885.0	622891.0
5	8.299999999999999	20.0	402093.0	-0.008715131066062233	74986998.0	83230375.0	655705.0
5	8.299999999999999	21.0	403444.0	-0.008744413202459162	79053445.0	87392003.0	688381.0
5	8.299999999999999	22.0	403295.0	-0.00874118371443315	83119924.0	91553814.0	720874.0
5	8.299999999999999	23.0	403887.0	-0.00875401496887207	87186200.0	95715431.0	753561.0
5	8.299999999999999	24.0	402150.0	-0.008716366507790306	91252210.0	99876766.0	786530.0
5	8.299999999999999	25.0	402795.0	-0.00873034650629217	95318672.0	104038445.0	819155.0
5	8.299999999999999	26.0	403268.0	-0.008740598505193537	99384731.0	108199888.0	852016.0
5	8.299999999999999	27.0	402568.0	-0.008725426413796165	103450630.0	112361192.0	885016.0
5	8.299999999999999	28.0	402767.0	-0.008729739622636274	107516642.0	116522779.0	917733.0
5	8.299999999999999	29.0	402627.0	-0.0087267052043568	111583184.0	120684092.0	950724.0
5	8.299999999999999	30.0	402681.0	-0.008727875622836027	115648997.0	124845359.0	983761.0
5	8.299999999999999	31.0	402286.0	-0.008719314228404652	119715292.0	129006915.0	1016509.0
5	8.299999999999999	32.0	403738.0	-0.008750785480846058	123781827.0	133168342.0	1049386.0
5	8.299999999999999	33.0	402474.0	-0.00872338901866566	127848278.0	137329599.0	1082433.0
5	8.299999999999999	34.0	402649.0	-0.008727182041515003	131914282.0	141491153.0	1115183.0
5	8.299999999999999	35.0	403401.0	-0.008743481202559038	135980328.0	145652338.0	1148302.0
5	8.299999999999999	36.0	401757.0	-0.008707848462191496	140047155.0	149814286.0	1180658.0
5	8.299999999999999	37.0	402794.0	-0.008730324831875887	144113386.0	153975802.0	1213446.0
5	8.299999999999999	38.0	402668.0	-0.00872759385542436	148179645.0	158137240.0	1246312.0
5	8.299999999999999	39.0	403403.0	-0.008743524551391602	152245861.0	162298736.0	1279120.0
5	8.299999999999999	40.0	402170.0	-0.008716799996115944	156312325.0	166460265.0	1311895.0
5	8.299999999999999	41.0	403542.0	-0.008746537295254793	160378668.0	170621812.0	1344652.0
5	8.299999999999999	42.0	403362.0	-0.008742635900324041	164445164.0	174783372.0	1377396.0
5	8.299999999999999	43.0	401579.0	-0.008703990416093306	168511593.0	178944876.0	1410196.0
5	8.299999999999999	44.0	400882.0	-0.00868888334794478	172577897.0	183106151.0	1443225.0
5	8.299999999999999	45.0	402694.0	-0.008728157390247692	176644339.0	187267748.0	1475932.0
5	8.299999999999999	46.0	402477.0	-0.008723454041914507	180710953.0	191429301.0	1508683.0
5	8.299999999999999	47.0	402036.0	-0.008713895624334162	184777080.0	195590817.0	1541471.0
5	8.299999999999999	48.0	402605.0	-0.008726228367198597	188843200.0	199752155.0	1574437.0
5	8.299999999999999	49.0	402151.0	-0.008716388182206587	192909807.0	203913696.0	1607200.0
5	8.299999999999999	50.0	402260.0	-0.008718750693581322	196976701.0	208075646.0	1639554.0
5	8.299999999999999	51.0	403262.0	-0.008740468458695845	201042824.0	212236748.0	1672756.0
5	8.299999999999999	52.0	402406.0	-0.008721915158358488	205109177.0	216398311.0	1705497.0
5	8.299999999999999	53.0	402455.0	-0.008722977204756304	209175970.0	220559943.0	1738169.0
5	8.299999999999999	54.0	401717.0	-0.008706981485540216	213242223.0	224721364.0	1771052.0
5	8.299999999999999	55.0	401853.0	-0.008709929206154564	217308831.0	228882892.0	1803828.0
5	8.299999999999999	56.0	401993.0	-0.008712963624434038	221374905.0	233044130.0	1836894.0
5	8.299999999999999	57.0	402293.0	-0.008719465949318626	225441730.0	237205513.0	1869815.0
5	8.299999999999999	58.0	402587.0	-0.008725838227705522	229507588.0	241366990.0	1902642.0
5	8.299999999999999	59.0	402634.0	-0.008726856925270775	233574537.0	245528445.0	1935491.0
5	8.299999999999999	60.0	402916.0	-0.008732969110662287	237640646.0	249690030.0	1968210.0
5	8.299999999999999	61.0	403351.0	-0.00874239748174494	241706618.0	253851488.0	2001056.0
5	8.299999999999999	62.0	402481.0	-0.008723540739579634	245773083.0	258013093.0	2033755.0
5	8.299999999999999	63.0	403521.0	-0.008746082132512873	249839910.0	262174726.0	2066426.0
5	8.299999999999999	64.0	403270.0	-0.0087406418540261	253906244.0	266336291.0	2099165.0
5	8.299999999999999	65.0	403383.0	-0.008743091063065962	257972863.0	270497840.0	2131920.0
5	8.299999999999999	66.0	402519.0	-0.008724364367398348	262039580.0	274659597.0	2164467.0
5	8.299999999999999	67.0	403299.0	-0.008741270412098278	266106004.0	278821198.0	2197170.0
5	8.299999999999999	68.0	402936.0	-0.008733402598987926	270171950.0	282982694.0	2229978.0
5	8.299999999999999	69.0	402212.0	-0.008717710321599787	274238120.0	287144214.0	2262762.0
5	8.299999999999999	70.0	402663.0	-0.00872748548334295	278304943.0	291305836.0	2295444.0
5	8.299999999999999	71.0	402425.0	-0.008722326972267845	282371137.0	295467429.0	2328155.0
5	8.299999999999999	72.0	402174.0	-0.008716886693781073	286437546.0	299628939.0	2360949.0
5	8.299999999999999	73.0	402675.0	-0.008727745576338335	290503969.0	303790487.0	2393705.0
5	8.299999999999999	74.0	401320.0	-0.008698376742276278	294570492.0	307951897.0	2426599.0
5	8.299999999999999	75.0	402917.0	-0.00873299078507857	298636924.0	312113542.0	2459258.0
5	8.299999999999999	76.0	402990.0	-0.008734573017467152	302703652.0	316275246.0	2491858.0
5	8.299999999999999	77.0	402044.0	-0.008714069019664417	306770361.0	320436871.0	2524537.0
5	8.299999999999999	78.0	403196.0	-0.008739037947221235	310837309.0	324598241.0	2557471.0
5	8.299999999999999	79.0	403023.0	-0.008735288273204456	314902965.0	328759634.0	2590382.0
5	8.299999999999999	80.0	402619.0	-0.008726531809026545	318968873.0	332921143.0	2623177.0
5	8.299999999999999	81.0	403407.0	-0.00874361124905673	323034886.0	337082469.0	2656155.0
5	8.299999999999999	82.0	403273.0	-0.008740706877274946	327100985.0	341243990.0	2688938.0
5	8.299999999999999	83.0	402988.0	-0.008734529668634588	331167289.0	345405655.0	2721577.0
5	8.299999999999999	84.0	403944.0	-0.008755250410600142	335234335.0	349567314.0	2754222.0
5	8.299999999999999	85.0	403029.0	-0.008735418319702148	339300928.0	353729227.0	2786613.0
5	8.299999999999999	86.0	403391.0	-0.008743264458396217	343367617.0	357891039.0	2819105.0
5	8.299999999999999	87.0	403139.0	-0.008737802505493164	347434356.0	362052887.0	2851561.0
5	8.299999999999999	88.0	402793.0	-0.008730303157459606	351500907.0	366214532.0	2884220.0
5	8.299999999999999	89.0	403070.0	-0.008736306970769709	355567355.0	370375943.0	2917113.0
5	8.299999999999999	90.0	402806.0	-0.008730584924871271	359634099.0	374537517.0	2949843.0
5	8.299999999999999	91.0	402359.0	-0.008720896460793236	363700052.0	378698981.0	2982683.0
5	8.299999999999999	92.0	402927.0	-0.008733207529241388	367766112.0	382860485.0	3015483.0
5	8.299999999999999	93.0	403889.0	-0.008754058317704634	371832274.0	387021987.0	3048285.0
5	8.299999999999999	94.0	401993.0	-0.008712963624434038	375898072.0	391183271.0	3081305.0
5	8.299999999999999	95.0	402780.0	-0.008730021390047941	379965188.0	395344927.0	3113953.0
5	8.299999999999999	96.0	402989.0	-0.00873455134305087	384031814.0	399506394.0	3146790.0
5	8.299999999999999	97.0	403205.0	-0.008739233016967773	388097649.0	403667928.0	3179560.0
5	8.299999999999999	98.0	402911.0	-0.008732860738580877	392164243.0	407829619.0	3212173.0
5	8.299999999999999	99.0	402447.0	-0.008722803809426048	396231189.0	411991300.0	3244796.0
5	8.299999999999999	100.0	402185.0	-0.008717125112360174	400297874.0	416152612.0	3277788.0
6	8.16	1.0	14020945.0	-0.3038957985964688	797984.0	4161533.0	32771.0
6	8.16	2.0	6255621.0	-0.13558693365617233	2702857.0	8322941.0	65667.0
6	8.16	3.0	1843878.0	-0.03996497934514826	5853644.0	12484283.0	98629.0
6	8.16	4.0	580473.0	-0.0125814134424383	9714202.0	16646187.0	131029.0
6	8.16	5.0	415825.0	-0.009012764150446112	13756233.0	20807737.0	163783.0
6	8.16	6.0	404630.0	-0.008770119060169567	17820053.0	24969404.0	196420.0
6	8.16	7.0	403580.0	-0.00874736092307351	21884545.0	29130733.0	229395.0
6	8.16	8.0	404059.0	-0.008757742968472567	25949388.0	33292413.0	262019.0
6	8.16	9.0	402574.0	-0.008725556460293856	30014194.0	37453820.0	294916.0
6	8.16	10.0	403265.0	-0.00874053348194469	34079187.0	41615513.0	327527.0
6	8.16	11.0	403903.0	-0.008754361759532581	38144125.0	45777165.0	360179.0
6	8.16	12.0	403976.0	-0.008755943991921165	42208627.0	49938760.0	392888.0
6	8.16	13.0	403415.0	-0.008743784644386986	46272794.0	54100158.0	425794.0
6	8.16	14.0	403387.0	-0.00874317776073109	50336864.0	58261511.0	458745.0
6	8.16	15.0	402528.0	-0.008724559437144886	54401814.0	62423502.0	491058.0
6	8.16	16.0	404357.0	-0.008764201944524591	58466372.0	66585035.0	523829.0
6	8.16	17.0	403948.0	-0.00875533710826527	62530797.0	70746457.0	556711.0
6	8.16	18.0	403218.0	-0.008739514784379438	66596463.0	74908236.0	589236.0
6	8.16	19.0	402856.0	-0.00873166864568537	70661110.0	79069756.0	622020.0
6	8.16	20.0	404412.0	-0.0087653940374201	74726267.0	83231201.0	654879.0
6	8.16	21.0	402729.0	-0.00872891599481756	78790881.0	87392897.0	687487.0
6	8.16	22.0	403210.0	-0.008739341389049183	82855503.0	91554410.0	720278.0
6	8.16	23.0	402626.0	-0.00872668352994052	86920014.0	95715723.0	753269.0
6	8.16	24.0	402899.0	-0.008732600645585493	90984511.0	99876968.0	786328.0
6	8.16	25.0	403816.0	-0.008752476085316051	95048689.0	104038329.0	819271.0
6	8.16	26.0	404407.0	-0.00876528566533869	99112857.0	108199852.0	852052.0
6	8.16	27.0	404622.0	-0.008769945664839312	103177825.0	112361571.0	884637.0
6	8.16	28.0	402121.0	-0.008715737949718128	107242983.0	116522830.0	917682.0
6	8.16	29.0	403741.0	-0.008750850504094904	111308224.0	120684425.0	950391.0
6	8.16	30.0	403508.0	-0.008745800365101208	115372735.0	124846001.0	983119.0
6	8.16	31.0	403363.0	-0.008742657574740324	119437881.0	129007533.0	1015891.0
6	8.16	32.0	403794.0	-0.008751999248157848	123502620.0	133168907.0	1048821.0
6	8.16	33.0	403284.0	-0.008740945295854048	127567224.0	137330706.0	1081326.0
6	8.16	34.0	403679.0	-0.008749506690285423	131632179.0	141492685.0	1113651.0
6	8.16	35.0	402341.0	-0.00872050632130016	135696549.0	145654066.0	1146574.0
6	8.16	36.0	403716.0	-0.008750308643687855	139761005.0	149815254.0	1179690.0
6	8.16	37.0	403249.0	-0.00874018669128418	143825701.0	153976683.0	1212565.0
6	8.16	38.0	403478.0	-0.008745150132612749	147890535.0	158138172.0	1245380.0
6	8.16	39.0	403754.0	-0.008751132271506569	151955374.0	162299830.0	1278026.0
6	8.16	40.0	404217.0	-0.008761167526245117	156019764.0	166461573.0	1310587.0
6	8.16	41.0	402632.0	-0.00872681357643821	160084749.0	170623514.0	1342950.0
6	8.16	42.0	403945.0	-0.008755272085016424	164149648.0	174785158.0	1375610.0
6	8.16	43.0	403288.0	-0.008741031993519176	168214201.0	178946712.0	1408360.0
6	8.16	44.0	402732.0	-0.008728981018066406	172279510.0	183108401.0	1440975.0
6	8.16	45.0	402944.0	-0.008733575994318182	176344398.0	187270021.0	1473659.0
6	8.16	46.0	403592.0	-0.008747621016068892	180409306.0	191431577.0	1506407.0
6	8.16	47.0	403371.0	-0.00874283097007058	184474181.0	195593153.0	1539135.0
6	8.16	48.0	402990.0	-0.008734573017467152	188539698.0	199754847.0	1571745.0
6	8.16	49.0	404536.0	-0.008768081665039062	192604776.0	203916346.0	1604550.0
6	8.16	50.0	402918.0	-0.00873301245949485	196669422.0	208077979.0	1637221.0
6	8.16	51.0	403343.0	-0.008742224086414684	200733865.0	212239295.0	1670209.0
6	8.16	52.0	403634.0	-0.008748531341552734	204798310.0	216400504.0	1703304.0
6	8.16	53.0	403574.0	-0.008747230876575817	208862762.0	220562108.0	1736004.0
6	8.16	54.0	403462.0	-0.008744803341952238	212927699.0	224723836.0	1768580.0
6	8.16	55.0	403175.0	-0.008738582784479315	216992158.0	228885331.0	1801389.0
6	8.16	56.0	403698.0	-0.00874991850419478	221057140.0	233046820.0	1834204.0
6	8.16	57.0	402942.0	-0.008733532645485619	225121674.0	237208151.0	1867177.0
6	8.16	58.0	403730.0	-0.008750612085515802	229186136.0	241369718.0	1899914.0
6	8.16	59.0	404014.0	-0.00875676761973988	233250942.0	245531339.0	1932597.0
6	8.16	60.0	401459.0	-0.008701389486139471	237316122.0	249692830.0	1965410.0
6	8.16	61.0	403546.0	-0.008746623992919922	241381100.0	253854719.0	1997825.0
6	8.16	62.0	404596.0	-0.00876938213001598	245445575.0	258015890.0	2030958.0
6	8.16	63.0	404347.0	-0.008763985200361772	249510087.0	262177423.0	2063729.0
6	8.16	64.0	404362.0	-0.008764310316606001	253574796.0	266338649.0	2096807.0
6	8.16	65.0	403266.0	-0.008740555156360973	257639298.0	270500294.0	2129466.0
6	8.16	66.0	403387.0	-0.00874317776073109	261704144.0	274661715.0	2162349.0
6	8.16	67.0	404271.0	-0.008762337944724342	265768659.0	278823191.0	2195177.0
6	8.16	68.0	403895.0	-0.008754188364202326	269833682.0	282984935.0	2227737.0
6	8.16	69.0	403689.0	-0.008749723434448242	273899304.0	287146737.0	2260239.0
6	8.16	70.0	403292.0	-0.008741118691184303	277963336.0	291308130.0	2293150.0
6	8.16	71.0	403554.0	-0.008746797388250177	282028053.0	295469788.0	2325796.0
6	8.16	72.0	403471.0	-0.008744998411698774	286093313.0	299631788.0	2358100.0
6	8.16	73.0	403448.0	-0.00874449990012429	290157920.0	303793483.0	2390709.0
6	8.16	74.0	402828.0	-0.008731061762029474	294222124.0	307955081.0	2423415.0
6	8.16	75.0	403343.0	-0.008742224086414684	298286098.0	312116919.0	2455881.0
6	8.16	76.0	403492.0	-0.008745453574440697	302351371.0	316278628.0	2488476.0
6	8.16	77.0	403182.0	-0.008738734505393288	306415733.0	320440032.0	2521376.0
6	8.16	78.0	403354.0	-0.008742462504993786	310480224.0	324601674.0	2554038.0
6	8.16	79.0	404936.0	-0.008776751431551847	314545069.0	328763139.0	2586877.0
6	8.16	80.0	404292.0	-0.008762793107466265	318608796.0	332924746.0	2619574.0
6	8.16	81.0	404147.0	-0.00875965031710538	322673527.0	337086155.0	2652469.0
6	8.16	82.0	402801.0	-0.008730476552789862	326738513.0	341247906.0	2685022.0
6	8.16	83.0	403092.0	-0.008736783807927912	330803252.0	345409245.0	2717987.0
6	8.16	84.0	403036.0	-0.008735570040616121	334868323.0	349570707.0	2750829.0
6	8.16	85.0	404091.0	-0.00875843654979359	338932140.0	353731929.0	2783911.0
6	8.16	86.0	404006.0	-0.008756594224409624	342996269.0	357893593.0	2816551.0
6	8.16	87.0	402690.0	-0.008728070692582563	347061372.0	362055088.0	2849360.0
6	8.16	88.0	404407.0	-0.00876528566533869	351126017.0	366216600.0	2882152.0
6	8.16	89.0	403727.0	-0.008750547062266956	355189669.0	370377612.0	2915444.0
6	8.16	90.0	403114.0	-0.008737260645086115	359254014.0	374539124.0	2948236.0
6	8.16	91.0	403874.0	-0.008753733201460405	363318625.0	378700474.0	2981190.0
6	8.16	92.0	403735.0	-0.008750720457597212	367384146.0	382862254.0	3013714.0
6	8.16	93.0	403698.0	-0.00874991850419478	371448244.0	387023551.0	3046721.0
6	8.16	94.0	403183.0	-0.00873875617980957	375512779.0	391185058.0	3079518.0
6	8.16	95.0	402758.0	-0.008729544552889738	379577092.0	395346625.0	3112255.0
6	8.16	96.0	403668.0	-0.008749268271706322	383642227.0	399508303.0	3144881.0
6	8.16	97.0	405168.0	-0.008781779896129261	387706726.0	403669741.0	3177747.0
6	8.16	98.0	404271.0	-0.008762337944724342	391770782.0	407831036.0	3210756.0
6	8.16	99.0	403672.0	-0.008749354969371449	395835347.0	411992543.0	3243553.0
6	8.16	100.0	403694.0	-0.008749831806529652	399899784.0	416153997.0	3276403.0
7	8.02	1.0	14313148.0	-0.31022912805730646	765997.0	4161736.0	32568.0
7	8.02	2.0	6649325.0	-0.1441202380440452	2593824.0	8323378.0	65230.0
7	8.02	3.0	2064223.0	-0.044740828600796784	5660411.0	12484901.0	98011.0
7	8.02	4.0	626642.0	-0.01358209956776012	9478433.0	16646247.0	130969.0
7	8.02	5.0	420715.0	-0.009118752046064897	13512995.0	20807955.0	163565.0
7	8.02	6.0	404699.0	-0.008771614594893022	17573909.0	24969333.0	196491.0
7	8.02	7.0	405282.0	-0.008784250779585405	21636532.0	29130648.0	229480.0
7	8.02	8.0	403762.0	-0.008751305666836824	25699699.0	33292287.0	262145.0
7	8.02	9.0	405315.0	-0.00878496603532271	29762645.0	37453688.0	295048.0
7	8.02	10.0	404500.0	-0.008767301386052912	33825664.0	41615028.0	328012.0
7	8.02	11.0	404323.0	-0.008763465014371004	37888633.0	45776438.0	360906.0
7	8.02	12.0	403728.0	-0.008750568736683239	41951706.0	49937773.0	393875.0
7	8.02	13.0	403861.0	-0.008753451434048739	46015056.0	54099493.0	426459.0
7	8.02	14.0	404401.0	-0.008765155618840998	50077150.0	58260504.0	459752.0
7	8.02	15.0	404917.0	-0.008776339617642489	54139855.0	62422140.0	492420.0
7	8.02	16.0	404297.0	-0.008762901479547674	58203324.0	66583779.0	525085.0
7	8.02	17.0	404873.0	-0.008775385943326082	62266233.0	70745636.0	557532.0
7	8.02	18.0	403660.0	-0.008749094876376066	66328753.0	74906939.0	590533.0
7	8.02	19.0	404170.0	-0.008760148828679865	70391945.0	79068400.0	623376.0
7	8.02	20.0	404782.0	-0.008773413571444426	74454700.0	83229691.0	656389.0
7	8.02	21.0	403425.0	-0.008744001388549805	78517711.0	87391130.0	689254.0
7	8.02	22.0	404755.0	-0.008772828362204811	82581194.0	91552950.0	721738.0
7	8.02	23.0	404694.0	-0.008771506222811613	86644282.0	95714741.0	754251.0
7	8.02	24.0	404813.0	-0.008774085478349165	90707517.0	99876503.0	786793.0
7	8.02	25.0	404678.0	-0.0087711594321511	94770322.0	104037936.0	819664.0
7	8.02	26.0	403786.0	-0.008751825852827593	98833343.0	108199485.0	852419.0
7	8.02	27.0	405094.0	-0.008780175989324396	102895790.0	112361015.0	885193.0
7	8.02	28.0	404409.0	-0.008765329014171253	106958236.0	116522572.0	917940.0
7	8.02	29.0	404335.0	-0.008763725107366388	111021544.0	120684309.0	950507.0
7	8.02	30.0	403934.0	-0.008755033666437323	115085105.0	124845822.0	983298.0
7	8.02	31.0	403680.0	-0.008749528364701704	119148054.0	129007308.0	1016116.0
7	8.02	32.0	404015.0	-0.00875678929415616	123210079.0	133168468.0	1049260.0
7	8.02	33.0	405553.0	-0.008790124546397816	127273076.0	137329977.0	1082055.0
7	8.02	34.0	404806.0	-0.008773933757435192	131335637.0	141491267.0	1115069.0
7	8.02	35.0	404393.0	-0.008764982223510742	135398921.0	145653000.0	1147640.0
7	8.02	36.0	404647.0	-0.00877048752524636	139461669.0	149814409.0	1180535.0
7	8.02	37.0	403128.0	-0.008737564086914062	143524896.0	153975995.0	1213253.0
7	8.02	38.0	404862.0	-0.00877514752474698	147587663.0	158137432.0	1246120.0
7	8.02	39.0	404000.0	-0.008756464177911932	151650308.0	162298959.0	1278897.0
7	8.02	40.0	404037.0	-0.008757266131314364	155713609.0	166460689.0	1311471.0
7	8.02	41.0	404371.0	-0.008764505386352539	159777091.0	170622546.0	1343918.0
7	8.02	42.0	404468.0	-0.00876660780473189	163840339.0	174784260.0	1376508.0
7	8.02	43.0	403811.0	-0.008752367713234642	167902972.0	178945586.0	1409486.0
7	8.02	44.0	404420.0	-0.008765567432750355	171965635.0	183107358.0	1442018.0
7	8.02	45.0	404189.0	-0.008760560642589222	176028259.0	187268944.0	1474736.0
7	8.02	46.0	404855.0	-0.008774995803833008	180091248.0	191430355.0	1507629.0
7	8.02	47.0	404837.0	-0.008774605664339933	184154127.0	195592177.0	1540111.0
7	8.02	48.0	404270.0	-0.008762316270308062	188217306.0	199753592.0	1573000.0
7	8.02	49.0	403730.0	-0.008750612085515802	192279838.0	203914938.0	1605958.0
7	8.02	50.0	404259.0	-0.00876207785172896	196342653.0	208076662.0	1638538.0
7	8.02	51.0	403779.0	-0.008751674131913618	200405232.0	212238039.0	1671465.0
7	8.02	52.0	404766.0	-0.008773066780783913	204468346.0	216399736.0	1704072.0
7	8.02	53.0	405617.0	-0.008791511709039862	208531649.0	220561409.0	1736703.0
7	8.02	54.0	404115.0	-0.008758956735784357	212594052.0	224722729.0	1769687.0
7	8.02	55.0	405062.0	-0.008779482408003374	216656586.0	228884139.0	1802581.0
7	8.02	56.0	403538.0	-0.008746450597589666	220719600.0	233045814.0	1835210.0
7	8.02	57.0	403077.0	-0.008736458691683683	224782211.0	237206988.0	1868340.0
7	8.02	58.0	403840.0	-0.008752996271306818	228845031.0	241368662.0	1900970.0
7	8.02	59.0	404405.0	-0.008765242316506126	232908068.0	245529867.0	1934069.0
7	8.02	60.0	403373.0	-0.008742874318903143	236970675.0	249691419.0	1966821.0
7	8.02	61.0	403383.0	-0.008743091063065962	241033689.0	253852852.0	1999692.0
7	8.02	62.0	404834.0	-0.008774540641091087	245096632.0	258014333.0	2032515.0
7	8.02	63.0	403682.0	-0.00874957171353427	249159456.0	262175518.0	2065634.0
7	8.02	64.0	404367.0	-0.00876441868868741	253222283.0	266336910.0	2098546.0
7	8.02	65.0	404005.0	-0.008756572549993341	257285154.0	270498344.0	2131416.0
7	8.02	66.0	404493.0	-0.008767149665138939	261348075.0	274659711.0	2164353.0
7	8.02	67.0	404476.0	-0.008766781200062145	265410399.0	278821180.0	2197188.0
7	8.02	68.0	404602.0	-0.008769512176513672	269472901.0	282982809.0	2229863.0
7	8.02	69.0	403209.0	-0.008739319714632902	273535487.0	287144344.0	2262632.0
7	8.02	70.0	405136.0	-0.008781086314808239	277597881.0	291305814.0	2295466.0
7	8.02	71.0	403883.0	-0.008753928271206942	281660901.0	295467434.0	2328150.0
7	8.02	72.0	404995.0	-0.008778030222112482	285723851.0	299629024.0	2360864.0
7	8.02	73.0	403687.0	-0.008749680085615679	289785905.0	303790380.0	2393812.0
7	8.02	74.0	403530.0	-0.00874627720225941	293849404.0	307951868.0	2426628.0
7	8.02	75.0	404623.0	-0.008769967339255592	297912610.0	312113398.0	2459402.0
7	8.02	76.0	404743.0	-0.008772568269209429	301975410.0	316274762.0	2492342.0
7	8.02	77.0	404927.0	-0.00877655636180531	306038324.0	320436218.0	2525190.0
7	8.02	78.0	404290.0	-0.0087627497586337	310101447.0	324597834.0	2557878.0
7	8.02	79.0	402964.0	-0.008734009482643822	314164386.0	328759292.0	2590724.0
7	8.02	80.0	404080.0	-0.008758198131214489	318227420.0	332920679.0	2623641.0
7	8.02	81.0	403236.0	-0.008739904923872515	322290585.0	337082268.0	2656356.0
7	8.02	82.0	403128.0	-0.008737564086914062	326353566.0	341243928.0	2689000.0
7	8.02	83.0	404847.0	-0.008774822408502752	330416893.0	345405300.0	2721932.0
7	8.02	84.0	403805.0	-0.00875223766673695	334479731.0	349566595.0	2754941.0
7	8.02	85.0	404129.0	-0.008759260177612305	338543292.0	353728347.0	2787493.0
7	8.02	86.0	405073.0	-0.008779720826582476	342606379.0	357890114.0	2820030.0
7	8.02	87.0	405551.0	-0.008790081197565252	346668873.0	362051276.0	2853172.0
7	8.02	88.0	404358.0	-0.008764223618940874	350732279.0	366213114.0	2885638.0
7	8.02	89.0	404083.0	-0.008758263154463335	354795527.0	370374498.0	2918558.0
7	8.02	90.0	403893.0	-0.008754145015369762	358858737.0	374535931.0	2951429.0
7	8.02	91.0	403269.0	-0.00874062017960982	362921708.0	378697377.0	2984287.0
7	8.02	92.0	403952.0	-0.008755423805930397	366984891.0	382858929.0	3017039.0
7	8.02	93.0	403995.0	-0.008756355805830522	371047048.0	387020287.0	3049985.0
7	8.02	94.0	404255.0	-0.008761991154063831	375109767.0	391181633.0	3082943.0
7	8.02	95.0	404804.0	-0.008773890408602629	379172245.0	395343109.0	3115771.0
7	8.02	96.0	404912.0	-0.008776231245561079	383235356.0	399504790.0	3148394.0
7	8.02	97.0	404166.0	-0.008760062131014738	387298711.0	403666407.0	3181081.0
7	8.02	98.0	404434.0	-0.008765870874578302	391361684.0	407827906.0	3213886.0
7	8.02	99.0	404020.0	-0.008756897666237572	395424373.0	411989546.0	3246550.0
7	8.02	100.0	404603.0	-0.008769533850929954	399487246.0	416151016.0	3279384.0
8	7.880000000000001	1.0	14582277.0	-0.3160623420368541	735347.0	4161655.0	32649.0
8	7.880000000000001	2.0	7057363.0	-0.15296422351490369	2488647.0	8323520.0	65088.0
8	7.880000000000001	3.0	2320997.0	-0.05030625516718084	5464306.0	12485072.0	97840.0
8	7.880000000000001	4.0	694166.0	-0.015045642852783203	9235473.0	16646709.0	130507.0
8	7.880000000000001	5.0	428509.0	-0.009287682446566496	13258175.0	20807976.0	163544.0
8	7.880000000000001	6.0	407099.0	-0.008823633193969727	17316928.0	24969409.0	196415.0
8	7.880000000000001	7.0	406177.0	-0.008803649382157759	21378503.0	29131051.0	229077.0
8	7.880000000000001	8.0	404467.0	-0.008766586130315607	25440365.0	33292860.0	261572.0
8	7.880000000000001	9.0	405565.0	-0.0087903846393932	29501863.0	37454432.0	294304.0
8	7.880000000000001	10.0	405211.0	-0.008782711896029386	33563285.0	41615810.0	327230.0
8	7.880000000000001	11.0	405731.0	-0.008793982592496004	37624818.0	45777732.0	359612.0
8	7.880000000000001	12.0	403956.0	-0.008755510503595526	41685951.0	49939349.0	392299.0
8	7.880000000000001	13.0	405518.0	-0.008789365941827948	45747139.0	54100897.0	425055.0
8	7.880000000000001	14.0	406309.0	-0.008806510405106978	49808316.0	58262408.0	457848.0
8	7.880000000000001	15.0	404997.0	-0.008778073570945046	53869578.0	62424100.0	490460.0
8	7.880000000000001	16.0	405483.0	-0.00878860733725808	57930591.0	66585678.0	523186.0
8	7.880000000000001	17.0	403594.0	-0.008747664364901457	61991473.0	70746742.0	556426.0
8	7.880000000000001	18.0	405469.0	-0.008788303895430132	66052884.0	74908668.0	588804.0
8	7.880000000000001	19.0	406127.0	-0.00880256566134366	70113586.0	79070285.0	621491.0
8	7.880000000000001	20.0	404955.0	-0.008777163245461204	74174367.0	83231521.0	654559.0
8	7.880000000000001	21.0	405812.0	-0.008795738220214844	78235473.0	87393140.0	687244.0
8	7.880000000000001	22.0	404936.0	-0.008776751431551847	82296393.0	91554480.0	720208.0
8	7.880000000000001	23.0	404521.0	-0.008767756548794832	86357193.0	95715888.0	753104.0
8	7.880000000000001	24.0	405277.0	-0.008784142407503996	90417859.0	99877069.0	786227.0
8	7.880000000000001	25.0	405553.0	-0.008790124546397816	94478953.0	104038678.0	818922.0
8	7.880000000000001	26.0	405703.0	-0.00879337570884011	98539958.0	108200377.0	851527.0
8	7.880000000000001	27.0	404985.0	-0.008777813477949663	102601610.0	112362212.0	883996.0
8	7.880000000000001	28.0	403599.0	-0.008747772736982866	106662357.0	116523755.0	916757.0
8	7.880000000000001	29.0	405143.0	-0.008781238035722212	110723986.0	120685308.0	949508.0
8	7.880000000000001	30.0	404552.0	-0.008768428455699574	114785096.0	124846900.0	982220.0
8	7.880000000000001	31.0	405439.0	-0.008787653662941673	118846306.0	129008627.0	1014797.0
8	7.880000000000001	32.0	404575.0	-0.00876892696727406	122907525.0	133170350.0	1047378.0
8	7.880000000000001	33.0	404741.0	-0.008772524920376864	126968389.0	137331783.0	1080249.0
8	7.880000000000001	34.0	404558.0	-0.008768558502197266	131028737.0	141493094.0	1113242.0
8	7.880000000000001	35.0	403951.0	-0.008755402131514116	135090165.0	145654656.0	1145984.0
8	7.880000000000001	36.0	405224.0	-0.008782993663441051	139151203.0	149816666.0	1178278.0
8	7.880000000000001	37.0	404552.0	-0.008768428455699574	143212596.0	153978151.0	1211097.0
8	7.880000000000001	38.0	405965.0	-0.008799054405905983	147273744.0	158139658.0	1243894.0
8	7.880000000000001	39.0	404962.0	-0.008777314966375177	151334050.0	162300933.0	1276923.0
8	7.880000000000001	40.0	404611.0	-0.00876970724626021	155395205.0	166462386.0	1309774.0
8	7.880000000000001	41.0	404263.0	-0.008762164549394087	159456341.0	170623991.0	1342473.0
8	7.880000000000001	42.0	405093.0	-0.008780154314908114	163517831.0	174785748.0	1375020.0
8	7.880000000000001	43.0	404797.0	-0.008773738687688654	167579021.0	178947170.0	1407902.0
8	7.880000000000001	44.0	405015.0	-0.008778463710438122	171640659.0	183108566.0	1440810.0
8	7.880000000000001	45.0	405730.0	-0.008793960918079723	175702340.0	187270261.0	1473419.0
8	7.880000000000001	46.0	405156.0	-0.008781519803133879	179763337.0	191431651.0	1506333.0
8	7.880000000000001	47.0	405519.0	-0.00878938761624423	183823347.0	195592961.0	1539327.0
8	7.880000000000001	48.0	404455.0	-0.008766326037320223	187884574.0	199754331.0	1572261.0
8	7.880000000000001	49.0	405996.0	-0.008799726312810724	191944750.0	203915898.0	1604998.0
8	7.880000000000001	50.0	405172.0	-0.00878186659379439	196005985.0	208077410.0	1637790.0
8	7.880000000000001	51.0	405635.0	-0.008791901848532936	200067450.0	212238961.0	1670543.0
8	7.880000000000001	52.0	404742.0	-0.008772546594793146	204128853.0	216400512.0	1703296.0
8	7.880000000000001	53.0	406613.0	-0.008813099427656694	208189329.0	220561861.0	1736251.0
8	7.880000000000001	54.0	404896.0	-0.008775884454900568	212250952.0	224723459.0	1768957.0
8	7.880000000000001	55.0	406346.0	-0.00880731235850941	216312787.0	228885259.0	1801461.0
8	7.880000000000001	56.0	405570.0	-0.00879049301147461	220373540.0	233046730.0	1834294.0
8	7.880000000000001	57.0	405045.0	-0.00877911394292658	224434298.0	237208174.0	1867154.0
8	7.880000000000001	58.0	404764.0	-0.00877302343195135	228495435.0	241369814.0	1899818.0
8	7.880000000000001	59.0	405963.0	-0.00879901105707342	232556894.0	245531153.0	1932783.0
8	7.880000000000001	60.0	405327.0	-0.008785226128318092	236618046.0	249692609.0	1965631.0
8	7.880000000000001	61.0	404959.0	-0.008777249943126331	240679243.0	253854367.0	1998177.0
8	7.880000000000001	62.0	405672.0	-0.00879270380193537	244740747.0	258015941.0	2030907.0
8	7.880000000000001	63.0	405426.0	-0.008787371895530006	248801243.0	262177304.0	2063848.0
8	7.880000000000001	64.0	405711.0	-0.008793549104170366	252862457.0	266339006.0	2096450.0
8	7.880000000000001	65.0	405726.0	-0.008793874220414595	256923689.0	270500448.0	2129312.0
8	7.880000000000001	66.0	405511.0	-0.008789214220913973	260983997.0	274662053.0	2162011.0
8	7.880000000000001	67.0	404885.0	-0.008775646036321466	265044757.0	278823628.0	2194740.0
8	7.880000000000001	68.0	405069.0	-0.008779634128917347	269106501.0	282985537.0	2227135.0
8	7.880000000000001	69.0	405950.0	-0.008798729289661755	273167201.0	287146987.0	2259989.0
8	7.880000000000001	70.0	404611.0	-0.00876970724626021	277227884.0	291308418.0	2292862.0
8	7.880000000000001	71.0	404638.0	-0.008770292455499823	281288462.0	295469872.0	2325712.0
8	7.880000000000001	72.0	403987.0	-0.008756182410500267	285349697.0	299631489.0	2358399.0
8	7.880000000000001	73.0	405193.0	-0.00878232175653631	289411378.0	303793245.0	2390947.0
8	7.880000000000001	74.0	405703.0	-0.00879337570884011	293472421.0	307954747.0	2423749.0
8	7.880000000000001	75.0	404977.0	-0.008777640082619408	297533618.0	312116253.0	2456547.0
8	7.880000000000001	76.0	405955.0	-0.008798837661743164	301595051.0	316278045.0	2489059.0
8	7.880000000000001	77.0	405007.0	-0.008778290315107866	305656036.0	320439616.0	2521792.0
8	7.880000000000001	78.0	404944.0	-0.008776924826882103	309716637.0	324601216.0	2554496.0
8	7.880000000000001	79.0	404901.0	-0.008775992826981978	313777357.0	328762564.0	2587452.0
8	7.880000000000001	80.0	405140.0	-0.008781173012473366	317838820.0	332924212.0	2620108.0
8	7.880000000000001	81.0	404883.0	-0.008775602687488903	321900117.0	337085774.0	2652850.0
8	7.880000000000001	82.0	405369.0	-0.008786136453801935	325960980.0	341247278.0	2685650.0
8	7.880000000000001	83.0	405173.0	-0.00878188826821067	330021105.0	345408628.0	2718604.0
8	7.880000000000001	84.0	404871.0	-0.008775342594493519	334082394.0	349570050.0	2751486.0
8	7.880000000000001	85.0	404945.0	-0.008776946501298384	338143097.0	353731529.0	2784311.0
8	7.880000000000001	86.0	405561.0	-0.008790297941728071	342204518.0	357893302.0	2816842.0
8	7.880000000000001	87.0	406329.0	-0.008806943893432617	346265174.0	362054872.0	2849576.0
8	7.880000000000001	88.0	404813.0	-0.008774085478349165	350325394.0	366216134.0	2882618.0
8	7.880000000000001	89.0	405579.0	-0.008790688081221147	354386831.0	370377623.0	2915433.0
8	7.880000000000001	90.0	405263.0	-0.008783838965676048	358448104.0	374539113.0	2948247.0
8	7.880000000000001	91.0	405822.0	-0.008795954964377663	362509340.0	378700708.0	2980956.0
8	7.880000000000001	92.0	405031.0	-0.008778810501098633	366570416.0	382862311.0	3013657.0
8	7.880000000000001	93.0	405504.0	-0.0087890625	370631947.0	387023669.0	3046603.0
8	7.880000000000001	94.0	405177.0	-0.0087819749658758	374692804.0	391185128.0	3079448.0
8	7.880000000000001	95.0	405339.0	-0.008785486221313477	378753337.0	395346589.0	3112291.0
8	7.880000000000001	96.0	405606.0	-0.00879127329046076	382814076.0	399507850.0	3145334.0
8	7.880000000000001	97.0	404032.0	-0.008757157759232954	386875362.0	403669170.0	3178318.0
8	7.880000000000001	98.0	405325.0	-0.008785182779485529	390936149.0	407830788.0	3211004.0
8	7.880000000000001	99.0	404903.0	-0.008776036175814543	394997560.0	411992348.0	3243748.0
8	7.880000000000001	100.0	405645.0	-0.008792118592695757	399058724.0	416153910.0	3276490.0
9	7.74	1.0	14868369.0	-0.3222632191397927	705176.0	4161562.0	32742.0
9	7.74	2.0	7486733.0	-0.16227056763388895	2382646.0	8323313.0	65295.0
9	7.74	3.0	2605564.0	-0.05647407878528942	5264987.0	12484855.0	98057.0
9	7.74	4.0	777770.0	-0.016857710751620205	8979396.0	16646329.0	130887.0
9	7.74	5.0	440984.0	-0.009558070789683949	12986593.0	20807905.0	163615.0
9	7.74	6.0	407414.0	-0.008830460635098543	17041721.0	24969443.0	196381.0
9	7.74	7.0	407993.0	-0.0088430101221258	21100261.0	29131015.0	229113.0
9	7.74	8.0	404878.0	-0.008775494315407494	25159156.0	33292565.0	261867.0
9	7.74	9.0	406515.0	-0.008810975334861061	29218838.0	37454313.0	294423.0
9	7.74	10.0	405252.0	-0.008783600547096947	33278067.0	41616178.0	326862.0
9	7.74	11.0	407078.0	-0.008823178031227806	37337386.0	45777799.0	359545.0
9	7.74	12.0	406062.0	-0.008801156824285334	41396457.0	49939158.0	392490.0
9	7.74	13.0	406402.0	-0.0088085261258212	45455224.0	54100603.0	425349.0
9	7.74	14.0	406076.0	-0.008801460266113281	49514913.0	58262133.0	458123.0
9	7.74	15.0	406821.0	-0.008817607706243341	53574178.0	62423826.0	490734.0
9	7.74	16.0	405016.0	-0.008778485384854403	57632702.0	66585441.0	523423.0
9	7.74	17.0	406874.0	-0.008818756450306286	61691514.0	70746977.0	556191.0
9	7.74	18.0	405950.0	-0.008798729289661755	65750202.0	74908280.0	589192.0
9	7.74	19.0	406073.0	-0.008801395242864435	69809831.0	79070119.0	621657.0
9	7.74	20.0	406282.0	-0.008805925195867365	73869473.0	83231691.0	654389.0
9	7.74	21.0	405899.0	-0.008797623894431374	77929088.0	87393184.0	687200.0
9	7.74	22.0	406908.0	-0.008819493380459871	81988001.0	91554742.0	719946.0
9	7.74	23.0	406099.0	-0.008801958777687767	86046897.0	95716258.0	752734.0
9	7.74	24.0	406344.0	-0.008807269009676847	90106259.0	99877980.0	785316.0
9	7.74	25.0	405794.0	-0.00879534808072177	94165473.0	104039781.0	817819.0
9	7.74	26.0	406589.0	-0.008812579241665926	98224267.0	108201372.0	850532.0
9	7.74	27.0	406799.0	-0.008817130869085138	102283052.0	112362819.0	883389.0
9	7.74	28.0	405677.0	-0.008792812174016779	106341759.0	116524403.0	916109.0
9	7.74	29.0	405115.0	-0.008780631152066317	110401558.0	120686177.0	948639.0
9	7.74	30.0	405906.0	-0.008797775615345348	114460505.0	124847647.0	981473.0
9	7.74	31.0	405654.0	-0.008792313662442293	118519283.0	129009109.0	1014315.0
9	7.74	32.0	407212.0	-0.008826082403009588	122578731.0	133170842.0	1046886.0
9	7.74	33.0	406222.0	-0.008804624730890448	126637696.0	137332423.0	1079609.0
9	7.74	34.0	406271.0	-0.008805686777288263	130697392.0	141494000.0	1112336.0
9	7.74	35.0	406335.0	-0.00880707393993031	134757088.0	145655981.0	1144659.0
9	7.74	36.0	406150.0	-0.008803064172918146	138816270.0	149817448.0	1177496.0
9	7.74	37.0	406356.0	-0.00880752910267223	142875387.0	153979056.0	1210192.0
9	7.74	38.0	406115.0	-0.008802305568348278	146934839.0	158140720.0	1242832.0
9	7.74	39.0	406147.0	-0.0088029991496693	150994585.0	162302354.0	1275502.0
9	7.74	40.0	406836.0	-0.008817932822487572	155053605.0	166463927.0	1308233.0
9	7.74	41.0	406002.0	-0.008799856359308416	159112462.0	170625443.0	1341021.0
9	7.74	42.0	405857.0	-0.008796713568947533	163171905.0	174786819.0	1373949.0
9	7.74	43.0	405490.0	-0.008788759058172052	167230448.0	178948203.0	1406869.0
9	7.74	44.0	406556.0	-0.008811863985928621	171289631.0	183109749.0	1439627.0
9	7.74	45.0	406299.0	-0.008806293660944159	175349180.0	187271257.0	1472423.0
9	7.74	46.0	407565.0	-0.00883373347195712	179408083.0	191432950.0	1505034.0
9	7.74	47.0	406929.0	-0.008819948543201794	183467252.0	195594538.0	1537750.0
9	7.74	48.0	405925.0	-0.008798187429254705	187526068.0	199756286.0	1570306.0
9	7.74	49.0	404959.0	-0.008777249943126331	191585108.0	203917730.0	1603166.0
9	7.74	50.0	405149.0	-0.008781368082219904	195645202.0	208079513.0	1635687.0
9	7.74	51.0	406538.0	-0.008811473846435547	199704309.0	212241111.0	1668393.0
9	7.74	52.0	406289.0	-0.00880607691678134	203763203.0	216402581.0	1701227.0
9	7.74	53.0	405588.0	-0.008790883150967684	207822117.0	220564013.0	1734099.0
9	7.74	54.0	405384.0	-0.008786461570046165	211882347.0	224725859.0	1766557.0
9	7.74	55.0	405301.0	-0.008784662593494762	215941786.0	228887285.0	1799435.0
9	7.74	56.0	407005.0	-0.008821595798839222	220000696.0	233048542.0	1832482.0
9	7.74	57.0	405171.0	-0.008781844919378107	224060100.0	237210175.0	1865153.0
9	7.74	58.0	406307.0	-0.008806467056274414	228118880.0	241371771.0	1897861.0
9	7.74	59.0	406170.0	-0.008803497661243786	232178309.0	245533144.0	1930792.0
9	7.74	60.0	406130.0	-0.008802630684592506	236237141.0	249694883.0	1963357.0
9	7.74	61.0	407207.0	-0.008825974030928179	240297057.0	253856657.0	1995887.0
9	7.74	62.0	405568.0	-0.008790449662642046	244356364.0	258018206.0	2028642.0
9	7.74	63.0	407214.0	-0.008826125751842152	248415612.0	262179797.0	2061355.0
9	7.74	64.0	405783.0	-0.008795109662142668	252474193.0	266341349.0	2094107.0
9	7.74	65.0	405531.0	-0.008789647709239613	256534478.0	270502898.0	2126862.0
9	7.74	66.0	406142.0	-0.00880289077758789	260593658.0	274664256.0	2159808.0
9	7.74	67.0	406335.0	-0.00880707393993031	264652607.0	278825666.0	2192702.0
9	7.74	68.0	406580.0	-0.00881238417191939	268711384.0	282987228.0	2225444.0
9	7.74	69.0	405016.0	-0.008778485384854403	272770149.0	287148758.0	2258218.0
9	7.74	70.0	405272.0	-0.008784034035422585	276829401.0	291310318.0	2290962.0
9	7.74	71.0	405673.0	-0.008792725476351652	280889176.0	295472055.0	2323529.0
9	7.74	72.0	406456.0	-0.008809696544300426	284947873.0	299633744.0	2356144.0
9	7.74	73.0	406048.0	-0.008800853382457386	289006900.0	303795288.0	2388904.0
9	7.74	74.0	406438.0	-0.00880930640480735	293065836.0	307956725.0	2421771.0
9	7.74	75.0	406386.0	-0.008808179335160688	297125126.0	312118017.0	2454783.0
9	7.74	76.0	406131.0	-0.008802652359008789	301183691.0	316279195.0	2487909.0
9	7.74	77.0	406268.0	-0.008805621754039417	305243423.0	320440972.0	2520436.0
9	7.74	78.0	406609.0	-0.008813012729991566	309302248.0	324602615.0	2553097.0
9	7.74	79.0	405944.0	-0.008798599243164062	313362337.0	328764170.0	2585846.0
9	7.74	80.0	406993.0	-0.00882133570584384	317421691.0	332925761.0	2618559.0
9	7.74	81.0	405738.0	-0.008794134313409979	321480276.0	337087015.0	2651609.0
9	7.74	82.0	406302.0	-0.008806358684193005	325539195.0	341248420.0	2684508.0
9	7.74	83.0	406628.0	-0.008813424543900923	329598276.0	345409994.0	2717238.0
9	7.74	84.0	406037.0	-0.008800614963878284	333657838.0	349571579.0	2749957.0
9	7.74	85.0	406397.0	-0.00880841775373979	337717444.0	353733112.0	2782728.0
9	7.74	86.0	406618.0	-0.008813207799738104	341776766.0	357894921.0	2815223.0
9	7.74	87.0	406898.0	-0.008819276636297052	345836508.0	362056310.0	2848138.0
9	7.74	88.0	405929.0	-0.008798274126919832	349895660.0	366218089.0	2880663.0
9	7.74	89.0	405382.0	-0.0087864182212136	353955056.0	370379846.0	2913210.0
9	7.74	90.0	405621.0	-0.008791598406704989	358013995.0	374541511.0	2945849.0
9	7.74	91.0	405454.0	-0.008787978779185902	362073711.0	378703300.0	2978364.0
9	7.74	92.0	405825.0	-0.008796019987626509	366132907.0	382864770.0	3011198.0
9	7.74	93.0	407147.0	-0.008824673565951261	370192753.0	387026663.0	3043609.0
9	7.74	94.0	406192.0	-0.008803974498401989	374252323.0	391188240.0	3076336.0
9	7.74	95.0	405896.0	-0.008797558871182528	378311933.0	395350019.0	3108861.0
9	7.74	96.0	405565.0	-0.0087903846393932	382371331.0	399511637.0	3141547.0
9	7.74	97.0	405479.0	-0.00878852063959295	386430160.0	403672685.0	3174803.0
9	7.74	98.0	405254.0	-0.00878364389592951	390489428.0	407834158.0	3207634.0
9	7.74	99.0	406666.0	-0.008814248171719637	394548217.0	411995622.0	3240474.0
9	7.74	100.0	406204.0	-0.008804234591397371	398607356.0	416157241.0	3273159.0
10	7.6	1.0	15142736.0	-0.32820996371182526	674265.0	4161628.0	32676.0
10	7.6	2.0	7912047.0	-0.17148900032043457	2277634.0	8323308.0	65300.0
10	7.6	3.0	2912587.0	-0.06312862309542569	5063353.0	12484859.0	98053.0
10	7.6	4.0	881795.0	-0.01911239190535112	8715653.0	16646374.0	130842.0
10	7.6	5.0	455188.0	-0.009865934198552912	12703118.0	20807707.0	163813.0
10	7.6	6.0	409882.0	-0.008883953094482422	16754274.0	24969174.0	196650.0
10	7.6	7.0	407040.0	-0.00882235440340909	20811050.0	29130482.0	229646.0
10	7.6	8.0	406832.0	-0.008817846124822443	24868546.0	33292089.0	262343.0
10	7.6	9.0	406509.0	-0.00881084528836337	28926649.0	37453778.0	294958.0
10	7.6	10.0	406670.0	-0.008814334869384766	32984312.0	41615107.0	327933.0
10	7.6	11.0	406516.0	-0.008810997009277344	37041829.0	45776590.0	360754.0
10	7.6	12.0	407480.0	-0.008831891146573153	41098617.0	49937808.0	393840.0
10	7.6	13.0	407051.0	-0.008822592821988192	45156232.0	54099323.0	426629.0
10	7.6	14.0	405779.0	-0.008795022964477539	49213889.0	58260712.0	459544.0
10	7.6	15.0	406737.0	-0.008815787055275658	53270419.0	62421976.0	492584.0
10	7.6	16.0	406992.0	-0.008821314031427557	57327513.0	66583289.0	525575.0
10	7.6	17.0	408226.0	-0.008848060261119495	61384660.0	70744433.0	558735.0
10	7.6	18.0	407350.0	-0.008829073472456499	65441879.0	74906198.0	591274.0
10	7.6	19.0	406458.0	-0.00880973989313299	69498947.0	79067481.0	624295.0
10	7.6	20.0	407411.0	-0.008830395611849699	73556387.0	83229145.0	656935.0
10	7.6	21.0	406894.0	-0.008819189938631926	77613402.0	87390634.0	689750.0
10	7.6	22.0	406442.0	-0.008809393102472479	81670457.0	91552126.0	722562.0
10	7.6	23.0	406175.0	-0.008803606033325195	85728098.0	95713779.0	755213.0
10	7.6	24.0	406580.0	-0.00881238417191939	89785075.0	99875274.0	788022.0
10	7.6	25.0	406951.0	-0.008820425380359997	93842203.0	104036840.0	820760.0
10	7.6	26.0	407185.0	-0.008825497193769976	97899516.0	108198540.0	853364.0
10	7.6	27.0	406772.0	-0.008816545659845526	101956775.0	112360076.0	886132.0
10	7.6	28.0	406077.0	-0.008801481940529564	106013994.0	116521440.0	919072.0
10	7.6	29.0	406737.0	-0.008815787055275658	110070979.0	120683067.0	951749.0
10	7.6	30.0	407424.0	-0.008830677379261364	114127717.0	124844997.0	984123.0
10	7.6	31.0	407627.0	-0.008835077285766602	118185085.0	129006320.0	1017104.0
10	7.6	32.0	405934.0	-0.008798382499001244	122242169.0	133167739.0	1049989.0
10	7.6	33.0	407220.0	-0.008826255798339844	126299268.0	137329244.0	1082788.0
10	7.6	34.0	407143.0	-0.008824586868286133	130356014.0	141490816.0	1115520.0
10	7.6	35.0	407029.0	-0.008822115984829989	134413657.0	145652294.0	1148346.0
10	7.6	36.0	406528.0	-0.008811257102272728	138471244.0	149813876.0	1181068.0
10	7.6	37.0	406943.0	-0.008820251985029741	142528521.0	153975686.0	1213562.0
10	7.6	38.0	406422.0	-0.00880895961414684	146585704.0	158137227.0	1246325.0
10	7.6	39.0	406824.0	-0.008817672729492188	150643462.0	162298984.0	1278872.0
10	7.6	40.0	406449.0	-0.008809544823386452	154700938.0	166460411.0	1311749.0
10	7.6	41.0	406727.0	-0.008815570311112837	158758163.0	170622071.0	1344393.0
10	7.6	42.0	407144.0	-0.008824608542702415	162814833.0	174783838.0	1376930.0
10	7.6	43.0	406539.0	-0.00881149552085183	166872195.0	178945457.0	1409615.0
10	7.6	44.0	407844.0	-0.008839780634099787	170929708.0	183107245.0	1442131.0
10	7.6	45.0	407109.0	-0.008823849938132546	174985854.0	187268324.0	1475356.0
10	7.6	46.0	406355.0	-0.008807507428255949	179043560.0	191429906.0	1508078.0
10	7.6	47.0	406728.0	-0.00881559198552912	183101177.0	195591443.0	1540845.0
10	7.6	48.0	407057.0	-0.008822722868485884	187158212.0	199752994.0	1573598.0
10	7.6	49.0	406404.0	-0.008808569474653765	191215162.0	203914624.0	1606272.0
10	7.6	50.0	406824.0	-0.008817672729492188	195272363.0	208075836.0	1639364.0
10	7.6	51.0	407279.0	-0.00882753458890048	199330507.0	212237686.0	1671818.0
10	7.6	52.0	405626.0	-0.0087917067787864	203388276.0	216399126.0	1704682.0
10	7.6	53.0	407767.0	-0.008838111704046076	207445730.0	220560788.0	1737324.0
10	7.6	54.0	406668.0	-0.008814291520552202	211503197.0	224722441.0	1769975.0
10	7.6	55.0	406854.0	-0.008818322961980646	215560214.0	228883952.0	1802768.0
10	7.6	56.0	406899.0	-0.008819298310713335	219617803.0	233045512.0	1835512.0
10	7.6	57.0	408104.0	-0.008845415982333097	223675635.0	237206945.0	1868383.0
10	7.6	58.0	407481.0	-0.008831912820989435	227732622.0	241368348.0	1901284.0
10	7.6	59.0	406154.0	-0.008803150870583275	231789719.0	245529695.0	1934241.0
10	7.6	60.0	407466.0	-0.008831587704745207	235846759.0	249691214.0	1967026.0
10	7.6	61.0	407290.0	-0.008827773007479582	239904023.0	253852838.0	1999706.0
10	7.6	62.0	407190.0	-0.008825605565851385	243960741.0	258014327.0	2032521.0
10	7.6	63.0	407651.0	-0.008835597471757368	248018516.0	262176215.0	2064937.0
10	7.6	64.0	405567.0	-0.008790427988225763	252075828.0	266337708.0	2097748.0
10	7.6	65.0	406560.0	-0.00881195068359375	256133228.0	270499198.0	2130562.0
10	7.6	66.0	406235.0	-0.008804906498302113	260190601.0	274660690.0	2163374.0
10	7.6	67.0	406489.0	-0.008810411800037731	264247433.0	278822172.0	2196196.0
10	7.6	68.0	406669.0	-0.008814313194968483	268304827.0	282983750.0	2228922.0
10	7.6	69.0	407024.0	-0.008822007612748579	272361733.0	287144967.0	2262009.0
10	7.6	70.0	406301.0	-0.008806337009776722	276419384.0	291306686.0	2294594.0
10	7.6	71.0	406763.0	-0.008816350590098988	280476447.0	295468004.0	2327580.0
10	7.6	72.0	407470.0	-0.008831674402410334	284532912.0	299629387.0	2360501.0
10	7.6	73.0	407088.0	-0.008823394775390625	288589760.0	303790730.0	2393462.0
10	7.6	74.0	408191.0	-0.008847301656549627	292646874.0	307952278.0	2426218.0
10	7.6	75.0	407109.0	-0.008823849938132546	296704068.0	312113960.0	2458840.0
10	7.6	76.0	406386.0	-0.008808179335160688	300761565.0	316275284.0	2491820.0
10	7.6	77.0	405606.0	-0.00879127329046076	304818776.0	320436822.0	2524586.0
10	7.6	78.0	406874.0	-0.008818756450306286	308875506.0	324598066.0	2557646.0
10	7.6	79.0	406517.0	-0.008811018683693626	312931992.0	328759518.0	2590498.0
10	7.6	80.0	406363.0	-0.008807680823586204	316989495.0	332921141.0	2623179.0
10	7.6	81.0	406825.0	-0.00881769440390847	321046453.0	337082935.0	2655689.0
10	7.6	82.0	406945.0	-0.008820295333862305	325104067.0	341244589.0	2688339.0
10	7.6	83.0	407492.0	-0.008832151239568537	329161143.0	345406116.0	2721116.0
10	7.6	84.0	406826.0	-0.008817716078324751	333218440.0	349567722.0	2753814.0
10	7.6	85.0	407876.0	-0.008840474215420809	337275310.0	353729267.0	2786573.0
10	7.6	86.0	407088.0	-0.008823394775390625	341333147.0	357890943.0	2819201.0
10	7.6	87.0	406862.0	-0.008818496357310902	345390550.0	362052713.0	2851735.0
10	7.6	88.0	408090.0	-0.00884511254050515	349447580.0	366214080.0	2884672.0
10	7.6	89.0	407354.0	-0.008829160170121626	353505132.0	370375587.0	2917469.0
10	7.6	90.0	406616.0	-0.00881316445090554	357562394.0	374537125.0	2950235.0
10	7.6	91.0	407148.0	-0.008824695240367542	361619952.0	378698759.0	2982905.0
10	7.6	92.0	406249.0	-0.00880520994013006	365677151.0	382860272.0	3015696.0
10	7.6	93.0	406469.0	-0.008809978311712091	369733801.0	387021581.0	3048691.0
10	7.6	94.0	407285.0	-0.00882766463539817	373790812.0	391183122.0	3081454.0
10	7.6	95.0	407388.0	-0.008829897100275213	377848198.0	395344826.0	3114054.0
10	7.6	96.0	405639.0	-0.008791988546198065	381905406.0	399506525.0	3146659.0
10	7.6	97.0	407073.0	-0.008823069659146395	385962734.0	403668248.0	3179240.0
10	7.6	98.0	406969.0	-0.008820815519853071	390020090.0	407829644.0	3212148.0
10	7.6	99.0	407336.0	-0.008828770030628551	394076507.0	411991000.0	3245096.0
10	7.6	100.0	406062.0	-0.008801156824285334	398133543.0	416152251.0	3278149.0
11	7.46	1.0	15421231.0	-0.3342461802742698	643219.0	4161591.0	32713.0
11	7.46	2.0	8350666.0	-0.1809958111156117	2173452.0	8323246.0	65362.0
11	7.46	3.0	3241588.0	-0.07025952772660689	4862448.0	12484904.0	98008.0
11	7.46	4.0	991107.0	-0.021481665697964756	8448050.0	16646300.0	130916.0
11	7.46	5.0	473362.0	-0.010259845040061256	12415837.0	20807618.0	163902.0
11	7.46	6.0	412251.0	-0.008935299786654386	16462056.0	24968971.0	196853.0
11	7.46	7.0	408073.0	-0.008844744075428356	20516468.0	29130466.0	229662.0
11	7.46	8.0	407189.0	-0.008825583891435103	24571861.0	33292095.0	262337.0
11	7.46	9.0	408267.0	-0.008848948912187056	28627029.0	37453731.0	295005.0
11	7.46	10.0	408176.0	-0.008846976540305397	32682208.0	41615272.0	327768.0
11	7.46	11.0	407327.0	-0.008828574960882013	36737084.0	45776546.0	360798.0
11	7.46	12.0	408402.0	-0.00885187495838512	40792415.0	49937995.0	393653.0
11	7.46	13.0	407474.0	-0.008831761100075462	44847824.0	54099580.0	426372.0
11	7.46	14.0	407894.0	-0.008840864354913885	48903382.0	58261258.0	458998.0
11	7.46	15.0	407242.0	-0.008826732635498047	52958243.0	62422716.0	491844.0
11	7.46	16.0	407354.0	-0.008829160170121626	57013796.0	66584248.0	524616.0
11	7.46	17.0	408988.0	-0.00886457616632635	61068946.0	70745811.0	557357.0
11	7.46	18.0	408105.0	-0.008845437656749378	65124469.0	74907744.0	589728.0
11	7.46	19.0	407802.0	-0.008838870308615944	69179903.0	79069374.0	622402.0
11	7.46	20.0	408289.0	-0.008849425749345259	73234436.0	83231005.0	655075.0
11	7.46	21.0	407570.0	-0.00883384184403853	77289746.0	87392490.0	687894.0
11	7.46	22.0	408044.0	-0.008844115517356178	81345349.0	91554092.0	720596.0
11	7.46	23.0	406808.0	-0.008817325938831676	85400504.0	95715443.0	753549.0
11	7.46	24.0	407619.0	-0.008834903890436346	89455564.0	99877222.0	786074.0
11	7.46	25.0	407617.0	-0.008834860541603783	93510787.0	104038735.0	818865.0
11	7.46	26.0	407911.0	-0.008841232819990679	97566341.0	108200552.0	851352.0
11	7.46	27.0	407593.0	-0.008834340355613014	101621897.0	112362246.0	883962.0
11	7.46	28.0	408150.0	-0.008846413005482067	105677146.0	116523865.0	916647.0
11	7.46	29.0	408097.0	-0.008845264261419123	109732244.0	120685623.0	949193.0
11	7.46	30.0	407013.0	-0.008821769194169478	113787185.0	124846969.0	982151.0
11	7.46	31.0	407625.0	-0.008835033936934038	117842769.0	129008513.0	1014911.0
11	7.46	32.0	406775.0	-0.008816610683094372	121898775.0	133170288.0	1047440.0
11	7.46	33.0	408234.0	-0.008848233656449751	125954031.0	137331896.0	1080136.0
11	7.46	34.0	407556.0	-0.008833538402210583	130009031.0	141493438.0	1112898.0
11	7.46	35.0	407806.0	-0.008838957006281073	134064097.0	145655081.0	1145559.0
11	7.46	36.0	408766.0	-0.008859764445911755	138118975.0	149816403.0	1178541.0
11	7.46	37.0	408061.0	-0.008844483982432972	142174211.0	153977953.0	1211295.0
11	7.46	38.0	407221.0	-0.008826277472756126	146229515.0	158139312.0	1244240.0
11	7.46	39.0	406789.0	-0.00881691412492232	150285520.0	162301232.0	1276624.0
11	7.46	40.0	407130.0	-0.008824305100874468	154341233.0	166462764.0	1309396.0
11	7.46	41.0	407431.0	-0.008830829100175337	158396959.0	170624558.0	1341906.0
11	7.46	42.0	407301.0	-0.008828011426058683	162452350.0	174786260.0	1374508.0
11	7.46	43.0	406880.0	-0.008818886496803978	166507820.0	178947638.0	1407434.0
11	7.46	44.0	407919.0	-0.008841406215320934	170562545.0	183109156.0	1440220.0
11	7.46	45.0	407344.0	-0.008828943425958807	174617676.0	187270588.0	1473092.0
11	7.46	46.0	407055.0	-0.00882267951965332	178672857.0	191432117.0	1505867.0
11	7.46	47.0	408090.0	-0.00884511254050515	182727702.0	195593718.0	1538570.0
11	7.46	48.0	408030.0	-0.00884381207552823	186782496.0	199754971.0	1571621.0
11	7.46	49.0	407635.0	-0.008835250681096857	190837939.0	203916524.0	1604372.0
11	7.46	50.0	408357.0	-0.008850899609652433	194892942.0	208077745.0	1637455.0
11	7.46	51.0	406448.0	-0.008809523148970171	198948989.0	212239477.0	1670027.0
11	7.46	52.0	407069.0	-0.008822982961481268	203004482.0	216400604.0	1703204.0
11	7.46	53.0	407034.0	-0.0088222243569114	207060104.0	220562223.0	1735889.0
11	7.46	54.0	408094.0	-0.008845199238170277	211116047.0	224723655.0	1768761.0
11	7.46	55.0	409176.0	-0.008868650956587358	215171084.0	228885119.0	1801601.0
11	7.46	56.0	408016.0	-0.008843508633700285	219226214.0	233046359.0	1834665.0
11	7.46	57.0	407595.0	-0.00883438370444558	223281424.0	237207813.0	1867515.0
11	7.46	58.0	408002.0	-0.008843205191872337	227337030.0	241369459.0	1900173.0
11	7.46	59.0	407976.0	-0.008842641657049006	231391938.0	245530925.0	1933011.0
11	7.46	60.0	407592.0	-0.008834318681196733	235447613.0	249692406.0	1965834.0
11	7.46	61.0	408251.0	-0.008848602121526545	239502826.0	253854007.0	1998537.0
11	7.46	62.0	407726.0	-0.008837223052978516	243557852.0	258015607.0	2031241.0
11	7.46	63.0	408301.0	-0.008849685842340643	247612919.0	262177433.0	2063719.0
11	7.46	64.0	407010.0	-0.008821704170920631	251668090.0	266339325.0	2096131.0
11	7.46	65.0	407030.0	-0.008822137659246271	255723409.0	270500827.0	2128933.0
11	7.46	66.0	409494.0	-0.008875543420965021	259778147.0	274662162.0	2161902.0
11	7.46	67.0	408944.0	-0.008863622492009943	263832839.0	278823676.0	2194692.0
11	7.46	68.0	407510.0	-0.008832541379061613	267888003.0	282985059.0	2227613.0
11	7.46	69.0	406347.0	-0.008807334032925692	271943453.0	287146664.0	2260312.0
11	7.46	70.0	407538.0	-0.008833148262717506	275998380.0	291308075.0	2293205.0
11	7.46	71.0	408026.0	-0.008843725377863104	280053870.0	295469592.0	2325992.0
11	7.46	72.0	407757.0	-0.008837894959883257	284109309.0	299631297.0	2358591.0
11	7.46	73.0	407960.0	-0.008842294866388494	288164684.0	303793020.0	2391172.0
11	7.46	74.0	408235.0	-0.008848255330866034	292219700.0	307954724.0	2423772.0
11	7.46	75.0	409133.0	-0.008867718956687233	296274678.0	312116431.0	2456369.0
11	7.46	76.0	408801.0	-0.008860523050481623	300330169.0	316278051.0	2489053.0
11	7.46	77.0	408275.0	-0.008849122307517311	304385995.0	320439791.0	2521617.0
11	7.46	78.0	406590.0	-0.008812600916082209	308441957.0	324601413.0	2554299.0
11	7.46	79.0	407262.0	-0.008827166123823687	312497295.0	328762938.0	2587078.0
11	7.46	80.0	408114.0	-0.008845632726495916	316552601.0	332924278.0	2620042.0
11	7.46	81.0	408849.0	-0.008861563422463158	320607937.0	337085936.0	2652688.0
11	7.46	82.0	407066.0	-0.008822917938232422	324663505.0	341247859.0	2685069.0
11	7.46	83.0	408134.0	-0.008846066214821556	328718513.0	345409602.0	2717630.0
11	7.46	84.0	407675.0	-0.008836117657748136	332774148.0	349571643.0	2749893.0
11	7.46	85.0	408021.0	-0.008843617005781694	336830155.0	353733369.0	2782471.0
11	7.46	86.0	407982.0	-0.008842771703546698	340884811.0	357894659.0	2815485.0
11	7.46	87.0	407976.0	-0.008842641657049006	344940166.0	362056177.0	2848271.0
11	7.46	88.0	407180.0	-0.008825388821688566	348995325.0	366217957.0	2880795.0
11	7.46	89.0	408500.0	-0.008853999051180754	353050427.0	370379421.0	2913635.0
11	7.46	90.0	408922.0	-0.00886314565485174	357105718.0	374540874.0	2946486.0
11	7.46	91.0	407912.0	-0.00884125449440696	361160666.0	378702310.0	2979354.0
11	7.46	92.0	406935.0	-0.008820078589699486	365216712.0	382863815.0	3012153.0
11	7.46	93.0	408415.0	-0.008852156725796785	369271703.0	387025379.0	3044893.0
11	7.46	94.0	407147.0	-0.008824673565951261	373327163.0	391187127.0	3077449.0
11	7.46	95.0	407739.0	-0.00883750482039018	377382421.0	395348483.0	3110397.0
11	7.46	96.0	406339.0	-0.008807160637595436	381437808.0	399509696.0	3143488.0
11	7.46	97.0	407443.0	-0.008831089193170721	385493272.0	403671567.0	3175921.0
11	7.46	98.0	406672.0	-0.008814378218217329	389549006.0	407833146.0	3208646.0
11	7.46	99.0	408284.0	-0.00884931737726385	393604153.0	411994986.0	3241110.0
11	7.46	100.0	408140.0	-0.008846196261319246	397659359.0	416156679.0	3273721.0
12	7.32	1.0	15691493.0	-0.3401039513674649	615148.0	4161323.0	32981.0
12	7.32	2.0	8818688.0	-0.19113991477272727	2067828.0	8322895.0	65713.0
12	7.32	3.0	3625614.0	-0.07858306711370294	4647207.0	12484335.0	98577.0
12	7.32	4.0	1152994.0	-0.02499047192660245	8152417.0	16645728.0	131488.0
12	7.32	5.0	503155.0	-0.010905590924349699	12090131.0	20807313.0	164207.0
12	7.32	6.0	415770.0	-0.009011572057550604	16130871.0	24968951.0	196873.0
12	7.32	7.0	408984.0	-0.008864489468661222	20182571.0	29130310.0	229818.0
12	7.32	8.0	408011.0	-0.008843400261618874	24235988.0	33291931.0	262501.0
12	7.32	9.0	408766.0	-0.008859764445911755	28289477.0	37453587.0	295149.0
12	7.32	10.0	408628.0	-0.008856773376464844	32343389.0	41615381.0	327659.0
12	7.32	11.0	409816.0	-0.008882522583007812	36396972.0	45777252.0	360092.0
12	7.32	12.0	408475.0	-0.008853457190773704	40450261.0	49938890.0	392758.0
12	7.32	13.0	408737.0	-0.008859135887839577	44504211.0	54100651.0	425301.0
12	7.32	14.0	408401.0	-0.00885185328396884	48557184.0	58261973.0	458283.0
12	7.32	15.0	408027.0	-0.008843747052279386	52610390.0	62423447.0	491113.0
12	7.32	16.0	409297.0	-0.008871273560957476	56663754.0	66585189.0	523675.0
12	7.32	17.0	409606.0	-0.0088779709555886	60716991.0	70746507.0	556661.0
12	7.32	18.0	408907.0	-0.008862820538607511	64769719.0	74907694.0	589778.0
12	7.32	19.0	408199.0	-0.008847475051879883	68823285.0	79069577.0	622199.0
12	7.32	20.0	409814.0	-0.008882479234175249	72876412.0	83231201.0	654879.0
12	7.32	21.0	409524.0	-0.00887619365345348	76929122.0	87392906.0	687478.0
12	7.32	22.0	408949.0	-0.008863730864091353	80982502.0	91554535.0	720153.0
12	7.32	23.0	408953.0	-0.008863817561756481	85035341.0	95715736.0	753256.0
12	7.32	24.0	408939.0	-0.008863514119928534	89088673.0	99877151.0	786145.0
12	7.32	25.0	409007.0	-0.008864987980235706	93141519.0	104038593.0	819007.0
12	7.32	26.0	408537.0	-0.008854801004583185	97194450.0	108200079.0	851825.0
12	7.32	27.0	409073.0	-0.008866418491710316	101247135.0	112361594.0	884614.0
12	7.32	28.0	408289.0	-0.008849425749345259	105300400.0	116523322.0	917190.0
12	7.32	29.0	408922.0	-0.00886314565485174	109352963.0	120684837.0	949979.0
12	7.32	30.0	408714.0	-0.008858637376265093	113406628.0	124846564.0	982556.0
12	7.32	31.0	409031.0	-0.008865508166226473	117459875.0	129007799.0	1015625.0
12	7.32	32.0	409154.0	-0.008868174119429155	121512608.0	133169084.0	1048644.0
12	7.32	33.0	408593.0	-0.008856014771894976	125566470.0	137330961.0	1081071.0
12	7.32	34.0	407775.0	-0.008838285099376331	129619631.0	141492445.0	1113891.0
12	7.32	35.0	408162.0	-0.00884667309847745	133672937.0	145653989.0	1146651.0
12	7.32	36.0	409092.0	-0.008866830305619673	137726535.0	149815404.0	1179540.0
12	7.32	37.0	408033.0	-0.008843877098777077	141779837.0	153977004.0	1212244.0
12	7.32	38.0	409507.0	-0.008875825188376686	145832964.0	158138406.0	1245146.0
12	7.32	39.0	409279.0	-0.0088708834214644	149885606.0	162299926.0	1277930.0
12	7.32	40.0	409890.0	-0.008884126489812677	153938971.0	166461931.0	1310229.0
12	7.32	41.0	408838.0	-0.008861325003884056	157991866.0	170623527.0	1342937.0
12	7.32	42.0	409116.0	-0.008867350491610441	162044925.0	174785035.0	1375733.0
12	7.32	43.0	409438.0	-0.00887432965365323	166097796.0	178946187.0	1408885.0
12	7.32	44.0	409129.0	-0.008867632259022106	170151206.0	183107900.0	1441476.0
12	7.32	45.0	409389.0	-0.008873267607255415	174204535.0	187269318.0	1474362.0
12	7.32	46.0	408220.0	-0.008847930214621803	178258443.0	191430831.0	1507153.0
12	7.32	47.0	408231.0	-0.008848168633200905	182311680.0	195592288.0	1540000.0
12	7.32	48.0	408629.0	-0.008856795050881126	186364516.0	199753741.0	1572851.0
12	7.32	49.0	408431.0	-0.008852503516457298	190418181.0	203915273.0	1605623.0
12	7.32	50.0	409399.0	-0.008873484351418236	194471835.0	208076709.0	1638491.0
12	7.32	51.0	408821.0	-0.008860956538807262	198525075.0	212238453.0	1671051.0
12	7.32	52.0	408472.0	-0.008853392167524858	202578204.0	216400266.0	1703542.0
12	7.32	53.0	408785.0	-0.008860176259821112	206631568.0	220561787.0	1736325.0
12	7.32	54.0	408813.0	-0.008860783143477007	210684611.0	224723269.0	1769147.0
12	7.32	55.0	407435.0	-0.008830915797840466	214738266.0	228884949.0	1801771.0
12	7.32	56.0	409232.0	-0.008869864723899147	218791153.0	233046474.0	1834550.0
12	7.32	57.0	409335.0	-0.00887209718877619	222844534.0	237208087.0	1867241.0
12	7.32	58.0	408939.0	-0.008863514119928534	226898094.0	241369744.0	1899888.0
12	7.32	59.0	409048.0	-0.008865876631303267	230950975.0	245531602.0	1932334.0
12	7.32	60.0	408389.0	-0.008851593190973455	235003875.0	249692942.0	1965298.0
12	7.32	61.0	409339.0	-0.008872183886441317	239057393.0	253854411.0	1998133.0
12	7.32	62.0	408154.0	-0.008846499703147194	243111050.0	258015933.0	2030915.0
12	7.32	63.0	408192.0	-0.00884732333096591	247165141.0	262177600.0	2063552.0
12	7.32	64.0	409192.0	-0.00886899774724787	251218832.0	266339100.0	2096356.0
12	7.32	65.0	409898.0	-0.008884299885142933	255271693.0	270500488.0	2129272.0
12	7.32	66.0	409181.0	-0.008868759328668768	259324617.0	274661757.0	2162307.0
12	7.32	67.0	408070.0	-0.00884467905217951	263378259.0	278823485.0	2194883.0
12	7.32	68.0	406793.0	-0.008817000822587446	267432292.0	282985368.0	2227304.0
12	7.32	69.0	407747.0	-0.008837678215720436	271485626.0	287146864.0	2260112.0
12	7.32	70.0	408998.0	-0.008864792910489168	275538731.0	291308416.0	2292864.0
12	7.32	71.0	408820.0	-0.00886093486439098	279591852.0	295469894.0	2325690.0
12	7.32	72.0	408044.0	-0.008844115517356178	283645472.0	299631407.0	2358481.0
12	7.32	73.0	408068.0	-0.008844635703346947	287698569.0	303793261.0	2390931.0
12	7.32	74.0	408847.0	-0.008861520073630592	291751211.0	307954548.0	2423948.0
12	7.32	75.0	408191.0	-0.008847301656549627	295804703.0	312116231.0	2456569.0
12	7.32	76.0	408334.0	-0.008850401098077948	299858296.0	316278090.0	2489014.0
12	7.32	77.0	409670.0	-0.008879358118230646	303911807.0	320439596.0	2521812.0
12	7.32	78.0	408597.0	-0.008856101469560103	307965031.0	324601054.0	2554658.0
12	7.32	79.0	409500.0	-0.008875673467462713	312018295.0	328762643.0	2587373.0
12	7.32	80.0	407763.0	-0.008838025006380949	316070928.0	332924003.0	2620317.0
12	7.32	81.0	407789.0	-0.008838588541204279	320124677.0	337085571.0	2653053.0
12	7.32	82.0	408672.0	-0.00885772705078125	324178197.0	341247156.0	2685772.0
12	7.32	83.0	408886.0	-0.00886236537586559	328230905.0	345408454.0	2718778.0
12	7.32	84.0	408961.0	-0.008863990957086737	332283623.0	349569972.0	2751564.0
12	7.32	85.0	408328.0	-0.008850271051580256	336336594.0	353731663.0	2784177.0
12	7.32	86.0	408892.0	-0.008862495422363281	340389149.0	357893025.0	2817119.0
12	7.32	87.0	408830.0	-0.0088611516085538	344442993.0	362054550.0	2849898.0
12	7.32	88.0	408474.0	-0.008853435516357422	348496471.0	366215906.0	2882846.0
12	7.32	89.0	408556.0	-0.008855212818492542	352550061.0	370377583.0	2915473.0
12	7.32	90.0	409094.0	-0.008866873654452238	356603431.0	374538958.0	2948402.0
12	7.32	91.0	409591.0	-0.008877645839344372	360656937.0	378700859.0	2980805.0
12	7.32	92.0	409000.0	-0.008864836259321733	364709604.0	382862309.0	3013659.0
12	7.32	93.0	408955.0	-0.008863860910589045	368762374.0	387023560.0	3046712.0
12	7.32	94.0	408800.0	-0.00886050137606534	372815667.0	391185099.0	3079477.0
12	7.32	95.0	409595.0	-0.008877732537009499	376869209.0	395346912.0	3111968.0
12	7.32	96.0	408746.0	-0.008859330957586115	380921810.0	399508133.0	3145051.0
12	7.32	97.0	409217.0	-0.008869539607654919	384975501.0	403669874.0	3177614.0
12	7.32	98.0	408229.0	-0.008848125284368341	389029221.0	407831706.0	3210086.0
12	7.32	99.0	409554.0	-0.008876843885941938	393082515.0	411993526.0	3242570.0
12	7.32	100.0	408558.0	-0.008855256167325106	397135290.0	416154825.0	3275575.0
13	7.18	1.0	15981078.0	-0.3463805372064764	584455.0	4161382.0	32922.0
13	7.18	2.0	9300444.0	-0.2015816948630593	1960899.0	8323061.0	65547.0
13	7.18	3.0	4050442.0	-0.08779096603393555	4430217.0	12484416.0	98496.0
13	7.18	4.0	1351112.0	-0.029284563931551846	7843828.0	16645746.0	131470.0
13	7.18	5.0	544386.0	-0.0117992487820712	11741854.0	20807397.0	164123.0
13	7.18	6.0	422372.0	-0.009154666553844105	15773045.0	24969016.0	196808.0
13	7.18	7.0	410773.0	-0.008903264999389648	19822288.0	29130424.0	229704.0
13	7.18	8.0	409545.0	-0.008876648816195402	23873185.0	33291977.0	262455.0
13	7.18	9.0	408873.0	-0.008862083608453924	27925167.0	37453794.0	294942.0
13	7.18	10.0	409743.0	-0.00888094035061923	31976433.0	41615164.0	327876.0
13	7.18	11.0	409506.0	-0.008875803513960405	36027677.0	45776832.0	360512.0
13	7.18	12.0	410306.0	-0.008893143046985973	40078776.0	49938606.0	393042.0
13	7.18	13.0	409481.0	-0.008875261653553356	44129595.0	54099937.0	426015.0
13	7.18	14.0	409348.0	-0.008872378956187855	48179816.0	58261179.0	459077.0
13	7.18	15.0	409499.0	-0.00887565179304643	52230946.0	62422897.0	491663.0
13	7.18	16.0	408581.0	-0.008855754678899591	56282274.0	66584442.0	524422.0
13	7.18	17.0	408911.0	-0.008862907236272638	60333599.0	70745835.0	557333.0
13	7.18	18.0	410067.0	-0.008887962861494585	64384457.0	74907329.0	590143.0
13	7.18	19.0	409652.0	-0.008878967978737572	68435418.0	79068815.0	622961.0
13	7.18	20.0	409003.0	-0.00886490128257058	72486240.0	83230574.0	655506.0
13	7.18	21.0	408454.0	-0.008853002028031782	76537183.0	87392034.0	688350.0
13	7.18	22.0	409959.0	-0.008885622024536133	80588084.0	91553504.0	721184.0
13	7.18	23.0	409500.0	-0.008875673467462713	84639172.0	95714995.0	753997.0
13	7.18	24.0	409799.0	-0.008882154117931019	88689717.0	99876385.0	786911.0
13	7.18	25.0	409458.0	-0.00887476314197887	92740570.0	104037696.0	819904.0
13	7.18	26.0	410449.0	-0.008896242488514294	96791723.0	108199120.0	852784.0
13	7.18	27.0	409287.0	-0.008871056816794655	100842830.0	112360446.0	885762.0
13	7.18	28.0	410419.0	-0.008895592256025835	104894387.0	116521878.0	918634.0
13	7.18	29.0	409966.0	-0.008885773745450106	108946059.0	120683754.0	951062.0
13	7.18	30.0	411007.0	-0.008908336812799627	112996651.0	124845205.0	983915.0
13	7.18	31.0	410604.0	-0.008899602023037996	117047797.0	129006800.0	1016624.0
13	7.18	32.0	410374.0	-0.008894616907293146	121098276.0	133168444.0	1049284.0
13	7.18	33.0	409492.0	-0.008875500072132458	125149190.0	137329838.0	1082194.0
13	7.18	34.0	410168.0	-0.008890151977539062	129199611.0	141491589.0	1114747.0
13	7.18	35.0	409392.0	-0.008873332630504261	133250845.0	145653316.0	1147324.0
13	7.18	36.0	409308.0	-0.008871511979536577	137301752.0	149815069.0	1179875.0
13	7.18	37.0	409314.0	-0.00887164202603427	141352971.0	153976620.0	1212628.0
13	7.18	38.0	409344.0	-0.008872292258522728	145403446.0	158137955.0	1245597.0
13	7.18	39.0	410066.0	-0.008887941187078302	149454548.0	162299650.0	1278206.0
13	7.18	40.0	409052.0	-0.008865963328968395	153506592.0	166461587.0	1310573.0
13	7.18	41.0	409782.0	-0.008881785652854225	157557788.0	170623222.0	1343242.0
13	7.18	42.0	410005.0	-0.008886619047685103	161608161.0	174784505.0	1376263.0
13	7.18	43.0	410813.0	-0.008904131976040926	165659198.0	178946140.0	1408932.0
13	7.18	44.0	410597.0	-0.008899450302124023	169709861.0	183107548.0	1441828.0
13	7.18	45.0	410299.0	-0.008892991326071999	173760426.0	187269345.0	1474335.0
13	7.18	46.0	410518.0	-0.008897738023237749	177811818.0	191430846.0	1507138.0
13	7.18	47.0	409780.0	-0.008881742304021662	181863025.0	195592473.0	1539815.0
13	7.18	48.0	410399.0	-0.008895158767700195	185913144.0	199753812.0	1572780.0
13	7.18	49.0	410571.0	-0.008898886767300692	189964424.0	203915447.0	1605449.0
13	7.18	50.0	409628.0	-0.008878447792746803	194015558.0	208077130.0	1638070.0
13	7.18	51.0	409718.0	-0.008880398490212181	198066088.0	212238564.0	1670940.0
13	7.18	52.0	410064.0	-0.008887897838245739	202116861.0	216400325.0	1703483.0
13	7.18	53.0	410232.0	-0.008891539140181108	206168096.0	220562158.0	1735954.0
13	7.18	54.0	409782.0	-0.008881785652854225	210218877.0	224723514.0	1768902.0
13	7.18	55.0	409779.0	-0.00888172062960538	214269427.0	228885379.0	1801341.0
13	7.18	56.0	409662.0	-0.00887918472290039	218320072.0	233046868.0	1834156.0
13	7.18	57.0	409780.0	-0.008881742304021662	222371560.0	237208609.0	1866719.0
13	7.18	58.0	409825.0	-0.00888271765275435	226422158.0	241370159.0	1899473.0
13	7.18	59.0	408935.0	-0.008863427422263405	230473656.0	245531899.0	1932037.0
13	7.18	60.0	409718.0	-0.008880398490212181	234524544.0	249693623.0	1964617.0
13	7.18	61.0	409769.0	-0.00888150388544256	238575734.0	253855085.0	1997459.0
13	7.18	62.0	409217.0	-0.008869539607654919	242626190.0	258016438.0	2030410.0
13	7.18	63.0	408651.0	-0.00885727188803933	246677310.0	262178030.0	2063122.0
13	7.18	64.0	409806.0	-0.008882305838844994	250728186.0	266339530.0	2095926.0
13	7.18	65.0	409105.0	-0.00886711207303134	254778865.0	270500913.0	2128847.0
13	7.18	66.0	409439.0	-0.008874351328069513	258829882.0	274662450.0	2161614.0
13	7.18	67.0	410095.0	-0.00888856974515048	262880635.0	278824003.0	2194365.0
13	7.18	68.0	409846.0	-0.008883172815496271	266931125.0	282985483.0	2227189.0
13	7.18	69.0	409943.0	-0.008885275233875622	270982218.0	287146949.0	2260027.0
13	7.18	70.0	409673.0	-0.008879423141479492	275033887.0	291308588.0	2292692.0
13	7.18	71.0	410002.0	-0.008886554024436256	279084777.0	295470086.0	2325498.0
13	7.18	72.0	411027.0	-0.008908770301125267	283134759.0	299631505.0	2358383.0
13	7.18	73.0	410132.0	-0.008889371698552912	287185646.0	303792913.0	2391279.0
13	7.18	74.0	410084.0	-0.008888331326571379	291236603.0	307954429.0	2424067.0
13	7.18	75.0	409830.0	-0.00888282602483576	295287427.0	312116105.0	2456695.0
13	7.18	76.0	409845.0	-0.008883151141079989	299338390.0	316277399.0	2489705.0
13	7.18	77.0	410718.0	-0.00890207290649414	303389227.0	320438864.0	2522544.0
13	7.18	78.0	409636.0	-0.008878621188077059	307439510.0	324600058.0	2555654.0
13	7.18	79.0	409098.0	-0.008866960352117365	311490404.0	328761494.0	2588522.0
13	7.18	80.0	408971.0	-0.008864207701249556	315541980.0	332923469.0	2620851.0
13	7.18	81.0	409708.0	-0.00888018174604936	319593152.0	337085084.0	2653540.0
13	7.18	82.0	408679.0	-0.008857878771695223	323644097.0	341246758.0	2686170.0
13	7.18	83.0	410145.0	-0.008889653465964577	327694792.0	345407942.0	2719290.0
13	7.18	84.0	409785.0	-0.008881850676103071	331746306.0	349569917.0	2751619.0
13	7.18	85.0	408864.0	-0.008861888538707386	335797630.0	353731532.0	2784308.0
13	7.18	86.0	410073.0	-0.008888092907992277	339849013.0	357893218.0	2816926.0
13	7.18	87.0	410672.0	-0.008901075883345171	343900395.0	362054821.0	2849627.0
13	7.18	88.0	410173.0	-0.008890260349620472	347951150.0	366216595.0	2882157.0
13	7.18	89.0	409465.0	-0.008874914862892845	352002117.0	370377725.0	2915331.0
13	7.18	90.0	410598.0	-0.008899471976540306	356053289.0	374539376.0	2947984.0
13	7.18	91.0	409448.0	-0.008874546397816051	360103893.0	378701274.0	2980390.0
13	7.18	92.0	409628.0	-0.008878447792746803	364155504.0	382862776.0	3013192.0
13	7.18	93.0	409818.0	-0.008882565931840376	368206350.0	387024226.0	3046046.0
13	7.18	94.0	409688.0	-0.008879748257723722	372257341.0	391185822.0	3078754.0
13	7.18	95.0	409366.0	-0.008872769095680931	376307977.0	395347091.0	3111789.0
13	7.18	96.0	409533.0	-0.008876388723200018	380358898.0	399508612.0	3144572.0
13	7.18	97.0	408817.0	-0.008860869841142134	384410632.0	403670454.0	3177034.0
13	7.18	98.0	409394.0	-0.008873375979336824	388461405.0	407831796.0	3209996.0
13	7.18	99.0	410315.0	-0.008893338116732511	392512486.0	411993060.0	3243036.0
13	7.18	100.0	410263.0	-0.008892211047085848	396562961.0	416154586.0	3275814.0
14	7.039999999999999	1.0	16245761.0	-0.35211738673123444	555571.0	4161497.0	32807.0
14	7.039999999999999	2.0	9773610.0	-0.2118372917175293	1862247.0	8323307.0	65301.0
14	7.039999999999999	3.0	4504067.0	-0.09762302311983975	4221633.0	12484664.0	98248.0
14	7.039999999999999	4.0	1590305.0	-0.03446893258528276	7535231.0	16646129.0	131087.0
14	7.039999999999999	5.0	606869.0	-0.01315353133461692	11384109.0	20807772.0	163748.0
14	7.039999999999999	6.0	429293.0	-0.009304675188931551	15403208.0	24969274.0	196550.0
14	7.039999999999999	7.0	412170.0	-0.008933544158935547	19449144.0	29130664.0	229464.0
14	7.039999999999999	8.0	410617.0	-0.008899883790449663	23498203.0	33292359.0	262073.0
14	7.039999999999999	9.0	410697.0	-0.00890161774375222	27546963.0	37453970.0	294766.0
14	7.039999999999999	10.0	411058.0	-0.008909442208030006	31596670.0	41616081.0	326959.0
14	7.039999999999999	11.0	411376.0	-0.008916334672407671	35645302.0	45777885.0	359459.0
14	7.039999999999999	12.0	410049.0	-0.008887572722001509	39693816.0	49939717.0	391931.0
14	7.039999999999999	13.0	410676.0	-0.008901162581010298	43742622.0	54101142.0	424810.0
14	7.039999999999999	14.0	410474.0	-0.008896784348921343	47791040.0	58262517.0	457739.0
14	7.039999999999999	15.0	409424.0	-0.008874026211825285	51839934.0	62424002.0	490558.0
14	7.039999999999999	16.0	409487.0	-0.008875391700051048	55888500.0	66585441.0	523423.0
14	7.039999999999999	17.0	410960.0	-0.008907318115234375	59937771.0	70747220.0	555948.0
14	7.039999999999999	18.0	411622.0	-0.008921666578813032	63986544.0	74908899.0	588573.0
14	7.039999999999999	19.0	411263.0	-0.00891388546336781	68035251.0	79070490.0	621286.0
14	7.039999999999999	20.0	410552.0	-0.008898474953391335	72083764.0	83232155.0	653925.0
14	7.039999999999999	21.0	409811.0	-0.008882414210926403	76131966.0	87393439.0	686945.0
14	7.039999999999999	22.0	411306.0	-0.008914817463267933	80180362.0	91554757.0	719931.0
14	7.039999999999999	23.0	410101.0	-0.00888869979164817	84228751.0	95716160.0	752832.0
14	7.039999999999999	24.0	410641.0	-0.00890040397644043	88277989.0	99877667.0	785629.0
14	7.039999999999999	25.0	410262.0	-0.008892189372669567	92326416.0	104038977.0	818623.0
14	7.039999999999999	26.0	411754.0	-0.008924527601762251	96374421.0	108200402.0	851502.0
14	7.039999999999999	27.0	410965.0	-0.008907426487315784	100422575.0	112361879.0	884329.0
14	7.039999999999999	28.0	410439.0	-0.008896025744351473	104471209.0	116523543.0	916969.0
14	7.039999999999999	29.0	410322.0	-0.008893489837646484	108520716.0	120685336.0	949480.0
14	7.039999999999999	30.0	410716.0	-0.008902029557661577	112568820.0	124846797.0	982323.0
14	7.039999999999999	31.0	411355.0	-0.008915879509665749	116618156.0	129008537.0	1014887.0
14	7.039999999999999	32.0	410545.0	-0.008898323232477362	120666515.0	133169901.0	1047827.0
14	7.039999999999999	33.0	409746.0	-0.008881005373868074	124715401.0	137331122.0	1080910.0
14	7.039999999999999	34.0	410961.0	-0.008907339789650658	128763510.0	141492473.0	1113863.0
14	7.039999999999999	35.0	411182.0	-0.00891212983564897	132812398.0	145654058.0	1146582.0
14	7.039999999999999	36.0	411463.0	-0.0089182203466242	136860238.0	149815381.0	1179563.0
14	7.039999999999999	37.0	411924.0	-0.008928212252530184	140908850.0	153976914.0	1212334.0
14	7.039999999999999	38.0	411588.0	-0.008920929648659447	144956912.0	158138533.0	1245019.0
14	7.039999999999999	39.0	412342.0	-0.008937272158536043	149005665.0	162300110.0	1277746.0
14	7.039999999999999	40.0	411711.0	-0.008923595601862127	153053215.0	166461518.0	1310642.0
14	7.039999999999999	41.0	411665.0	-0.008922598578713158	157102281.0	170623226.0	1343238.0
14	7.039999999999999	42.0	410213.0	-0.008891127326271751	161151317.0	174784914.0	1375854.0
14	7.039999999999999	43.0	411123.0	-0.008910851045088335	165199407.0	178946353.0	1408719.0
14	7.039999999999999	44.0	410176.0	-0.008890325372869318	169247638.0	183107717.0	1441659.0
14	7.039999999999999	45.0	411611.0	-0.00892142816023393	173296682.0	187269187.0	1474493.0
14	7.039999999999999	46.0	410888.0	-0.008905757557262074	177344908.0	191430578.0	1507406.0
14	7.039999999999999	47.0	410962.0	-0.008907361464066938	181393300.0	195591761.0	1540527.0
14	7.039999999999999	48.0	410096.0	-0.008888591419566761	185441796.0	199753415.0	1573177.0
14	7.039999999999999	49.0	410149.0	-0.008889740163629705	189490315.0	203914858.0	1606038.0
14	7.039999999999999	50.0	411279.0	-0.00891423225402832	193539054.0	208076462.0	1638738.0
14	7.039999999999999	51.0	410983.0	-0.00890781662680886	197587404.0	212238126.0	1671378.0
14	7.039999999999999	52.0	411845.0	-0.00892649997364391	201635827.0	216399612.0	1704196.0
14	7.039999999999999	53.0	409857.0	-0.008883411234075373	205684895.0	220561275.0	1736837.0
14	7.039999999999999	54.0	410165.0	-0.008890086954290216	209732452.0	224722803.0	1769613.0
14	7.039999999999999	55.0	410521.0	-0.008897803046486595	213781149.0	228884406.0	1802314.0
14	7.039999999999999	56.0	409233.0	-0.00886988639831543	217830053.0	233046183.0	1834841.0
14	7.039999999999999	57.0	411786.0	-0.008925221183083275	221879221.0	237207800.0	1867528.0
14	7.039999999999999	58.0	410899.0	-0.008905995975841175	225927386.0	241369190.0	1900442.0
14	7.039999999999999	59.0	411126.0	-0.008910916068337181	229975924.0	245530598.0	1933338.0
14	7.039999999999999	60.0	410629.0	-0.008900143883445046	234024539.0	249692055.0	1966185.0
14	7.039999999999999	61.0	410896.0	-0.008905930952592329	238072975.0	253853798.0	1998746.0
14	7.039999999999999	62.0	409869.0	-0.008883671327070757	242121748.0	258015322.0	2031526.0
14	7.039999999999999	63.0	410673.0	-0.008901097557761452	246170373.0	262176664.0	2064488.0
14	7.039999999999999	64.0	410942.0	-0.0089069279757413	250219001.0	266338133.0	2097323.0
14	7.039999999999999	65.0	410990.0	-0.008907968347722834	254267620.0	270499995.0	2129765.0
14	7.039999999999999	66.0	410658.0	-0.008900772441517223	258315737.0	274661532.0	2162532.0
14	7.039999999999999	67.0	411019.0	-0.008908596905795011	262364722.0	278823108.0	2195260.0
14	7.039999999999999	68.0	410553.0	-0.008898496627807617	266413888.0	282984668.0	2228004.0
14	7.039999999999999	69.0	411451.0	-0.008917960253628817	270463300.0	287146029.0	2260947.0
14	7.039999999999999	70.0	410219.0	-0.008891257372769442	274511316.0	291307541.0	2293739.0
14	7.039999999999999	71.0	410607.0	-0.008899667046286842	278559517.0	295468871.0	2326713.0
14	7.039999999999999	72.0	410614.0	-0.008899818767200817	282607697.0	299630390.0	2359498.0
14	7.039999999999999	73.0	410275.0	-0.008892471140081232	286656713.0	303791850.0	2392342.0
14	7.039999999999999	74.0	410927.0	-0.00890660285949707	290705618.0	307953581.0	2424915.0
14	7.039999999999999	75.0	410266.0	-0.008892276070334694	294755060.0	312115349.0	2457451.0
14	7.039999999999999	76.0	409523.0	-0.008876171979037199	298803430.0	316276917.0	2490187.0
14	7.039999999999999	77.0	410641.0	-0.00890040397644043	302852418.0	320438474.0	2522934.0
14	7.039999999999999	78.0	410486.0	-0.008897044441916725	306901624.0	324599940.0	2555772.0
14	7.039999999999999	79.0	410678.0	-0.008901205929842863	310950727.0	328761517.0	2588499.0
14	7.039999999999999	80.0	409596.0	-0.008877754211425781	314999595.0	332922924.0	2621396.0
14	7.039999999999999	81.0	411334.0	-0.008915424346923828	319048962.0	337084660.0	2653964.0
14	7.039999999999999	82.0	411009.0	-0.00890838016163219	323097517.0	341246124.0	2686804.0
14	7.039999999999999	83.0	412369.0	-0.008937857367775658	327146095.0	345407498.0	2719734.0
14	7.039999999999999	84.0	410458.0	-0.008896437558260832	331194920.0	349569253.0	2752283.0
14	7.039999999999999	85.0	410950.0	-0.008907101371071556	335243122.0	353730604.0	2785236.0
14	7.039999999999999	86.0	410433.0	-0.008895895697853783	339291864.0	357892025.0	2818119.0
14	7.039999999999999	87.0	410652.0	-0.008900642395019531	343340704.0	362053684.0	2850764.0
14	7.039999999999999	88.0	410470.0	-0.008896697651256214	347389604.0	366215381.0	2883371.0
14	7.039999999999999	89.0	410752.0	-0.008902809836647728	351438889.0	370377090.0	2915966.0
14	7.039999999999999	90.0	410605.0	-0.008899623697454279	355487163.0	374538429.0	2948931.0
14	7.039999999999999	91.0	410870.0	-0.008905367417768999	359535796.0	378700122.0	2981542.0
14	7.039999999999999	92.0	410495.0	-0.008897239511663263	363583955.0	382861415.0	3014553.0
14	7.039999999999999	93.0	410795.0	-0.008903741836547852	367632354.0	387022878.0	3047394.0
14	7.039999999999999	94.0	410779.0	-0.00890339504588734	371680435.0	391184386.0	3080190.0
14	7.039999999999999	95.0	411299.0	-0.00891466574235396	375729872.0	395345952.0	3112928.0
14	7.039999999999999	96.0	410720.0	-0.008902116255326704	379778058.0	399507299.0	3145885.0
14	7.039999999999999	97.0	411218.0	-0.00891291011463512	383827139.0	403669172.0	3178316.0
14	7.039999999999999	98.0	410007.0	-0.008886662396517668	387875634.0	407830782.0	3211010.0
14	7.039999999999999	99.0	411278.0	-0.008914210579612038	391924299.0	411992182.0	3243914.0
14	7.039999999999999	100.0	411100.0	-0.00891035253351385	395972448.0	416153457.0	3276943.0
15	6.8999999999999995	1.0	16536796.0	-0.35842540047385474	527059.0	4161867.0	32437.0
15	6.8999999999999995	2.0	10299207.0	-0.22322929989207874	1754948.0	8323565.0	65043.0
15	6.8999999999999995	3.0	5021860.0	-0.10884588414972479	3990888.0	12485021.0	97891.0
15	6.8999999999999995	4.0	1881802.0	-0.04078695990822532	7191735.0	16646589.0	130627.0
15	6.8999999999999995	5.0	690825.0	-0.014973228627985174	10980699.0	20808179.0	163341.0
15	6.8999999999999995	6.0	442666.0	-0.009594527157870207	14982190.0	24969959.0	195865.0
15	6.8999999999999995	7.0	414073.0	-0.008974790573120117	19024475.0	29131762.0	228366.0
15	6.8999999999999995	8.0	411959.0	-0.008928970857100054	23070741.0	33293465.0	260967.0
15	6.8999999999999995	9.0	411383.0	-0.008916486393321644	27117204.0	37454903.0	293833.0
15	6.8999999999999995	10.0	411801.0	-0.008925546299327503	31162969.0	41616418.0	326622.0
15	6.8999999999999995	11.0	412714.0	-0.008945335041392933	35209291.0	45777896.0	359448.0
15	6.8999999999999995	12.0	412505.0	-0.008940805088390003	39256064.0	49939899.0	391749.0
15	6.8999999999999995	13.0	412905.0	-0.008949474854902788	43301795.0	54101333.0	424619.0
15	6.8999999999999995	14.0	412613.0	-0.008943145925348455	47347614.0	58262718.0	457538.0
15	6.8999999999999995	15.0	412177.0	-0.00893369587984952	51393840.0	62424210.0	490350.0
15	6.8999999999999995	16.0	412857.0	-0.008948434482921253	55440656.0	66585832.0	523032.0
15	6.8999999999999995	17.0	412429.0	-0.008939157832752575	59486151.0	70746858.0	556310.0
15	6.8999999999999995	18.0	412290.0	-0.008936145088889381	63532318.0	74908212.0	589260.0
15	6.8999999999999995	19.0	411665.0	-0.008922598578713158	67578968.0	79069912.0	621864.0
15	6.8999999999999995	20.0	411351.0	-0.008915792812000622	71624396.0	83231174.0	654906.0
15	6.8999999999999995	21.0	411695.0	-0.008923248811201616	75671039.0	87392888.0	687496.0
15	6.8999999999999995	22.0	411646.0	-0.0089221867648038	79717175.0	91554428.0	720260.0
15	6.8999999999999995	23.0	411239.0	-0.008913365277377043	83763385.0	95716135.0	752857.0
15	6.8999999999999995	24.0	412455.0	-0.008939721367575905	87809579.0	99877937.0	785359.0
15	6.8999999999999995	25.0	412247.0	-0.008935213088989258	91855852.0	104039591.0	818009.0
15	6.8999999999999995	26.0	411141.0	-0.00891124118458141	95902103.0	108200989.0	850915.0
15	6.8999999999999995	27.0	412052.0	-0.008930986577814276	99948709.0	112362373.0	883835.0
15	6.8999999999999995	28.0	412354.0	-0.008937532251531427	103994817.0	116523862.0	916650.0
15	6.8999999999999995	29.0	412416.0	-0.00893887606534091	108041134.0	120685280.0	949536.0
15	6.8999999999999995	30.0	412206.0	-0.008934324437921698	112087370.0	124846912.0	982208.0
15	6.8999999999999995	31.0	411932.0	-0.008928385647860441	116133461.0	129008420.0	1015004.0
15	6.8999999999999995	32.0	410340.0	-0.008893879977139559	120179873.0	133170066.0	1047662.0
15	6.8999999999999995	33.0	411251.0	-0.008913625370372425	124226730.0	137331480.0	1080552.0
15	6.8999999999999995	34.0	411387.0	-0.008916573090986772	128273948.0	141493104.0	1113232.0
15	6.8999999999999995	35.0	411126.0	-0.008910916068337181	132320216.0	145654798.0	1145842.0
15	6.8999999999999995	36.0	413541.0	-0.008963259783658114	136366100.0	149816021.0	1178923.0
15	6.8999999999999995	37.0	411028.0	-0.008908791975541548	140412807.0	153977567.0	1211681.0
15	6.8999999999999995	38.0	411285.0	-0.008914362300526012	144459507.0	158139342.0	1244210.0
15	6.8999999999999995	39.0	412068.0	-0.008931333368474787	148506541.0	162301075.0	1276781.0
15	6.8999999999999995	40.0	412027.0	-0.008930444717407227	152552527.0	166462454.0	1309706.0
15	6.8999999999999995	41.0	411789.0	-0.00892528620633212	156598443.0	170623530.0	1342934.0
15	6.8999999999999995	42.0	411906.0	-0.00892782211303711	160643667.0	174784851.0	1375917.0
15	6.8999999999999995	43.0	412148.0	-0.008933067321777344	164689161.0	178946382.0	1408690.0
15	6.8999999999999995	44.0	411096.0	-0.008910265835848722	168735133.0	183107893.0	1441483.0
15	6.8999999999999995	45.0	411912.0	-0.008927952159534801	172780846.0	187269437.0	1474243.0
15	6.8999999999999995	46.0	412537.0	-0.008941498669711027	176827789.0	191431070.0	1506914.0
15	6.8999999999999995	47.0	411262.0	-0.008913863788951527	180874244.0	195592827.0	1539461.0
15	6.8999999999999995	48.0	411391.0	-0.0089166597886519	184920037.0	199754093.0	1572499.0
15	6.8999999999999995	49.0	411839.0	-0.008926369927146217	188965380.0	203915438.0	1605458.0
15	6.8999999999999995	50.0	412203.0	-0.008934259414672852	193011605.0	208076973.0	1638227.0
15	6.8999999999999995	51.0	412321.0	-0.008936816995794123	197058069.0	212238575.0	1670929.0
15	6.8999999999999995	52.0	412940.0	-0.008950233459472656	201104001.0	216400120.0	1703688.0
15	6.8999999999999995	53.0	412008.0	-0.00893003290349787	205150588.0	220561831.0	1736281.0
15	6.8999999999999995	54.0	411837.0	-0.008926326578313654	209196890.0	224723488.0	1768928.0
15	6.8999999999999995	55.0	412835.0	-0.00894795764576305	213243046.0	228884892.0	1801828.0
15	6.8999999999999995	56.0	412849.0	-0.008948261087590998	217288985.0	233046691.0	1834333.0
15	6.8999999999999995	57.0	411494.0	-0.008918892253528942	221335301.0	237208386.0	1866942.0
15	6.8999999999999995	58.0	411335.0	-0.00891544602134011	225381321.0	241370037.0	1899595.0
15	6.8999999999999995	59.0	411812.0	-0.008925784717906605	229427619.0	245531379.0	1932557.0
15	6.8999999999999995	60.0	411764.0	-0.008924744345925072	233474183.0	249692899.0	1965341.0
15	6.8999999999999995	61.0	410474.0	-0.008896784348921343	237520684.0	253854511.0	1998033.0
15	6.8999999999999995	62.0	411479.0	-0.008918567137284712	241566815.0	258015974.0	2030874.0
15	6.8999999999999995	63.0	412300.0	-0.008936361833052202	245612220.0	262177240.0	2063912.0
15	6.8999999999999995	64.0	410701.0	-0.008901704441417347	249659104.0	266338748.0	2096708.0
15	6.8999999999999995	65.0	411442.0	-0.00891776518388228	253705651.0	270500633.0	2129127.0
15	6.8999999999999995	66.0	412057.0	-0.008931094949895685	257751914.0	274662391.0	2161673.0
15	6.8999999999999995	67.0	411131.0	-0.00891102444041859	261797785.0	278823775.0	2194593.0
15	6.8999999999999995	68.0	411763.0	-0.008924722671508789	265844738.0	282985710.0	2226962.0
15	6.8999999999999995	69.0	411942.0	-0.00892860239202326	269890188.0	287146906.0	2260070.0
15	6.8999999999999995	70.0	412114.0	-0.008932330391623756	273936109.0	291308347.0	2292933.0
15	6.8999999999999995	71.0	411018.0	-0.008908575231378729	277982014.0	295469917.0	2325667.0
15	6.8999999999999995	72.0	411439.0	-0.008917700160633434	282028591.0	299631530.0	2358358.0
15	6.8999999999999995	73.0	411599.0	-0.008921168067238548	286074676.0	303793230.0	2390962.0
15	6.8999999999999995	74.0	411889.0	-0.008927453647960316	290121541.0	307954821.0	2423675.0
15	6.8999999999999995	75.0	411601.0	-0.008921211416071112	294168118.0	312116526.0	2456274.0
15	6.8999999999999995	76.0	412464.0	-0.008939916437322443	298214596.0	316277948.0	2489156.0
15	6.8999999999999995	77.0	411981.0	-0.008929447694258257	302260581.0	320439683.0	2521725.0
15	6.8999999999999995	78.0	412221.0	-0.008934649554165926	306306872.0	324601207.0	2554505.0
15	6.8999999999999995	79.0	410807.0	-0.008904001929543236	310353440.0	328762587.0	2587429.0
15	6.8999999999999995	80.0	410794.0	-0.008903720162131569	314399609.0	332924091.0	2620229.0
15	6.8999999999999995	81.0	411997.0	-0.008929794484918768	318445151.0	337085580.0	2653044.0
15	6.8999999999999995	82.0	413272.0	-0.008957429365678267	322491830.0	341247263.0	2685665.0
15	6.8999999999999995	83.0	411218.0	-0.00891291011463512	326538724.0	345409080.0	2718152.0
15	6.8999999999999995	84.0	411011.0	-0.008908423510464754	330585346.0	349570715.0	2750821.0
15	6.8999999999999995	85.0	411060.0	-0.008909485556862572	334632104.0	353732392.0	2783448.0
15	6.8999999999999995	86.0	411311.0	-0.008914925835349342	338678252.0	357894322.0	2815822.0
15	6.8999999999999995	87.0	411844.0	-0.008926478299227629	342725225.0	362055876.0	2848572.0
15	6.8999999999999995	88.0	410616.0	-0.00889986211603338	346771544.0	366217415.0	2881337.0
15	6.8999999999999995	89.0	411220.0	-0.008912953463467684	350817761.0	370379232.0	2913824.0
15	6.8999999999999995	90.0	410961.0	-0.008907339789650658	354863982.0	374540747.0	2946613.0
15	6.8999999999999995	91.0	411998.0	-0.00892981615933505	358910181.0	378702139.0	2979525.0
15	6.8999999999999995	92.0	411298.0	-0.008914644067937677	362956344.0	382863709.0	3012259.0
15	6.8999999999999995	93.0	411859.0	-0.008926803415471857	367002984.0	387025192.0	3045080.0
15	6.8999999999999995	94.0	412322.0	-0.008936838670210405	371049141.0	391186481.0	3078095.0
15	6.8999999999999995	95.0	412443.0	-0.008939461274580522	375095333.0	395348201.0	3110679.0
15	6.8999999999999995	96.0	413054.0	-0.0089527043429288	379141708.0	399509901.0	3143283.0
15	6.8999999999999995	97.0	412103.0	-0.008932091973044655	383187962.0	403671426.0	3176062.0
15	6.8999999999999995	98.0	412234.0	-0.008934931321577593	387234030.0	407832953.0	3208839.0
15	6.8999999999999995	99.0	412188.0	-0.008933934298428621	391279589.0	411994824.0	3241272.0
15	6.8999999999999995	100.0	411375.0	-0.008916312997991388	395326425.0	416156327.0	3274073.0
16	6.760000000000001	1.0	16805994.0	-0.3642601099881259	498512.0	4161830.0	32474.0
16	6.760000000000001	2.0	10786236.0	-0.23378536917946555	1656602.0	8323278.0	65330.0
16	6.760000000000001	3.0	5537711.0	-0.12002665346319025	3780862.0	12484731.0	98181.0
16	6.760000000000001	4.0	2215314.0	-0.04801563783125444	6862613.0	16646225.0	130991.0
16	6.760000000000001	5.0	808704.0	-0.017528187144886364	10579381.0	20807707.0	163813.0
16	6.760000000000001	6.0	463998.0	-0.01005688580599698	14556956.0	24969178.0	196646.0
16	6.760000000000001	7.0	417472.0	-0.0090484619140625	18593590.0	29130572.0	229556.0
16	6.760000000000001	8.0	413092.0	-0.008953527970747515	22636715.0	33292156.0	262276.0
16	6.760000000000001	9.0	412632.0	-0.008943557739257812	26680052.0	37453703.0	295033.0
16	6.760000000000001	10.0	413802.0	-0.008968916806307707	30723470.0	41615313.0	327727.0
16	6.760000000000001	11.0	412733.0	-0.00894574685530229	34767554.0	45777088.0	360256.0
16	6.760000000000001	12.0	414443.0	-0.008982810107144442	38811690.0	49938840.0	392808.0
16	6.760000000000001	13.0	413712.0	-0.008966966108842329	42855572.0	54100437.0	425515.0
16	6.760000000000001	14.0	413739.0	-0.008967551318081942	46899312.0	58262232.0	458024.0
16	6.760000000000001	15.0	412818.0	-0.008947589180686256	50942982.0	62423820.0	490740.0
16	6.760000000000001	16.0	413105.0	-0.00895380973815918	54986573.0	66585306.0	523558.0
16	6.760000000000001	17.0	412712.0	-0.00894529169256037	59030451.0	70746717.0	556451.0
16	6.760000000000001	18.0	412409.0	-0.008938724344426935	63074155.0	74908216.0	589256.0
16	6.760000000000001	19.0	413322.0	-0.008958513086492365	67117865.0	79069561.0	622215.0
16	6.760000000000001	20.0	413230.0	-0.008956519040194426	71161171.0	83231428.0	654652.0
16	6.760000000000001	21.0	413622.0	-0.008965015411376953	75204597.0	87392834.0	687550.0
16	6.760000000000001	22.0	412762.0	-0.008946375413374468	79247367.0	91554004.0	720684.0
16	6.760000000000001	23.0	412170.0	-0.008933544158935547	83290955.0	95715494.0	753498.0
16	6.760000000000001	24.0	413053.0	-0.008952682668512518	87335480.0	99877248.0	786048.0
16	6.760000000000001	25.0	412278.0	-0.008935884995893999	91378864.0	104038745.0	818855.0
16	6.760000000000001	26.0	412750.0	-0.008946115320379084	95423058.0	108200219.0	851685.0
16	6.760000000000001	27.0	412657.0	-0.008944099599664862	99466900.0	112361839.0	884369.0
16	6.760000000000001	28.0	413210.0	-0.008956085551868786	103510358.0	116523365.0	917147.0
16	6.760000000000001	29.0	412871.0	-0.0089487379247492	107553438.0	120684758.0	950058.0
16	6.760000000000001	30.0	413047.0	-0.008952552622014826	111597227.0	124846477.0	982643.0
16	6.760000000000001	31.0	412994.0	-0.008951403877951881	115641942.0	129008179.0	1015245.0
16	6.760000000000001	32.0	413557.0	-0.008963606574318626	119685546.0	133169468.0	1048260.0
16	6.760000000000001	33.0	411772.0	-0.008924917741255327	123729498.0	137331117.0	1080915.0
16	6.760000000000001	34.0	413433.0	-0.008960918946699663	127773157.0	141492566.0	1113770.0
16	6.760000000000001	35.0	413108.0	-0.008953874761408026	131816408.0	145654273.0	1146367.0
16	6.760000000000001	36.0	412633.0	-0.008943579413674095	135860137.0	149815688.0	1179256.0
16	6.760000000000001	37.0	412211.0	-0.008934432810003107	139904143.0	153977030.0	1212218.0
16	6.760000000000001	38.0	412017.0	-0.008930227973244408	143948149.0	158138451.0	1245101.0
16	6.760000000000001	39.0	412451.0	-0.008939634669910778	147992507.0	162300033.0	1277823.0
16	6.760000000000001	40.0	413059.0	-0.00895281271501021	152036795.0	166461838.0	1310322.0
16	6.760000000000001	41.0	412551.0	-0.008941802111538973	156080948.0	170623531.0	1342933.0
16	6.760000000000001	42.0	413372.0	-0.008959596807306463	160125693.0	174785351.0	1375417.0
16	6.760000000000001	43.0	412944.0	-0.008950320157137785	164169714.0	178946691.0	1408381.0
16	6.760000000000001	44.0	413246.0	-0.008956865830854937	168213285.0	183107979.0	1441397.0
16	6.760000000000001	45.0	413039.0	-0.00895237922668457	172257304.0	187269549.0	1474131.0
16	6.760000000000001	46.0	413112.0	-0.008953961459073153	176300920.0	191431072.0	1506912.0
16	6.760000000000001	47.0	412578.0	-0.008942387320778587	180344260.0	195592556.0	1539732.0
16	6.760000000000001	48.0	412688.0	-0.008944771506569603	184387075.0	199753551.0	1573041.0
16	6.760000000000001	49.0	413615.0	-0.00896486369046298	188430245.0	203914986.0	1605910.0
16	6.760000000000001	50.0	413695.0	-0.008966597643765535	192474274.0	208076543.0	1638657.0
16	6.760000000000001	51.0	414025.0	-0.008973750201138582	196517053.0	212237687.0	1671817.0
16	6.760000000000001	52.0	414035.0	-0.008973966945301403	200560801.0	216399271.0	1704537.0
16	6.760000000000001	53.0	412420.0	-0.008938962763006037	204604545.0	220560777.0	1737335.0
16	6.760000000000001	54.0	413128.0	-0.008954308249733665	208649229.0	224722485.0	1769931.0
16	6.760000000000001	55.0	413934.0	-0.008971777829256926	212692668.0	228884209.0	1802511.0
16	6.760000000000001	56.0	412598.0	-0.008942820809104225	216736363.0	233045548.0	1835476.0
16	6.760000000000001	57.0	413780.0	-0.008968439969149504	220779772.0	237207170.0	1868158.0
16	6.760000000000001	58.0	413308.0	-0.008958209644664417	224822992.0	241368489.0	1901143.0
16	6.760000000000001	59.0	412728.0	-0.00894563848322088	228866423.0	245530027.0	1933909.0
16	6.760000000000001	60.0	412201.0	-0.008934216065840288	232910947.0	249691581.0	1966659.0
16	6.760000000000001	61.0	412829.0	-0.008947827599265358	236955309.0	253853401.0	1999143.0
16	6.760000000000001	62.0	412057.0	-0.008931094949895685	240998564.0	258014543.0	2032305.0
16	6.760000000000001	63.0	413428.0	-0.008960810574618254	245042610.0	262176137.0	2065015.0
16	6.760000000000001	64.0	412905.0	-0.008949474854902788	249086788.0	266337835.0	2097621.0
16	6.760000000000001	65.0	412639.0	-0.008943709460171785	253130427.0	270499351.0	2130409.0
16	6.760000000000001	66.0	412936.0	-0.008950146761807528	257174583.0	274660945.0	2163119.0
16	6.760000000000001	67.0	413081.0	-0.008953289552168413	261218155.0	278822448.0	2195920.0
16	6.760000000000001	68.0	412725.0	-0.008945573459972034	265262024.0	282983925.0	2228747.0
16	6.760000000000001	69.0	412297.0	-0.008936296809803356	269306148.0	287145603.0	2261373.0
16	6.760000000000001	70.0	412763.0	-0.008946397087790749	273349898.0	291307060.0	2294220.0
16	6.760000000000001	71.0	412478.0	-0.00894021987915039	277393723.0	295468797.0	2326787.0
16	6.760000000000001	72.0	412165.0	-0.008933435786854137	281437904.0	299630460.0	2359428.0
16	6.760000000000001	73.0	412322.0	-0.008936838670210405	285482293.0	303791998.0	2392194.0
16	6.760000000000001	74.0	412935.0	-0.008950125087391247	289526390.0	307953380.0	2425116.0
16	6.760000000000001	75.0	413309.0	-0.0089582313190807	293570799.0	312115120.0	2457680.0
16	6.760000000000001	76.0	412434.0	-0.008939266204833984	297614616.0	316276987.0	2490117.0
16	6.760000000000001	77.0	413303.0	-0.008958101272583008	301658523.0	320438688.0	2522720.0
16	6.760000000000001	78.0	413454.0	-0.008961374109441584	305701949.0	324600050.0	2555662.0
16	6.760000000000001	79.0	413747.0	-0.008967724713412199	309745397.0	328761549.0	2588467.0
16	6.760000000000001	80.0	412115.0	-0.008932352066040039	313789576.0	332923165.0	2621155.0
16	6.760000000000001	81.0	414052.0	-0.008974335410378197	317832798.0	337084707.0	2653917.0
16	6.760000000000001	82.0	412964.0	-0.008950753645463423	321876128.0	341246205.0	2686723.0
16	6.760000000000001	83.0	413672.0	-0.008966099132191051	325920141.0	345407690.0	2719542.0
16	6.760000000000001	84.0	413084.0	-0.00895335457541726	329963505.0	349569411.0	2752125.0
16	6.760000000000001	85.0	413025.0	-0.008952075784856623	334007824.0	353731147.0	2784693.0
16	6.760000000000001	86.0	412990.0	-0.008951317180286755	338051415.0	357892906.0	2817238.0
16	6.760000000000001	87.0	412787.0	-0.008946917273781517	342095608.0	362054494.0	2849954.0
16	6.760000000000001	88.0	413831.0	-0.008969545364379883	346139256.0	366216216.0	2882536.0
16	6.760000000000001	89.0	413023.0	-0.00895203243602406	350182750.0	370377745.0	2915311.0
16	6.760000000000001	90.0	412592.0	-0.008942690762606535	354227040.0	374539404.0	2947956.0
16	6.760000000000001	91.0	413571.0	-0.008963910016146574	358270852.0	378701015.0	2980649.0
16	6.760000000000001	92.0	411653.0	-0.008922338485717773	362314942.0	382862638.0	3013330.0
16	6.760000000000001	93.0	413268.0	-0.00895734266801314	366358486.0	387023970.0	3046302.0
16	6.760000000000001	94.0	413326.0	-0.008958599784157494	370402114.0	391185684.0	3078892.0
16	6.760000000000001	95.0	413476.0	-0.008961850946599787	374445983.0	395347216.0	3111664.0
16	6.760000000000001	96.0	412386.0	-0.00893822583285245	378490621.0	399509017.0	3144167.0
16	6.760000000000001	97.0	413077.0	-0.008953202854503284	382534988.0	403670869.0	3176619.0
16	6.760000000000001	98.0	411932.0	-0.008928385647860441	386578986.0	407832622.0	3209170.0
16	6.760000000000001	99.0	412669.0	-0.008944359692660246	390623320.0	411994199.0	3241897.0
16	6.760000000000001	100.0	414042.0	-0.008974118666215376	394667509.0	416155827.0	3274573.0
17	6.62	1.0	17071291.0	-0.3700102676044811	471572.0	4161858.0	32446.0
17	6.62	2.0	11303294.0	-0.24499229951338333	1556757.0	8323290.0	65318.0
17	6.62	3.0	6107706.0	-0.13238096237182617	3559782.0	12484625.0	98287.0
17	6.62	4.0	2606997.0	-0.056505138223821465	6513996.0	16646310.0	130906.0
17	6.62	5.0	966577.0	-0.02094999226656827	10144078.0	20808102.0	163418.0
17	6.62	6.0	497384.0	-0.010780507867986506	14088257.0	24969681.0	196143.0
17	6.62	7.0	421349.0	-0.00913249362598766	18117005.0	29131258.0	228870.0
17	6.62	8.0	415437.0	-0.009004354476928711	22156939.0	33292769.0	261663.0
17	6.62	9.0	414076.0	-0.008974855596368963	26197832.0	37454397.0	294339.0
17	6.62	10.0	414169.0	-0.008976871317083185	30239453.0	41615869.0	327171.0
17	6.62	11.0	414927.0	-0.00899330052462491	34279788.0	45777227.0	360117.0
17	6.62	12.0	413841.0	-0.008969762108542702	38320613.0	49938934.0	392714.0
17	6.62	13.0	414702.0	-0.00898842378096147	42361365.0	54100242.0	425710.0
17	6.62	14.0	413492.0	-0.008962197737260298	46403274.0	58261685.0	458571.0
17	6.62	15.0	414364.0	-0.008981097828258167	50444564.0	62423243.0	491317.0
17	6.62	16.0	416208.0	-0.009021065451882103	54486218.0	66585258.0	523606.0
17	6.62	17.0	414991.0	-0.008994687687266956	58527357.0	70747073.0	556095.0
17	6.62	18.0	414547.0	-0.008985064246437767	62568650.0	74908746.0	588726.0
17	6.62	19.0	413816.0	-0.008969220248135653	66609960.0	79070307.0	621469.0
17	6.62	20.0	415042.0	-0.008995793082497337	70651454.0	83231711.0	654369.0
17	6.62	21.0	414801.0	-0.008990569548173384	74692437.0	87393305.0	687079.0
17	6.62	22.0	414709.0	-0.008988575501875444	78733101.0	91554833.0	719855.0
17	6.62	23.0	413310.0	-0.00895825299349698	82774361.0	95716271.0	752721.0
17	6.62	24.0	414189.0	-0.008977304805408825	86816080.0	99877978.0	785318.0
17	6.62	25.0	414836.0	-0.008991328152743254	90856776.0	104039694.0	817906.0
17	6.62	26.0	413873.0	-0.008970455689863726	94897588.0	108200977.0	850927.0
17	6.62	27.0	414135.0	-0.008976134386929598	98938955.0	112362315.0	883893.0
17	6.62	28.0	414137.0	-0.008976177735762163	102979816.0	116523665.0	916847.0
17	6.62	29.0	414094.0	-0.008975245735862038	107021015.0	120685110.0	949706.0
17	6.62	30.0	414159.0	-0.008976654572920366	111062641.0	124846685.0	982435.0
17	6.62	31.0	413873.0	-0.008970455689863726	115103515.0	129008201.0	1015223.0
17	6.62	32.0	414014.0	-0.00897351178255948	119145188.0	133169869.0	1047859.0
17	6.62	33.0	413236.0	-0.008956649086692116	123185864.0	137331168.0	1080864.0
17	6.62	34.0	414180.0	-0.008977109735662287	127226579.0	141492440.0	1113896.0
17	6.62	35.0	414403.0	-0.008981943130493164	131268061.0	145654129.0	1146511.0
17	6.62	36.0	413980.0	-0.008972774852405895	135309322.0	149815351.0	1179593.0
17	6.62	37.0	413685.0	-0.008966380899602716	139350669.0	153976875.0	1212373.0
17	6.62	38.0	414051.0	-0.008974313735961914	143391738.0	158138392.0	1245160.0
17	6.62	39.0	414023.0	-0.008973706852306019	147433467.0	162299565.0	1278291.0
17	6.62	40.0	413282.0	-0.008957646109841087	151474910.0	166460914.0	1311246.0
17	6.62	41.0	413612.0	-0.008964798667214134	155515804.0	170622509.0	1343955.0
17	6.62	42.0	415051.0	-0.008995988152243874	159557203.0	174784189.0	1376579.0
17	6.62	43.0	414594.0	-0.00898608294400302	163598382.0	178945958.0	1409114.0
17	6.62	44.0	413548.0	-0.008963411504572088	167639725.0	183107762.0	1441614.0
17	6.62	45.0	413878.0	-0.008970564061945135	171681365.0	187269201.0	1474479.0
17	6.62	46.0	414002.0	-0.008973251689564098	175721905.0	191430381.0	1507603.0
17	6.62	47.0	413574.0	-0.008963975039395418	179762563.0	195591780.0	1540508.0
17	6.62	48.0	414310.0	-0.008979927409778942	183803393.0	199753139.0	1573453.0
17	6.62	49.0	414308.0	-0.008979884060946379	187844798.0	203914782.0	1606114.0
17	6.62	50.0	413320.0	-0.008958469737659801	191886200.0	208076226.0	1638974.0
17	6.62	51.0	413787.0	-0.008968591690063477	195927476.0	212237459.0	1672045.0
17	6.62	52.0	413909.0	-0.008971235968849876	199969031.0	216399108.0	1704700.0
17	6.62	53.0	413743.0	-0.00896763801574707	204010109.0	220560354.0	1737758.0
17	6.62	54.0	413978.0	-0.008972731503573332	208051496.0	224722028.0	1770388.0
17	6.62	55.0	414093.0	-0.008975224061445757	212093335.0	228883777.0	1802943.0
17	6.62	56.0	413424.0	-0.008960723876953125	216134302.0	233045216.0	1835808.0
17	6.62	57.0	413675.0	-0.008966164155439897	220175467.0	237206763.0	1868565.0
17	6.62	58.0	414547.0	-0.008985064246437767	224217378.0	241368676.0	1900956.0
17	6.62	59.0	414702.0	-0.00898842378096147	228258762.0	245530338.0	1933598.0
17	6.62	60.0	414390.0	-0.008981661363081499	232300017.0	249691906.0	1966334.0
17	6.62	61.0	414470.0	-0.008983395316384056	236341088.0	253853633.0	1998911.0
17	6.62	62.0	414921.0	-0.00899317047812722	240382165.0	258015380.0	2031468.0
17	6.62	63.0	413514.0	-0.008962674574418501	244422544.0	262176777.0	2064375.0
17	6.62	64.0	412936.0	-0.008950146761807528	248463829.0	266338172.0	2097284.0
17	6.62	65.0	414706.0	-0.008988510478626598	252504598.0	270499539.0	2130221.0
17	6.62	66.0	412750.0	-0.008946115320379084	256545690.0	274661146.0	2162918.0
17	6.62	67.0	415502.0	-0.009005763313987038	260587488.0	278822985.0	2195383.0
17	6.62	68.0	414366.0	-0.00898114117709073	264628669.0	282984640.0	2228032.0
17	6.62	69.0	414941.0	-0.008993603966452858	268669272.0	287146190.0	2260786.0
17	6.62	70.0	413904.0	-0.008971127596768465	272711121.0	291307844.0	2293436.0
17	6.62	71.0	414953.0	-0.008993864059448242	276752131.0	295469642.0	2325942.0
17	6.62	72.0	414009.0	-0.008973403410478071	280793348.0	299631501.0	2358387.0
17	6.62	73.0	414683.0	-0.008988011967052113	284834382.0	303792684.0	2391508.0
17	6.62	74.0	414691.0	-0.008988185362382368	288875598.0	307954368.0	2424128.0
17	6.62	75.0	414594.0	-0.00898608294400302	292916600.0	312115791.0	2457009.0
17	6.62	76.0	413984.0	-0.008972861550071022	296958683.0	316277555.0	2489549.0
17	6.62	77.0	415008.0	-0.00899505615234375	301000041.0	320439078.0	2522330.0
17	6.62	78.0	413475.0	-0.008961829272183504	305041366.0	324600561.0	2555151.0
17	6.62	79.0	413796.0	-0.008968786759810015	309082235.0	328762256.0	2587760.0
17	6.62	80.0	414045.0	-0.008974183689464222	313123585.0	332923681.0	2620639.0
17	6.62	81.0	414130.0	-0.008976026014848188	317164295.0	337085150.0	2653474.0
17	6.62	82.0	414097.0	-0.008975310759110884	321204598.0	341246426.0	2686502.0
17	6.62	83.0	414890.0	-0.008992498571222479	325246290.0	345408238.0	2718994.0
17	6.62	84.0	414664.0	-0.008987600153142756	329287036.0	349569702.0	2751834.0
17	6.62	85.0	414931.0	-0.008993387222290039	333328549.0	353731520.0	2784320.0
17	6.62	86.0	414074.0	-0.0089748122475364	337369381.0	357893112.0	2817032.0
17	6.62	87.0	414422.0	-0.008982354944402521	341410872.0	362054761.0	2849687.0
17	6.62	88.0	414778.0	-0.0089900710365989	345452519.0	366216362.0	2882390.0
17	6.62	89.0	413810.0	-0.008969090201637962	349493332.0	370378054.0	2915002.0
17	6.62	90.0	413920.0	-0.008971474387428978	353534306.0	374539215.0	2948145.0
17	6.62	91.0	414155.0	-0.008976567875255238	357575868.0	378700959.0	2980705.0
17	6.62	92.0	413660.0	-0.008965839039195667	361616782.0	382862591.0	3013377.0
17	6.62	93.0	414222.0	-0.00897802006114613	365658390.0	387023994.0	3046278.0
17	6.62	94.0	415000.0	-0.008994882757013494	369699816.0	391185607.0	3078969.0
17	6.62	95.0	414258.0	-0.00897880034013228	373741643.0	395347098.0	3111782.0
17	6.62	96.0	414541.0	-0.008984934199940075	377783263.0	399508690.0	3144494.0
17	6.62	97.0	415305.0	-0.009001493453979492	381825012.0	403670092.0	3177396.0
17	6.62	98.0	414366.0	-0.00898114117709073	385865692.0	407831499.0	3210293.0
17	6.62	99.0	413433.0	-0.008960918946699663	389907247.0	411993142.0	3242954.0
17	6.62	100.0	413654.0	-0.008965708992697975	393948563.0	416154786.0	3275614.0
18	6.48	1.0	17320386.0	-0.37540925632823596	446504.0	4161769.0	32535.0
18	6.48	2.0	11790602.0	-0.25555441596291284	1466926.0	8323126.0	65482.0
18	6.48	3.0	6665786.0	-0.14447702061046253	3357999.0	12484608.0	98304.0
18	6.48	4.0	3031068.0	-0.06569662961092862	6183291.0	16646213.0	131003.0
18	6.48	5.0	1165381.0	-0.025258952921087093	9718059.0	20807595.0	163925.0
18	6.48	6.0	546311.0	-0.011840972033413973	13620257.0	24969247.0	196577.0
18	6.48	7.0	429709.0	-0.009313691746104847	17637297.0	29130647.0	229481.0
18	6.48	8.0	415903.0	-0.009014454754916105	21674599.0	33292807.0	261625.0
18	6.48	9.0	416120.0	-0.00901915810324929	25712918.0	37454258.0	294478.0
18	6.48	10.0	415470.0	-0.009005069732666016	29751328.0	41615922.0	327118.0
18	6.48	11.0	414166.0	-0.00897680629383434	33790136.0	45777390.0	359954.0
18	6.48	12.0	415736.0	-0.009010835127397017	37828479.0	49939126.0	392522.0
18	6.48	13.0	414849.0	-0.008991609920154919	41866775.0	54100654.0	425298.0
18	6.48	14.0	414818.0	-0.008990938013250177	45904770.0	58262173.0	458083.0
18	6.48	15.0	414474.0	-0.008983482014049183	49943769.0	62423610.0	490950.0
18	6.48	16.0	415148.0	-0.008998090570623224	53982294.0	66585144.0	523720.0
18	6.48	17.0	415691.0	-0.00900985977866433	58020868.0	70747104.0	556064.0
18	6.48	18.0	415696.0	-0.009009968150745739	62059459.0	74908875.0	588597.0
18	6.48	19.0	415242.0	-0.009000127965753729	66098024.0	79070193.0	621583.0
18	6.48	20.0	415976.0	-0.009016036987304688	70136157.0	83231751.0	654329.0
18	6.48	21.0	413985.0	-0.008972883224487305	74175243.0	87393504.0	686880.0
18	6.48	22.0	415315.0	-0.009001710198142311	78214175.0	91555216.0	719472.0
18	6.48	23.0	416535.0	-0.009028152986006304	82252730.0	95717068.0	751924.0
18	6.48	24.0	416480.0	-0.009026960893110796	86290427.0	99878669.0	784627.0
18	6.48	25.0	413793.0	-0.008968721736561169	90329172.0	104040155.0	817445.0
18	6.48	26.0	415874.0	-0.009013826196843927	94367770.0	108201740.0	850164.0
18	6.48	27.0	414509.0	-0.008984240618619051	98407248.0	112363454.0	882754.0
18	6.48	28.0	414721.0	-0.008988835594870827	102446406.0	116524907.0	915605.0
18	6.48	29.0	415298.0	-0.00900134173306552	106485021.0	120686639.0	948177.0
18	6.48	30.0	414659.0	-0.008987491781061346	110523268.0	124848064.0	981056.0
18	6.48	31.0	415742.0	-0.009010965173894709	114561801.0	129009877.0	1013547.0
18	6.48	32.0	415147.0	-0.008998068896206942	118600364.0	133171616.0	1046112.0
18	6.48	33.0	415564.0	-0.00900710712779652	122639381.0	137333306.0	1078726.0
18	6.48	34.0	415141.0	-0.008997938849709251	126678239.0	141494995.0	1111341.0
18	6.48	35.0	414182.0	-0.00897715308449485	130717115.0	145656658.0	1143982.0
18	6.48	36.0	415203.0	-0.008999282663518732	134755480.0	149818162.0	1176782.0
18	6.48	37.0	414297.0	-0.008979645642367277	138794460.0	153980045.0	1209203.0
18	6.48	38.0	414568.0	-0.008985519409179688	142833388.0	158141416.0	1242136.0
18	6.48	39.0	415226.0	-0.008999781175093218	146872630.0	162303267.0	1274589.0
18	6.48	40.0	415700.0	-0.009010054848410866	150909904.0	166464894.0	1307266.0
18	6.48	41.0	414567.0	-0.008985497734763405	154948147.0	170626415.0	1340049.0
18	6.48	42.0	415438.0	-0.009004376151344994	158986587.0	174787643.0	1373125.0
18	6.48	43.0	415891.0	-0.009014194661920721	163025111.0	178949262.0	1405810.0
18	6.48	44.0	415629.0	-0.009008515964854847	167063093.0	183110582.0	1438794.0
18	6.48	45.0	416135.0	-0.009019483219493519	171101687.0	187271936.0	1471744.0
18	6.48	46.0	414049.0	-0.00897427038712935	175140507.0	191433536.0	1504448.0
18	6.48	47.0	415269.0	-0.009000713174993341	179178980.0	195595088.0	1537200.0
18	6.48	48.0	414540.0	-0.008984912525523792	183217920.0	199756599.0	1569993.0
18	6.48	49.0	415887.0	-0.009014107964255592	187256530.0	203917987.0	1602909.0
18	6.48	50.0	415667.0	-0.009009339592673561	191295294.0	208079882.0	1635318.0
18	6.48	51.0	415772.0	-0.009011615406383167	195334665.0	212241368.0	1668136.0
18	6.48	52.0	415493.0	-0.009005568244240501	199373169.0	216403082.0	1700726.0
18	6.48	53.0	415752.0	-0.009011181918057528	203411552.0	220564485.0	1733627.0
18	6.48	54.0	415693.0	-0.009009903127496893	207450039.0	224725919.0	1766497.0
18	6.48	55.0	416306.0	-0.009023189544677734	211487904.0	228887238.0	1799482.0
18	6.48	56.0	414167.0	-0.008976827968250622	215526643.0	233048777.0	1832247.0
18	6.48	57.0	416294.0	-0.00902292945168235	219565015.0	237210331.0	1864997.0
18	6.48	58.0	415771.0	-0.009011593731966886	223603591.0	241371870.0	1897762.0
18	6.48	59.0	414797.0	-0.008990482850508257	227641491.0	245533602.0	1930334.0
18	6.48	60.0	414576.0	-0.008985692804509943	231679821.0	249694899.0	1963341.0
18	6.48	61.0	414756.0	-0.008989594199440697	235718669.0	253856534.0	1996010.0
18	6.48	62.0	416017.0	-0.009016925638372248	239757037.0	258017794.0	2029054.0
18	6.48	63.0	416565.0	-0.009028803218494762	243795085.0	262179110.0	2062042.0
18	6.48	64.0	414964.0	-0.008994102478027344	247833696.0	266340627.0	2094829.0
18	6.48	65.0	415212.0	-0.00899947773326527	251872769.0	270502372.0	2127388.0
18	6.48	66.0	415627.0	-0.009008472616022284	255911468.0	274663923.0	2160141.0
18	6.48	67.0	415069.0	-0.00899637829173695	259949607.0	278825442.0	2192926.0
18	6.48	68.0	414986.0	-0.008994579315185547	263987893.0	282987031.0	2225641.0
18	6.48	69.0	415977.0	-0.00901605866172097	268026446.0	287148199.0	2258777.0
18	6.48	70.0	414652.0	-0.008987340060147371	272065053.0	291309597.0	2291683.0
18	6.48	71.0	415718.0	-0.009010444987903942	276103858.0	295470979.0	2324605.0
18	6.48	72.0	414848.0	-0.008991588245738636	280142277.0	299632507.0	2357381.0
18	6.48	73.0	415374.0	-0.009002988988702948	284180559.0	303794077.0	2390115.0
18	6.48	74.0	414978.0	-0.008994405919855291	288219368.0	307955653.0	2422843.0
18	6.48	75.0	415546.0	-0.009006716988303444	292257937.0	312117183.0	2455617.0
18	6.48	76.0	415723.0	-0.009010553359985352	296296128.0	316278354.0	2488750.0
18	6.48	77.0	415258.0	-0.00900047475641424	300334243.0	320439880.0	2521528.0
18	6.48	78.0	415529.0	-0.009006348523226652	304372546.0	324601317.0	2554395.0
18	6.48	79.0	415361.0	-0.009002707221291283	308410738.0	328762837.0	2587179.0
18	6.48	80.0	415553.0	-0.009006868709217419	312449614.0	332924445.0	2619875.0
18	6.48	81.0	416293.0	-0.00902290777726607	316488292.0	337085926.0	2652698.0
18	6.48	82.0	415844.0	-0.009013175964355469	320526939.0	341247612.0	2685316.0
18	6.48	83.0	415801.0	-0.009012243964455345	324565729.0	345409472.0	2717760.0
18	6.48	84.0	414897.0	-0.008992650292136452	328603963.0	349570986.0	2750550.0
18	6.48	85.0	414883.0	-0.008992346850308504	332642313.0	353732609.0	2783231.0
18	6.48	86.0	415612.0	-0.009008147499778053	336680606.0	357894164.0	2815980.0
18	6.48	87.0	415206.0	-0.008999347686767578	340719230.0	362055773.0	2848675.0
18	6.48	88.0	415490.0	-0.009005503220991655	344758163.0	366217279.0	2881473.0
18	6.48	89.0	415530.0	-0.009006370197642933	348796365.0	370378774.0	2914282.0
18	6.48	90.0	415353.0	-0.009002533825961027	352834785.0	374540384.0	2946976.0
18	6.48	91.0	415240.0	-0.009000084616921165	356873897.0	378702058.0	2979606.0
18	6.48	92.0	415242.0	-0.009000127965753729	360912112.0	382863309.0	3012659.0
18	6.48	93.0	415614.0	-0.009008190848610619	364950167.0	387024643.0	3045629.0
18	6.48	94.0	415504.0	-0.009005806662819603	368987953.0	391185933.0	3078643.0
18	6.48	95.0	415561.0	-0.009007042104547674	373025924.0	395347063.0	3111817.0
18	6.48	96.0	415919.0	-0.009014801545576616	377064021.0	399508235.0	3144949.0
18	6.48	97.0	415325.0	-0.009001926942305132	381102572.0	403669767.0	3177721.0
18	6.48	98.0	414136.0	-0.00897615606134588	385141299.0	407831439.0	3210353.0
18	6.48	99.0	414960.0	-0.008994015780362215	389180129.0	411992959.0	3243137.0
18	6.48	100.0	414584.0	-0.008985866199840199	393218783.0	416154447.0	3275953.0
19	6.34	1.0	17614206.0	-0.38177763332020154	417320.0	4161505.0	32799.0
19	6.34	2.0	12350157.0	-0.26768244396556506	1363548.0	8322987.0	65621.0
19	6.34	3.0	7316399.0	-0.1585786776109175	3128830.0	12484704.0	98208.0
19	6.34	4.0	3564402.0	-0.0772563327442516	5804252.0	16646011.0	131205.0
19	6.34	5.0	1451574.0	-0.03146201914007014	9217048.0	20807691.0	163829.0
19	6.34	6.0	635839.0	-0.01378143917430531	13055682.0	24969216.0	196608.0
19	6.34	7.0	444301.0	-0.009629964828491211	17053555.0	29130815.0	229313.0
19	6.34	8.0	418916.0	-0.00907975977117365	21084664.0	33292303.0	262129.0
19	6.34	9.0	416273.0	-0.00902247428894043	25119775.0	37453928.0	294808.0
19	6.34	10.0	417115.0	-0.00904072414744984	29155392.0	41614927.0	328113.0
19	6.34	11.0	416668.0	-0.009031035683371803	33190716.0	45776226.0	361118.0
19	6.34	12.0	417123.0	-0.009040897542780096	37225959.0	49937539.0	394109.0
19	6.34	13.0	416731.0	-0.009032401171597567	41262241.0	54099367.0	426585.0
19	6.34	14.0	418016.0	-0.009060252796519886	45297816.0	58260921.0	459335.0
19	6.34	15.0	415268.0	-0.009000691500577059	49332817.0	62422253.0	492307.0
19	6.34	16.0	416911.0	-0.00903630256652832	53368799.0	66583730.0	525134.0
19	6.34	17.0	416649.0	-0.009030623869462446	57405205.0	70745528.0	557640.0
19	6.34	18.0	417127.0	-0.009040984240445223	61440516.0	74906940.0	590532.0
19	6.34	19.0	417766.0	-0.009054834192449396	65475113.0	79068615.0	623161.0
19	6.34	20.0	416204.0	-0.009020978754216974	69510734.0	83230137.0	655943.0
19	6.34	21.0	416931.0	-0.00903673605485396	73546682.0	87391645.0	688739.0
19	6.34	22.0	416642.0	-0.009030472148548473	77582770.0	91553098.0	721590.0
19	6.34	23.0	416126.0	-0.00901928814974698	81619008.0	95714886.0	754106.0
19	6.34	24.0	416219.0	-0.009021303870461204	85654781.0	99876329.0	786967.0
19	6.34	25.0	417514.0	-0.009049372239546343	89691175.0	104037914.0	819686.0
19	6.34	26.0	416590.0	-0.009029345078901812	93726605.0	108199604.0	852300.0
19	6.34	27.0	418041.0	-0.009060794656926935	97762593.0	112361169.0	885039.0
19	6.34	28.0	415921.0	-0.00901484489440918	101798108.0	116522535.0	917977.0
19	6.34	29.0	416108.0	-0.009018898010253906	105833811.0	120683979.0	950837.0
19	6.34	30.0	416650.0	-0.009030645543878729	109869424.0	124845447.0	983673.0
19	6.34	31.0	416226.0	-0.009021455591375177	113905035.0	129006843.0	1016581.0
19	6.34	32.0	415713.0	-0.009010336615822533	117940665.0	133168373.0	1049355.0
19	6.34	33.0	416544.0	-0.00902834805575284	121976158.0	137330119.0	1081913.0
19	6.34	34.0	416776.0	-0.009033376520330256	126012657.0	141491911.0	1114425.0
19	6.34	35.0	415819.0	-0.00901263410394842	130048323.0	145653587.0	1147053.0
19	6.34	36.0	416070.0	-0.009018074382435192	134084604.0	149815092.0	1179852.0
19	6.34	37.0	417706.0	-0.009053533727472479	138120475.0	153976627.0	1212621.0
19	6.34	38.0	416221.0	-0.009021347219293768	142156209.0	158138487.0	1245065.0
19	6.34	39.0	417496.0	-0.009048982100053267	146191899.0	162299977.0	1277879.0
19	6.34	40.0	415648.0	-0.009008927778764204	150227967.0	166461525.0	1310635.0
19	6.34	41.0	416710.0	-0.009031946008855646	154264447.0	170622953.0	1343511.0
19	6.34	42.0	416651.0	-0.009030667218295011	158300403.0	174784871.0	1375897.0
19	6.34	43.0	416809.0	-0.00903409177606756	162336894.0	178946563.0	1408509.0
19	6.34	44.0	417256.0	-0.009043780240145597	166371761.0	183108079.0	1441297.0
19	6.34	45.0	415862.0	-0.009013566103848543	170407735.0	187269767.0	1473913.0
19	6.34	46.0	417646.0	-0.009052233262495562	174443419.0	191431390.0	1506594.0
19	6.34	47.0	417536.0	-0.009049849076704546	178478760.0	195593049.0	1539239.0
19	6.34	48.0	416770.0	-0.009033246473832563	182514332.0	199754615.0	1571977.0
19	6.34	49.0	417089.0	-0.009040160612626509	186549563.0	203915771.0	1605125.0
19	6.34	50.0	416991.0	-0.009038036519830877	190585601.0	208077399.0	1637801.0
19	6.34	51.0	416349.0	-0.009024121544577858	194620687.0	212238623.0	1670881.0
19	6.34	52.0	416865.0	-0.00903530554337935	198656737.0	216399921.0	1703887.0
19	6.34	53.0	416629.0	-0.009030190381136808	202692778.0	220561486.0	1736626.0
19	6.34	54.0	417665.0	-0.009052645076404919	206728228.0	224723165.0	1769251.0
19	6.34	55.0	417092.0	-0.009040225635875355	210764009.0	228884470.0	1802250.0
19	6.34	56.0	417194.0	-0.009042436426336115	214799333.0	233045746.0	1835278.0
19	6.34	57.0	416629.0	-0.009030190381136808	218835043.0	237207242.0	1868086.0
19	6.34	58.0	416898.0	-0.009036020799116655	222870405.0	241369032.0	1900600.0
19	6.34	59.0	416424.0	-0.009025747125799006	226906310.0	245530405.0	1933531.0
19	6.34	60.0	416247.0	-0.009021910754117098	230942053.0	249691979.0	1966261.0
19	6.34	61.0	416416.0	-0.00902557373046875	234978097.0	253853503.0	1999041.0
19	6.34	62.0	416836.0	-0.009034676985307173	239014053.0	258015271.0	2031577.0
19	6.34	63.0	416741.0	-0.009032617915760387	243049835.0	262176754.0	2064398.0
19	6.34	64.0	415610.0	-0.00900810415094549	247085750.0	266338306.0	2097150.0
19	6.34	65.0	415684.0	-0.009009708057750355	251121862.0	270499473.0	2130287.0
19	6.34	66.0	416556.0	-0.009028608148748224	255157822.0	274661133.0	2162931.0
19	6.34	67.0	416818.0	-0.009034286845814098	259193356.0	278822775.0	2195593.0
19	6.34	68.0	416843.0	-0.009034828706221147	263228695.0	282984263.0	2228409.0
19	6.34	69.0	416383.0	-0.009024858474731445	267264326.0	287145858.0	2261118.0
19	6.34	70.0	416372.0	-0.009024620056152344	271299902.0	291307262.0	2294018.0
19	6.34	71.0	417005.0	-0.009038339961658825	275335948.0	295469109.0	2326475.0
19	6.34	72.0	417278.0	-0.0090442570773038	279371126.0	299630641.0	2359247.0
19	6.34	73.0	416074.0	-0.009018161080100319	283406334.0	303792018.0	2392174.0
19	6.34	74.0	416436.0	-0.00902600721879439	287441921.0	307953547.0	2424949.0
19	6.34	75.0	416071.0	-0.009018096056851473	291477789.0	312115208.0	2457592.0
19	6.34	76.0	416514.0	-0.009027697823264381	295513037.0	316276435.0	2490669.0
19	6.34	77.0	416296.0	-0.009022972800514915	299549200.0	320438149.0	2523259.0
19	6.34	78.0	417721.0	-0.009053858843716707	303584881.0	324599673.0	2556039.0
19	6.34	79.0	416401.0	-0.00902524861422452	307619836.0	328761233.0	2588783.0
19	6.34	80.0	416247.0	-0.009021910754117098	311655442.0	332922859.0	2621461.0
19	6.34	81.0	416735.0	-0.009032487869262695	315691181.0	337084630.0	2653994.0
19	6.34	82.0	417195.0	-0.009042458100752397	319727426.0	341246179.0	2686749.0
19	6.34	83.0	415935.0	-0.009015148336237127	323762898.0	345407910.0	2719322.0
19	6.34	84.0	417192.0	-0.009042393077503551	327797911.0	349569208.0	2752328.0
19	6.34	85.0	417067.0	-0.009039683775468306	331834146.0	353730576.0	2785264.0
19	6.34	86.0	417554.0	-0.00905023921619762	335870184.0	357892111.0	2818033.0
19	6.34	87.0	416546.0	-0.009028391404585405	339905803.0	362053618.0	2850830.0
19	6.34	88.0	415867.0	-0.009013674475929954	343941826.0	366215358.0	2883394.0
19	6.34	89.0	417153.0	-0.009041547775268555	347976939.0	370376778.0	2916278.0
19	6.34	90.0	416571.0	-0.009028933264992454	352012072.0	374538075.0	2949285.0
19	6.34	91.0	418254.0	-0.009065411307594994	356048035.0	378699668.0	2981996.0
19	6.34	92.0	417009.0	-0.009038426659323952	360083054.0	382861151.0	3014817.0
19	6.34	93.0	416967.0	-0.00903751633384011	364118738.0	387022666.0	3047606.0
19	6.34	94.0	416011.0	-0.009016795591874556	368154646.0	391184220.0	3080356.0
19	6.34	95.0	416288.0	-0.00902279940518466	372190682.0	395345880.0	3113000.0
19	6.34	96.0	416997.0	-0.00903816656632857	376226435.0	399507245.0	3145939.0
19	6.34	97.0	416701.0	-0.009031750939109108	380262475.0	403668855.0	3178633.0
19	6.34	98.0	416426.0	-0.009025790474631569	384298255.0	407830419.0	3211373.0
19	6.34	99.0	417250.0	-0.009043650193647905	388334048.0	411991575.0	3244521.0
19	6.34	100.0	417473.0	-0.009048483588478783	392369439.0	416152974.0	3277426.0
20	6.2	1.0	17875312.0	-0.387436953457919	390667.0	4161932.0	32372.0
20	6.2	2.0	12863382.0	-0.2788062962618741	1271846.0	8323369.0	65239.0
20	6.2	3.0	7957132.0	-0.17246619137850674	2920734.0	12484804.0	98108.0
20	6.2	4.0	4133020.0	-0.08958079598166725	5447437.0	16646114.0	131102.0
20	6.2	5.0	1791878.0	-0.03883790969848633	8729118.0	20807488.0	164032.0
20	6.2	6.0	761024.0	-0.0164947509765625	12489478.0	24969235.0	196589.0
20	6.2	7.0	471041.0	-0.010209538719870827	16459745.0	29130798.0	229330.0
20	6.2	8.0	423289.0	-0.009174541993574663	20483972.0	33292173.0	262259.0
20	6.2	9.0	418766.0	-0.009076508608731356	24516079.0	37453764.0	294972.0
20	6.2	10.0	418833.0	-0.009077960794622248	28547898.0	41615268.0	327772.0
20	6.2	11.0	419342.0	-0.009088993072509766	32580473.0	45777056.0	360288.0
20	6.2	12.0	418631.0	-0.009073582562533293	36612731.0	49938302.0	393346.0
20	6.2	13.0	418739.0	-0.009075923399491743	40645686.0	54099863.0	426089.0
20	6.2	14.0	417754.0	-0.009054574099454012	44678500.0	58261495.0	458761.0
20	6.2	15.0	418808.0	-0.009077418934215199	48711339.0	62423372.0	491188.0
20	6.2	16.0	418153.0	-0.009063222191550514	52744232.0	66584960.0	523904.0
20	6.2	17.0	417126.0	-0.009040962566028942	56777411.0	70746466.0	556702.0
20	6.2	18.0	417935.0	-0.009058497168801048	60810831.0	74907922.0	589550.0
20	6.2	19.0	418823.0	-0.009077744050459429	64843483.0	79069582.0	622194.0
20	6.2	20.0	417874.0	-0.009057175029407848	68876210.0	83230957.0	655123.0
20	6.2	21.0	418900.0	-0.00907941298051314	72908603.0	87392447.0	687937.0
20	6.2	22.0	417601.0	-0.009051257913762873	76941754.0	91554243.0	720445.0
20	6.2	23.0	417295.0	-0.009044625542380592	80974216.0	95715686.0	753306.0
20	6.2	24.0	417435.0	-0.009047659960660067	85007485.0	99877291.0	786005.0
20	6.2	25.0	417898.0	-0.009057695215398615	89039936.0	104038745.0	818855.0
20	6.2	26.0	417717.0	-0.00905377214605158	93071268.0	108200049.0	851855.0
20	6.2	27.0	418530.0	-0.009071393446488813	97103740.0	112361633.0	884575.0
20	6.2	28.0	419281.0	-0.009087670933116566	101137067.0	116523354.0	917158.0
20	6.2	29.0	418401.0	-0.00906859744678844	105170339.0	120684891.0	949925.0
20	6.2	30.0	418949.0	-0.009080475026910955	109203296.0	124846380.0	982740.0
20	6.2	31.0	418363.0	-0.009067773818969727	113235097.0	129007866.0	1015558.0
20	6.2	32.0	419407.0	-0.009090401909568092	117267047.0	133169457.0	1048271.0
20	6.2	33.0	417488.0	-0.009048808704723011	121299410.0	137331201.0	1080831.0
20	6.2	34.0	417072.0	-0.009039792147549715	125331741.0	141492462.0	1113874.0
20	6.2	35.0	418576.0	-0.009072390469637785	129365292.0	145654207.0	1146433.0
20	6.2	36.0	417434.0	-0.009047638286243786	133398487.0	149816322.0	1178622.0
20	6.2	37.0	416777.0	-0.009033398194746538	137431302.0	153978142.0	1211106.0
20	6.2	38.0	419138.0	-0.009084571491588245	141464733.0	158139857.0	1243695.0
20	6.2	39.0	418289.0	-0.009066169912164862	145497045.0	162301307.0	1276549.0
20	6.2	40.0	417727.0	-0.0090539888902144	149529643.0	166462852.0	1309308.0
20	6.2	41.0	417676.0	-0.00905288349498402	153562593.0	170624277.0	1342187.0
20	6.2	42.0	418117.0	-0.009062441912564364	157595267.0	174785677.0	1375091.0
20	6.2	43.0	416883.0	-0.009035695682872425	161628981.0	178947192.0	1407880.0
20	6.2	44.0	417490.0	-0.009048852053555574	165662468.0	183108783.0	1440593.0
20	6.2	45.0	419265.0	-0.009087324142456055	169695512.0	187270365.0	1473315.0
20	6.2	46.0	418755.0	-0.009076270190152254	173727531.0	191432074.0	1505910.0
20	6.2	47.0	417124.0	-0.009040919217196379	177760715.0	195593898.0	1538390.0
20	6.2	48.0	419758.0	-0.009098009629683062	181793075.0	199755382.0	1571210.0
20	6.2	49.0	418497.0	-0.009070678190751509	185825520.0	203916618.0	1604278.0
20	6.2	50.0	418582.0	-0.009072520516135475	189858101.0	208078265.0	1636935.0
20	6.2	51.0	417639.0	-0.009052081541581587	193890793.0	212239825.0	1669679.0
20	6.2	52.0	418087.0	-0.009061791680075905	197923594.0	216401285.0	1702523.0
20	6.2	53.0	417982.0	-0.0090595158663663	201956111.0	220562519.0	1735593.0
20	6.2	54.0	418206.0	-0.009064370935613459	205988464.0	224724044.0	1768372.0
20	6.2	55.0	418529.0	-0.009071371772072533	210021241.0	228885520.0	1801200.0
20	6.2	56.0	417802.0	-0.009055614471435547	214053246.0	233046912.0	1834112.0
20	6.2	57.0	417836.0	-0.009056351401589134	218085501.0	237208228.0	1867100.0
20	6.2	58.0	418730.0	-0.009075728329745207	222118099.0	241369624.0	1900008.0
20	6.2	59.0	417615.0	-0.00905156135559082	226150696.0	245531340.0	1932596.0
20	6.2	60.0	417539.0	-0.009049914099953392	230183533.0	249692948.0	1965292.0
20	6.2	61.0	417694.0	-0.009053273634477095	234216420.0	253854505.0	1998039.0
20	6.2	62.0	417480.0	-0.009048635309392756	238248860.0	258015983.0	2030865.0
20	6.2	63.0	417889.0	-0.009057500145652077	242281584.0	262177626.0	2063526.0
20	6.2	64.0	418135.0	-0.00906283205205744	246314831.0	266339181.0	2096275.0
20	6.2	65.0	418145.0	-0.009063048796220259	250348200.0	270500865.0	2128895.0
20	6.2	66.0	417549.0	-0.009050130844116211	254381012.0	274662701.0	2161363.0
20	6.2	67.0	418444.0	-0.009069529446688566	258414311.0	278824040.0	2194328.0
20	6.2	68.0	418982.0	-0.00908119028264826	262447134.0	282985705.0	2226967.0
20	6.2	69.0	418775.0	-0.009076703678477894	266479844.0	287147323.0	2259653.0
20	6.2	70.0	418088.0	-0.009061813354492188	270512704.0	291309177.0	2292103.0
20	6.2	71.0	419362.0	-0.009089426560835405	274545443.0	295470580.0	2325004.0
20	6.2	72.0	419319.0	-0.00908849456093528	278577539.0	299632035.0	2357853.0
20	6.2	73.0	417299.0	-0.009044712240045721	282610475.0	303793377.0	2390815.0
20	6.2	74.0	419229.0	-0.009086543863469904	286643753.0	307955248.0	2423248.0
20	6.2	75.0	417906.0	-0.00905786861072887	290676969.0	312116778.0	2456022.0
20	6.2	76.0	418185.0	-0.009063915772871538	294709051.0	316277991.0	2489113.0
20	6.2	77.0	418451.0	-0.009069681167602539	298741803.0	320439579.0	2521829.0
20	6.2	78.0	419168.0	-0.009085221724076704	302773825.0	324601017.0	2554695.0
20	6.2	79.0	417898.0	-0.009057695215398615	306806102.0	328762714.0	2587302.0
20	6.2	80.0	418268.0	-0.009065714749422941	310838474.0	332924288.0	2620032.0
20	6.2	81.0	416497.0	-0.00902732935818759	314871654.0	337085905.0	2652719.0
20	6.2	82.0	418073.0	-0.009061488238247957	318904612.0	341247169.0	2685759.0
20	6.2	83.0	418611.0	-0.009073149074207653	322936865.0	345408616.0	2718616.0
20	6.2	84.0	417191.0	-0.009042371403087269	326968959.0	349570008.0	2751528.0
20	6.2	85.0	418548.0	-0.00907178358598189	331001261.0	353731270.0	2784570.0
20	6.2	86.0	418097.0	-0.009062008424238726	335034070.0	357892669.0	2817475.0
20	6.2	87.0	418599.0	-0.009072888981212269	339066365.0	362054137.0	2850311.0
20	6.2	88.0	418414.0	-0.009068879214200106	343099165.0	366215754.0	2882998.0
20	6.2	89.0	417391.0	-0.00904670628634366	347131287.0	370377155.0	2915901.0
20	6.2	90.0	416803.0	-0.009033961729569868	351164387.0	374538934.0	2948426.0
20	6.2	91.0	418419.0	-0.009068987586281517	355197761.0	378700338.0	2981326.0
20	6.2	92.0	418463.0	-0.009069941260597923	359230953.0	382862162.0	3013806.0
20	6.2	93.0	417879.0	-0.009057283401489258	363264157.0	387023738.0	3046534.0
20	6.2	94.0	418289.0	-0.009066169912164862	367296940.0	391185193.0	3079383.0
20	6.2	95.0	418383.0	-0.009068207307295366	371328966.0	395346472.0	3112408.0
20	6.2	96.0	417354.0	-0.009045904332941229	375361249.0	399507762.0	3145422.0
20	6.2	97.0	417921.0	-0.0090581937269731	379394530.0	403669569.0	3177919.0
20	6.2	98.0	418883.0	-0.009079044515436346	383426876.0	407831080.0	3210712.0
20	6.2	99.0	417829.0	-0.00905619968067516	387459767.0	411992683.0	3243413.0
20	6.2	100.0	418020.0	-0.009060339494185015	391492539.0	416154194.0	3276206.0
21	6.06	1.0	18108635.0	-0.39249409328807483	369080.0	4161220.0	33084.0
21	6.06	2.0	13367093.0	-0.2897239381616766	1189026.0	8322844.0	65764.0
21	6.06	3.0	8621996.0	-0.18687673048539596	2721479.0	12484393.0	98519.0
21	6.06	4.0	4751364.0	-0.10298304124311967	5094634.0	16645907.0	131309.0
21	6.06	5.0	2208914.0	-0.047876921567049896	8233632.0	20807409.0	164111.0
21	6.06	6.0	942793.0	-0.020434487949718128	11898313.0	24969056.0	196768.0
21	6.06	7.0	518571.0	-0.011239723725752397	15825733.0	29130323.0	229805.0
21	6.06	8.0	430590.0	-0.009332786906849255	19838670.0	33291685.0	262747.0
21	6.06	9.0	420349.0	-0.0091108192097057	23866211.0	37453169.0	295567.0
21	6.06	10.0	419084.0	-0.00908340107310902	27895654.0	41614789.0	328251.0
21	6.06	11.0	420695.0	-0.009118318557739258	31924840.0	45776646.0	360698.0
21	6.06	12.0	419568.0	-0.009093891490589489	35953926.0	49938127.0	393521.0
21	6.06	13.0	419406.0	-0.009090380235151812	39983454.0	54099649.0	426303.0
21	6.06	14.0	420509.0	-0.009114287116310814	44013211.0	58261585.0	458671.0
21	6.06	15.0	418998.0	-0.009081537073308771	48043294.0	62423332.0	491228.0
21	6.06	16.0	418722.0	-0.00907555493441495	52072682.0	66584966.0	523898.0
21	6.06	17.0	419878.0	-0.009100610559636896	56101959.0	70746278.0	556890.0
21	6.06	18.0	420024.0	-0.009103775024414062	60131514.0	74907908.0	589564.0
21	6.06	19.0	419182.0	-0.009085525165904652	64161186.0	79069514.0	622262.0
21	6.06	20.0	421306.0	-0.009131561626087536	68190641.0	83231268.0	654812.0
21	6.06	21.0	420166.0	-0.0091068527915261	72220306.0	87392670.0	687714.0
21	6.06	22.0	418446.0	-0.00906957279552113	76250321.0	91554434.0	720254.0
21	6.06	23.0	420321.0	-0.009110212326049805	80279844.0	95716014.0	752978.0
21	6.06	24.0	419981.0	-0.009102843024513939	84308791.0	99877697.0	785599.0
21	6.06	25.0	418712.0	-0.00907533819025213	88338416.0	104039143.0	818457.0
21	6.06	26.0	418963.0	-0.009080778468738903	92367416.0	108200591.0	851313.0
21	6.06	27.0	419697.0	-0.009096687490289862	96396888.0	112361846.0	884362.0
21	6.06	28.0	419378.0	-0.009089773351495916	100425886.0	116523424.0	917088.0
21	6.06	29.0	419325.0	-0.009088624607432972	104456597.0	120685183.0	949633.0
21	6.06	30.0	419529.0	-0.009093046188354492	108486001.0	124846858.0	982262.0
21	6.06	31.0	419152.0	-0.009084874933416193	112515912.0	129008474.0	1014950.0
21	6.06	32.0	419974.0	-0.009102691303599964	116545372.0	133170162.0	1047566.0
21	6.06	33.0	420118.0	-0.009105812419544567	120575463.0	137331565.0	1080467.0
21	6.06	34.0	419871.0	-0.009100458838722923	124604830.0	141493198.0	1113138.0
21	6.06	35.0	419091.0	-0.009083552794022993	128633942.0	145654731.0	1145909.0
21	6.06	36.0	420118.0	-0.009105812419544567	132662417.0	149816097.0	1178847.0
21	6.06	37.0	419554.0	-0.009093588048761541	136692370.0	153977521.0	1211727.0
21	6.06	38.0	419340.0	-0.009088949723677202	140722198.0	158139030.0	1244522.0
21	6.06	39.0	419244.0	-0.009086868979714134	144751711.0	162300521.0	1277335.0
21	6.06	40.0	420228.0	-0.009108196605335583	148780907.0	166462291.0	1309869.0
21	6.06	41.0	419012.0	-0.009081840515136719	152810523.0	170623624.0	1342840.0
21	6.06	42.0	419331.0	-0.009088754653930664	156839863.0	174785198.0	1375570.0
21	6.06	43.0	419196.0	-0.0090858286077326	160868613.0	178946662.0	1408410.0
21	6.06	44.0	419523.0	-0.0090929161418568	164898930.0	183108299.0	1441077.0
21	6.06	45.0	419565.0	-0.009093826467340643	168928904.0	187269897.0	1473783.0
21	6.06	46.0	420024.0	-0.009103775024414062	172958898.0	191431444.0	1506540.0
21	6.06	47.0	419294.0	-0.00908795270052823	176988054.0	195592906.0	1539382.0
21	6.06	48.0	419437.0	-0.009091052142056551	181017105.0	199754363.0	1572229.0
21	6.06	49.0	419925.0	-0.009101629257202148	185046884.0	203915882.0	1605014.0
21	6.06	50.0	419729.0	-0.009097381071610884	189076821.0	208077694.0	1637506.0
21	6.06	51.0	418662.0	-0.009074254469438032	193106404.0	212239195.0	1670309.0
21	6.06	52.0	419658.0	-0.009095842188054865	197136473.0	216400575.0	1703233.0
21	6.06	53.0	420270.0	-0.009109106930819426	201166490.0	220562038.0	1736074.0
21	6.06	54.0	418562.0	-0.009072087027809837	205196432.0	224723693.0	1768723.0
21	6.06	55.0	419514.0	-0.009092721072110262	209226128.0	228885294.0	1801426.0
21	6.06	56.0	419822.0	-0.009099396792325106	213255749.0	233046845.0	1834179.0
21	6.06	57.0	418314.0	-0.00906671177257191	217285645.0	237208464.0	1866864.0
21	6.06	58.0	419984.0	-0.009102908047762785	221315542.0	241370045.0	1899587.0
21	6.06	59.0	419651.0	-0.009095690467140892	225344874.0	245531479.0	1932457.0
21	6.06	60.0	420379.0	-0.009111469442194159	229373667.0	249693119.0	1965121.0
21	6.06	61.0	419472.0	-0.009091810746626421	233402917.0	253854533.0	1998011.0
21	6.06	62.0	418732.0	-0.00907577167857777	237432993.0	258015777.0	2031071.0
21	6.06	63.0	420613.0	-0.009116541255604137	241463223.0	262177551.0	2063601.0
21	6.06	64.0	418696.0	-0.00907499139959162	245492628.0	266339227.0	2096229.0
21	6.06	65.0	419897.0	-0.009101022373546253	249522275.0	270500760.0	2129000.0
21	6.06	66.0	418990.0	-0.009081363677978516	253552176.0	274662127.0	2161937.0
21	6.06	67.0	421152.0	-0.009128223765980114	257581804.0	278823679.0	2194689.0
21	6.06	68.0	420743.0	-0.009119358929720793	261611248.0	282985379.0	2227293.0
21	6.06	69.0	419284.0	-0.009087735956365412	265640563.0	287147213.0	2259763.0
21	6.06	70.0	419221.0	-0.009086370468139648	269669702.0	291308648.0	2292632.0
21	6.06	71.0	418933.0	-0.009080128236250444	273700124.0	295470255.0	2325329.0
21	6.06	72.0	418805.0	-0.009077353910966353	277730398.0	299631760.0	2358128.0
21	6.06	73.0	418732.0	-0.00907577167857777	281760581.0	303793266.0	2390926.0
21	6.06	74.0	420327.0	-0.009110342372547497	285790439.0	307954958.0	2423538.0
21	6.06	75.0	420733.0	-0.009119142185557972	289820341.0	312116599.0	2456201.0
21	6.06	76.0	418993.0	-0.009081428701227362	293849657.0	316278154.0	2488950.0
21	6.06	77.0	419832.0	-0.009099613536487926	297878983.0	320439570.0	2521838.0
21	6.06	78.0	419248.0	-0.009086955677379261	301908391.0	324600987.0	2554725.0
21	6.06	79.0	418679.0	-0.009074622934514826	305937431.0	328762342.0	2587674.0
21	6.06	80.0	419594.0	-0.009094455025412819	309967654.0	332924067.0	2620253.0
21	6.06	81.0	419225.0	-0.009086457165804777	313997002.0	337085530.0	2653094.0
21	6.06	82.0	420152.0	-0.009106549349698153	318027022.0	341247041.0	2685887.0
21	6.06	83.0	419862.0	-0.009100263768976385	322056988.0	345408350.0	2718882.0
21	6.06	84.0	419243.0	-0.009086847305297852	326086566.0	349569736.0	2751800.0
21	6.06	85.0	419424.0	-0.009090770374644886	330116130.0	353731451.0	2784389.0
21	6.06	86.0	419079.0	-0.00908329270102761	334145852.0	357892954.0	2817190.0
21	6.06	87.0	420466.0	-0.009113355116410688	338176037.0	362054594.0	2849854.0
21	6.06	88.0	418568.0	-0.009072217074307528	342205167.0	366216045.0	2882707.0
21	6.06	89.0	419321.0	-0.009088537909767845	346234520.0	370377568.0	2915488.0
21	6.06	90.0	419345.0	-0.009089058095758612	350264430.0	374539224.0	2948136.0
21	6.06	91.0	420468.0	-0.009113398465243254	354294195.0	378700955.0	2980709.0
21	6.06	92.0	420811.0	-0.009120832790027966	358323423.0	382862711.0	3013257.0
21	6.06	93.0	419549.0	-0.009093479676680132	362353132.0	387024487.0	3045785.0
21	6.06	94.0	420167.0	-0.009106874465942383	366382919.0	391186121.0	3078455.0
21	6.06	95.0	419346.0	-0.009089079770174894	370412275.0	395347509.0	3111371.0
21	6.06	96.0	419597.0	-0.009094520048661665	374441553.0	399508815.0	3144369.0
21	6.06	97.0	420193.0	-0.009107438000765715	378471547.0	403670267.0	3177221.0
21	6.06	98.0	419694.0	-0.009096622467041016	382500759.0	407831829.0	3209963.0
21	6.06	99.0	419470.0	-0.009091767397793856	386530275.0	411993349.0	3242747.0
21	6.06	100.0	418905.0	-0.00907952135259455	390560170.0	416154677.0	3275723.0
22	5.92	1.0	18382789.0	-0.3984362212094394	342117.0	4161353.0	32951.0
22	5.92	2.0	13908060.0	-0.30144908211447974	1096573.0	8322882.0	65726.0
22	5.92	3.0	9324712.0	-0.20210768959738992	2509345.0	12484491.0	98421.0
22	5.92	4.0	5441126.0	-0.11793322996659712	4726656.0	16645810.0	131406.0
22	5.92	5.0	2726114.0	-0.05908692966807972	7703668.0	20807409.0	164111.0
22	5.92	6.0	1213735.0	-0.026306997645984997	11246151.0	24968857.0	196967.0
22	5.92	7.0	607559.0	-0.013168486681851473	15111044.0	29129758.0	230370.0
22	5.92	8.0	448082.0	-0.009711915796453302	19102749.0	33291625.0	262807.0
22	5.92	9.0	422918.0	-0.009166500785134056	23124460.0	37453089.0	295647.0
22	5.92	10.0	421207.0	-0.009129415858875622	27151129.0	41614766.0	328274.0
22	5.92	11.0	420518.0	-0.00911448218605735	31177715.0	45776072.0	361272.0
22	5.92	12.0	422194.0	-0.009150808507745916	35204351.0	49937711.0	393937.0
22	5.92	13.0	420780.0	-0.009120160883123224	39230015.0	54099279.0	426673.0
22	5.92	14.0	421339.0	-0.00913227688182484	43256753.0	58260738.0	459518.0
22	5.92	15.0	421085.0	-0.009126771580089222	47282731.0	62422105.0	492455.0
22	5.92	16.0	421252.0	-0.009130391207608309	51308905.0	66583655.0	525209.0
22	5.92	17.0	420564.0	-0.009115479209206322	55335610.0	70745072.0	558096.0
22	5.92	18.0	420582.0	-0.009115869348699396	59361256.0	74906536.0	590936.0
22	5.92	19.0	421749.0	-0.009141163392500444	63387817.0	79067867.0	623909.0
22	5.92	20.0	420798.0	-0.0091205510226163	67414261.0	83229296.0	656784.0
22	5.92	21.0	420857.0	-0.009121829813176935	71440249.0	87390890.0	689494.0
22	5.92	22.0	420580.0	-0.009115825999866833	75466333.0	91552436.0	722252.0
22	5.92	23.0	419288.0	-0.00908782265403054	79494207.0	95714167.0	754825.0
22	5.92	24.0	420981.0	-0.009124517440795898	83520897.0	99875574.0	787722.0
22	5.92	25.0	420801.0	-0.009120616045865145	87547176.0	104036647.0	820953.0
22	5.92	26.0	420349.0	-0.0091108192097057	91573487.0	108198062.0	853842.0
22	5.92	27.0	420086.0	-0.009105118838223543	95600080.0	112359999.0	886209.0
22	5.92	28.0	420270.0	-0.009109106930819426	99626434.0	116521255.0	919257.0
22	5.92	29.0	420732.0	-0.009119120511141691	103653048.0	120682445.0	952371.0
22	5.92	30.0	421172.0	-0.009128657254305754	107678992.0	124843979.0	985141.0
22	5.92	31.0	420463.0	-0.009113290093161842	111705379.0	129005886.0	1017538.0
22	5.92	32.0	421179.0	-0.009128808975219727	115732333.0	133167283.0	1050445.0
22	5.92	33.0	421292.0	-0.009131258184259588	119758563.0	137328785.0	1083247.0
22	5.92	34.0	421618.0	-0.009138324043967506	123784444.0	141490400.0	1115936.0
22	5.92	35.0	420871.0	-0.009122133255004883	127810681.0	145651833.0	1148807.0
22	5.92	36.0	421875.0	-0.009143894368951971	131837567.0	149813896.0	1181048.0
22	5.92	37.0	421343.0	-0.009132363579489967	135863495.0	153975277.0	1213971.0
22	5.92	38.0	421873.0	-0.009143851020119408	139890117.0	158136947.0	1246605.0
22	5.92	39.0	420639.0	-0.009117104790427467	143916633.0	162298614.0	1279242.0
22	5.92	40.0	420487.0	-0.00911381027915261	147943004.0	166460117.0	1312043.0
22	5.92	41.0	421061.0	-0.009126251394098455	151969504.0	170621558.0	1344906.0
22	5.92	42.0	420212.0	-0.009107849814675072	155995560.0	174782993.0	1377775.0
22	5.92	43.0	420722.0	-0.00911890376697887	160022552.0	178944657.0	1410415.0
22	5.92	44.0	421301.0	-0.009131453254006126	164049398.0	183106327.0	1443049.0
22	5.92	45.0	421342.0	-0.009132341905073687	168075751.0	187267657.0	1476023.0
22	5.92	46.0	421464.0	-0.009134986183860085	172102141.0	191429013.0	1508971.0
22	5.92	47.0	419916.0	-0.00910143418745561	176129065.0	195590706.0	1541582.0
22	5.92	48.0	420830.0	-0.009121244603937323	180155555.0	199752297.0	1574295.0
22	5.92	49.0	422051.0	-0.009147709066217596	184182257.0	203913783.0	1607113.0
22	5.92	50.0	420048.0	-0.009104295210404829	188209197.0	208075358.0	1639842.0
22	5.92	51.0	420927.0	-0.009123347022316673	192235901.0	212236754.0	1672750.0
22	5.92	52.0	421122.0	-0.009127573533491655	196262135.0	216398193.0	1705615.0
22	5.92	53.0	421758.0	-0.00914135846224698	200288585.0	220560028.0	1738084.0
22	5.92	54.0	420560.0	-0.009115392511541193	204315065.0	224721475.0	1770941.0
22	5.92	55.0	421623.0	-0.009138432416048918	208340783.0	228882882.0	1803838.0
22	5.92	56.0	421594.0	-0.00913780385797674	212366938.0	233044118.0	1836906.0
22	5.92	57.0	420937.0	-0.009123563766479492	216392878.0	237205746.0	1869582.0
22	5.92	58.0	421593.0	-0.009137782183560457	220419019.0	241367464.0	1902168.0
22	5.92	59.0	421689.0	-0.009139862927523527	224445101.0	245529048.0	1934888.0
22	5.92	60.0	421220.0	-0.009129697626287287	228471379.0	249690419.0	1967821.0
22	5.92	61.0	419495.0	-0.009092309258200905	232498162.0	253852085.0	2000459.0
22	5.92	62.0	421523.0	-0.009136264974420721	236524344.0	258013644.0	2033204.0
22	5.92	63.0	421896.0	-0.009144349531693892	240550206.0	262175226.0	2065926.0
22	5.92	64.0	421058.0	-0.00912618637084961	244575995.0	266336608.0	2098848.0
22	5.92	65.0	420838.0	-0.009121417999267578	248602019.0	270498330.0	2131430.0
22	5.92	66.0	420545.0	-0.009115067395296965	252627868.0	274659689.0	2164375.0
22	5.92	67.0	420747.0	-0.00911944562738592	256654262.0	278820961.0	2197407.0
22	5.92	68.0	421847.0	-0.009143287485296076	260681456.0	282982833.0	2229839.0
22	5.92	69.0	420851.0	-0.009121699766679243	264707585.0	287144274.0	2262702.0
22	5.92	70.0	421559.0	-0.009137045253406872	268734171.0	291306180.0	2295100.0
22	5.92	71.0	421551.0	-0.009136871858076616	272760438.0	295467474.0	2328110.0
22	5.92	72.0	422047.0	-0.009147622368552467	276786008.0	299629098.0	2360790.0
22	5.92	73.0	419847.0	-0.009099938652732155	280812520.0	303790692.0	2393500.0
22	5.92	74.0	420654.0	-0.009117429906671698	284839617.0	307952368.0	2426128.0
22	5.92	75.0	420766.0	-0.009119857441295277	288866867.0	312114145.0	2458655.0
22	5.92	76.0	419667.0	-0.009096037257801403	292893310.0	316275464.0	2491640.0
22	5.92	77.0	420921.0	-0.009123216975818981	296919561.0	320437150.0	2524258.0
22	5.92	78.0	420114.0	-0.009105725721879438	300945820.0	324598311.0	2557401.0
22	5.92	79.0	420620.0	-0.00911669297651811	304972613.0	328759708.0	2590308.0
22	5.92	80.0	421166.0	-0.009128527207808062	308998673.0	332921172.0	2623148.0
22	5.92	81.0	420035.0	-0.009104013442993164	313025145.0	337082760.0	2655864.0
22	5.92	82.0	420913.0	-0.009123043580488726	317051701.0	341244399.0	2688529.0
22	5.92	83.0	421068.0	-0.009126403115012428	321078142.0	345406288.0	2720944.0
22	5.92	84.0	421031.0	-0.009125601161609997	325104360.0	349567579.0	2753957.0
22	5.92	85.0	421492.0	-0.00913559306751598	329130035.0	353728966.0	2786874.0
22	5.92	86.0	421077.0	-0.009126598184758966	333156591.0	357890609.0	2819535.0
22	5.92	87.0	421191.0	-0.00912906906821511	337183024.0	362052514.0	2851934.0
22	5.92	88.0	421626.0	-0.009138497439297762	341208969.0	366214104.0	2884648.0
22	5.92	89.0	421193.0	-0.009129112417047674	345235336.0	370375760.0	2917296.0
22	5.92	90.0	420789.0	-0.009120355952869762	349261738.0	374537326.0	2950034.0
22	5.92	91.0	420780.0	-0.009120160883123224	353288627.0	378698951.0	2982713.0
22	5.92	92.0	421111.0	-0.009127335114912554	357315023.0	382860636.0	3015332.0
22	5.92	93.0	421367.0	-0.009132883765480736	361340675.0	387022043.0	3048229.0
22	5.92	94.0	421766.0	-0.009141531857577238	365366272.0	391183668.0	3080908.0
22	5.92	95.0	420464.0	-0.009113311767578125	369392493.0	395345397.0	3113483.0
22	5.92	96.0	421266.0	-0.009130694649436256	373418541.0	399506787.0	3146397.0
22	5.92	97.0	420437.0	-0.009112726558338512	377445118.0	403668534.0	3178954.0
22	5.92	98.0	421244.0	-0.009130217812278053	381471587.0	407830129.0	3211663.0
22	5.92	99.0	420521.0	-0.009114547209306196	385497742.0	411991410.0	3244686.0
22	5.92	100.0	421669.0	-0.009139429439197887	389524060.0	416152881.0	3277519.0
23	5.779999999999999	1.0	18604650.0	-0.4032449288801713	321097.0	4161847.0	32457.0
23	5.779999999999999	2.0	14412481.0	-0.3123821128498424	1015975.0	8323392.0	65216.0
23	5.779999999999999	3.0	10011115.0	-0.21698507395657626	2320268.0	12485224.0	97688.0
23	5.779999999999999	4.0	6155924.0	-0.13342605937610974	4384631.0	16646840.0	130376.0
23	5.779999999999999	5.0	3304108.0	-0.07161461223255504	7194676.0	20808322.0	163198.0
23	5.779999999999999	6.0	1563402.0	-0.033885825764049186	10599036.0	24969946.0	195878.0
23	5.779999999999999	7.0	743330.0	-0.016111243854869495	14379618.0	29131192.0	228936.0
23	5.779999999999999	8.0	481218.0	-0.010430119254372337	18338055.0	33292856.0	261576.0
23	5.779999999999999	9.0	428589.0	-0.009289416399869051	22350741.0	37454385.0	294351.0
23	5.779999999999999	10.0	423409.0	-0.009177142923528498	26372779.0	41615923.0	327117.0
23	5.779999999999999	11.0	422983.0	-0.009167909622192383	30395121.0	45777545.0	359799.0
23	5.779999999999999	12.0	421945.0	-0.009145411578091707	34418375.0	49939119.0	392529.0
23	5.779999999999999	13.0	422399.0	-0.009155251763083717	38440708.0	54100494.0	425458.0
23	5.779999999999999	14.0	422089.0	-0.00914853269403631	42464097.0	58262083.0	458173.0
23	5.779999999999999	15.0	421539.0	-0.009136611765081232	46487550.0	62423419.0	491141.0
23	5.779999999999999	16.0	422948.0	-0.009167151017622515	50510756.0	66585004.0	523860.0
23	5.779999999999999	17.0	423110.0	-0.009170662273060192	54534242.0	70746572.0	556596.0
23	5.779999999999999	18.0	422857.0	-0.009165178645740856	58556956.0	74908046.0	589426.0
23	5.779999999999999	19.0	423078.0	-0.009169968691739168	62579978.0	79069650.0	622126.0
23	5.779999999999999	20.0	422241.0	-0.009151827205311169	66603132.0	83230887.0	655193.0
23	5.779999999999999	21.0	422055.0	-0.009147795763882723	70626518.0	87392565.0	687819.0
23	5.779999999999999	22.0	422495.0	-0.009157332507046785	74649816.0	91554290.0	720398.0
23	5.779999999999999	23.0	422585.0	-0.009159283204512163	78672340.0	95715846.0	753146.0
23	5.779999999999999	24.0	422975.0	-0.009167736226862127	82695123.0	99876957.0	786339.0
23	5.779999999999999	25.0	423385.0	-0.009176622737537731	86717223.0	104038418.0	819182.0
23	5.779999999999999	26.0	422439.0	-0.009156118739734997	90739380.0	108199946.0	851958.0
23	5.779999999999999	27.0	422435.0	-0.009156032042069868	94762611.0	112361521.0	884687.0
23	5.779999999999999	28.0	423947.0	-0.009188803759488192	98784773.0	116523135.0	917377.0
23	5.779999999999999	29.0	422862.0	-0.009165287017822266	102808125.0	120684466.0	950350.0
23	5.779999999999999	30.0	422079.0	-0.009148315949873491	106831098.0	124845534.0	983586.0
23	5.779999999999999	31.0	423227.0	-0.00917319817976518	110854728.0	129007177.0	1016247.0
23	5.779999999999999	32.0	423426.0	-0.009177511388605291	114876928.0	133168790.0	1048938.0
23	5.779999999999999	33.0	421792.0	-0.009142095392400568	118899158.0	137330037.0	1081995.0
23	5.779999999999999	34.0	423089.0	-0.00917020711031827	122921842.0	141491640.0	1114696.0
23	5.779999999999999	35.0	422294.0	-0.009152975949374113	126944511.0	145653227.0	1147413.0
23	5.779999999999999	36.0	421793.0	-0.00914211706681685	130968051.0	149814700.0	1180244.0
23	5.779999999999999	37.0	423000.0	-0.009168278087269176	134990516.0	153976309.0	1212939.0
23	5.779999999999999	38.0	423760.0	-0.009184750643643465	139014180.0	158138255.0	1245297.0
23	5.779999999999999	39.0	423521.0	-0.009179570458152077	143036883.0	162300077.0	1277779.0
23	5.779999999999999	40.0	422708.0	-0.009161949157714844	147059698.0	166461416.0	1310744.0
23	5.779999999999999	41.0	422510.0	-0.009157657623291016	151082290.0	170623203.0	1343261.0
23	5.779999999999999	42.0	422251.0	-0.009152043949473988	155105106.0	174784737.0	1376031.0
23	5.779999999999999	43.0	421197.0	-0.009129199114712801	159127957.0	178945997.0	1409075.0
23	5.779999999999999	44.0	422432.0	-0.009155967018821022	163151334.0	183107472.0	1441904.0
23	5.779999999999999	45.0	422886.0	-0.009165807203813032	167173382.0	187268868.0	1474812.0
23	5.779999999999999	46.0	422793.0	-0.00916379148309881	171195955.0	191430432.0	1507552.0
23	5.779999999999999	47.0	422848.0	-0.009164983575994318	175218317.0	195591749.0	1540539.0
23	5.779999999999999	48.0	422967.0	-0.009167562831531872	179241208.0	199753496.0	1573096.0
23	5.779999999999999	49.0	421957.0	-0.009145671671087091	183264073.0	203915075.0	1605821.0
23	5.779999999999999	50.0	421099.0	-0.00912707502191717	187286831.0	208076441.0	1638759.0
23	5.779999999999999	51.0	422642.0	-0.009160518646240234	191310221.0	212238221.0	1671283.0
23	5.779999999999999	52.0	423234.0	-0.009173349900679155	195333291.0	216399796.0	1704012.0
23	5.779999999999999	53.0	423194.0	-0.009172482924027876	199355527.0	220561480.0	1736632.0
23	5.779999999999999	54.0	422174.0	-0.009150375019420277	203378297.0	224722913.0	1769503.0
23	5.779999999999999	55.0	421739.0	-0.009140946648337624	207400601.0	228884175.0	1802545.0
23	5.779999999999999	56.0	422292.0	-0.009152932600541548	211423322.0	233045541.0	1835483.0
23	5.779999999999999	57.0	421533.0	-0.00913648171858354	215446149.0	237207129.0	1868199.0
23	5.779999999999999	58.0	422464.0	-0.009156660600142046	219469504.0	241368466.0	1901166.0
23	5.779999999999999	59.0	422614.0	-0.00915991176258434	223492394.0	245530011.0	1933925.0
23	5.779999999999999	60.0	421443.0	-0.009134531021118164	227515472.0	249691868.0	1966372.0
23	5.779999999999999	61.0	422671.0	-0.00916114720431241	231538128.0	253853487.0	1999057.0
23	5.779999999999999	62.0	423248.0	-0.009173653342507103	235561644.0	258015076.0	2031772.0
23	5.779999999999999	63.0	424010.0	-0.009190169247713957	239584180.0	262176471.0	2064681.0
23	5.779999999999999	64.0	421825.0	-0.009142810648137873	243607171.0	266337967.0	2097489.0
23	5.779999999999999	65.0	421102.0	-0.009127140045166016	247629973.0	270499580.0	2130180.0
23	5.779999999999999	66.0	422817.0	-0.009164311669089577	251652573.0	274661049.0	2163015.0
23	5.779999999999999	67.0	422691.0	-0.00916158069263805	255674979.0	278822387.0	2195981.0
23	5.779999999999999	68.0	422585.0	-0.009159283204512163	259697581.0	282983859.0	2228813.0
23	5.779999999999999	69.0	422259.0	-0.009152217344804243	263721090.0	287145502.0	2261474.0
23	5.779999999999999	70.0	422815.0	-0.009164268320257013	267743367.0	291306822.0	2294458.0
23	5.779999999999999	71.0	422287.0	-0.009152824228460138	271765708.0	295468273.0	2327311.0
23	5.779999999999999	72.0	422275.0	-0.009152564135464754	275788806.0	299630087.0	2359801.0
23	5.779999999999999	73.0	422452.0	-0.009156400507146662	279811708.0	303791623.0	2392569.0
23	5.779999999999999	74.0	423452.0	-0.009178074923428621	283833914.0	307953107.0	2425389.0
23	5.779999999999999	75.0	422122.0	-0.009149247949773615	287856647.0	312114762.0	2458038.0
23	5.779999999999999	76.0	423119.0	-0.00917085734280673	291879585.0	316276296.0	2490808.0
23	5.779999999999999	77.0	421904.0	-0.009144522927024147	295903149.0	320437715.0	2523693.0
23	5.779999999999999	78.0	423264.0	-0.009174000133167614	299926410.0	324599139.0	2556573.0
23	5.779999999999999	79.0	423372.0	-0.009176340970126066	303949106.0	328760737.0	2589279.0
23	5.779999999999999	80.0	423498.0	-0.009179071946577593	307971652.0	332922440.0	2621880.0
23	5.779999999999999	81.0	423025.0	-0.009168819947676226	311994500.0	337083936.0	2654688.0
23	5.779999999999999	82.0	423751.0	-0.009184555573896929	316016495.0	341245268.0	2687660.0
23	5.779999999999999	83.0	422467.0	-0.009156725623390892	320039308.0	345406803.0	2720429.0
23	5.779999999999999	84.0	421907.0	-0.009144587950272993	324062227.0	349568144.0	2753392.0
23	5.779999999999999	85.0	423136.0	-0.009171225807883522	328084696.0	353729368.0	2786472.0
23	5.779999999999999	86.0	421561.0	-0.009137088602239435	332107565.0	357890849.0	2819295.0
23	5.779999999999999	87.0	422657.0	-0.009160843762484465	336130603.0	362052474.0	2851974.0
23	5.779999999999999	88.0	422130.0	-0.00914942134510387	340153136.0	366213832.0	2884920.0
23	5.779999999999999	89.0	422951.0	-0.00916721604087136	344176337.0	370375592.0	2917464.0
23	5.779999999999999	90.0	422437.0	-0.009156075390902433	348198766.0	374536805.0	2950555.0
23	5.779999999999999	91.0	423121.0	-0.009170900691639294	352221023.0	378698342.0	2983322.0
23	5.779999999999999	92.0	422283.0	-0.009152737530795011	356243502.0	382859564.0	3016404.0
23	5.779999999999999	93.0	422948.0	-0.009167151017622515	360266756.0	387021194.0	3049078.0
23	5.779999999999999	94.0	422869.0	-0.009165438738736239	364289489.0	391182840.0	3081736.0
23	5.779999999999999	95.0	423229.0	-0.009173241528597746	368312925.0	395344566.0	3114314.0
23	5.779999999999999	96.0	422768.0	-0.009163249622691761	372335433.0	399506244.0	3146940.0
23	5.779999999999999	97.0	422038.0	-0.009147427298805931	376358007.0	403667681.0	3179807.0
23	5.779999999999999	98.0	422811.0	-0.009164181622591886	380381112.0	407829197.0	3212595.0
23	5.779999999999999	99.0	422642.0	-0.009160518646240234	384404149.0	411990688.0	3245408.0
23	5.779999999999999	100.0	423391.0	-0.009176752784035423	388426700.0	416152330.0	3278070.0
24	5.64	1.0	18840299.0	-0.408352483402599	298759.0	4161638.0	32666.0
24	5.64	2.0	14899635.0	-0.32294089143926447	939049.0	8323163.0	65445.0
24	5.64	3.0	10705841.0	-0.23204285448247736	2135765.0	12484647.0	98265.0
24	5.64	4.0	6939436.0	-0.15040822462602096	4041476.0	16646422.0	130794.0
24	5.64	5.0	3986747.0	-0.0864104140888561	6670768.0	20807761.0	163759.0
24	5.64	6.0	2029780.0	-0.04399429668079723	9910442.0	24969441.0	196383.0
24	5.64	7.0	974339.0	-0.021118229085748844	13578980.0	29131145.0	228983.0
24	5.64	8.0	552199.0	-0.011968590996482155	17481144.0	33292987.0	261445.0
24	5.64	9.0	442438.0	-0.009589585390957918	21475300.0	37454424.0	294312.0
24	5.64	10.0	425877.0	-0.009230635382912376	25491065.0	41615649.0	327391.0
24	5.64	11.0	424036.0	-0.009190732782537287	29509981.0	45777150.0	360194.0
24	5.64	12.0	424387.0	-0.009198340502652254	33529198.0	49938520.0	393128.0
24	5.64	13.0	423769.0	-0.009184945713390003	37548397.0	54100123.0	425829.0
24	5.64	14.0	424984.0	-0.009211280129172585	41566953.0	58261488.0	458768.0
24	5.64	15.0	424412.0	-0.009198882363059303	45586626.0	62423270.0	491290.0
24	5.64	16.0	423811.0	-0.009185856038873846	49606056.0	66585056.0	523808.0
24	5.64	17.0	422331.0	-0.009153777902776545	53625147.0	70746434.0	556734.0
24	5.64	18.0	424924.0	-0.009209979664195667	57644563.0	74908338.0	589134.0
24	5.64	19.0	425238.0	-0.009216785430908203	61663977.0	79070216.0	621560.0
24	5.64	20.0	425187.0	-0.009215680035677824	65682998.0	83231666.0	654414.0
24	5.64	21.0	423743.0	-0.009184382178566673	69702698.0	87393409.0	686975.0
24	5.64	22.0	424735.0	-0.009205883199518377	73722923.0	91555161.0	719527.0
24	5.64	23.0	424097.0	-0.009192054921930487	77742405.0	95716779.0	752213.0
24	5.64	24.0	424859.0	-0.00920857082713734	81761558.0	99878414.0	784882.0
24	5.64	25.0	423322.0	-0.009175257249311968	85780945.0	104040004.0	817596.0
24	5.64	26.0	423916.0	-0.009188131852583452	89800225.0	108201492.0	850412.0
24	5.64	27.0	424500.0	-0.009200789711692116	93818197.0	112362678.0	883530.0
24	5.64	28.0	423983.0	-0.009189584038474342	97838004.0	116524350.0	916162.0
24	5.64	29.0	424849.0	-0.00920835408297452	101856427.0	120685222.0	949594.0
24	5.64	30.0	424163.0	-0.009193485433405096	105875692.0	124846795.0	982325.0
24	5.64	31.0	424515.0	-0.009201114827936346	109894902.0	129008531.0	1014893.0
24	5.64	32.0	424139.0	-0.00919296524741433	113913382.0	133169659.0	1048069.0
24	5.64	33.0	423675.0	-0.009182908318259499	117932474.0	137331246.0	1080786.0
24	5.64	34.0	424939.0	-0.009210304780439897	121951746.0	141492670.0	1113666.0
24	5.64	35.0	423699.0	-0.009183428504250267	125971181.0	145654458.0	1146182.0
24	5.64	36.0	424476.0	-0.00920026952570135	129990458.0	149815658.0	1179286.0
24	5.64	37.0	425565.0	-0.009223872965032404	134010107.0	153977219.0	1212029.0
24	5.64	38.0	424579.0	-0.009202501990578392	138028538.0	158138666.0	1244886.0
24	5.64	39.0	423831.0	-0.009186289527199486	142048148.0	162300245.0	1277611.0
24	5.64	40.0	425661.0	-0.009225953708995472	146067300.0	166461864.0	1310296.0
24	5.64	41.0	424300.0	-0.009196454828435724	150086357.0	170623347.0	1343117.0
24	5.64	42.0	424635.0	-0.00920371575789018	154106445.0	174785013.0	1375755.0
24	5.64	43.0	425026.0	-0.009212190454656427	158126556.0	178946561.0	1408511.0
24	5.64	44.0	424415.0	-0.00919894738630815	162145336.0	183108244.0	1441132.0
24	5.64	45.0	424830.0	-0.009207942269065163	166164565.0	187269818.0	1473862.0
24	5.64	46.0	423972.0	-0.00918934561989524	170184400.0	191431427.0	1506557.0
24	5.64	47.0	424873.0	-0.009208874268965288	174203655.0	195592789.0	1539499.0
24	5.64	48.0	424342.0	-0.009197365153919567	178222615.0	199754260.0	1572332.0
24	5.64	49.0	423063.0	-0.00916964357549494	182241350.0	203915724.0	1605172.0
24	5.64	50.0	424553.0	-0.00920193845575506	186260515.0	208077524.0	1637676.0
24	5.64	51.0	424201.0	-0.00919430906122381	190279803.0	212239142.0	1670362.0
24	5.64	52.0	424897.0	-0.009209394454956055	194299567.0	216400853.0	1702955.0
24	5.64	53.0	424116.0	-0.009192466735839844	198319727.0	220562761.0	1735351.0
24	5.64	54.0	423826.0	-0.009186181155118074	202338544.0	224724093.0	1768323.0
24	5.64	55.0	424343.0	-0.009197386828335848	206357828.0	228885831.0	1800889.0
24	5.64	56.0	424891.0	-0.009209264408458363	210377340.0	233047018.0	1834006.0
24	5.64	57.0	424581.0	-0.009202545339410955	214396584.0	237208720.0	1866608.0
24	5.64	58.0	424040.0	-0.009190819480202415	218416013.0	241370232.0	1899400.0
24	5.64	59.0	425513.0	-0.009222745895385742	222435148.0	245532060.0	1931876.0
24	5.64	60.0	424645.0	-0.009203932502053001	226454957.0	249693973.0	1964267.0
24	5.64	61.0	423952.0	-0.009188912131569603	230474752.0	253855612.0	1996932.0
24	5.64	62.0	424774.0	-0.009206728501753374	234494274.0	258017048.0	2029800.0
24	5.64	63.0	424371.0	-0.009197993711991743	238513039.0	262178493.0	2062659.0
24	5.64	64.0	424793.0	-0.009207140315662731	242532804.0	266340261.0	2095195.0
24	5.64	65.0	424735.0	-0.009205883199518377	246551561.0	270502056.0	2127704.0
24	5.64	66.0	423963.0	-0.009189150550148704	250570450.0	274663318.0	2160746.0
24	5.64	67.0	425850.0	-0.009230050173672762	254589773.0	278824932.0	2193436.0
24	5.64	68.0	424055.0	-0.009191144596446644	258608903.0	282986361.0	2226311.0
24	5.64	69.0	424545.0	-0.009201765060424805	262627670.0	287147819.0	2259157.0
24	5.64	70.0	424272.0	-0.009195847944779829	266646443.0	291309347.0	2291933.0
24	5.64	71.0	424463.0	-0.009199987758289684	270666244.0	295471105.0	2324479.0
24	5.64	72.0	424043.0	-0.009190884503451261	274685277.0	299632401.0	2357487.0
24	5.64	73.0	424016.0	-0.009190299294211647	278705005.0	303794088.0	2390104.0
24	5.64	74.0	425207.0	-0.009216113524003462	282723497.0	307955413.0	2423083.0
24	5.64	75.0	424897.0	-0.009209394454956055	286743233.0	312116958.0	2455842.0
24	5.64	76.0	425958.0	-0.009232391010631214	290762508.0	316278610.0	2488494.0
24	5.64	77.0	424377.0	-0.009198123758489435	294781123.0	320440251.0	2521157.0
24	5.64	78.0	423575.0	-0.009180740876631304	298800258.0	324601824.0	2553888.0
24	5.64	79.0	424215.0	-0.009194612503051758	302819457.0	328763407.0	2586609.0
24	5.64	80.0	424309.0	-0.009196649898182262	306838246.0	332924770.0	2619550.0
24	5.64	81.0	425406.0	-0.009220426732843573	310857474.0	337086223.0	2652401.0
24	5.64	82.0	425247.0	-0.009216980500654741	314876298.0	341247745.0	2685183.0
24	5.64	83.0	423367.0	-0.009176232598044655	318895864.0	345409370.0	2717862.0
24	5.64	84.0	423711.0	-0.00918368859724565	322914882.0	349570868.0	2750668.0
24	5.64	85.0	422442.0	-0.009156183762983843	326934683.0	353732675.0	2783165.0
24	5.64	86.0	424086.0	-0.009191816503351385	330954711.0	357893972.0	2816172.0
24	5.64	87.0	425024.0	-0.009212147105823864	334973475.0	362055494.0	2848954.0
24	5.64	88.0	423934.0	-0.009188521992076527	338992804.0	366217002.0	2881750.0
24	5.64	89.0	423377.0	-0.009176449342207476	343011370.0	370378275.0	2914781.0
24	5.64	90.0	424072.0	-0.009191513061523438	347031713.0	374539970.0	2947390.0
24	5.64	91.0	424817.0	-0.009207660501653498	351050532.0	378701357.0	2980307.0
24	5.64	92.0	424016.0	-0.009190299294211647	355069708.0	382862987.0	3012981.0
24	5.64	93.0	425616.0	-0.009224978360262785	359088777.0	387024686.0	3045586.0
24	5.64	94.0	424028.0	-0.009190559387207031	363107071.0	391186254.0	3078322.0
24	5.64	95.0	424004.0	-0.009190039201216265	367126700.0	395347749.0	3111131.0
24	5.64	96.0	424749.0	-0.009206186641346325	371145590.0	399509202.0	3143982.0
24	5.64	97.0	424326.0	-0.009197018363259056	375165719.0	403671032.0	3176456.0
24	5.64	98.0	425380.0	-0.00921986319802024	379184751.0	407832867.0	3208925.0
24	5.64	99.0	424732.0	-0.009205818176269531	383203678.0	411994397.0	3241699.0
24	5.64	100.0	423962.0	-0.009189128875732422	387222849.0	416155697.0	3274703.0
25	5.5	1.0	19068344.0	-0.4132952256636186	276793.0	4161611.0	32693.0
25	5.5	2.0	15409097.0	-0.3339831829071045	861630.0	8322902.0	65706.0
25	5.5	3.0	11439584.0	-0.2479463057084517	1950792.0	12484525.0	98387.0
25	5.5	4.0	7741715.0	-0.16779715364629572	3698285.0	16645869.0	131347.0
25	5.5	5.0	4738876.0	-0.10271237113259056	6142060.0	20807445.0	164075.0
25	5.5	6.0	2585505.0	-0.05603931166908958	9206802.0	24968977.0	196847.0
25	5.5	7.0	1298546.0	-0.028145226565274326	12738139.0	29130587.0	229541.0
25	5.5	8.0	682770.0	-0.014798641204833984	16561112.0	33292144.0	262288.0
25	5.5	9.0	477475.0	-0.01034899191422896	20521721.0	37453481.0	295255.0
25	5.5	10.0	433236.0	-0.009390137412331322	24527428.0	41615155.0	327885.0
25	5.5	11.0	426846.0	-0.009251637892289595	28541902.0	45776815.0	360529.0
25	5.5	12.0	426145.0	-0.00923644412647594	32556837.0	49938179.0	393469.0
25	5.5	13.0	427256.0	-0.009260524402965199	36572598.0	54099778.0	426174.0
25	5.5	14.0	425631.0	-0.009225303476507013	40587202.0	58260901.0	459355.0
25	5.5	15.0	426729.0	-0.009249101985584606	44602252.0	62422364.0	492196.0
25	5.5	16.0	426118.0	-0.009235858917236328	48617449.0	66583922.0	524942.0
25	5.5	17.0	425981.0	-0.0092328895222057	52632173.0	70745383.0	557785.0
25	5.5	18.0	425941.0	-0.00923202254555442	56647124.0	74907137.0	590335.0
25	5.5	19.0	425668.0	-0.009226105429909447	60662677.0	79068692.0	623084.0
25	5.5	20.0	426533.0	-0.009244853799993341	64678403.0	83230359.0	655721.0
25	5.5	21.0	426432.0	-0.009242664683948864	68694290.0	87392172.0	688212.0
25	5.5	22.0	426557.0	-0.009245373985984108	72710340.0	91554126.0	720562.0
25	5.5	23.0	426810.0	-0.009250857613303444	76725084.0	95715564.0	753428.0
25	5.5	24.0	424804.0	-0.009207378734241833	80740510.0	99876985.0	786311.0
25	5.5	25.0	426362.0	-0.009241147474809126	84756359.0	104038500.0	819100.0
25	5.5	26.0	424915.0	-0.00920978459444913	88771845.0	108200071.0	851833.0
25	5.5	27.0	426938.0	-0.009253631938587536	92787978.0	112361767.0	884441.0
25	5.5	28.0	426572.0	-0.009245699102228338	96803295.0	116523326.0	917186.0
25	5.5	29.0	425819.0	-0.009229378266768022	100818586.0	120685004.0	949812.0
25	5.5	30.0	426131.0	-0.009236140684647993	104833698.0	124846244.0	982876.0
25	5.5	31.0	426781.0	-0.009250229055231268	108847683.0	129007618.0	1015806.0
25	5.5	32.0	425763.0	-0.009228164499456232	112863555.0	133169369.0	1048359.0
25	5.5	33.0	425405.0	-0.00922040505842729	116878754.0	137330573.0	1081459.0
25	5.5	34.0	426152.0	-0.009236595847389915	120894197.0	141491872.0	1114464.0
25	5.5	35.0	426909.0	-0.009253003380515358	124909267.0	145653419.0	1147221.0
25	5.5	36.0	425317.0	-0.009218497709794478	128924200.0	149814823.0	1180121.0
25	5.5	37.0	426726.0	-0.00924903696233576	132939404.0	153976386.0	1212862.0
25	5.5	38.0	426592.0	-0.009246132590553978	136954543.0	158137715.0	1245837.0
25	5.5	39.0	425299.0	-0.009218107570301403	140970500.0	162299257.0	1278599.0
25	5.5	40.0	426973.0	-0.009254390543157404	144985984.0	166460603.0	1311557.0
25	5.5	41.0	426881.0	-0.009252396496859465	149001355.0	170622362.0	1344102.0
25	5.5	42.0	425726.0	-0.0092273625460538	153016558.0	174784168.0	1376600.0
25	5.5	43.0	424803.0	-0.00920735705982555	157031279.0	178945527.0	1409545.0
25	5.5	44.0	425923.0	-0.009231632406061346	161047215.0	183107155.0	1442221.0
25	5.5	45.0	426106.0	-0.009235598824240944	165062067.0	187268763.0	1474917.0
25	5.5	46.0	426532.0	-0.009244832125577059	169078178.0	191430277.0	1507707.0
25	5.5	47.0	426388.0	-0.009241711009632458	173093087.0	195591951.0	1540337.0
25	5.5	48.0	425438.0	-0.009221120314164595	177108248.0	199753398.0	1573194.0
25	5.5	49.0	426556.0	-0.009245352311567827	181123821.0	203914902.0	1605994.0
25	5.5	50.0	425477.0	-0.009221965616399591	185139227.0	208076467.0	1638733.0
25	5.5	51.0	425448.0	-0.009221337058327415	189153882.0	212237723.0	1671781.0
25	5.5	52.0	425880.0	-0.009230700406161222	193169183.0	216399225.0	1704583.0
25	5.5	53.0	425942.0	-0.009232044219970703	197183976.0	220560704.0	1737408.0
25	5.5	54.0	426447.0	-0.009242989800193092	201199218.0	224722398.0	1770018.0
25	5.5	55.0	426924.0	-0.009253328496759588	205214148.0	228883842.0	1802878.0
25	5.5	56.0	425204.0	-0.009216048500754616	209230210.0	233045216.0	1835808.0
25	5.5	57.0	426074.0	-0.009234905242919922	213246340.0	237206969.0	1868359.0
25	5.5	58.0	423669.0	-0.009182778271761808	217262117.0	241368563.0	1901069.0
25	5.5	59.0	425660.0	-0.009225932034579191	221278760.0	245530161.0	1933775.0
25	5.5	60.0	424991.0	-0.00921143185008656	225294841.0	249692113.0	1966127.0
25	5.5	61.0	426083.0	-0.00923510031266646	229310193.0	253853840.0	1998704.0
25	5.5	62.0	426062.0	-0.009234645149924538	233325807.0	258015550.0	2031298.0
25	5.5	63.0	426529.0	-0.009244767102328215	237341017.0	262177237.0	2063915.0
25	5.5	64.0	426221.0	-0.00923809138211337	241356474.0	266338904.0	2096552.0
25	5.5	65.0	426213.0	-0.009237917986783114	245372021.0	270500345.0	2129415.0
25	5.5	66.0	426278.0	-0.009239326823841442	249387989.0	274662228.0	2161836.0
25	5.5	67.0	428252.0	-0.009282112121582031	253402963.0	278823782.0	2194586.0
25	5.5	68.0	425595.0	-0.009224523197520863	257417984.0	282985541.0	2227131.0
25	5.5	69.0	425686.0	-0.009226495569402521	261433398.0	287147247.0	2259729.0
25	5.5	70.0	426027.0	-0.00923388654535467	265449261.0	291308779.0	2292501.0
25	5.5	71.0	426762.0	-0.00924981724132191	269464099.0	295470206.0	2325378.0
25	5.5	72.0	426145.0	-0.00923644412647594	273479411.0	299632010.0	2357878.0
25	5.5	73.0	425557.0	-0.009223699569702148	277495064.0	303793525.0	2390667.0
25	5.5	74.0	425244.0	-0.009216915477405895	281510363.0	307955186.0	2423310.0
25	5.5	75.0	426832.0	-0.009251334450461647	285526149.0	312116714.0	2456086.0
25	5.5	76.0	426135.0	-0.009236227382313122	289542143.0	316278370.0	2488734.0
25	5.5	77.0	425812.0	-0.009229226545854048	293557679.0	320440169.0	2521239.0
25	5.5	78.0	426879.0	-0.0092523531480269	297573222.0	324601489.0	2554223.0
25	5.5	79.0	426222.0	-0.009238113056529652	301588549.0	328763122.0	2586894.0
25	5.5	80.0	426578.0	-0.00924582914872603	305604136.0	332924630.0	2619690.0
25	5.5	81.0	426202.0	-0.009237679568204012	309619045.0	337086242.0	2652382.0
25	5.5	82.0	426642.0	-0.009247216311368074	313632925.0	341247581.0	2685347.0
25	5.5	83.0	426601.0	-0.009246327660300514	317648587.0	345409259.0	2717973.0
25	5.5	84.0	426523.0	-0.009244637055830522	321663660.0	349570754.0	2750782.0
25	5.5	85.0	426307.0	-0.009239955381913618	325678292.0	353732315.0	2783525.0
25	5.5	86.0	426957.0	-0.009254043752496893	329693894.0	357893622.0	2816522.0
25	5.5	87.0	425919.0	-0.009231545708396217	333709590.0	362055644.0	2848804.0
25	5.5	88.0	426864.0	-0.009252028031782671	337724740.0	366217186.0	2881566.0
25	5.5	89.0	426833.0	-0.00925135612487793	341740691.0	370378975.0	2914081.0
25	5.5	90.0	425810.0	-0.009229183197021484	345756081.0	374540688.0	2946672.0
25	5.5	91.0	426412.0	-0.009242231195623224	349771297.0	378702117.0	2979547.0
25	5.5	92.0	426405.0	-0.009242079474709251	353786387.0	382863655.0	3012313.0
25	5.5	93.0	425472.0	-0.009221857244318182	357801906.0	387025165.0	3045107.0
25	5.5	94.0	425895.0	-0.00923102552240545	361817213.0	391186664.0	3077912.0
25	5.5	95.0	425669.0	-0.009226127104325728	365833333.0	395348244.0	3110636.0
25	5.5	96.0	426715.0	-0.009248798543756659	369848471.0	399509758.0	3143426.0
25	5.5	97.0	426614.0	-0.009246609427712181	373864515.0	403671229.0	3176259.0
25	5.5	98.0	426796.0	-0.009250554171475496	377880864.0	407833188.0	3208604.0
25	5.5	99.0	426205.0	-0.009237744591452858	381895353.0	411994364.0	3241732.0
25	5.5	100.0	425549.0	-0.009223526174371893	385910869.0	416156149.0	3274251.0
26	5.36	1.0	19305846.0	-0.41844294287941675	254599.0	4161540.0	32764.0
26	5.36	2.0	15903710.0	-0.34470363096757367	785762.0	8323104.0	65504.0
26	5.36	3.0	12154273.0	-0.2634367726065896	1774768.0	12484594.0	98318.0
26	5.36	4.0	8581788.0	-0.18600524555553088	3370002.0	16646148.0	131068.0
26	5.36	5.0	5558242.0	-0.12047165090387518	5626318.0	20807608.0	163912.0
26	5.36	6.0	3267352.0	-0.07081794738769531	8497704.0	24968999.0	196825.0
26	5.36	7.0	1752529.0	-0.037985043092207474	11864295.0	29130374.0	229754.0
26	5.36	8.0	914170.0	-0.01981410113247958	15573099.0	33291998.0	262434.0
26	5.36	9.0	556974.0	-0.012072086334228516	19474897.0	37453526.0	295210.0
26	5.36	10.0	451501.0	-0.009786020625721325	23457897.0	41614956.0	328084.0
26	5.36	11.0	432415.0	-0.009372342716563831	27464673.0	45776432.0	360912.0
26	5.36	12.0	428371.0	-0.009284691377119585	31475088.0	49938095.0	393553.0
26	5.36	13.0	427942.0	-0.009275393052534624	35486351.0	54099509.0	426443.0
26	5.36	14.0	427985.0	-0.009276325052434748	39497832.0	58261022.0	459234.0
26	5.36	15.0	428130.0	-0.009279467842795631	43509567.0	62422415.0	492145.0
26	5.36	16.0	429067.0	-0.00929977677085183	47520665.0	66583852.0	525012.0
26	5.36	17.0	428699.0	-0.009291800585660067	51532297.0	70745648.0	557520.0
26	5.36	18.0	428318.0	-0.00928354263305664	55543768.0	74906992.0	590480.0
26	5.36	19.0	427331.0	-0.009262149984186346	59555564.0	79068759.0	623017.0
26	5.36	20.0	426899.0	-0.009252786636352539	63567530.0	83230148.0	655932.0
26	5.36	21.0	428798.0	-0.00929394635287198	67578873.0	87391592.0	688792.0
26	5.36	22.0	428108.0	-0.009278991005637428	71589922.0	91552887.0	721801.0
26	5.36	23.0	427904.0	-0.00927456942471591	75600831.0	95714423.0	754569.0
26	5.36	24.0	427673.0	-0.009269562634554777	79611615.0	99876006.0	787290.0
26	5.36	25.0	428302.0	-0.00928319584239613	83624091.0	104037625.0	819975.0
26	5.36	26.0	427478.0	-0.009265336123379793	87635465.0	108199118.0	852786.0
26	5.36	27.0	426366.0	-0.009241234172474255	91646234.0	112360455.0	885753.0
26	5.36	28.0	428641.0	-0.009290543469515715	95657976.0	116522317.0	918195.0
26	5.36	29.0	427632.0	-0.009268673983487215	99669456.0	120683919.0	950897.0
26	5.36	30.0	428003.0	-0.009276715191927824	103681289.0	124845681.0	983439.0
26	5.36	31.0	429077.0	-0.009299993515014648	107692187.0	129007215.0	1016209.0
26	5.36	32.0	428917.0	-0.009296525608409534	111703516.0	133168616.0	1049112.0
26	5.36	33.0	427750.0	-0.009271231564608488	115714382.0	137329974.0	1082058.0
26	5.36	34.0	428042.0	-0.009277560494162819	119725660.0	141491598.0	1114738.0
26	5.36	35.0	428615.0	-0.009289979934692383	123736932.0	145652985.0	1147655.0
26	5.36	36.0	427303.0	-0.00926154310053045	127747898.0	149814226.0	1180718.0
26	5.36	37.0	427530.0	-0.009266463193026457	131759251.0	153975604.0	1213644.0
26	5.36	38.0	427748.0	-0.009271188215775923	135771356.0	158137397.0	1246155.0
26	5.36	39.0	427709.0	-0.009270342913540926	139783069.0	162298710.0	1279146.0
26	5.36	40.0	427243.0	-0.009260242635553534	143794840.0	166460089.0	1312071.0
26	5.36	41.0	427371.0	-0.009263016960837624	147807501.0	170621843.0	1344621.0
26	5.36	42.0	427244.0	-0.009260264309969816	151818992.0	174783256.0	1377512.0
26	5.36	43.0	427605.0	-0.009268088774247603	155830302.0	178944766.0	1410306.0
26	5.36	44.0	427205.0	-0.00925941900773482	159841139.0	183106098.0	1443278.0
26	5.36	45.0	428635.0	-0.009290413423018022	163853059.0	187267589.0	1476091.0
26	5.36	46.0	427431.0	-0.009264317425814543	167865294.0	191429322.0	1508662.0
26	5.36	47.0	428022.0	-0.009277127005837181	171876726.0	195590673.0	1541615.0
26	5.36	48.0	428164.0	-0.009280204772949219	175888356.0	199752205.0	1574387.0
26	5.36	49.0	428335.0	-0.009283911098133434	179900145.0	203913760.0	1607136.0
26	5.36	50.0	428690.0	-0.00929160551591353	183911451.0	208075269.0	1639931.0
26	5.36	51.0	427946.0	-0.009275479750199751	187922451.0	212236762.0	1672742.0
26	5.36	52.0	428052.0	-0.00927777723832564	191934815.0	216398613.0	1705195.0
26	5.36	53.0	427831.0	-0.009272987192327326	195946507.0	220560272.0	1737840.0
26	5.36	54.0	428564.0	-0.009288874539462004	199957409.0	224721974.0	1770442.0
26	5.36	55.0	427615.0	-0.009268305518410423	203969019.0	228883472.0	1803248.0
26	5.36	56.0	428226.0	-0.0092815485867587	207980254.0	233045078.0	1835946.0
26	5.36	57.0	428186.0	-0.009280681610107422	211991480.0	237207026.0	1868302.0
26	5.36	58.0	428275.0	-0.009282610633156517	216002696.0	241368552.0	1901080.0
26	5.36	59.0	427715.0	-0.009270472960038618	220014816.0	245530117.0	1933819.0
26	5.36	60.0	427654.0	-0.009269150820645418	224026102.0	249691706.0	1966534.0
26	5.36	61.0	428635.0	-0.009290413423018022	228037367.0	253853148.0	1999396.0
26	5.36	62.0	427611.0	-0.009268218820745295	232049025.0	258014529.0	2032319.0
26	5.36	63.0	428008.0	-0.009276823564009233	236060382.0	262176220.0	2064932.0
26	5.36	64.0	427412.0	-0.009263905611905184	240071278.0	266337484.0	2097972.0
26	5.36	65.0	427331.0	-0.009262149984186346	244082845.0	270499299.0	2130461.0
26	5.36	66.0	428272.0	-0.009282545609907671	248095039.0	274661049.0	2163015.0
26	5.36	67.0	428616.0	-0.009290001609108665	252106092.0	278822413.0	2195955.0
26	5.36	68.0	426888.0	-0.009252548217773438	256117545.0	282983609.0	2229063.0
26	5.36	69.0	427750.0	-0.009271231564608488	260128811.0	287145315.0	2261661.0
26	5.36	70.0	428823.0	-0.00929448821327903	264139531.0	291306600.0	2294680.0
26	5.36	71.0	427327.0	-0.009262063286521217	268150528.0	295467662.0	2327922.0
26	5.36	72.0	427686.0	-0.009269844401966442	272161833.0	299629313.0	2360575.0
26	5.36	73.0	429166.0	-0.009301922538063744	276173522.0	303791176.0	2393016.0
26	5.36	74.0	429302.0	-0.00930487025867809	280184352.0	307952642.0	2425854.0
26	5.36	75.0	427551.0	-0.009266918355768377	284195700.0	312114152.0	2458648.0
26	5.36	76.0	427586.0	-0.009267676960338245	288207640.0	316275629.0	2491475.0
26	5.36	77.0	428140.0	-0.009279684586958452	292218668.0	320437051.0	2524357.0
26	5.36	78.0	427173.0	-0.009258725426413796	296230664.0	324598574.0	2557138.0
26	5.36	79.0	427902.0	-0.009274526075883345	300242144.0	328760151.0	2589865.0
26	5.36	80.0	428105.0	-0.009278925982388582	304253566.0	332921563.0	2622757.0
26	5.36	81.0	427940.0	-0.009275349703702059	308264445.0	337083205.0	2655419.0
26	5.36	82.0	428059.0	-0.009277928959239613	312276480.0	341244893.0	2688035.0
26	5.36	83.0	426886.0	-0.009252504868940874	316287530.0	345406448.0	2720784.0
26	5.36	84.0	428381.0	-0.009284908121282404	320298969.0	349568043.0	2753493.0
26	5.36	85.0	427511.0	-0.009266051379117098	324309906.0	353729526.0	2786314.0
26	5.36	86.0	428370.0	-0.009284669702703302	328321231.0	357891150.0	2818994.0
26	5.36	87.0	427758.0	-0.009271404959938744	332333187.0	362053011.0	2851437.0
26	5.36	88.0	428283.0	-0.009282784028486772	336344289.0	366214439.0	2884313.0
26	5.36	89.0	428571.0	-0.009289026260375977	340355725.0	370375908.0	2917148.0
26	5.36	90.0	426544.0	-0.009245092218572443	344367694.0	374537606.0	2949754.0
26	5.36	91.0	428169.0	-0.009280313145030628	348379474.0	378699005.0	2982659.0
26	5.36	92.0	428442.0	-0.009286230260675604	352390115.0	382860230.0	3015738.0
26	5.36	93.0	428141.0	-0.009279706261374733	356401221.0	387021939.0	3048333.0
26	5.36	94.0	428569.0	-0.009288982911543413	360412372.0	391183344.0	3081232.0
26	5.36	95.0	428329.0	-0.009283781051635742	364423636.0	395344762.0	3114118.0
26	5.36	96.0	428065.0	-0.009278059005737305	368435274.0	399506387.0	3146797.0
26	5.36	97.0	427999.0	-0.009276628494262695	372447177.0	403667838.0	3179650.0
26	5.36	98.0	428678.0	-0.009291345422918146	376458924.0	407829572.0	3212220.0
26	5.36	99.0	427983.0	-0.009276281703602184	380470986.0	411991200.0	3244896.0
26	5.36	100.0	428215.0	-0.009281310168179598	384482653.0	416152820.0	3277580.0
27	5.220000000000001	1.0	19499238.0	-0.4226346015930176	236171.0	4161467.0	32837.0
27	5.220000000000001	2.0	16355557.0	-0.35449715094132855	719823.0	8323041.0	65567.0
27	5.220000000000001	3.0	12847613.0	-0.27846451239152387	1613855.0	12484403.0	98509.0
27	5.220000000000001	4.0	9413394.0	-0.20402982018210672	3061997.0	16645776.0	131440.0
27	5.220000000000001	5.0	6406836.0	-0.13886443051424893	5134997.0	20807437.0	164083.0
27	5.220000000000001	6.0	4015901.0	-0.08704231002114036	7805750.0	24968926.0	196898.0
27	5.220000000000001	7.0	2304863.0	-0.049956560134887695	10991840.0	29130350.0	229778.0
27	5.220000000000001	8.0	1247489.0	-0.027038595893166283	14560580.0	33291992.0	262440.0
27	5.220000000000001	9.0	702969.0	-0.0152364427393133	18377509.0	37453773.0	294963.0
27	5.220000000000001	10.0	495006.0	-0.010728966106068005	22323138.0	41615341.0	327699.0
27	5.220000000000001	11.0	439485.0	-0.00952558083967729	26317146.0	45776912.0	360432.0
27	5.220000000000001	12.0	430677.0	-0.009334672581065784	30322584.0	49938608.0	393040.0
27	5.220000000000001	13.0	430453.0	-0.009329817511818626	34328929.0	54100113.0	425839.0
27	5.220000000000001	14.0	430614.0	-0.009333307092840021	38336163.0	58261972.0	458284.0
27	5.220000000000001	15.0	429400.0	-0.009306994351473722	42343165.0	62423501.0	491059.0
27	5.220000000000001	16.0	430538.0	-0.009331659837202593	46350198.0	66585185.0	523679.0
27	5.220000000000001	17.0	430070.0	-0.009321516210382635	50356962.0	70746546.0	556622.0
27	5.220000000000001	18.0	429661.0	-0.009312651374123314	54363921.0	74908275.0	589197.0
27	5.220000000000001	19.0	428014.0	-0.009276953610506926	58371483.0	79069627.0	622149.0
27	5.220000000000001	20.0	431478.0	-0.009352033788507635	62378661.0	83231353.0	654727.0
27	5.220000000000001	21.0	429534.0	-0.009309898723255505	66385876.0	87392885.0	687499.0
27	5.220000000000001	22.0	429864.0	-0.009317051280628551	70392925.0	91554516.0	720172.0
27	5.220000000000001	23.0	430054.0	-0.009321169419722124	74399966.0	95715910.0	753082.0
27	5.220000000000001	24.0	428882.0	-0.009295767003839666	78407151.0	99877255.0	786041.0
27	5.220000000000001	25.0	430266.0	-0.0093257643959739	82414518.0	104039056.0	818544.0
27	5.220000000000001	26.0	430027.0	-0.009320584210482511	86421029.0	108200325.0	851579.0
27	5.220000000000001	27.0	430282.0	-0.00932611118663441	90428417.0	112362254.0	883954.0
27	5.220000000000001	28.0	429147.0	-0.009301510724154386	94435757.0	116523843.0	916669.0
27	5.220000000000001	29.0	429744.0	-0.009314450350674715	98442951.0	120685250.0	949566.0
27	5.220000000000001	30.0	429822.0	-0.009316140955144709	102450200.0	124846677.0	982443.0
27	5.220000000000001	31.0	428971.0	-0.009297696026888761	106457393.0	129008196.0	1015228.0
27	5.220000000000001	32.0	430186.0	-0.009324030442671343	110464320.0	133169831.0	1047897.0
27	5.220000000000001	33.0	429684.0	-0.009313149885697798	114470787.0	137331334.0	1080698.0
27	5.220000000000001	34.0	428489.0	-0.009287248958240856	118477921.0	141492682.0	1113654.0
27	5.220000000000001	35.0	429723.0	-0.009313995187932795	122485983.0	145654205.0	1146435.0
27	5.220000000000001	36.0	431062.0	-0.00934301723133434	126493223.0	149815719.0	1179225.0
27	5.220000000000001	37.0	429098.0	-0.009300448677756569	130500006.0	153977254.0	1211994.0
27	5.220000000000001	38.0	429837.0	-0.009316466071388939	134507316.0	158139016.0	1244536.0
27	5.220000000000001	39.0	430799.0	-0.009337316859852184	138514108.0	162300277.0	1277579.0
27	5.220000000000001	40.0	429153.0	-0.009301640770652077	142520678.0	166461628.0	1310532.0
27	5.220000000000001	41.0	429496.0	-0.00930907509543679	146528296.0	170623232.0	1343232.0
27	5.220000000000001	42.0	429635.0	-0.009312087839299982	150535605.0	174784801.0	1375967.0
27	5.220000000000001	43.0	429177.0	-0.009302160956642845	154542076.0	178946113.0	1408959.0
27	5.220000000000001	44.0	430084.0	-0.009321819652210583	158549479.0	183107985.0	1441391.0
27	5.220000000000001	45.0	430222.0	-0.009324810721657494	162556934.0	187269786.0	1473894.0
27	5.220000000000001	46.0	429490.0	-0.009308945048939098	166563691.0	191431186.0	1506798.0
27	5.220000000000001	47.0	428885.0	-0.009295832027088512	170571216.0	195592747.0	1539541.0
27	5.220000000000001	48.0	429882.0	-0.009317441420121626	174578137.0	199754051.0	1572541.0
27	5.220000000000001	49.0	429985.0	-0.009319673884998669	178585832.0	203915820.0	1605076.0
27	5.220000000000001	50.0	430236.0	-0.009325114163485441	182593081.0	208077271.0	1637929.0
27	5.220000000000001	51.0	430500.0	-0.009330836209383879	186600771.0	212238769.0	1670735.0
27	5.220000000000001	52.0	430020.0	-0.009320432489568537	190607177.0	216400240.0	1703568.0
27	5.220000000000001	53.0	428945.0	-0.00929713249206543	194614675.0	220562213.0	1735899.0
27	5.220000000000001	54.0	429261.0	-0.009303981607610529	198622259.0	224723949.0	1768467.0
27	5.220000000000001	55.0	430522.0	-0.009331313046542082	202629004.0	228885711.0	1801009.0
27	5.220000000000001	56.0	430359.0	-0.009327780116688122	206635479.0	233047257.0	1833767.0
27	5.220000000000001	57.0	429770.0	-0.009315013885498047	210642851.0	237208831.0	1866497.0
27	5.220000000000001	58.0	429241.0	-0.00930354811928489	214650056.0	241370026.0	1899606.0
27	5.220000000000001	59.0	428619.0	-0.009290066632357511	218657440.0	245531824.0	1932112.0
27	5.220000000000001	60.0	429271.0	-0.009304198351773348	222665476.0	249693516.0	1964724.0
27	5.220000000000001	61.0	429677.0	-0.009312998164783825	226672292.0	253854721.0	1997823.0
27	5.220000000000001	62.0	429673.0	-0.009312911467118696	230679649.0	258016476.0	2030372.0
27	5.220000000000001	63.0	430539.0	-0.009331681511618874	234686553.0	262178197.0	2062955.0
27	5.220000000000001	64.0	429330.0	-0.009305477142333984	238694491.0	266339697.0	2095759.0
27	5.220000000000001	65.0	429399.0	-0.00930697267705744	242702504.0	270501245.0	2128515.0
27	5.220000000000001	66.0	431270.0	-0.009347525509920988	246709633.0	274662866.0	2161198.0
27	5.220000000000001	67.0	430764.0	-0.009336558255282316	250717244.0	278824429.0	2193939.0
27	5.220000000000001	68.0	430269.0	-0.009325829419222746	254723792.0	282986016.0	2226656.0
27	5.220000000000001	69.0	429512.0	-0.009309421886097301	258730748.0	287147796.0	2259180.0
27	5.220000000000001	70.0	429048.0	-0.009299364956942472	262738308.0	291309456.0	2291824.0
27	5.220000000000001	71.0	430089.0	-0.009321928024291992	266744752.0	295470709.0	2324875.0
27	5.220000000000001	72.0	429657.0	-0.009312564676458185	270751250.0	299632149.0	2357739.0
27	5.220000000000001	73.0	431318.0	-0.009348565881902521	274758791.0	303793761.0	2390431.0
27	5.220000000000001	74.0	430307.0	-0.00932665304704146	278766399.0	307955354.0	2423142.0
27	5.220000000000001	75.0	430828.0	-0.00933794541792436	282773203.0	312116793.0	2456007.0
27	5.220000000000001	76.0	430912.0	-0.009339766068892046	286779309.0	316278096.0	2489008.0
27	5.220000000000001	77.0	429393.0	-0.009306842630559748	290786150.0	320439639.0	2521769.0
27	5.220000000000001	78.0	429142.0	-0.009301402352072975	294793223.0	324601036.0	2554676.0
27	5.220000000000001	79.0	429597.0	-0.009311264211481268	298801378.0	328762231.0	2587785.0
27	5.220000000000001	80.0	429900.0	-0.009317831559614702	302807865.0	332923635.0	2620685.0
27	5.220000000000001	81.0	429516.0	-0.009309508583762428	306815614.0	337085213.0	2653411.0
27	5.220000000000001	82.0	429526.0	-0.009309725327925249	310822482.0	341246954.0	2685974.0
27	5.220000000000001	83.0	430853.0	-0.00933848727833141	314829474.0	345408474.0	2718758.0
27	5.220000000000001	84.0	429694.0	-0.009313366629860619	318837039.0	349569979.0	2751557.0
27	5.220000000000001	85.0	428710.0	-0.009292039004239168	322843874.0	353731187.0	2784653.0
27	5.220000000000001	86.0	430199.0	-0.009324312210083008	326851878.0	357892797.0	2817347.0
27	5.220000000000001	87.0	429929.0	-0.009318460117686878	330859462.0	362054360.0	2850088.0
27	5.220000000000001	88.0	430280.0	-0.009326067837801847	334866899.0	366215914.0	2882838.0
27	5.220000000000001	89.0	429194.0	-0.009302529421719637	338874586.0	370377312.0	2915744.0
27	5.220000000000001	90.0	429732.0	-0.009314190257679333	342882622.0	374538933.0	2948427.0
27	5.220000000000001	91.0	429294.0	-0.009304696863347834	346889557.0	378700343.0	2981321.0
27	5.220000000000001	92.0	430243.0	-0.009325265884399414	350896751.0	382861664.0	3014304.0
27	5.220000000000001	93.0	429992.0	-0.009319825605912642	354903656.0	387022858.0	3047414.0
27	5.220000000000001	94.0	429324.0	-0.009305347095836292	358911191.0	391184523.0	3080053.0
27	5.220000000000001	95.0	429988.0	-0.009319738908247515	362918325.0	395345671.0	3113209.0
27	5.220000000000001	96.0	429979.0	-0.009319543838500977	366925449.0	399507009.0	3146175.0
27	5.220000000000001	97.0	429772.0	-0.00931505723433061	370932477.0	403668667.0	3178821.0
27	5.220000000000001	98.0	429293.0	-0.009304675188931551	374939781.0	407830310.0	3211482.0
27	5.220000000000001	99.0	429564.0	-0.009310548955743963	378947497.0	411992247.0	3243849.0
27	5.220000000000001	100.0	430856.0	-0.009338552301580256	382955250.0	416153932.0	3276468.0
28	5.08	1.0	19723277.0	-0.4274905161424117	215198.0	4161318.0	32986.0
28	5.08	2.0	16836467.0	-0.3649205944754861	650008.0	8322741.0	65867.0
28	5.08	3.0	13565850.0	-0.29403188011863013	1449657.0	12484451.0	98461.0
28	5.08	4.0	10294623.0	-0.22312994436784225	2751886.0	16645767.0	131449.0
28	5.08	5.0	7342993.0	-0.15915508703752	4632827.0	20807617.0	163903.0
28	5.08	6.0	4901531.0	-0.1062378233129328	7090881.0	24969136.0	196688.0
28	5.08	7.0	3040450.0	-0.06589997898448598	10063010.0	29130767.0	229361.0
28	5.08	8.0	1756712.0	-0.038075707175514915	13448509.0	33292323.0	262109.0
28	5.08	9.0	982237.0	-0.021289413625543766	17133924.0	37454351.0	294385.0
28	5.08	10.0	608251.0	-0.01318348537791859	21003969.0	41616092.0	326948.0
28	5.08	11.0	470633.0	-0.010200695558027788	24966232.0	45777449.0	359895.0
28	5.08	12.0	437052.0	-0.009472846984863281	28960311.0	49939082.0	392566.0
28	5.08	13.0	433017.0	-0.009385390715165571	32961497.0	54100689.0	425263.0
28	5.08	14.0	431764.0	-0.009358232671564276	36964096.0	58262581.0	457675.0
28	5.08	15.0	432276.0	-0.00936932997270064	40968158.0	62424162.0	490398.0
28	5.08	16.0	430796.0	-0.009337251836603338	44970138.0	66585638.0	523226.0
28	5.08	17.0	432365.0	-0.009371258995749733	48972744.0	70747198.0	555970.0
28	5.08	18.0	431634.0	-0.00935541499744762	52975135.0	74908275.0	589197.0
28	5.08	19.0	432978.0	-0.009384545412930574	56977041.0	79069578.0	622198.0
28	5.08	20.0	432022.0	-0.009363824670965021	60978431.0	83230916.0	655164.0
28	5.08	21.0	432068.0	-0.00936482169411399	64981185.0	87392521.0	687863.0
28	5.08	22.0	433181.0	-0.009388945319435814	68983242.0	91554056.0	720632.0
28	5.08	23.0	432474.0	-0.009373621507124468	72986101.0	95715454.0	753538.0
28	5.08	24.0	432381.0	-0.009371605786410246	76988491.0	99877081.0	786215.0
28	5.08	25.0	433240.0	-0.009390224109996449	80991389.0	104039008.0	818592.0
28	5.08	26.0	432738.0	-0.009379343553022905	84993927.0	108200523.0	851381.0
28	5.08	27.0	431744.0	-0.009357799183238636	88996667.0	112362037.0	884171.0
28	5.08	28.0	432923.0	-0.009383353320035067	92999174.0	116523243.0	917269.0
28	5.08	29.0	431921.0	-0.009361635554920544	97001578.0	120684923.0	949893.0
28	5.08	30.0	431475.0	-0.009351968765258789	101004334.0	124846558.0	982562.0
28	5.08	31.0	431957.0	-0.009362415833906694	105006500.0	129008125.0	1015299.0
28	5.08	32.0	431714.0	-0.009357148950750177	109009354.0	133169281.0	1048447.0
28	5.08	33.0	431691.0	-0.009356650439175692	113013298.0	137330739.0	1081293.0
28	5.08	34.0	432251.0	-0.00936878811229359	117015933.0	141492267.0	1114069.0
28	5.08	35.0	431661.0	-0.009356000206687233	121018941.0	145653849.0	1146791.0
28	5.08	36.0	432717.0	-0.009378888390280983	125021846.0	149815445.0	1179499.0
28	5.08	37.0	432441.0	-0.009372906251387163	129024613.0	153976641.0	1212607.0
28	5.08	38.0	431388.0	-0.00935008309104226	133028034.0	158138076.0	1245476.0
28	5.08	39.0	431944.0	-0.009362134066495028	137030659.0	162299868.0	1277988.0
28	5.08	40.0	432476.0	-0.009373664855957031	141032903.0	166461561.0	1310599.0
28	5.08	41.0	431717.0	-0.009357213973999023	145035821.0	170623139.0	1343325.0
28	5.08	42.0	431115.0	-0.009344165975397284	149038671.0	174784703.0	1376065.0
28	5.08	43.0	430963.0	-0.009340871464122425	153041571.0	178946213.0	1408859.0
28	5.08	44.0	432635.0	-0.009377111088145863	157043420.0	183107625.0	1441751.0
28	5.08	45.0	432916.0	-0.009383201599121094	161045145.0	187268932.0	1474748.0
28	5.08	46.0	432257.0	-0.009368918158791283	165047543.0	191430232.0	1507752.0
28	5.08	47.0	431854.0	-0.009360183369029652	169050856.0	195591643.0	1540645.0
28	5.08	48.0	432933.0	-0.009383570064197887	173052893.0	199752766.0	1573826.0
28	5.08	49.0	431551.0	-0.009353616020896217	177055885.0	203914522.0	1606374.0
28	5.08	50.0	431519.0	-0.009352922439575195	181058130.0	208076045.0	1639155.0
28	5.08	51.0	432603.0	-0.00937641750682484	185060582.0	212237425.0	1672079.0
28	5.08	52.0	432983.0	-0.009384653785011986	189063540.0	216398985.0	1704823.0
28	5.08	53.0	432025.0	-0.009363889694213867	193066108.0	220560706.0	1737406.0
28	5.08	54.0	431671.0	-0.009356216950850054	197069038.0	224722492.0	1769924.0
28	5.08	55.0	431640.0	-0.009355545043945312	201072084.0	228884263.0	1802457.0
28	5.08	56.0	431945.0	-0.00936215574091131	205075078.0	233045442.0	1835582.0
28	5.08	57.0	432031.0	-0.00936401974071156	209077575.0	237206762.0	1868566.0
28	5.08	58.0	432237.0	-0.009368484670465643	213080245.0	241368422.0	1901210.0
28	5.08	59.0	431531.0	-0.00935318253257058	217083806.0	245530032.0	1933904.0
28	5.08	60.0	432020.0	-0.009363781322132458	221086691.0	249691634.0	1966606.0
28	5.08	61.0	432905.0	-0.009382963180541992	225088793.0	253853054.0	1999490.0
28	5.08	62.0	432922.0	-0.009383331645618786	229091099.0	258014660.0	2032188.0
28	5.08	63.0	432675.0	-0.009377978064797142	233092851.0	262176046.0	2065106.0
28	5.08	64.0	432001.0	-0.0093633695082231	237095460.0	266337432.0	2098024.0
28	5.08	65.0	432145.0	-0.009366490624167702	241097177.0	270499050.0	2130710.0
28	5.08	66.0	430855.0	-0.009338530627163973	245099776.0	274660406.0	2163658.0
28	5.08	67.0	431780.0	-0.009358579462224787	249102198.0	278821909.0	2196459.0
28	5.08	68.0	431661.0	-0.009356000206687233	253105205.0	282983732.0	2228940.0
28	5.08	69.0	431985.0	-0.00936302271756259	257107889.0	287145166.0	2261810.0
28	5.08	70.0	431229.0	-0.009346636858853426	261110864.0	291306470.0	2294810.0
28	5.08	71.0	432146.0	-0.009366512298583984	265114807.0	295468189.0	2327395.0
28	5.08	72.0	431656.0	-0.009355891834605824	269118010.0	299630135.0	2359753.0
28	5.08	73.0	430385.0	-0.009328343651511452	273121318.0	303791578.0	2392614.0
28	5.08	74.0	432040.0	-0.009364214810458097	277124093.0	307953253.0	2425243.0
28	5.08	75.0	432032.0	-0.00936404141512784	281126521.0	312114636.0	2458164.0
28	5.08	76.0	431131.0	-0.009344512766057795	285129232.0	316276196.0	2490908.0
28	5.08	77.0	432325.0	-0.009370392019098455	289131869.0	320437692.0	2523716.0
28	5.08	78.0	432507.0	-0.009374336762861772	293134814.0	324599451.0	2556261.0
28	5.08	79.0	431596.0	-0.009354591369628906	297137319.0	328760905.0	2589111.0
28	5.08	80.0	432769.0	-0.009380015459927645	301139798.0	332922548.0	2621772.0
28	5.08	81.0	431910.0	-0.009361397136341442	305142248.0	337084210.0	2654414.0
28	5.08	82.0	431391.0	-0.009350148114291105	309145762.0	341245965.0	2686963.0
28	5.08	83.0	431794.0	-0.009358882904052734	313148241.0	345406969.0	2720263.0
28	5.08	84.0	432005.0	-0.009363456205888228	317151041.0	349568466.0	2753070.0
28	5.08	85.0	431800.0	-0.009359012950550426	321153324.0	353729807.0	2786033.0
28	5.08	86.0	431455.0	-0.00935153527693315	325156817.0	357891353.0	2818791.0
28	5.08	87.0	431477.0	-0.009352012114091353	329158841.0	362053044.0	2851404.0
28	5.08	88.0	431240.0	-0.009346875277432528	333161851.0	366214391.0	2884361.0
28	5.08	89.0	431788.0	-0.009358752857555042	337164738.0	370376057.0	2916999.0
28	5.08	90.0	431768.0	-0.009358319369229403	341167809.0	374537904.0	2949456.0
28	5.08	91.0	432553.0	-0.009375333786010742	345170839.0	378699599.0	2982065.0
28	5.08	92.0	430513.0	-0.009331117976795544	349173931.0	382861155.0	3014813.0
28	5.08	93.0	431828.0	-0.009359619834206322	353176796.0	387022615.0	3047657.0
28	5.08	94.0	432748.0	-0.009379560297185724	357179536.0	391184005.0	3080571.0
28	5.08	95.0	431356.0	-0.009349389509721235	361182194.0	395345386.0	3113494.0
28	5.08	96.0	432217.0	-0.009368051182140003	365185386.0	399506913.0	3146271.0
28	5.08	97.0	430936.0	-0.009340286254882812	369188926.0	403668765.0	3178723.0
28	5.08	98.0	431967.0	-0.009362632578069513	373191130.0	407830336.0	3211456.0
28	5.08	99.0	432484.0	-0.009373838251287287	377194391.0	411992061.0	3244035.0
28	5.08	100.0	432177.0	-0.009367184205488726	381197158.0	416153568.0	3276832.0
29	4.9399999999999995	1.0	19902754.0	-0.43138057535344904	198610.0	4161652.0	32652.0
29	4.9399999999999995	2.0	17256968.0	-0.3740347081964666	591434.0	8323446.0	65162.0
29	4.9399999999999995	3.0	14235522.0	-0.308546629819003	1307853.0	12485000.0	97912.0
29	4.9399999999999995	4.0	11132779.0	-0.2412964864210649	2478722.0	16646409.0	130807.0
29	4.9399999999999995	5.0	8260446.0	-0.17904034527865323	4183638.0	20807964.0	163556.0
29	4.9399999999999995	6.0	5810600.0	-0.1259413632479581	6433353.0	24969379.0	196445.0
29	4.9399999999999995	7.0	3846968.0	-0.08338078585537997	9190295.0	29130793.0	229335.0
29	4.9399999999999995	8.0	2386885.0	-0.051734339107166634	12377508.0	33292402.0	262030.0
29	4.9399999999999995	9.0	1396920.0	-0.030277425592595882	15901605.0	37453799.0	294937.0
29	4.9399999999999995	10.0	826505.0	-0.017914013429121536	19662970.0	41615506.0	327534.0
29	4.9399999999999995	11.0	554167.0	-0.012011246247725054	23564168.0	45777001.0	360343.0
29	4.9399999999999995	12.0	459720.0	-0.009964162653142756	27535082.0	49938418.0	393230.0
29	4.9399999999999995	13.0	436888.0	-0.00946929238059304	31526780.0	54099780.0	426172.0
29	4.9399999999999995	14.0	434607.0	-0.009419853037053888	35524066.0	58261192.0	459064.0
29	4.9399999999999995	15.0	433037.0	-0.009385824203491211	39522140.0	62422577.0	491983.0
29	4.9399999999999995	16.0	434737.0	-0.009422670711170544	43520142.0	66584107.0	524757.0
29	4.9399999999999995	17.0	434110.0	-0.009409080852161755	47517396.0	70745561.0	557607.0
29	4.9399999999999995	18.0	433703.0	-0.009400259364734997	51515292.0	74907315.0	590157.0
29	4.9399999999999995	19.0	433859.0	-0.009403640573674982	55513001.0	79069002.0	622774.0
29	4.9399999999999995	20.0	435183.0	-0.009432337500832298	59511161.0	83230662.0	655418.0
29	4.9399999999999995	21.0	434133.0	-0.009409579363736239	63508524.0	87392019.0	688365.0
29	4.9399999999999995	22.0	434083.0	-0.009408495642922142	67506577.0	91553678.0	721010.0
29	4.9399999999999995	23.0	434652.0	-0.009420828385786577	71503991.0	95715013.0	753979.0
29	4.9399999999999995	24.0	434391.0	-0.009415171363136986	75502737.0	99876908.0	786388.0
29	4.9399999999999995	25.0	433401.0	-0.009393713691017845	79499867.0	104038372.0	819228.0
29	4.9399999999999995	26.0	433469.0	-0.009395187551325018	83497554.0	108199970.0	851934.0
29	4.9399999999999995	27.0	434724.0	-0.009422388943758879	87495945.0	112361696.0	884512.0
29	4.9399999999999995	28.0	434897.0	-0.009426138617775658	91494127.0	116523420.0	917092.0
29	4.9399999999999995	29.0	434281.0	-0.00941278717734597	95492462.0	120684846.0	949970.0
29	4.9399999999999995	30.0	433623.0	-0.00939852541143244	99490482.0	124846399.0	982721.0
29	4.9399999999999995	31.0	434322.0	-0.00941367582841353	103489356.0	129007902.0	1015522.0
29	4.9399999999999995	32.0	433957.0	-0.009405764666470614	107487226.0	133169486.0	1048242.0
29	4.9399999999999995	33.0	435170.0	-0.009432055733420631	111484837.0	137330835.0	1081197.0
29	4.9399999999999995	34.0	433589.0	-0.009397788481278853	115482765.0	141492216.0	1114120.0
29	4.9399999999999995	35.0	433941.0	-0.009405417875810103	119481141.0	145653782.0	1146858.0
29	4.9399999999999995	36.0	434292.0	-0.009413025595925072	123479386.0	149815201.0	1179743.0
29	4.9399999999999995	37.0	433725.0	-0.0094007362018932	127478279.0	153976918.0	1212330.0
29	4.9399999999999995	38.0	434882.0	-0.009425813501531427	131476152.0	158138635.0	1244917.0
29	4.9399999999999995	39.0	435201.0	-0.009432727640325373	135473778.0	162299986.0	1277870.0
29	4.9399999999999995	40.0	434251.0	-0.009412136944857511	139471911.0	166461466.0	1310694.0
29	4.9399999999999995	41.0	433686.0	-0.009399890899658203	143470317.0	170623165.0	1343299.0
29	4.9399999999999995	42.0	434177.0	-0.009410533038052645	147467853.0	174784541.0	1376227.0
29	4.9399999999999995	43.0	433985.0	-0.009406371550126509	151465219.0	178945747.0	1409325.0
29	4.9399999999999995	44.0	433838.0	-0.009403185410933062	155462993.0	183107341.0	1442035.0
29	4.9399999999999995	45.0	433841.0	-0.009403250434181908	159460601.0	187268779.0	1474901.0
29	4.9399999999999995	46.0	434149.0	-0.009409926154396751	163458752.0	191430190.0	1507794.0
29	4.9399999999999995	47.0	433933.0	-0.009405244480479847	167457304.0	195591852.0	1540436.0
29	4.9399999999999995	48.0	434498.0	-0.009417490525679155	171454828.0	199753510.0	1573082.0
29	4.9399999999999995	49.0	434060.0	-0.009407997131347656	175452652.0	203914903.0	1605993.0
29	4.9399999999999995	50.0	433718.0	-0.009400584480979225	179450285.0	208076367.0	1638833.0
29	4.9399999999999995	51.0	434181.0	-0.009410619735717773	183448777.0	212238348.0	1671156.0
29	4.9399999999999995	52.0	433667.0	-0.009399479085748846	187446276.0	216399723.0	1704085.0
29	4.9399999999999995	53.0	433460.0	-0.00939499248157848	191445179.0	220561303.0	1736809.0
29	4.9399999999999995	54.0	434116.0	-0.009409210898659447	195443266.0	224722900.0	1769516.0
29	4.9399999999999995	55.0	433931.0	-0.009405201131647284	199441392.0	228884667.0	1802053.0
29	4.9399999999999995	56.0	434473.0	-0.009416948665272106	203439133.0	233046242.0	1834782.0
29	4.9399999999999995	57.0	433213.0	-0.009389638900756836	207437816.0	237208022.0	1867306.0
29	4.9399999999999995	58.0	433433.0	-0.009394407272338867	211435597.0	241369753.0	1899879.0
29	4.9399999999999995	59.0	434512.0	-0.009417793967507103	215433736.0	245531336.0	1932600.0
29	4.9399999999999995	60.0	433586.0	-0.009397723458030006	219431661.0	249692799.0	1965441.0
29	4.9399999999999995	61.0	435139.0	-0.009431383826515892	223428970.0	253854275.0	1998269.0
29	4.9399999999999995	62.0	432986.0	-0.009384718808260832	227427379.0	258015969.0	2030879.0
29	4.9399999999999995	63.0	434444.0	-0.009416320107199928	231424836.0	262177461.0	2063691.0
29	4.9399999999999995	64.0	433830.0	-0.009403012015602806	235422714.0	266338939.0	2096517.0
29	4.9399999999999995	65.0	434227.0	-0.009411616758866743	239420207.0	270500185.0	2129575.0
29	4.9399999999999995	66.0	434434.0	-0.00941610336303711	243418212.0	274661680.0	2162384.0
29	4.9399999999999995	67.0	434534.0	-0.009418270804665306	247416437.0	278823525.0	2194843.0
29	4.9399999999999995	68.0	435265.0	-0.009434114802967419	251413794.0	282985301.0	2227371.0
29	4.9399999999999995	69.0	434072.0	-0.00940825722434304	255411955.0	287147050.0	2259926.0
29	4.9399999999999995	70.0	433762.0	-0.009401538155295631	259410323.0	291308398.0	2292882.0
29	4.9399999999999995	71.0	434346.0	-0.009414196014404297	263408707.0	295470042.0	2325542.0
29	4.9399999999999995	72.0	434010.0	-0.009406913410533558	267407115.0	299631446.0	2358442.0
29	4.9399999999999995	73.0	433933.0	-0.009405244480479847	271404658.0	303792441.0	2391751.0
29	4.9399999999999995	74.0	433149.0	-0.00938825173811479	275403078.0	307953946.0	2424550.0
29	4.9399999999999995	75.0	434683.0	-0.009421500292691317	279401381.0	312115889.0	2456911.0
29	4.9399999999999995	76.0	433244.0	-0.009390310807661577	283398930.0	316277215.0	2489889.0
29	4.9399999999999995	77.0	432747.0	-0.009379538622769442	287397055.0	320439010.0	2522398.0
29	4.9399999999999995	78.0	433293.0	-0.009391372854059393	291395335.0	324600632.0	2555080.0
29	4.9399999999999995	79.0	434761.0	-0.00942319089716131	295394389.0	328762744.0	2587272.0
29	4.9399999999999995	80.0	434993.0	-0.009428219361738726	299391546.0	332924177.0	2620143.0
29	4.9399999999999995	81.0	434194.0	-0.009410901503129438	303389128.0	337085556.0	2653068.0
29	4.9399999999999995	82.0	435497.0	-0.009439143267544832	307387832.0	341247103.0	2685825.0
29	4.9399999999999995	83.0	434139.0	-0.00940970941023393	311386497.0	345408571.0	2718661.0
29	4.9399999999999995	84.0	434732.0	-0.009422562339089134	315384610.0	349569832.0	2751704.0
29	4.9399999999999995	85.0	433472.0	-0.009395252574573864	319382402.0	353731523.0	2784317.0
29	4.9399999999999995	86.0	434347.0	-0.00941421768882058	323379842.0	357893052.0	2817092.0
29	4.9399999999999995	87.0	433778.0	-0.009401884945956144	327377837.0	362054528.0	2849920.0
29	4.9399999999999995	88.0	434081.0	-0.009408452294089577	331375712.0	366215959.0	2882793.0
29	4.9399999999999995	89.0	434170.0	-0.009410381317138672	335373953.0	370377765.0	2915291.0
29	4.9399999999999995	90.0	434089.0	-0.009408625689419832	339371855.0	374539172.0	2948188.0
29	4.9399999999999995	91.0	435480.0	-0.00943877480246804	343369839.0	378700850.0	2980814.0
29	4.9399999999999995	92.0	435083.0	-0.009430170059204102	347366785.0	382862164.0	3013804.0
29	4.9399999999999995	93.0	434459.0	-0.009416645223444159	351364229.0	387023609.0	3046663.0
29	4.9399999999999995	94.0	434814.0	-0.009424339641224255	355361986.0	391185119.0	3079457.0
29	4.9399999999999995	95.0	434301.0	-0.009413220665671608	359360240.0	395346924.0	3111956.0
29	4.9399999999999995	96.0	435042.0	-0.009429281408136541	363357359.0	399508492.0	3144692.0
29	4.9399999999999995	97.0	435769.0	-0.009445038708773527	367355129.0	403669954.0	3177534.0
29	4.9399999999999995	98.0	433870.0	-0.009403878992254084	371352263.0	407831281.0	3210511.0
29	4.9399999999999995	99.0	433858.0	-0.0094036188992587	375350612.0	411993061.0	3243035.0
29	4.9399999999999995	100.0	433578.0	-0.009397550062699751	379348579.0	416154594.0	3275806.0
30	4.8	1.0	20105157.0	-0.4357675422321666	179669.0	4161290.0	33014.0
30	4.8	2.0	17693871.0	-0.3835043256933039	530598.0	8322719.0	65889.0
30	4.8	3.0	14916705.0	-0.3233108737251975	1164645.0	12484322.0	98590.0
30	4.8	4.0	12010222.0	-0.2603145512667569	2201462.0	16645770.0	131446.0
30	4.8	5.0	9260385.0	-0.20071343942122025	3725386.0	20807343.0	164177.0
30	4.8	6.0	6830476.0	-0.14804658022793857	5759955.0	24968567.0	197257.0
30	4.8	7.0	4809350.0	-0.10423985394564542	8286224.0	29130145.0	229983.0
30	4.8	8.0	3208363.0	-0.06953939524563876	11244034.0	33291743.0	262689.0
30	4.8	9.0	2028098.0	-0.04395784031261097	14561931.0	37453386.0	295350.0
30	4.8	10.0	1238553.0	-0.026844913309270687	18158890.0	41614958.0	328082.0
30	4.8	11.0	773311.0	-0.016761064529418945	21948587.0	45776603.0	360741.0
30	4.8	12.0	545357.0	-0.011820294640280983	25856506.0	49937968.0	393680.0
30	4.8	13.0	461251.0	-0.009997346184470436	29822552.0	54099819.0	426133.0
30	4.8	14.0	440001.0	-0.009536764838478783	33809352.0	58261311.0	458945.0
30	4.8	15.0	436683.0	-0.009464849125255238	37801219.0	62422720.0	491840.0
30	4.8	16.0	437690.0	-0.009486675262451172	41794345.0	66584454.0	524410.0
30	4.8	17.0	436802.0	-0.009467428380792791	45786244.0	70745902.0	557266.0
30	4.8	18.0	438103.0	-0.009495626796375622	49779178.0	74907708.0	589764.0
30	4.8	19.0	436514.0	-0.009461186148903587	53771929.0	79069137.0	622639.0
30	4.8	20.0	437334.0	-0.009478959170254793	57764663.0	83230707.0	655373.0
30	4.8	21.0	436462.0	-0.009460059079256926	61757935.0	87392457.0	687927.0
30	4.8	22.0	435549.0	-0.009440270337191496	65751241.0	91553980.0	720708.0
30	4.8	23.0	436218.0	-0.009454770521684126	69744188.0	95715443.0	753549.0
30	4.8	24.0	437272.0	-0.009477615356445312	73736185.0	99876812.0	786484.0
30	4.8	25.0	436745.0	-0.00946619293906472	77728820.0	104038092.0	819508.0
30	4.8	26.0	436245.0	-0.009455355730923739	81721067.0	108199474.0	852430.0
30	4.8	27.0	437103.0	-0.00947395238009366	85714278.0	112361063.0	885145.0
30	4.8	28.0	436402.0	-0.009458758614280006	89707150.0	116522549.0	917963.0
30	4.8	29.0	437488.0	-0.009482297030362215	93699460.0	120683945.0	950871.0
30	4.8	30.0	436855.0	-0.009468577124855736	97692038.0	124845564.0	983556.0
30	4.8	31.0	436512.0	-0.009461142800071022	101684132.0	129006857.0	1016567.0
30	4.8	32.0	436341.0	-0.009457436474886808	105676200.0	133168229.0	1049499.0
30	4.8	33.0	435971.0	-0.009449416940862482	109669709.0	137329595.0	1082437.0
30	4.8	34.0	437473.0	-0.009481971914117987	113663288.0	141490999.0	1115337.0
30	4.8	35.0	436310.0	-0.009456764567982067	117656362.0	145652757.0	1147883.0
30	4.8	36.0	436608.0	-0.00946322354403409	121648583.0	149814334.0	1180610.0
30	4.8	37.0	436694.0	-0.00946508754383434	125641939.0	153976013.0	1213235.0
30	4.8	38.0	435842.0	-0.00944662094116211	129634957.0	158137617.0	1245935.0
30	4.8	39.0	437198.0	-0.009476011449640448	133627551.0	162299372.0	1278484.0
30	4.8	40.0	437093.0	-0.009473735635930841	137620446.0	166461038.0	1311122.0
30	4.8	41.0	435686.0	-0.009443239732222124	141613951.0	170622623.0	1343841.0
30	4.8	42.0	436251.0	-0.00945548577742143	145607559.0	174784452.0	1376316.0
30	4.8	43.0	436966.0	-0.009470982985063032	149600962.0	178946201.0	1408871.0
30	4.8	44.0	436458.0	-0.009459972381591797	153593205.0	183107648.0	1441728.0
30	4.8	45.0	435741.0	-0.009444431825117632	157586749.0	187269359.0	1474321.0
30	4.8	46.0	435919.0	-0.00944828987121582	161579324.0	191430735.0	1507249.0
30	4.8	47.0	436662.0	-0.009464393962513317	165571686.0	195592142.0	1540146.0
30	4.8	48.0	436508.0	-0.009461056102405895	169564601.0	199753424.0	1573168.0
30	4.8	49.0	437107.0	-0.009474039077758789	173558292.0	203915132.0	1605764.0
30	4.8	50.0	436047.0	-0.00945106419649991	177551191.0	208076506.0	1638694.0
30	4.8	51.0	437816.0	-0.009489406238902699	181544183.0	212238220.0	1671284.0
30	4.8	52.0	436803.0	-0.009467450055209074	185536785.0	216399624.0	1704184.0
30	4.8	53.0	436821.0	-0.009467840194702148	189529514.0	220561305.0	1736807.0
30	4.8	54.0	436069.0	-0.009451541033658114	193522218.0	224722790.0	1769626.0
30	4.8	55.0	436559.0	-0.009462161497636274	197515444.0	228884464.0	1802256.0
30	4.8	56.0	437260.0	-0.009477355263449928	201508505.0	233046088.0	1834936.0
30	4.8	57.0	437081.0	-0.009473475542935457	205501072.0	237207416.0	1867912.0
30	4.8	58.0	436966.0	-0.009470982985063032	209494336.0	241369241.0	1900391.0
30	4.8	59.0	436909.0	-0.009469747543334961	213486969.0	245530981.0	1932955.0
30	4.8	60.0	435964.0	-0.00944926521994851	217479782.0	249692627.0	1965613.0
30	4.8	61.0	436400.0	-0.009458715265447443	221472589.0	253854079.0	1998465.0
30	4.8	62.0	436980.0	-0.00947128642689098	225465081.0	258015478.0	2031370.0
30	4.8	63.0	437921.0	-0.009491682052612305	229457388.0	262177036.0	2064116.0
30	4.8	64.0	436387.0	-0.009458433498035778	233449462.0	266338163.0	2097293.0
30	4.8	65.0	436331.0	-0.009457219730723988	237442087.0	270499710.0	2130050.0
30	4.8	66.0	436395.0	-0.009458606893366034	241434752.0	274661317.0	2162747.0
30	4.8	67.0	437037.0	-0.009472521868619051	245427466.0	278823011.0	2195357.0
30	4.8	68.0	437192.0	-0.009475881403142756	249419722.0	282984303.0	2228369.0
30	4.8	69.0	435032.0	-0.009429064663973722	253414078.0	287145917.0	2261059.0
30	4.8	70.0	436962.0	-0.009470896287397905	257406852.0	291307379.0	2293901.0
30	4.8	71.0	436390.0	-0.009458498521284624	261399648.0	295468655.0	2326929.0
30	4.8	72.0	437185.0	-0.009475729682228783	265391940.0	299630006.0	2359882.0
30	4.8	73.0	437281.0	-0.00947781042619185	269385307.0	303791640.0	2392552.0
30	4.8	74.0	436884.0	-0.009469205682927912	273378023.0	307953276.0	2425220.0
30	4.8	75.0	436273.0	-0.009455962614579634	277370673.0	312114869.0	2457931.0
30	4.8	76.0	437457.0	-0.009481625123457476	281363312.0	316276249.0	2490855.0
30	4.8	77.0	437143.0	-0.00947481935674494	285356151.0	320437988.0	2523420.0
30	4.8	78.0	437520.0	-0.009482990611683239	289349026.0	324599175.0	2556537.0
30	4.8	79.0	436938.0	-0.009470376101407137	293341586.0	328760670.0	2589346.0
30	4.8	80.0	436566.0	-0.009462313218550249	297334415.0	332922338.0	2621982.0
30	4.8	81.0	436458.0	-0.009459972381591797	301327024.0	337084043.0	2654581.0
30	4.8	82.0	437530.0	-0.009483207355846058	305320073.0	341245891.0	2687037.0
30	4.8	83.0	436676.0	-0.009464697404341265	309313015.0	345407543.0	2719689.0
30	4.8	84.0	436201.0	-0.009454402056607332	313305930.0	349568841.0	2752695.0
30	4.8	85.0	437270.0	-0.009477572007612749	317299062.0	353730553.0	2785287.0
30	4.8	86.0	436380.0	-0.009458281777121803	321291619.0	357891867.0	2818277.0
30	4.8	87.0	436628.0	-0.00946365703235973	325284229.0	362053404.0	2851044.0
30	4.8	88.0	437037.0	-0.009472521868619051	329276781.0	366214904.0	2883848.0
30	4.8	89.0	437773.0	-0.009488474239002575	333268887.0	370376245.0	2916811.0
30	4.8	90.0	436303.0	-0.009456612847068092	337262064.0	374537963.0	2949397.0
30	4.8	91.0	437274.0	-0.009477658705277876	341255521.0	378699622.0	2982042.0
30	4.8	92.0	436964.0	-0.009470939636230469	345248225.0	382861357.0	3014611.0
30	4.8	93.0	435556.0	-0.009440422058105469	349241646.0	387022675.0	3047597.0
30	4.8	94.0	436319.0	-0.009456959637728605	353234822.0	391184012.0	3080564.0
30	4.8	95.0	435828.0	-0.009446317499334162	357227927.0	395345781.0	3113099.0
30	4.8	96.0	436757.0	-0.009466453032060103	361220163.0	399507251.0	3145933.0
30	4.8	97.0	436792.0	-0.009467211636629972	365213290.0	403668628.0	3178860.0
30	4.8	98.0	436759.0	-0.009466496380892668	369206536.0	407830439.0	3211353.0
30	4.8	99.0	436474.0	-0.009460319172252308	373200604.0	411992375.0	3243721.0
30	4.8	100.0	435390.0	-0.009436824105002663	377194072.0	416153666.0	3276734.0
31	4.66	1.0	20290291.0	-0.4397802136161111	162539.0	4161662.0	32642.0
31	4.66	2.0	18117968.0	-0.3926963806152344	473429.0	8323173.0	65435.0
31	4.66	3.0	15577034.0	-0.33762311935424805	1031389.0	12484613.0	98299.0
31	4.66	4.0	12886064.0	-0.2792979153719815	1941895.0	16646116.0	131100.0
31	4.66	5.0	10266625.0	-0.2225231040607799	3288224.0	20807523.0	163997.0
31	4.66	6.0	7881221.0	-0.17082086476412686	5110870.0	24968801.0	197023.0
31	4.66	7.0	5832835.0	-0.1264232938939875	7399249.0	29130286.0	229842.0
31	4.66	8.0	4133187.0	-0.08958441560918634	10116021.0	33292013.0	262419.0
31	4.66	9.0	2802375.0	-0.060739842328158294	13209413.0	37453532.0	295204.0
31	4.66	10.0	1819333.0	-0.039432980797507546	16610229.0	41614831.0	328209.0
31	4.66	11.0	1155111.0	-0.02503635666587136	20245156.0	45776591.0	360753.0
31	4.66	12.0	754002.0	-0.016342553225430576	24047111.0	49938137.0	393511.0
31	4.66	13.0	547934.0	-0.011876149611039595	27952240.0	54099848.0	426104.0
31	4.66	14.0	465502.0	-0.01008948412808505	31913261.0	58261534.0	458722.0
31	4.66	15.0	443768.0	-0.009618412364612926	35894209.0	62422950.0	491610.0
31	4.66	16.0	440048.0	-0.009537783536044035	39880560.0	66584597.0	524267.0
31	4.66	17.0	438969.0	-0.0095143968408758	43867338.0	70746242.0	556926.0
31	4.66	18.0	438323.0	-0.009500395167957653	47854837.0	74907541.0	589931.0
31	4.66	19.0	438717.0	-0.009508934887972746	51841964.0	79069169.0	622607.0
31	4.66	20.0	439178.0	-0.009518926793878729	55829661.0	83230876.0	655204.0
31	4.66	21.0	439921.0	-0.009535030885176226	59816825.0	87392366.0	688018.0
31	4.66	22.0	438543.0	-0.009505163539539684	63803897.0	91554278.0	720410.0
31	4.66	23.0	437858.0	-0.009490316564386541	67791953.0	95716005.0	752987.0
31	4.66	24.0	438793.0	-0.009510582143610174	71779806.0	99877645.0	785651.0
31	4.66	25.0	437569.0	-0.009484052658081055	75767686.0	104039308.0	818292.0
31	4.66	26.0	439102.0	-0.0095172795382413	79755830.0	108200988.0	850916.0
31	4.66	27.0	438638.0	-0.00950722260908647	83743018.0	112362238.0	883970.0
31	4.66	28.0	440362.0	-0.009544589302756569	87730458.0	116523421.0	917091.0
31	4.66	29.0	439030.0	-0.009515718980268999	91717987.0	120685308.0	949508.0
31	4.66	30.0	439783.0	-0.009532039815729315	95705187.0	124846701.0	982419.0
31	4.66	31.0	439217.0	-0.009519772096113726	99692319.0	129007976.0	1015448.0
31	4.66	32.0	438811.0	-0.009510972283103249	103679162.0	133169273.0	1048455.0
31	4.66	33.0	438935.0	-0.009513659910722212	107666932.0	137331043.0	1080989.0
31	4.66	34.0	438761.0	-0.009509888562289152	111655743.0	141492816.0	1113520.0
31	4.66	35.0	440349.0	-0.009544307535344904	115643463.0	145654426.0	1146214.0
31	4.66	36.0	438945.0	-0.009513876654885033	119630938.0	149815731.0	1179213.0
31	4.66	37.0	439046.0	-0.00951606577092951	123618774.0	153977398.0	1211850.0
31	4.66	38.0	438988.0	-0.009514808654785156	127607141.0	158138792.0	1244760.0
31	4.66	39.0	438887.0	-0.009512619538740679	131594245.0	162300304.0	1277552.0
31	4.66	40.0	440112.0	-0.009539170698686079	135581176.0	166461778.0	1310382.0
31	4.66	41.0	437791.0	-0.00948886437849565	139568080.0	170623133.0	1343331.0
31	4.66	42.0	438545.0	-0.009505206888372248	143555471.0	174784391.0	1376377.0
31	4.66	43.0	438740.0	-0.00950943339954723	147542730.0	178945737.0	1409335.0
31	4.66	44.0	439675.0	-0.009529698978770863	151529949.0	183107192.0	1442184.0
31	4.66	45.0	438678.0	-0.009508089585737749	155518049.0	187268792.0	1474888.0
31	4.66	46.0	439591.0	-0.009527878327803179	159506409.0	191430620.0	1507364.0
31	4.66	47.0	438939.0	-0.00951374660838734	163493331.0	195592386.0	1539902.0
31	4.66	48.0	438225.0	-0.00949827107516202	167480777.0	199753914.0	1572678.0
31	4.66	49.0	439208.0	-0.009519577026367188	171468596.0	203915714.0	1605182.0
31	4.66	50.0	439107.0	-0.00951738791032271	175456022.0	208077293.0	1637907.0
31	4.66	51.0	439077.0	-0.009516737677834251	179443856.0	212239057.0	1670447.0
31	4.66	52.0	440052.0	-0.009537870233709162	183430888.0	216400247.0	1703561.0
31	4.66	53.0	438536.0	-0.00950501181862571	187419249.0	220561814.0	1736298.0
31	4.66	54.0	439017.0	-0.009515437212857332	191406076.0	224723134.0	1769282.0
31	4.66	55.0	437973.0	-0.009492809122258966	195394109.0	228884848.0	1801872.0
31	4.66	56.0	438830.0	-0.009511384097012606	199381759.0	233046195.0	1834829.0
31	4.66	57.0	439177.0	-0.009518905119462446	203369412.0	237207617.0	1867711.0
31	4.66	58.0	439473.0	-0.009525320746681908	207357468.0	241369182.0	1900450.0
31	4.66	59.0	438829.0	-0.009511362422596325	211344179.0	245530845.0	1933091.0
31	4.66	60.0	439183.0	-0.009519035165960138	215331320.0	249692465.0	1965775.0
31	4.66	61.0	439838.0	-0.009533231908624823	219318241.0	253853537.0	1999007.0
31	4.66	62.0	438376.0	-0.009501543912020597	223305666.0	258015133.0	2031715.0
31	4.66	63.0	438488.0	-0.009503971446644176	227293561.0	262176476.0	2064676.0
31	4.66	64.0	439186.0	-0.009519100189208984	231281109.0	266337985.0	2097471.0
31	4.66	65.0	438080.0	-0.009495128284801136	235269066.0	270499479.0	2130281.0
31	4.66	66.0	439008.0	-0.009515242143110796	239256223.0	274661264.0	2162800.0
31	4.66	67.0	438559.0	-0.009505510330200195	243244286.0	278822658.0	2195710.0
31	4.66	68.0	440332.0	-0.00954393907026811	247231899.0	282984108.0	2228564.0
31	4.66	69.0	438052.0	-0.00949452140114524	251219131.0	287145827.0	2261149.0
31	4.66	70.0	437934.0	-0.00949196382002397	255206680.0	291307554.0	2293726.0
31	4.66	71.0	439587.0	-0.00952779163013805	259194629.0	295468871.0	2326713.0
31	4.66	72.0	439225.0	-0.009519945491443981	263181841.0	299630301.0	2359587.0
31	4.66	73.0	438424.0	-0.00950258428400213	267168416.0	303791689.0	2392503.0
31	4.66	74.0	438908.0	-0.0095130747014826	271155429.0	307953117.0	2425379.0
31	4.66	75.0	439435.0	-0.009524497118863192	275142779.0	312114471.0	2458329.0
31	4.66	76.0	438802.0	-0.009510777213356712	279130510.0	316275934.0	2491170.0
31	4.66	77.0	439087.0	-0.00951695442199707	283118249.0	320437457.0	2523951.0
31	4.66	78.0	439891.0	-0.009534380652687767	287105112.0	324599146.0	2556566.0
31	4.66	79.0	439121.0	-0.009517691352150658	291092646.0	328760681.0	2589335.0
31	4.66	80.0	439065.0	-0.009516477584838867	295079663.0	332922030.0	2622290.0
31	4.66	81.0	439378.0	-0.00952326167713512	299067113.0	337083517.0	2655107.0
31	4.66	82.0	439256.0	-0.009520617398348722	303054187.0	341244985.0	2687943.0
31	4.66	83.0	438703.0	-0.009508631446144798	307041339.0	345406494.0	2720738.0
31	4.66	84.0	438272.0	-0.009499289772727272	311028894.0	349568038.0	2753498.0
31	4.66	85.0	438647.0	-0.009507417678833008	315016103.0	353729291.0	2786549.0
31	4.66	86.0	437689.0	-0.00948665358803489	319003602.0	357891153.0	2818991.0
31	4.66	87.0	438311.0	-0.009500135074962269	322990570.0	362052832.0	2851616.0
31	4.66	88.0	439076.0	-0.009516716003417969	326978460.0	366214464.0	2884288.0
31	4.66	89.0	440059.0	-0.009538021954623136	330965256.0	370375803.0	2917253.0
31	4.66	90.0	438405.0	-0.009502172470092773	334952495.0	374537322.0	2950038.0
31	4.66	91.0	440453.0	-0.009546561674638228	338939316.0	378699015.0	2982649.0
31	4.66	92.0	439885.0	-0.009534250606190075	342926074.0	382860668.0	3015300.0
31	4.66	93.0	439741.0	-0.009531129490245472	346912892.0	387022061.0	3048211.0
31	4.66	94.0	438052.0	-0.00949452140114524	350900811.0	391183745.0	3080831.0
31	4.66	95.0	439022.0	-0.009515545584938744	354888127.0	395345267.0	3113613.0
31	4.66	96.0	438961.0	-0.009514223445545544	358875315.0	399506812.0	3146372.0
31	4.66	97.0	438413.0	-0.009502345865423029	362863087.0	403667970.0	3179518.0
31	4.66	98.0	439567.0	-0.00952735814181241	366850103.0	407829305.0	3212487.0
31	4.66	99.0	439978.0	-0.009536266326904297	370838081.0	411990909.0	3245187.0
31	4.66	100.0	439064.0	-0.009516455910422585	374825949.0	416152342.0	3278058.0
32	4.5200000000000005	1.0	20456835.0	-0.44338995760137384	147253.0	4161404.0	32900.0
32	4.5200000000000005	2.0	18502329.0	-0.4010271809317849	422720.0	8322868.0	65740.0
32	4.5200000000000005	3.0	16209257.0	-0.3513261838392778	910796.0	12484523.0	98389.0
32	4.5200000000000005	4.0	13735740.0	-0.2977141467007724	1706509.0	16645989.0	131227.0
32	4.5200000000000005	5.0	11276562.0	-0.24441289901733398	2889477.0	20807619.0	163901.0
32	4.5200000000000005	6.0	8985615.0	-0.19475796005942606	4504498.0	24969462.0	196362.0
32	4.5200000000000005	7.0	6951710.0	-0.15067425641146573	6556624.0	29130942.0	229186.0
32	4.5200000000000005	8.0	5201805.0	-0.11274608698758212	9022950.0	33292115.0	262317.0
32	4.5200000000000005	9.0	3759732.0	-0.08148999647660689	11862374.0	37453729.0	295007.0
32	4.5200000000000005	10.0	2617277.0	-0.05672795122320002	15026693.0	41614858.0	328182.0
32	4.5200000000000005	11.0	1762535.0	-0.03820191730152477	18457618.0	45776528.0	360816.0
32	4.5200000000000005	12.0	1165711.0	-0.02526610547846014	22095959.0	49938044.0	393604.0
32	4.5200000000000005	13.0	785124.0	-0.01701710440895774	25885840.0	54099731.0	426221.0
32	4.5200000000000005	14.0	573324.0	-0.012426463040438566	29776089.0	58261368.0	458888.0
32	4.5200000000000005	15.0	478963.0	-0.010381243445656517	33723136.0	62422780.0	491780.0
32	4.5200000000000005	16.0	448760.0	-0.009726611050692472	37695896.0	66584374.0	524490.0
32	4.5200000000000005	17.0	442640.0	-0.009593963623046875	41676398.0	70745724.0	557444.0
32	4.5200000000000005	18.0	441236.0	-0.009563532742587004	45657616.0	74907032.0	590440.0
32	4.5200000000000005	19.0	441896.0	-0.009577837857333097	49639179.0	79068458.0	623318.0
32	4.5200000000000005	20.0	441810.0	-0.009575973857532848	53620889.0	83230118.0	655962.0
32	4.5200000000000005	21.0	441798.0	-0.009575713764537464	57603267.0	87392147.0	688237.0
32	4.5200000000000005	22.0	442497.0	-0.009590864181518555	61585226.0	91553601.0	721087.0
32	4.5200000000000005	23.0	441094.0	-0.009560454975474964	65567279.0	95715377.0	753615.0
32	4.5200000000000005	24.0	441428.0	-0.00956769423051314	69549867.0	99877036.0	786260.0
32	4.5200000000000005	25.0	442421.0	-0.009589216925881126	73532270.0	104038646.0	818954.0
32	4.5200000000000005	26.0	441860.0	-0.009577057578346947	77514074.0	108200334.0	851570.0
32	4.5200000000000005	27.0	441960.0	-0.009579225019975142	81495664.0	112361670.0	884538.0
32	4.5200000000000005	28.0	442428.0	-0.0095893686467951	85477421.0	116523176.0	917336.0
32	4.5200000000000005	29.0	442579.0	-0.009592641483653675	89459129.0	120684917.0	949899.0
32	4.5200000000000005	30.0	441417.0	-0.009567455811934038	93440949.0	124846481.0	982639.0
32	4.5200000000000005	31.0	440880.0	-0.009555816650390625	97423333.0	129007986.0	1015438.0
32	4.5200000000000005	32.0	441841.0	-0.00957664576443759	101404875.0	133169387.0	1048341.0
32	4.5200000000000005	33.0	441793.0	-0.009575605392456055	105387065.0	137331047.0	1080985.0
32	4.5200000000000005	34.0	441225.0	-0.009563294324007902	109368577.0	141492589.0	1113747.0
32	4.5200000000000005	35.0	442524.0	-0.009591449390758167	113350618.0	145654317.0	1146323.0
32	4.5200000000000005	36.0	442097.0	-0.00958219441500577	117332387.0	149815860.0	1179084.0
32	4.5200000000000005	37.0	441336.0	-0.009565700184215199	121314247.0	153977370.0	1211878.0
32	4.5200000000000005	38.0	441412.0	-0.009567347439852629	125296651.0	158139113.0	1244439.0
32	4.5200000000000005	39.0	442376.0	-0.009588241577148438	129278272.0	162300534.0	1277322.0
32	4.5200000000000005	40.0	441503.0	-0.009569319811734285	133259645.0	166462166.0	1309994.0
32	4.5200000000000005	41.0	442077.0	-0.009581760926680132	137241338.0	170623793.0	1342671.0
32	4.5200000000000005	42.0	442951.0	-0.009600704366510565	141223024.0	174785388.0	1375380.0
32	4.5200000000000005	43.0	441550.0	-0.009570338509299538	145204630.0	178946903.0	1408169.0
32	4.5200000000000005	44.0	441456.0	-0.009568301114169035	149186227.0	183108356.0	1441020.0
32	4.5200000000000005	45.0	442201.0	-0.009584448554299095	153168672.0	187269920.0	1473760.0
32	4.5200000000000005	46.0	441730.0	-0.009574239904230291	157150940.0	191431339.0	1506645.0
32	4.5200000000000005	47.0	442508.0	-0.009591102600097656	161132263.0	195592639.0	1539649.0
32	4.5200000000000005	48.0	442041.0	-0.009580980647693981	165113585.0	199754024.0	1572568.0
32	4.5200000000000005	49.0	442264.0	-0.009585814042524858	169095376.0	203915830.0	1605066.0
32	4.5200000000000005	50.0	443229.0	-0.00960672985423695	173075736.0	208077234.0	1637966.0
32	4.5200000000000005	51.0	441539.0	-0.009570100090720436	177057613.0	212238862.0	1670642.0
32	4.5200000000000005	52.0	440194.0	-0.0095409480008212	181039822.0	216400344.0	1703464.0
32	4.5200000000000005	53.0	442534.0	-0.009591666134920988	185022031.0	220561919.0	1736193.0
32	4.5200000000000005	54.0	441605.0	-0.009571530602195046	189003821.0	224723755.0	1768661.0
32	4.5200000000000005	55.0	441614.0	-0.009571725671941584	192986011.0	228885624.0	1801096.0
32	4.5200000000000005	56.0	441337.0	-0.009565721858631481	196968095.0	233047367.0	1833657.0
32	4.5200000000000005	57.0	441946.0	-0.009578921578147194	200949771.0	237208849.0	1866479.0
32	4.5200000000000005	58.0	442658.0	-0.00959435376253995	204930694.0	241370363.0	1899269.0
32	4.5200000000000005	59.0	440719.0	-0.00955232706936923	208912450.0	245531558.0	1932378.0
32	4.5200000000000005	60.0	440760.0	-0.00955321572043679	212895781.0	249693137.0	1965103.0
32	4.5200000000000005	61.0	441899.0	-0.009577902880581942	216878468.0	253854476.0	1998068.0
32	4.5200000000000005	62.0	442543.0	-0.009591861204667524	220859892.0	258015922.0	2030926.0
32	4.5200000000000005	63.0	441863.0	-0.009577122601595793	224840975.0	262177384.0	2063768.0
32	4.5200000000000005	64.0	440136.0	-0.009539690884676847	228822905.0	266338881.0	2096575.0
32	4.5200000000000005	65.0	442411.0	-0.009589000181718306	232804543.0	270500399.0	2129361.0
32	4.5200000000000005	66.0	442190.0	-0.009584210135719994	236786039.0	274661865.0	2162199.0
32	4.5200000000000005	67.0	441477.0	-0.009568756276910955	240768238.0	278823358.0	2195010.0
32	4.5200000000000005	68.0	440565.0	-0.009548989209261808	244749652.0	282984620.0	2228052.0
32	4.5200000000000005	69.0	442713.0	-0.009595545855435457	248731690.0	287146116.0	2260860.0
32	4.5200000000000005	70.0	441373.0	-0.009566502137617632	252713620.0	291307569.0	2293711.0
32	4.5200000000000005	71.0	440933.0	-0.00955696539445357	256696113.0	295469276.0	2326308.0
32	4.5200000000000005	72.0	442043.0	-0.009581023996526545	260677079.0	299630703.0	2359185.0
32	4.5200000000000005	73.0	440278.0	-0.009542768651788885	264658970.0	303791955.0	2392237.0
32	4.5200000000000005	74.0	440973.0	-0.009557832371104847	268641418.0	307953882.0	2424614.0
32	4.5200000000000005	75.0	440694.0	-0.009551785208962181	272623680.0	312115326.0	2457474.0
32	4.5200000000000005	76.0	442541.0	-0.009591817855834961	276606733.0	316277255.0	2489849.0
32	4.5200000000000005	77.0	442837.0	-0.00959823348305442	280587908.0	320438779.0	2522629.0
32	4.5200000000000005	78.0	441445.0	-0.009568062695589933	284569806.0	324600575.0	2555137.0
32	4.5200000000000005	79.0	442814.0	-0.009597734971479937	288551250.0	328762285.0	2587731.0
32	4.5200000000000005	80.0	441940.0	-0.009578791531649504	292532310.0	332923925.0	2620395.0
32	4.5200000000000005	81.0	442194.0	-0.00958429683338512	296513966.0	337085447.0	2653177.0
32	4.5200000000000005	82.0	441695.0	-0.009573481299660423	300496253.0	341246891.0	2686037.0
32	4.5200000000000005	83.0	442192.0	-0.009584253484552557	304478646.0	345408572.0	2718660.0
32	4.5200000000000005	84.0	441821.0	-0.00957621227611195	308460327.0	349569965.0	2751571.0
32	4.5200000000000005	85.0	442461.0	-0.009590083902532404	312442956.0	353731860.0	2783980.0
32	4.5200000000000005	86.0	441987.0	-0.009579810229214754	316424205.0	357893502.0	2816642.0
32	4.5200000000000005	87.0	442046.0	-0.00958108901977539	320406641.0	362055204.0	2849244.0
32	4.5200000000000005	88.0	441347.0	-0.0095659386027943	324388654.0	366216808.0	2881944.0
32	4.5200000000000005	89.0	440740.0	-0.00955278223211115	328370780.0	370378245.0	2914811.0
32	4.5200000000000005	90.0	442213.0	-0.009584708647294478	332352209.0	374539697.0	2947663.0
32	4.5200000000000005	91.0	443619.0	-0.009615182876586914	336333590.0	378701054.0	2980610.0
32	4.5200000000000005	92.0	441680.0	-0.009573156183416193	340315399.0	382862615.0	3013353.0
32	4.5200000000000005	93.0	441631.0	-0.009572094137018377	344297520.0	387024080.0	3046192.0
32	4.5200000000000005	94.0	441111.0	-0.009560823440551758	348278514.0	391185407.0	3079169.0
32	4.5200000000000005	95.0	442612.0	-0.00959335673939098	352259948.0	395346708.0	3112172.0
32	4.5200000000000005	96.0	441897.0	-0.009577859531749378	356242049.0	399508265.0	3144919.0
32	4.5200000000000005	97.0	441594.0	-0.009571292183615944	360223886.0	403669998.0	3177490.0
32	4.5200000000000005	98.0	441080.0	-0.009560151533647017	364205007.0	407831349.0	3210443.0
32	4.5200000000000005	99.0	443177.0	-0.009605602784590288	368186577.0	411993400.0	3242696.0
32	4.5200000000000005	100.0	441671.0	-0.009572961113669655	372167826.0	416154556.0	3275844.0
33	4.38	1.0	20617841.0	-0.44687966866926715	132597.0	4161638.0	32666.0
33	4.38	2.0	18856727.0	-0.40870855071327905	376519.0	8322986.0	65622.0
33	4.38	3.0	16783834.0	-0.36377980492331763	803540.0	12484522.0	98390.0
33	4.38	4.0	14528399.0	-0.3148945678364147	1494884.0	16646014.0	131202.0
33	4.38	5.0	12246386.0	-0.26543326811356976	2527411.0	20807827.0	163693.0
33	4.38	6.0	10066162.0	-0.21817818554964932	3949104.0	24969139.0	196685.0
33	4.38	7.0	8080839.0	-0.1751474683934992	5774042.0	29130573.0	229555.0
33	4.38	8.0	6331866.0	-0.13723949952559036	7993113.0	33291968.0	262464.0
33	4.38	9.0	4835293.0	-0.1048021533272483	10576442.0	37453592.0	295144.0
33	4.38	10.0	3585219.0	-0.07770752906799316	13486240.0	41615225.0	327815.0
33	4.38	11.0	2580513.0	-0.05593111298301003	16679217.0	45776573.0	360771.0
33	4.38	12.0	1804087.0	-0.03910253264687278	20108442.0	49937943.0	393705.0
33	4.38	13.0	1243461.0	-0.026951291344382546	23726310.0	54099088.0	426864.0
33	4.38	14.0	863651.0	-0.018719131296331234	27486119.0	58260792.0	459464.0
33	4.38	15.0	633992.0	-0.013741406527432528	31345267.0	62422509.0	492051.0
33	4.38	16.0	511101.0	-0.011077815836126154	35268099.0	66583786.0	525078.0
33	4.38	17.0	461438.0	-0.010001399300315163	39226060.0	70745357.0	557811.0
33	4.38	18.0	447504.0	-0.009699387983842329	43197757.0	74906967.0	590505.0
33	4.38	19.0	444592.0	-0.009636272083629261	47172223.0	79068322.0	623454.0
33	4.38	20.0	444212.0	-0.009628035805442116	51147937.0	83229888.0	656192.0
33	4.38	21.0	443952.0	-0.009622400457208807	55124176.0	87391426.0	688958.0
33	4.38	22.0	444693.0	-0.009638461199673739	59100281.0	91553026.0	721662.0
33	4.38	23.0	445279.0	-0.009651162407614967	63076169.0	95714629.0	754363.0
33	4.38	24.0	443773.0	-0.009618520736694336	67052132.0	99875999.0	787297.0
33	4.38	25.0	444290.0	-0.00962972640991211	71027556.0	104037486.0	820114.0
33	4.38	26.0	443333.0	-0.009608983993530273	75003163.0	108198587.0	853317.0
33	4.38	27.0	444507.0	-0.009634429758245295	78979281.0	112360283.0	885925.0
33	4.38	28.0	444027.0	-0.009624026038429954	82955786.0	116521858.0	918654.0
33	4.38	29.0	444199.0	-0.00962775403803045	86931254.0	120683477.0	951339.0
33	4.38	30.0	445083.0	-0.009646914222023704	90907162.0	124845009.0	984111.0
33	4.38	31.0	445165.0	-0.009648691524158825	94882455.0	129006692.0	1016732.0
33	4.38	32.0	444544.0	-0.009635231711647728	98858656.0	133168596.0	1049132.0
33	4.38	33.0	444941.0	-0.009643836454911665	102834037.0	137330049.0	1081983.0
33	4.38	34.0	444736.0	-0.009639393199573864	106809513.0	141491488.0	1114848.0
33	4.38	35.0	444761.0	-0.009639935059980913	110784792.0	145652935.0	1147705.0
33	4.38	36.0	443974.0	-0.00962287729436701	114760929.0	149814537.0	1180407.0
33	4.38	37.0	444202.0	-0.009627819061279297	118737539.0	153976316.0	1212932.0
33	4.38	38.0	444695.0	-0.009638504548506304	122712686.0	158137536.0	1246016.0
33	4.38	39.0	444969.0	-0.00964444333856756	126688146.0	162299141.0	1278715.0
33	4.38	40.0	445064.0	-0.009646502408114347	130664125.0	166460828.0	1311332.0
33	4.38	41.0	444160.0	-0.009626908735795454	134639923.0	170622314.0	1344150.0
33	4.38	42.0	444616.0	-0.009636792269620028	138615566.0	174783625.0	1377143.0
33	4.38	43.0	445517.0	-0.009656320918690075	142591095.0	178945147.0	1409925.0
33	4.38	44.0	444013.0	-0.009623722596602007	146566451.0	183107042.0	1442334.0
33	4.38	45.0	444436.0	-0.009632890874689276	150542640.0	187268701.0	1474979.0
33	4.38	46.0	444709.0	-0.009638807990334251	154518141.0	191430011.0	1507973.0
33	4.38	47.0	444221.0	-0.009628230875188654	158493721.0	195591528.0	1540760.0
33	4.38	48.0	444379.0	-0.009631655432961204	162469672.0	199752740.0	1573852.0
33	4.38	49.0	444686.0	-0.009638309478759766	166445660.0	203914447.0	1606449.0
33	4.38	50.0	443870.0	-0.009620623155073687	170421532.0	208075844.0	1639356.0
33	4.38	51.0	443021.0	-0.009602221575650301	174397714.0	212237256.0	1672248.0
33	4.38	52.0	445446.0	-0.009654782035134056	178374006.0	216398846.0	1704962.0
33	4.38	53.0	444911.0	-0.009643186222423206	182349534.0	220560417.0	1737695.0
33	4.38	54.0	444919.0	-0.009643359617753462	186325420.0	224722405.0	1770011.0
33	4.38	55.0	444114.0	-0.009625911712646484	190301230.0	228883639.0	1803081.0
33	4.38	56.0	444525.0	-0.00963481989773837	194276838.0	233045392.0	1835632.0
33	4.38	57.0	444906.0	-0.009643077850341797	198251419.0	237206797.0	1868531.0
33	4.38	58.0	444732.0	-0.009639306501908735	202227153.0	241368213.0	1901419.0
33	4.38	59.0	444511.0	-0.009634516455910423	206202977.0	245529649.0	1934287.0
33	4.38	60.0	444990.0	-0.00964489850130948	210178948.0	249691313.0	1966927.0
33	4.38	61.0	444606.0	-0.009636575525457209	214154186.0	253852931.0	1999613.0
33	4.38	62.0	444228.0	-0.009628382596102629	218129820.0	258014272.0	2032576.0
33	4.38	63.0	444526.0	-0.009634841572154652	222105849.0	262175320.0	2065832.0
33	4.38	64.0	443509.0	-0.009612798690795898	226081024.0	266336688.0	2098768.0
33	4.38	65.0	444591.0	-0.00963625040921298	230056908.0	270498270.0	2131490.0
33	4.38	66.0	444895.0	-0.009642839431762695	234032972.0	274660028.0	2164036.0
33	4.38	67.0	443894.0	-0.009621143341064453	238009448.0	278821603.0	2196765.0
33	4.38	68.0	443943.0	-0.009622205387462269	241986419.0	282983520.0	2229152.0
33	4.38	69.0	443483.0	-0.009612235155972567	245962444.0	287144758.0	2262218.0
33	4.38	70.0	444923.0	-0.00964344631541859	249938011.0	291306227.0	2295053.0
33	4.38	71.0	445312.0	-0.009651877663352272	253913630.0	295468082.0	2327502.0
33	4.38	72.0	443560.0	-0.009613904086026278	257890106.0	299629605.0	2360283.0
33	4.38	73.0	445450.0	-0.009654868732799183	261865737.0	303791109.0	2393083.0
33	4.38	74.0	444012.0	-0.009623700922185724	265841374.0	307952518.0	2425978.0
33	4.38	75.0	443780.0	-0.009618672457608309	269817708.0	312113910.0	2458890.0
33	4.38	76.0	444369.0	-0.009631438688798384	273793472.0	316275399.0	2491705.0
33	4.38	77.0	444008.0	-0.009623614224520597	277769264.0	320436892.0	2524516.0
33	4.38	78.0	443858.0	-0.009620363062078302	281745690.0	324598445.0	2557267.0
33	4.38	79.0	445052.0	-0.009646242315118963	285721460.0	328760070.0	2589946.0
33	4.38	80.0	444404.0	-0.009632197293368254	289696679.0	332921423.0	2622897.0
33	4.38	81.0	446449.0	-0.009676521474664862	293672428.0	337082728.0	2655896.0
33	4.38	82.0	445588.0	-0.009657859802246094	297646517.0	341243864.0	2689064.0
33	4.38	83.0	445700.0	-0.009660287336869673	301621531.0	345405169.0	2722063.0
33	4.38	84.0	443044.0	-0.009602720087224787	305597729.0	349566539.0	2754997.0
33	4.38	85.0	444980.0	-0.009644681757146662	309573479.0	353728073.0	2787767.0
33	4.38	86.0	444853.0	-0.009641929106278853	313548947.0	357889798.0	2820346.0
33	4.38	87.0	444515.0	-0.00963460315357555	317525063.0	362051436.0	2853012.0
33	4.38	88.0	445544.0	-0.009656906127929688	321501117.0	366212903.0	2885849.0
33	4.38	89.0	445709.0	-0.009660482406616211	325476455.0	370374670.0	2918386.0
33	4.38	90.0	444110.0	-0.009625825014981356	329452338.0	374536222.0	2951138.0
33	4.38	91.0	443422.0	-0.009610913016579369	333427994.0	378697952.0	2983712.0
33	4.38	92.0	444920.0	-0.009643381292169744	337404480.0	382859665.0	3016303.0
33	4.38	93.0	445118.0	-0.009647672826593573	341379234.0	387021235.0	3049037.0
33	4.38	94.0	445004.0	-0.009645201943137428	345354624.0	391182821.0	3081755.0
33	4.38	95.0	445040.0	-0.009645982222123579	349329634.0	395344366.0	3114514.0
33	4.38	96.0	444330.0	-0.009630593386563387	353305467.0	399506070.0	3147114.0
33	4.38	97.0	444656.0	-0.009637659246271307	357280297.0	403667521.0	3179967.0
33	4.38	98.0	444724.0	-0.00963913310657848	361257298.0	407829396.0	3212396.0
33	4.38	99.0	446142.0	-0.0096698674288663	365232742.0	411990851.0	3245245.0
33	4.38	100.0	444831.0	-0.00964145226912065	369206999.0	416152397.0	3278003.0
34	4.24	1.0	20776614.0	-0.4503209807656028	118202.0	4161465.0	32839.0
34	4.24	2.0	19216571.0	-0.4165079593658447	331077.0	8322850.0	65758.0
34	4.24	3.0	17373223.0	-0.3765544674613259	697851.0	12484558.0	98354.0
34	4.24	4.0	15341407.0	-0.3325160416689786	1289400.0	16646056.0	131160.0
34	4.24	5.0	13230647.0	-0.2867665507576682	2176980.0	20807575.0	163945.0
34	4.24	6.0	11187238.0	-0.24247685345736417	3408673.0	24969322.0	196502.0
34	4.24	7.0	9278398.0	-0.2011038606817072	5004796.0	29131097.0	229031.0
34	4.24	8.0	7551292.0	-0.16366984627463602	6967130.0	33293180.0	261252.0
34	4.24	9.0	6017703.0	-0.1304301998832009	9279300.0	37454863.0	293873.0
34	4.24	10.0	4700310.0	-0.10187647559426048	11913659.0	41616636.0	326404.0
34	4.24	11.0	3586832.0	-0.07774248990145596	14839592.0	45778002.0	359342.0
34	4.24	12.0	2671866.0	-0.057911135933615944	18021353.0	49939735.0	391913.0
34	4.24	13.0	1955652.0	-0.04238761555064808	21417198.0	54101519.0	424433.0
34	4.24	14.0	1402276.0	-0.03039351376620206	24988265.0	58263332.0	456924.0
34	4.24	15.0	1001698.0	-0.021711219440806995	28697231.0	62424798.0	489762.0
34	4.24	16.0	736041.0	-0.015953259034590286	32511791.0	66586237.0	522627.0
34	4.24	17.0	575537.0	-0.012474428523670544	36397863.0	70747804.0	555364.0
34	4.24	18.0	490996.0	-0.010642051696777344	40329333.0	74909010.0	588462.0
34	4.24	19.0	458385.0	-0.00993522730740634	44287757.0	79070584.0	621192.0
34	4.24	20.0	447967.0	-0.009709423238580877	48254259.0	83232226.0	653854.0
34	4.24	21.0	447190.0	-0.009692582217129793	52223986.0	87393934.0	686450.0
34	4.24	22.0	448394.0	-0.009718678214333275	56192689.0	91555437.0	719251.0
34	4.24	23.0	448116.0	-0.00971265272660689	60162485.0	95716686.0	752306.0
34	4.24	24.0	448481.0	-0.009720563888549805	64132272.0	99878306.0	784990.0
34	4.24	25.0	448023.0	-0.009710637005892668	68101436.0	104039722.0	817878.0
34	4.24	26.0	446321.0	-0.00967374714938077	72070036.0	108201403.0	850501.0
34	4.24	27.0	447723.0	-0.00970413468100808	76038836.0	112362889.0	883319.0
34	4.24	28.0	447988.0	-0.009709878401322798	80007582.0	116524538.0	915974.0
34	4.24	29.0	447465.0	-0.009698542681607332	83977084.0	120686212.0	948604.0
34	4.24	30.0	447779.0	-0.009705348448319868	87946861.0	124847718.0	981402.0
34	4.24	31.0	447222.0	-0.009693275798450817	91916430.0	129009249.0	1014175.0
34	4.24	32.0	448408.0	-0.009718981656161222	95884217.0	133170682.0	1047046.0
34	4.24	33.0	448333.0	-0.009717356074940075	99853492.0	137332305.0	1079727.0
34	4.24	34.0	447076.0	-0.00969011133367365	103822937.0	141493831.0	1112505.0
34	4.24	35.0	447459.0	-0.009698412635109642	107792069.0	145655405.0	1145235.0
34	4.24	36.0	447472.0	-0.009698694402521307	111761335.0	149816729.0	1178215.0
34	4.24	37.0	447877.0	-0.009707472541115501	115731737.0	153978417.0	1210831.0
34	4.24	38.0	448179.0	-0.009714018214832653	119700499.0	158139934.0	1243618.0
34	4.24	39.0	448205.0	-0.009714581749655983	123669277.0	162301473.0	1276383.0
34	4.24	40.0	447079.0	-0.009690176356922497	127638757.0	166463141.0	1309019.0
34	4.24	41.0	447062.0	-0.009689807891845703	131608131.0	170624858.0	1341606.0
34	4.24	42.0	447770.0	-0.009705153378573332	135577474.0	174786370.0	1374398.0
34	4.24	43.0	447827.0	-0.009706388820301403	139546715.0	178947733.0	1407339.0
34	4.24	44.0	448441.0	-0.009719696911898527	143515914.0	183109151.0	1440225.0
34	4.24	45.0	448466.0	-0.009720238772305574	147484602.0	187270643.0	1473037.0
34	4.24	46.0	447402.0	-0.009697177193381569	151454047.0	191432072.0	1505912.0
34	4.24	47.0	448130.0	-0.009712956168434837	155422968.0	195593654.0	1538634.0
34	4.24	48.0	448107.0	-0.009712457656860352	159391754.0	199754919.0	1571673.0
34	4.24	49.0	448469.0	-0.00972030379555442	163361291.0	203916583.0	1604313.0
34	4.24	50.0	447777.0	-0.009705305099487305	167330915.0	208078119.0	1637081.0
34	4.24	51.0	448047.0	-0.009711157191883434	171299933.0	212239315.0	1670189.0
34	4.24	52.0	446856.0	-0.00968534296209162	175268898.0	216400557.0	1703251.0
34	4.24	53.0	446967.0	-0.009687748822298918	179237759.0	220562007.0	1736105.0
34	4.24	54.0	447234.0	-0.0096935358914462	183207188.0	224723688.0	1768728.0
34	4.24	55.0	447097.0	-0.009690566496415571	187176536.0	228885113.0	1801607.0
34	4.24	56.0	448347.0	-0.009717659516768022	191145527.0	233046720.0	1834304.0
34	4.24	57.0	446761.0	-0.009683283892544832	195114099.0	237208079.0	1867249.0
34	4.24	58.0	448591.0	-0.00972294807434082	199083254.0	241369422.0	1900210.0
34	4.24	59.0	447813.0	-0.009706085378473455	203051999.0	245531145.0	1932791.0
34	4.24	60.0	447619.0	-0.009701880541714754	207020686.0	249692772.0	1965468.0
34	4.24	61.0	448276.0	-0.009716120633212004	210989880.0	253854513.0	1998031.0
34	4.24	62.0	447579.0	-0.009701013565063477	214958879.0	258015990.0	2030858.0
34	4.24	63.0	448425.0	-0.009719350121238014	218928004.0	262177694.0	2063458.0
34	4.24	64.0	447891.0	-0.009707775982943449	222896418.0	266339383.0	2096073.0
34	4.24	65.0	447859.0	-0.009707082401622425	226865233.0	270501005.0	2128755.0
34	4.24	66.0	447875.0	-0.009707429192282936	230834753.0	274662804.0	2161260.0
34	4.24	67.0	448529.0	-0.00972160426053134	234803471.0	278824087.0	2194281.0
34	4.24	68.0	446972.0	-0.009687857194380327	238772737.0	282985707.0	2226965.0
34	4.24	69.0	449828.0	-0.009749759327281605	242741571.0	287147227.0	2259749.0
34	4.24	70.0	446447.0	-0.009676478125832298	246711373.0	291308758.0	2292522.0
34	4.24	71.0	447206.0	-0.009692929007790306	250680722.0	295469964.0	2325620.0
34	4.24	72.0	447615.0	-0.009701793844049627	254649790.0	299631451.0	2358437.0
34	4.24	73.0	447266.0	-0.009694229472767223	258617841.0	303792985.0	2391207.0
34	4.24	74.0	447380.0	-0.009696700356223366	262587714.0	307954176.0	2424320.0
34	4.24	75.0	447659.0	-0.009702747518366034	266556014.0	312115711.0	2457089.0
34	4.24	76.0	448397.0	-0.00971874323758212	270525306.0	316277334.0	2489770.0
34	4.24	77.0	447256.0	-0.009694012728604403	274495036.0	320438921.0	2522487.0
34	4.24	78.0	448812.0	-0.009727738120339134	278463937.0	324600543.0	2555169.0
34	4.24	79.0	448603.0	-0.009723208167336204	282432196.0	328762111.0	2587905.0
34	4.24	80.0	447212.0	-0.009693059054287996	286401013.0	332923394.0	2620926.0
34	4.24	81.0	446849.0	-0.009685191241177645	290370258.0	337085003.0	2653621.0
34	4.24	82.0	447705.0	-0.009703744541515003	294339436.0	341246620.0	2686308.0
34	4.24	83.0	447112.0	-0.009690891612659801	298307934.0	345407962.0	2719270.0
34	4.24	84.0	447111.0	-0.009690869938243519	302277646.0	349569813.0	2751723.0
34	4.24	85.0	447816.0	-0.009706150401722301	306247064.0	353731296.0	2784544.0
34	4.24	86.0	448441.0	-0.009719696911898527	310215723.0	357892811.0	2817333.0
34	4.24	87.0	447496.0	-0.009699214588512074	314184716.0	362054602.0	2849846.0
34	4.24	88.0	448128.0	-0.009712912819602272	318153594.0	366216134.0	2882618.0
34	4.24	89.0	447451.0	-0.009698239239779386	322122660.0	370378084.0	2914972.0
34	4.24	90.0	447054.0	-0.009689634496515448	326092108.0	374539550.0	2947810.0
34	4.24	91.0	447238.0	-0.009693622589111328	330062249.0	378701169.0	2980495.0
34	4.24	92.0	448065.0	-0.009711547331376509	334031500.0	382862793.0	3013175.0
34	4.24	93.0	447747.0	-0.009704654866998846	338000416.0	387024271.0	3046001.0
34	4.24	94.0	447448.0	-0.00969817421653054	341970084.0	391186115.0	3078461.0
34	4.24	95.0	448183.0	-0.00971410491249778	345938825.0	395347462.0	3111418.0
34	4.24	96.0	447580.0	-0.00970103523947976	349907689.0	399509142.0	3144042.0
34	4.24	97.0	448011.0	-0.009710376912897284	353876338.0	403670681.0	3176807.0
34	4.24	98.0	447791.0	-0.009705608541315252	357845371.0	407832197.0	3209595.0
34	4.24	99.0	448203.0	-0.00971453840082342	361815348.0	411993711.0	3242385.0
34	4.24	100.0	447428.0	-0.0096977407282049	365784522.0	416155375.0	3275025.0
35	4.1	1.0	20903978.0	-0.4530815211209384	106347.0	4161220.0	33084.0
35	4.1	2.0	19530172.0	-0.42330507798628375	292678.0	8322832.0	65776.0
35	4.1	3.0	17905563.0	-0.3880926262248646	606554.0	12484419.0	98493.0
35	4.1	4.0	16081142.0	-0.34854936599731445	1110701.0	16645605.0	131611.0
35	4.1	5.0	14166009.0	-0.3070399761199951	1869169.0	20807194.0	164326.0
35	4.1	6.0	12264043.0	-0.26581597328186035	2928417.0	24968573.0	197251.0
35	4.1	7.0	10466864.0	-0.22686316750266336	4315539.0	29129934.0	230194.0
35	4.1	8.0	8805962.0	-0.19086408615112305	6036955.0	33291551.0	262881.0
35	4.1	9.0	7297604.0	-0.15817130695689807	8083187.0	37453434.0	295302.0
35	4.1	10.0	5958659.0	-0.12915045564824884	10438639.0	41614870.0	328170.0
35	4.1	11.0	4786987.0	-0.10375514897433194	13078169.0	45776632.0	360712.0
35	4.1	12.0	3778807.0	-0.08190343596718529	15975606.0	49937983.0	393665.0
35	4.1	13.0	2931970.0	-0.06354873830621893	19103069.0	54099364.0	426588.0
35	4.1	14.0	2236685.0	-0.04847884178161621	22425994.0	58260605.0	459651.0
35	4.1	15.0	1684040.0	-0.0365005839954723	25917421.0	62422337.0	492223.0
35	4.1	16.0	1254461.0	-0.027189709923484108	29546997.0	66583754.0	525110.0
35	4.1	17.0	939239.0	-0.02035745707425204	33284829.0	70745177.0	557991.0
35	4.1	18.0	719491.0	-0.015594547445123846	37105775.0	74906625.0	590847.0
35	4.1	19.0	579762.0	-0.012566002932461824	40988703.0	79068035.0	623741.0
35	4.1	20.0	497717.0	-0.010787725448608398	44911862.0	83229510.0	656570.0
35	4.1	21.0	463773.0	-0.01005200906233354	48861529.0	87391080.0	689304.0
35	4.1	22.0	453424.0	-0.009827700528231535	52820605.0	91552661.0	722027.0
35	4.1	23.0	451347.0	-0.009782682765613903	56781967.0	95714027.0	754965.0
35	4.1	24.0	451546.0	-0.009786995974454012	60745074.0	99875883.0	787413.0
35	4.1	25.0	450711.0	-0.009768897836858576	64707649.0	104037286.0	820314.0
35	4.1	26.0	450651.0	-0.009767597371881659	68669492.0	108199094.0	852810.0
35	4.1	27.0	451782.0	-0.009792111136696556	72632292.0	112360541.0	885667.0
35	4.1	28.0	451082.0	-0.009776939045299183	76595008.0	116522064.0	918448.0
35	4.1	29.0	451678.0	-0.00978985699740323	80557228.0	120683821.0	950995.0
35	4.1	30.0	451213.0	-0.00977977839383212	84518760.0	124844888.0	984232.0
35	4.1	31.0	451128.0	-0.009777936068448153	88480419.0	129006298.0	1017126.0
35	4.1	32.0	450864.0	-0.009772214022549715	92441350.0	133167556.0	1050172.0
35	4.1	33.0	452065.0	-0.00979824499650435	96402868.0	137329152.0	1082880.0
35	4.1	34.0	451197.0	-0.009779431603171608	100365099.0	141490759.0	1115577.0
35	4.1	35.0	451166.0	-0.009778759696266869	104326657.0	145652375.0	1148265.0
35	4.1	36.0	451056.0	-0.009776375510475853	108288338.0	149813700.0	1181244.0
35	4.1	37.0	451386.0	-0.0097835280678489	112250103.0	153975154.0	1214094.0
35	4.1	38.0	452324.0	-0.009803858670321379	116212043.0	158136649.0	1246903.0
35	4.1	39.0	451282.0	-0.009781273928555574	120173538.0	162298172.0	1279684.0
35	4.1	40.0	450734.0	-0.009769396348433062	124136205.0	166459924.0	1312236.0
35	4.1	41.0	450784.0	-0.00977048006924716	128099331.0	170621406.0	1345058.0
35	4.1	42.0	450733.0	-0.009769374674016779	132061905.0	174782833.0	1377935.0
35	4.1	43.0	451246.0	-0.009780493649569426	136023895.0	178944597.0	1410475.0
35	4.1	44.0	451949.0	-0.009795730764215643	139985331.0	183106095.0	1443281.0
35	4.1	45.0	451054.0	-0.009776332161643288	143947551.0	187267759.0	1475921.0
35	4.1	46.0	450529.0	-0.009764953093095259	147909739.0	191429303.0	1508681.0
35	4.1	47.0	450757.0	-0.009769894860007546	151871793.0	195590587.0	1541701.0
35	4.1	48.0	451254.0	-0.009780667044899681	155833614.0	199752339.0	1574253.0
35	4.1	49.0	450787.0	-0.009770545092496004	159796543.0	203914024.0	1606872.0
35	4.1	50.0	450895.0	-0.009772885929454456	163758535.0	208075733.0	1639467.0
35	4.1	51.0	451023.0	-0.009775660254738548	167720867.0	212237075.0	1672429.0
35	4.1	52.0	451448.0	-0.00978487188165838	171683135.0	216398818.0	1704990.0
35	4.1	53.0	451351.0	-0.00978276946327903	175645053.0	220560514.0	1737598.0
35	4.1	54.0	450865.0	-0.009772235696965998	179607642.0	224722133.0	1770283.0
35	4.1	55.0	450314.0	-0.009760293093594637	183569760.0	228883534.0	1803186.0
35	4.1	56.0	450852.0	-0.009771953929554333	187531815.0	233045117.0	1835907.0
35	4.1	57.0	451411.0	-0.009784069928255949	191494282.0	237206870.0	1868458.0
35	4.1	58.0	451079.0	-0.009776874022050337	195457059.0	241368639.0	1900993.0
35	4.1	59.0	451538.0	-0.009786822579123756	199419383.0	245530030.0	1933906.0
35	4.1	60.0	451747.0	-0.009791352532126686	203380604.0	249691414.0	1966826.0
35	4.1	61.0	450371.0	-0.00976152853532271	207343006.0	253853152.0	1999392.0
35	4.1	62.0	450758.0	-0.009769916534423828	211305158.0	258014490.0	2032358.0
35	4.1	63.0	450780.0	-0.009770393371582031	215267360.0	262175806.0	2065346.0
35	4.1	64.0	451229.0	-0.009780125184492632	219229894.0	266337282.0	2098174.0
35	4.1	65.0	451162.0	-0.00977867299860174	223192615.0	270499059.0	2130701.0
35	4.1	66.0	450822.0	-0.009771303697065874	227155171.0	274660385.0	2163679.0
35	4.1	67.0	451103.0	-0.009777394208041105	231117093.0	278821984.0	2196384.0
35	4.1	68.0	450739.0	-0.009769504720514471	235079191.0	282983549.0	2229123.0
35	4.1	69.0	451260.0	-0.009780797091397371	239040692.0	287145323.0	2261653.0
35	4.1	70.0	450915.0	-0.009773319417780096	243003100.0	291307107.0	2294173.0
35	4.1	71.0	450563.0	-0.009765690023248846	246965487.0	295468707.0	2326877.0
35	4.1	72.0	451104.0	-0.009777415882457386	250928184.0	299630058.0	2359830.0
35	4.1	73.0	449810.0	-0.00974936918778853	254890239.0	303791709.0	2392483.0
35	4.1	74.0	451203.0	-0.0097795616496693	258851860.0	307953207.0	2425289.0
35	4.1	75.0	450805.0	-0.00977093523198908	262814592.0	312114609.0	2458191.0
35	4.1	76.0	451119.0	-0.009777740998701616	266776231.0	316276283.0	2490821.0
35	4.1	77.0	451741.0	-0.009791222485628996	270738894.0	320438007.0	2523401.0
35	4.1	78.0	451608.0	-0.009788339788263494	274700876.0	324599579.0	2556133.0
35	4.1	79.0	451096.0	-0.00977724248712713	278662760.0	328761408.0	2588608.0
35	4.1	80.0	451420.0	-0.009784264998002485	282624352.0	332922938.0	2621382.0
35	4.1	81.0	450877.0	-0.009772495789961382	286586340.0	337084405.0	2654219.0
35	4.1	82.0	450773.0	-0.009770241650668058	290548166.0	341245827.0	2687101.0
35	4.1	83.0	451832.0	-0.009793194857510653	294510027.0	345407288.0	2719944.0
35	4.1	84.0	450430.0	-0.009762807325883345	298472614.0	349568837.0	2752699.0
35	4.1	85.0	450884.0	-0.009772647510875355	302434442.0	353729996.0	2785844.0
35	4.1	86.0	450500.0	-0.009764324535023083	306396803.0	357891624.0	2818520.0
35	4.1	87.0	450741.0	-0.009769548069347034	310358981.0	362052824.0	2851624.0
35	4.1	88.0	452287.0	-0.009803056716918945	314321332.0	366214279.0	2884473.0
35	4.1	89.0	452325.0	-0.00980388034473766	318282238.0	370375892.0	2917164.0
35	4.1	90.0	450988.0	-0.009774901650168678	322243842.0	374537411.0	2949949.0
35	4.1	91.0	450222.0	-0.009758299047296698	326206140.0	378699034.0	2982630.0
35	4.1	92.0	450889.0	-0.009772755882956764	330168502.0	382860582.0	3015386.0
35	4.1	93.0	450488.0	-0.009764064442027699	334130239.0	387022086.0	3048186.0
35	4.1	94.0	451590.0	-0.009787949648770418	338091502.0	391183495.0	3081081.0
35	4.1	95.0	451156.0	-0.009778542952104048	342053386.0	395345175.0	3113705.0
35	4.1	96.0	452195.0	-0.009801062670621004	346015154.0	399506642.0	3146542.0
35	4.1	97.0	451171.0	-0.009778868068348278	349977170.0	403668149.0	3179339.0
35	4.1	98.0	451310.0	-0.00978188081221147	353940461.0	407830000.0	3211792.0
35	4.1	99.0	452389.0	-0.009805267507379705	357902192.0	411991717.0	3244379.0
35	4.1	100.0	451350.0	-0.009782747788862749	361864029.0	416153407.0	3276993.0
36	3.96	1.0	21043867.0	-0.4561135335402055	93443.0	4161672.0	32632.0
36	3.96	2.0	19840713.0	-0.43003587289289996	254035.0	8323046.0	65562.0
36	3.96	3.0	18406933.0	-0.398959528316151	521635.0	12484548.0	98364.0
36	3.96	4.0	16785344.0	-0.3638125332919034	947479.0	16645995.0	131221.0
36	3.96	5.0	15056960.0	-0.32635081898082385	1588652.0	20807769.0	163751.0
36	3.96	6.0	13322131.0	-0.28874941305680707	2487101.0	24969282.0	196542.0
36	3.96	7.0	11637957.0	-0.252245924689553	3673468.0	29130664.0	229464.0
36	3.96	8.0	10058071.0	-0.218002817847512	5161076.0	33291990.0	262442.0
36	3.96	9.0	8602291.0	-0.18644963611255994	6949293.0	37453514.0	295222.0
36	3.96	10.0	7281483.0	-0.1578218936920166	9024761.0	41615178.0	327862.0
36	3.96	11.0	6094822.0	-0.1321017091924494	11372823.0	45776519.0	360825.0
36	3.96	12.0	5036217.0	-0.1091570637442849	13973607.0	49938121.0	393527.0
36	3.96	13.0	4109584.0	-0.08907283436168324	16806381.0	54099430.0	426522.0
36	3.96	14.0	3313125.0	-0.07181005044416948	19848075.0	58261162.0	459094.0
36	3.96	15.0	2631891.0	-0.05704470114274458	23073575.0	62422527.0	492033.0
36	3.96	16.0	2060938.0	-0.04466962814331055	26461992.0	66584013.0	524851.0
36	3.96	17.0	1600125.0	-0.03468177535317161	29988794.0	70745700.0	557468.0
36	3.96	18.0	1235466.0	-0.026778004386208275	33628887.0	74907001.0	590471.0
36	3.96	19.0	958437.0	-0.020773562518033115	37363099.0	79068292.0	623484.0
36	3.96	20.0	756816.0	-0.01640354503284801	41170483.0	83229709.0	656371.0
36	3.96	21.0	617922.0	-0.013393098657781427	45031973.0	87391081.0	689303.0
36	3.96	22.0	525784.0	-0.011396061290394176	48934706.0	91552414.0	722274.0
36	3.96	23.0	477147.0	-0.010341882705688477	52868117.0	95713958.0	755034.0
36	3.96	24.0	460385.0	-0.009978576139970259	56817459.0	99875633.0	787663.0
36	3.96	25.0	456502.0	-0.009894414381547407	60770949.0	104037127.0	820473.0
36	3.96	26.0	454427.0	-0.00984943996776234	64725193.0	108198681.0	853223.0
36	3.96	27.0	453418.0	-0.009827570481733843	68680438.0	112360239.0	885969.0
36	3.96	28.0	454692.0	-0.009855183688077059	72636465.0	116521701.0	918811.0
36	3.96	29.0	454133.0	-0.009843067689375444	76591005.0	120683040.0	951776.0
36	3.96	30.0	454504.0	-0.009851108897816051	80544881.0	124844903.0	984217.0
36	3.96	31.0	453883.0	-0.009837649085304954	84499584.0	129006442.0	1016982.0
36	3.96	32.0	454937.0	-0.00986049392006614	88455172.0	133167979.0	1049749.0
36	3.96	33.0	455711.0	-0.009877269918268377	92409980.0	137329663.0	1082369.0
36	3.96	34.0	455726.0	-0.009877595034512606	96364944.0	141491300.0	1115036.0
36	3.96	35.0	454883.0	-0.009859323501586914	100319886.0	145653039.0	1147601.0
36	3.96	36.0	455392.0	-0.009870355779474432	104274173.0	149814712.0	1180232.0
36	3.96	37.0	454927.0	-0.00986027717590332	108229273.0	153976353.0	1212895.0
36	3.96	38.0	454629.0	-0.009853818199851296	112183746.0	158137613.0	1245939.0
36	3.96	39.0	453519.0	-0.00982975959777832	116137563.0	162298963.0	1278893.0
36	3.96	40.0	455248.0	-0.009867234663529829	120091867.0	166460827.0	1311333.0
36	3.96	41.0	454845.0	-0.0098584998737682	124046849.0	170622510.0	1343954.0
36	3.96	42.0	455130.0	-0.009864677082408558	128001532.0	174784126.0	1376642.0
36	3.96	43.0	454627.0	-0.009853774851018732	131955812.0	178945502.0	1409570.0
36	3.96	44.0	454429.0	-0.009849483316594904	135910222.0	183106887.0	1442489.0
36	3.96	45.0	455196.0	-0.009866107593883167	139864636.0	187268722.0	1474958.0
36	3.96	46.0	455278.0	-0.009867884896018288	143818900.0	191430334.0	1507650.0
36	3.96	47.0	453640.0	-0.009832382202148438	147774270.0	195591951.0	1540337.0
36	3.96	48.0	452850.0	-0.009815259413285688	151730080.0	199753574.0	1573018.0
36	3.96	49.0	454246.0	-0.009845516898415306	155684351.0	203915116.0	1605780.0
36	3.96	50.0	453933.0	-0.009838732806119051	159640135.0	208076631.0	1638569.0
36	3.96	51.0	455503.0	-0.00987276163968173	163594993.0	212238217.0	1671287.0
36	3.96	52.0	453406.0	-0.009827310388738459	167549412.0	216399599.0	1704209.0
36	3.96	53.0	453138.0	-0.009821501645174894	171504444.0	220560830.0	1737282.0
36	3.96	54.0	454702.0	-0.00985540043223988	175459280.0	224722517.0	1769899.0
36	3.96	55.0	453966.0	-0.009839448061856356	179414094.0	228884170.0	1802550.0
36	3.96	56.0	454798.0	-0.009857481176202948	183368937.0	233045855.0	1835169.0
36	3.96	57.0	454376.0	-0.00984833457253196	187323503.0	237207523.0	1867805.0
36	3.96	58.0	453872.0	-0.009837410666725853	191278219.0	241369091.0	1900541.0
36	3.96	59.0	454856.0	-0.009858738292347301	195233140.0	245530233.0	1933703.0
36	3.96	60.0	454533.0	-0.009851737455888228	199187671.0	249691783.0	1966457.0
36	3.96	61.0	453243.0	-0.009823777458884499	203142579.0	253853413.0	1999131.0
36	3.96	62.0	455331.0	-0.009869033640081232	207096954.0	258014810.0	2032038.0
36	3.96	63.0	454635.0	-0.009853948246348988	211052073.0	262176313.0	2064839.0
36	3.96	64.0	454791.0	-0.009857329455288973	215006077.0	266337872.0	2097584.0
36	3.96	65.0	454979.0	-0.009861404245549982	218960834.0	270499401.0	2130359.0
36	3.96	66.0	454413.0	-0.009849136525934393	222915860.0	274660819.0	2163245.0
36	3.96	67.0	454070.0	-0.009841702201149681	226870140.0	278822231.0	2196137.0
36	3.96	68.0	454711.0	-0.009855595501986418	230825850.0	282983712.0	2228960.0
36	3.96	69.0	453830.0	-0.00983650034124201	234780287.0	287145289.0	2261687.0
36	3.96	70.0	454895.0	-0.009859583594582298	238735387.0	291306896.0	2294384.0
36	3.96	71.0	454518.0	-0.009851412339643999	242688615.0	295468369.0	2327215.0
36	3.96	72.0	453969.0	-0.009839513085105202	246643178.0	299629812.0	2360076.0
36	3.96	73.0	453671.0	-0.009833054109053179	250598223.0	303791703.0	2392489.0
36	3.96	74.0	455096.0	-0.009863940152254972	254553734.0	307953306.0	2425190.0
36	3.96	75.0	455071.0	-0.009863398291847923	258508214.0	312114533.0	2458267.0
36	3.96	76.0	454519.0	-0.00985143401406028	262462597.0	316276037.0	2491067.0
36	3.96	77.0	455563.0	-0.009874062104658647	266416903.0	320437327.0	2524081.0
36	3.96	78.0	453606.0	-0.00983164527199485	270370975.0	324598854.0	2556858.0
36	3.96	79.0	454440.0	-0.009849721735174006	274326009.0	328760616.0	2589400.0
36	3.96	80.0	454765.0	-0.009856765920465643	278280912.0	332922191.0	2622129.0
36	3.96	81.0	453652.0	-0.009832642295143822	282235524.0	337083714.0	2654910.0
36	3.96	82.0	454653.0	-0.009854338385842064	286190769.0	341245368.0	2687560.0
36	3.96	83.0	453411.0	-0.009827418760819868	290146508.0	345406807.0	2720425.0
36	3.96	84.0	454599.0	-0.009853167967362837	294100976.0	349568024.0	2753512.0
36	3.96	85.0	454596.0	-0.00985310294411399	298055540.0	353729654.0	2786186.0
36	3.96	86.0	455695.0	-0.009876923127607866	302009962.0	357891313.0	2818831.0
36	3.96	87.0	455846.0	-0.009880195964466442	305964711.0	362053149.0	2851299.0
36	3.96	88.0	455082.0	-0.009863636710427025	309918997.0	366214664.0	2884088.0
36	3.96	89.0	454778.0	-0.009857047687877308	313873840.0	370376386.0	2916670.0
36	3.96	90.0	453052.0	-0.009819637645374645	317828206.0	374537762.0	2949598.0
36	3.96	91.0	454594.0	-0.009853059595281427	321783067.0	378699285.0	2982379.0
36	3.96	92.0	454139.0	-0.009843197735873136	325737555.0	382860769.0	3015199.0
36	3.96	93.0	454194.0	-0.009844389828768644	329692959.0	387022554.0	3047718.0
36	3.96	94.0	454705.0	-0.009855465455488726	333647745.0	391184051.0	3080525.0
36	3.96	95.0	455224.0	-0.009866714477539062	337602301.0	395345691.0	3113189.0
36	3.96	96.0	454122.0	-0.009842829270796343	341556906.0	399506974.0	3146210.0
36	3.96	97.0	453890.0	-0.009837800806218927	345511652.0	403668433.0	3179055.0
36	3.96	98.0	453760.0	-0.009834983132102272	349466970.0	407829787.0	3212005.0
36	3.96	99.0	454930.0	-0.009860342199152166	353421787.0	411991561.0	3244535.0
36	3.96	100.0	454899.0	-0.009859670292247425	357376478.0	416152826.0	3277574.0
37	3.8200000000000003	1.0	21167811.0	-0.4587999473918568	82353.0	4161337.0	32967.0
37	3.8200000000000003	2.0	20124114.0	-0.4361784241416238	219858.0	8323016.0	65592.0
37	3.8200000000000003	3.0	18882189.0	-0.4092604247006503	444327.0	12484334.0	98578.0
37	3.8200000000000003	4.0	17467138.0	-0.3785900202664462	798514.0	16646078.0	131138.0
37	3.8200000000000003	5.0	15935660.0	-0.3453961285677823	1328629.0	20807418.0	164102.0
37	3.8200000000000003	6.0	14354861.0	-0.31113323298367584	2079049.0	24969203.0	196621.0
37	3.8200000000000003	7.0	12800375.0	-0.27744065631519665	3079672.0	29130870.0	229258.0
37	3.8200000000000003	8.0	11322555.0	-0.24540977044539017	4345916.0	33292361.0	262071.0
37	3.8200000000000003	9.0	9929468.0	-0.21521542289040305	5882192.0	37454009.0	294727.0
37	3.8200000000000003	10.0	8646383.0	-0.18740530447526413	7686337.0	41615484.0	327556.0
37	3.8200000000000003	11.0	7479594.0	-0.16211583397605203	9742254.0	45776893.0	360451.0
37	3.8200000000000003	12.0	6410522.0	-0.13894432241266425	12043834.0	49938377.0	393271.0
37	3.8200000000000003	13.0	5455728.0	-0.1182497197931463	14567961.0	54099822.0	426130.0
37	3.8200000000000003	14.0	4599474.0	-0.09969091415405273	17301346.0	58261357.0	458899.0
37	3.8200000000000003	15.0	3836426.0	-0.08315229415893555	20225087.0	62422803.0	491757.0
37	3.8200000000000003	16.0	3171480.0	-0.06873997774991122	23319577.0	66584160.0	524704.0
37	3.8200000000000003	17.0	2592346.0	-0.056187586350874466	26570553.0	70745820.0	557348.0
37	3.8200000000000003	18.0	2104974.0	-0.04562408273870295	29955865.0	74907316.0	590156.0
37	3.8200000000000003	19.0	1693624.0	-0.03670831160111861	33462945.0	79069057.0	622719.0
37	3.8200000000000003	20.0	1358720.0	-0.029449462890625	37070868.0	83230213.0	655867.0
37	3.8200000000000003	21.0	1092378.0	-0.02367665550925515	40763178.0	87391819.0	688565.0
37	3.8200000000000003	22.0	883838.0	-0.019156672737815163	44525655.0	91553494.0	721194.0
37	3.8200000000000003	23.0	727250.0	-0.015762719241055576	48344845.0	95715190.0	753802.0
37	3.8200000000000003	24.0	610279.0	-0.013227441094138405	52207524.0	99876600.0	786696.0
37	3.8200000000000003	25.0	529677.0	-0.011480439792979847	56105054.0	104037987.0	819613.0
37	3.8200000000000003	26.0	483310.0	-0.010475462133234198	60029108.0	108199645.0	852259.0
37	3.8200000000000003	27.0	466487.0	-0.01011083342812278	63968346.0	112361094.0	885114.0
37	3.8200000000000003	28.0	460588.0	-0.009982976046475496	67912196.0	116522491.0	918021.0
37	3.8200000000000003	29.0	458740.0	-0.009942921725186434	71858095.0	120683996.0	950820.0
37	3.8200000000000003	30.0	458659.0	-0.009941166097467596	75804368.0	124845519.0	983601.0
37	3.8200000000000003	31.0	458211.0	-0.009931455958973278	79750834.0	129006784.0	1016640.0
37	3.8200000000000003	32.0	459409.0	-0.009957421909679066	83696474.0	133168505.0	1049223.0
37	3.8200000000000003	33.0	457372.0	-0.009913271123712713	87644015.0	137330208.0	1081824.0
37	3.8200000000000003	34.0	456712.0	-0.00989896600896662	91590589.0	141491937.0	1114399.0
37	3.8200000000000003	35.0	458295.0	-0.009933276609940962	95536539.0	145653440.0	1147200.0
37	3.8200000000000003	36.0	459266.0	-0.009954322468150745	99483509.0	149814958.0	1179986.0
37	3.8200000000000003	37.0	458357.0	-0.009934620423750444	103429621.0	153976201.0	1213047.0
37	3.8200000000000003	38.0	458486.0	-0.009937416423450817	107376550.0	158137850.0	1245702.0
37	3.8200000000000003	39.0	458397.0	-0.009935487400401722	111323288.0	162299422.0	1278434.0
37	3.8200000000000003	40.0	456950.0	-0.009904124520041725	115269988.0	166461289.0	1310871.0
37	3.8200000000000003	41.0	458627.0	-0.009940472516146574	119216430.0	170622893.0	1343571.0
37	3.8200000000000003	42.0	459050.0	-0.009949640794233843	123163413.0	174784352.0	1376416.0
37	3.8200000000000003	43.0	459205.0	-0.009953000328757546	127109056.0	178945883.0	1409189.0
37	3.8200000000000003	44.0	458782.0	-0.009943832050670277	131055798.0	183107643.0	1441733.0
37	3.8200000000000003	45.0	457982.0	-0.009926492517644709	135001806.0	187269053.0	1474627.0
37	3.8200000000000003	46.0	458508.0	-0.00993789326060902	138948733.0	191430777.0	1507207.0
37	3.8200000000000003	47.0	457483.0	-0.009915676983920011	142896017.0	195592544.0	1539744.0
37	3.8200000000000003	48.0	458564.0	-0.009939107027920809	146842116.0	199754059.0	1572533.0
37	3.8200000000000003	49.0	458109.0	-0.009929245168512518	150789397.0	203915744.0	1605152.0
37	3.8200000000000003	50.0	458876.0	-0.009945869445800781	154736303.0	208077229.0	1637971.0
37	3.8200000000000003	51.0	457910.0	-0.009924931959672407	158682476.0	212238759.0	1670745.0
37	3.8200000000000003	52.0	460082.0	-0.009972008791836824	162629456.0	216400144.0	1703664.0
37	3.8200000000000003	53.0	459045.0	-0.009949532422152433	166575158.0	220561776.0	1736336.0
37	3.8200000000000003	54.0	459160.0	-0.009952024980024858	170521102.0	224723363.0	1769053.0
37	3.8200000000000003	55.0	458522.0	-0.009938196702436968	174467878.0	228885047.0	1801673.0
37	3.8200000000000003	56.0	459382.0	-0.009956836700439453	178413919.0	233046675.0	1834349.0
37	3.8200000000000003	57.0	458048.0	-0.009927923029119318	182360457.0	237207973.0	1867355.0
37	3.8200000000000003	58.0	457595.0	-0.00991810451854359	186307354.0	241369416.0	1900216.0
37	3.8200000000000003	59.0	459286.0	-0.009954755956476385	190253837.0	245530622.0	1933314.0
37	3.8200000000000003	60.0	458326.0	-0.009933948516845703	194200644.0	249692218.0	1966022.0
37	3.8200000000000003	61.0	458760.0	-0.009943355213512074	198146725.0	253853626.0	1998918.0
37	3.8200000000000003	62.0	458251.0	-0.009932322935624556	202093521.0	258014986.0	2031862.0
37	3.8200000000000003	63.0	458937.0	-0.009947191585193981	206039839.0	262176811.0	2064341.0
37	3.8200000000000003	64.0	459530.0	-0.009960044514049183	209985892.0	266338132.0	2097324.0
37	3.8200000000000003	65.0	458544.0	-0.009938673539595171	213932889.0	270499888.0	2129872.0
37	3.8200000000000003	66.0	458101.0	-0.009929071773182262	217879094.0	274661383.0	2162681.0
37	3.8200000000000003	67.0	458501.0	-0.009937741539695046	221825668.0	278822958.0	2195410.0
37	3.8200000000000003	68.0	458431.0	-0.00993622433055531	225772772.0	282984527.0	2228145.0
37	3.8200000000000003	69.0	458321.0	-0.009933840144764294	229718242.0	287145926.0	2261050.0
37	3.8200000000000003	70.0	458518.0	-0.00993811000477184	233664726.0	291307814.0	2293466.0
37	3.8200000000000003	71.0	458474.0	-0.009937156330455433	237611057.0	295469457.0	2326127.0
37	3.8200000000000003	72.0	458877.0	-0.009945891120217064	241558210.0	299631189.0	2358699.0
37	3.8200000000000003	73.0	459142.0	-0.009951634840531782	245504728.0	303792737.0	2391455.0
37	3.8200000000000003	74.0	458807.0	-0.009944373911077326	249450406.0	307954086.0	2424410.0
37	3.8200000000000003	75.0	459475.0	-0.009958852421153675	253396966.0	312115796.0	2457004.0
37	3.8200000000000003	76.0	458726.0	-0.009942618283358488	257343838.0	316277583.0	2489521.0
37	3.8200000000000003	77.0	458539.0	-0.009938565167513761	261289949.0	320439121.0	2522287.0
37	3.8200000000000003	78.0	458799.0	-0.00994420051574707	265236872.0	324600669.0	2555043.0
37	3.8200000000000003	79.0	458566.0	-0.009939150376753374	269182345.0	328762315.0	2587701.0
37	3.8200000000000003	80.0	458588.0	-0.009939627213911577	273129044.0	332923915.0	2620405.0
37	3.8200000000000003	81.0	458830.0	-0.009944872422651812	277076678.0	337085488.0	2653136.0
37	3.8200000000000003	82.0	457569.0	-0.009917540983720259	281022688.0	341246741.0	2686187.0
37	3.8200000000000003	83.0	458206.0	-0.009931347586891869	284969274.0	345408357.0	2718875.0
37	3.8200000000000003	84.0	458846.0	-0.009945219213312323	288915656.0	349569746.0	2751790.0
37	3.8200000000000003	85.0	458238.0	-0.00993204116821289	292862532.0	353731262.0	2784578.0
37	3.8200000000000003	86.0	458346.0	-0.009934382005171343	296809170.0	357892618.0	2817526.0
37	3.8200000000000003	87.0	457748.0	-0.00992142070423473	300755365.0	362054005.0	2850443.0
37	3.8200000000000003	88.0	459090.0	-0.00995050777088512	304701336.0	366215415.0	2883337.0
37	3.8200000000000003	89.0	459252.0	-0.009954019026322798	308647652.0	370377179.0	2915877.0
37	3.8200000000000003	90.0	456768.0	-0.00990017977627841	312593314.0	374538534.0	2948826.0
37	3.8200000000000003	91.0	458062.0	-0.009928226470947266	316539378.0	378699770.0	2981894.0
37	3.8200000000000003	92.0	458814.0	-0.0099445256319913	320486269.0	382861658.0	3014310.0
37	3.8200000000000003	93.0	458666.0	-0.009941317818381569	324433609.0	387023287.0	3046985.0
37	3.8200000000000003	94.0	457593.0	-0.009918061169711027	328380522.0	391184874.0	3079702.0
37	3.8200000000000003	95.0	458329.0	-0.00993401354009455	332327116.0	395346692.0	3112188.0
37	3.8200000000000003	96.0	459119.0	-0.009951136328957298	336273282.0	399508033.0	3145151.0
37	3.8200000000000003	97.0	458311.0	-0.009933623400601473	340219883.0	403669548.0	3177940.0
37	3.8200000000000003	98.0	458028.0	-0.009927489540793678	344166645.0	407831539.0	3210253.0
37	3.8200000000000003	99.0	458099.0	-0.009929028424349699	348113609.0	411993349.0	3242747.0
37	3.8200000000000003	100.0	458059.0	-0.00992816144769842	352059568.0	416154918.0	3275482.0
38	3.6799999999999997	1.0	21280103.0	-0.46123381094499066	71858.0	4161833.0	32471.0
38	3.6799999999999997	2.0	20375523.0	-0.4416275674646551	189719.0	8323329.0	65279.0
38	3.6799999999999997	3.0	19300732.0	-0.4183320999145508	377863.0	12484658.0	98254.0
38	3.6799999999999997	4.0	18072074.0	-0.3917016549543901	672276.0	16646258.0	130958.0
38	3.6799999999999997	5.0	16729892.0	-0.36261064356023615	1109210.0	20807992.0	163528.0
38	3.6799999999999997	6.0	15324645.0	-0.3321527351032604	1729590.0	24969589.0	196235.0
38	3.6799999999999997	7.0	13921991.0	-0.30175102840770374	2560059.0	29131044.0	229084.0
38	3.6799999999999997	8.0	12552713.0	-0.2720727270299738	3622620.0	33292626.0	261806.0
38	3.6799999999999997	9.0	11259583.0	-0.2440448891032826	4925930.0	37453948.0	294788.0
38	3.6799999999999997	10.0	10040558.0	-0.21762323379516602	6467056.0	41615908.0	327132.0
38	3.6799999999999997	11.0	8906847.0	-0.1930507096377286	8240942.0	45777601.0	359743.0
38	3.6799999999999997	12.0	7862557.0	-0.17041633345864035	10241084.0	49939132.0	392516.0
38	3.6799999999999997	13.0	6898344.0	-0.14951757951216263	12454710.0	54100821.0	425131.0
38	3.6799999999999997	14.0	6017765.0	-0.13043154369701038	14870154.0	58262237.0	458019.0
38	3.6799999999999997	15.0	5218813.0	-0.1131147254597057	17475181.0	62423795.0	490765.0
38	3.6799999999999997	16.0	4495944.0	-0.0974469618363814	20256255.0	66585219.0	523645.0
38	3.6799999999999997	17.0	3849916.0	-0.08344468203457919	23198927.0	70746793.0	556375.0
38	3.6799999999999997	18.0	3273950.0	-0.07096095518632368	26286406.0	74908265.0	589207.0
38	3.6799999999999997	19.0	2763964.0	-0.05990730632435192	29507517.0	79069477.0	622299.0
38	3.6799999999999997	20.0	2317894.0	-0.050238999453457917	32848834.0	83231301.0	654779.0
38	3.6799999999999997	21.0	1931609.0	-0.04186649755998091	36294985.0	87392849.0	687535.0
38	3.6799999999999997	22.0	1605243.0	-0.03479270501570268	39836224.0	91554404.0	720284.0
38	3.6799999999999997	23.0	1332097.0	-0.028872424905950374	43457533.0	95716076.0	752916.0
38	3.6799999999999997	24.0	1105123.0	-0.023952895944768734	47147334.0	99877530.0	785766.0
38	3.6799999999999997	25.0	927061.0	-0.02009350603277033	50897591.0	104039308.0	818292.0
38	3.6799999999999997	26.0	784449.0	-0.01700247417796742	54694767.0	108200861.0	851043.0
38	3.6799999999999997	27.0	670797.0	-0.014539133418690075	58530808.0	112362420.0	883788.0
38	3.6799999999999997	28.0	577971.0	-0.012527184052900835	62400639.0	116523903.0	916609.0
38	3.6799999999999997	29.0	515306.0	-0.011168956756591797	66300476.0	120685134.0	949682.0
38	3.6799999999999997	30.0	480100.0	-0.010405887256969105	70221463.0	124846608.0	982512.0
38	3.6799999999999997	31.0	467512.0	-0.01013304970481179	74154025.0	129008282.0	1015142.0
38	3.6799999999999997	32.0	463484.0	-0.010045745156028053	78090135.0	133169866.0	1047862.0
38	3.6799999999999997	33.0	462856.0	-0.010032133622602983	82027935.0	137331616.0	1080416.0
38	3.6799999999999997	34.0	463026.0	-0.010035818273370916	85965588.0	141493124.0	1113212.0
38	3.6799999999999997	35.0	463593.0	-0.010048107667402788	89903879.0	145654647.0	1145993.0
38	3.6799999999999997	36.0	463371.0	-0.010043295946988192	93842234.0	149816230.0	1178714.0
38	3.6799999999999997	37.0	463113.0	-0.010037703947587446	97779951.0	153977448.0	1211800.0
38	3.6799999999999997	38.0	463271.0	-0.010041128505359997	101717942.0	158139052.0	1244500.0
38	3.6799999999999997	39.0	462498.0	-0.010024374181574041	105654950.0	162300718.0	1277138.0
38	3.6799999999999997	40.0	463137.0	-0.010038224133578215	109592185.0	166462070.0	1310090.0
38	3.6799999999999997	41.0	461934.0	-0.010012149810791016	113531124.0	170623753.0	1342711.0
38	3.6799999999999997	42.0	462073.0	-0.010015162554654207	117469408.0	174785027.0	1375741.0
38	3.6799999999999997	43.0	462674.0	-0.010028188878839666	121408001.0	178946791.0	1408281.0
38	3.6799999999999997	44.0	461793.0	-0.010009093718095259	125345331.0	183108237.0	1441139.0
38	3.6799999999999997	45.0	460838.0	-0.009988394650545988	129282960.0	187269770.0	1473910.0
38	3.6799999999999997	46.0	461694.0	-0.010006947950883345	133220793.0	191431333.0	1506651.0
38	3.6799999999999997	47.0	462078.0	-0.010015270926735619	137158934.0	195592905.0	1539383.0
38	3.6799999999999997	48.0	461512.0	-0.010003003207120028	141098428.0	199754768.0	1571824.0
38	3.6799999999999997	49.0	460318.0	-0.009977123954079369	145037126.0	203916330.0	1604566.0
38	3.6799999999999997	50.0	462550.0	-0.010025501251220703	148975923.0	208077707.0	1637493.0
38	3.6799999999999997	51.0	462878.0	-0.010032610459761187	152914115.0	212239150.0	1670354.0
38	3.6799999999999997	52.0	461751.0	-0.010008183392611418	156853040.0	216400734.0	1703074.0
38	3.6799999999999997	53.0	462964.0	-0.010034474459561434	160790762.0	220562204.0	1735908.0
38	3.6799999999999997	54.0	463497.0	-0.01004602692343972	164728077.0	224723721.0	1768695.0
38	3.6799999999999997	55.0	461708.0	-0.010007251392711292	168665436.0	228885307.0	1801413.0
38	3.6799999999999997	56.0	463071.0	-0.010036793622103605	172603088.0	233046840.0	1834184.0
38	3.6799999999999997	57.0	461793.0	-0.010009093718095259	176540549.0	237208450.0	1866878.0
38	3.6799999999999997	58.0	463200.0	-0.010039589621803978	180478226.0	241369878.0	1899754.0
38	3.6799999999999997	59.0	462394.0	-0.010022120042280718	184416196.0	245531927.0	1932009.0
38	3.6799999999999997	60.0	462735.0	-0.010029511018232866	188353378.0	249693392.0	1964848.0
38	3.6799999999999997	61.0	462562.0	-0.010025761344216087	192291534.0	253855121.0	1997423.0
38	3.6799999999999997	62.0	463200.0	-0.010039589621803978	196228512.0	258016617.0	2030231.0
38	3.6799999999999997	63.0	462906.0	-0.010033217343417082	200167047.0	262178158.0	2062994.0
38	3.6799999999999997	64.0	462156.0	-0.01001696153120561	204104655.0	266339839.0	2095617.0
38	3.6799999999999997	65.0	462179.0	-0.010017460042780096	208043466.0	270501324.0	2128436.0
38	3.6799999999999997	66.0	462735.0	-0.010029511018232866	211980590.0	274662540.0	2161524.0
38	3.6799999999999997	67.0	463399.0	-0.010043902830644087	215917532.0	278823917.0	2194451.0
38	3.6799999999999997	68.0	462565.0	-0.010025826367464933	219855011.0	282985632.0	2227040.0
38	3.6799999999999997	69.0	463302.0	-0.010041800412264738	223792557.0	287147354.0	2259622.0
38	3.6799999999999997	70.0	460843.0	-0.009988503022627397	227730680.0	291308780.0	2292500.0
38	3.6799999999999997	71.0	461994.0	-0.010013450275767933	231668307.0	295470216.0	2325368.0
38	3.6799999999999997	72.0	462816.0	-0.010031266645951704	235606478.0	299632038.0	2357850.0
38	3.6799999999999997	73.0	463421.0	-0.01004437966780229	239543962.0	303793411.0	2390781.0
38	3.6799999999999997	74.0	461883.0	-0.010011044415560636	243481612.0	307954730.0	2423766.0
38	3.6799999999999997	75.0	462366.0	-0.010021513158624823	247418826.0	312116294.0	2456506.0
38	3.6799999999999997	76.0	463404.0	-0.010044011202725496	251357706.0	316278121.0	2488983.0
38	3.6799999999999997	77.0	462986.0	-0.010034951296719637	255295432.0	320439753.0	2521655.0
38	3.6799999999999997	78.0	462086.0	-0.010015444322065874	259233263.0	324601305.0	2554407.0
38	3.6799999999999997	79.0	462626.0	-0.010027148506858131	263171805.0	328762993.0	2587023.0
38	3.6799999999999997	80.0	462898.0	-0.010033043948086824	267108618.0	332924471.0	2619849.0
38	3.6799999999999997	81.0	462876.0	-0.010032567110928621	271046263.0	337086236.0	2652388.0
38	3.6799999999999997	82.0	462808.0	-0.010031093250621449	274985247.0	341247803.0	2685125.0
38	3.6799999999999997	83.0	463806.0	-0.010052724318070845	278922604.0	345409256.0	2717976.0
38	3.6799999999999997	84.0	463101.0	-0.010037443854592064	282859394.0	349570639.0	2750897.0
38	3.6799999999999997	85.0	462242.0	-0.01001882553100586	286797160.0	353732419.0	2783421.0
38	3.6799999999999997	86.0	462317.0	-0.010020451112227007	290734759.0	357894000.0	2816144.0
38	3.6799999999999997	87.0	463531.0	-0.010046763853593306	294672086.0	362055540.0	2848908.0
38	3.6799999999999997	88.0	463472.0	-0.010045485063032671	298609828.0	366216844.0	2881908.0
38	3.6799999999999997	89.0	464516.0	-0.010068113153631037	302547537.0	370378089.0	2914967.0
38	3.6799999999999997	90.0	462808.0	-0.010031093250621449	306486066.0	374539814.0	2947546.0
38	3.6799999999999997	91.0	463166.0	-0.01003885269165039	310423320.0	378701243.0	2980421.0
38	3.6799999999999997	92.0	463227.0	-0.01004017483104359	314360977.0	382862596.0	3013372.0
38	3.6799999999999997	93.0	463467.0	-0.010045376690951261	318298748.0	387024281.0	3045991.0
38	3.6799999999999997	94.0	462223.0	-0.010018413717096502	322235300.0	391185653.0	3078923.0
38	3.6799999999999997	95.0	464071.0	-0.010058468038385565	326171686.0	395346916.0	3111964.0
38	3.6799999999999997	96.0	462206.0	-0.010018045252019709	330109532.0	399508677.0	3144507.0
38	3.6799999999999997	97.0	461954.0	-0.010012583299116655	334047660.0	403670195.0	3177293.0
38	3.6799999999999997	98.0	462110.0	-0.01001596450805664	337985382.0	407831604.0	3210188.0
38	3.6799999999999997	99.0	462329.0	-0.01002071120522239	341922585.0	411993002.0	3243094.0
38	3.6799999999999997	100.0	463220.0	-0.010040023110129616	345859791.0	416154201.0	3276199.0
39	3.54	1.0	21388448.0	-0.46358212557705963	61566.0	4161331.0	32973.0
39	3.54	2.0	20616256.0	-0.4468453147194602	160463.0	8322795.0	65813.0
39	3.54	3.0	19701413.0	-0.4270166267048229	316149.0	12484194.0	98718.0
39	3.54	4.0	18644457.0	-0.40410772236910736	555720.0	16645889.0	131327.0
39	3.54	5.0	17479436.0	-0.3788565722378818	910082.0	20807110.0	164410.0
39	3.54	6.0	16253308.0	-0.3522809635509144	1411120.0	24968437.0	197387.0
39	3.54	7.0	14996546.0	-0.3250413807955655	2089283.0	29130136.0	229992.0
39	3.54	8.0	13756209.0	-0.2981578003276478	2963489.0	33291778.0	262654.0
39	3.54	9.0	12557090.0	-0.27216759595004	4044679.0	37453466.0	295270.0
39	3.54	10.0	11407622.0	-0.24725354801524768	5340103.0	41614929.0	328111.0
39	3.54	11.0	10335743.0	-0.22402119636535645	6846057.0	45776885.0	360459.0
39	3.54	12.0	9330842.0	-0.20224055376919833	8558040.0	49938308.0	393340.0
39	3.54	13.0	8390205.0	-0.1818527958609841	10471336.0	54100147.0	425805.0
39	3.54	14.0	7521657.0	-0.16302752494812012	12573434.0	58261902.0	458354.0
39	3.54	15.0	6715756.0	-0.14556009119207208	14855584.0	62423663.0	490897.0
39	3.54	16.0	5977404.0	-0.1295567425814542	17307654.0	66585146.0	523718.0
39	3.54	17.0	5298604.0	-0.11484414880925958	19920331.0	70747091.0	556077.0
39	3.54	18.0	4674522.0	-0.10131753574718129	22679127.0	74908327.0	589145.0
39	3.54	19.0	4103851.0	-0.08894857493313876	25577393.0	79069994.0	621782.0
39	3.54	20.0	3592671.0	-0.07786904681812633	28602898.0	83231481.0	654599.0
39	3.54	21.0	3130706.0	-0.06785622510043057	31745366.0	87393047.0	687337.0
39	3.54	22.0	2717667.0	-0.058903845873746	34994213.0	91554656.0	720032.0
39	3.54	23.0	2348472.0	-0.0509017597545277	38339802.0	95716287.0	752705.0
39	3.54	24.0	2022373.0	-0.04383375427939675	41773501.0	99877832.0	785464.0
39	3.54	25.0	1736925.0	-0.03764683550054377	45286292.0	104039084.0	818516.0
39	3.54	26.0	1487415.0	-0.03223885189403187	48866974.0	108200787.0	851117.0
39	3.54	27.0	1271891.0	-0.027567494999278675	52510547.0	112362088.0	884120.0
39	3.54	28.0	1086135.0	-0.023541342128406872	56208898.0	116523650.0	916862.0
39	3.54	29.0	938689.0	-0.020345536145296963	59956545.0	120684877.0	949939.0
39	3.54	30.0	820918.0	-0.017792918465354225	63740334.0	124846439.0	982681.0
39	3.54	31.0	719596.0	-0.015596823258833452	67556908.0	129008279.0	1015145.0
39	3.54	32.0	628528.0	-0.013622977516867897	71401238.0	133169488.0	1048240.0
39	3.54	33.0	555200.0	-0.012033635919744318	75274952.0	137331187.0	1080845.0
39	3.54	34.0	507913.0	-0.011008717797019264	79172218.0	141492670.0	1113666.0
39	3.54	35.0	481935.0	-0.010445659810846502	83086534.0	145654138.0	1146502.0
39	3.54	36.0	471909.0	-0.01022835211320357	87008847.0	149815469.0	1179475.0
39	3.54	37.0	468768.0	-0.010160272771661932	90935705.0	153977012.0	1212236.0
39	3.54	38.0	467723.0	-0.010137623006647284	94862584.0	158138382.0	1245170.0
39	3.54	39.0	467305.0	-0.010128563100641424	98790474.0	162300057.0	1277799.0
39	3.54	40.0	466892.0	-0.010119611566716974	102719202.0	166461607.0	1310553.0
39	3.54	41.0	467258.0	-0.010127544403076172	106647130.0	170623003.0	1343461.0
39	3.54	42.0	467130.0	-0.010124770077792082	110575057.0	174784855.0	1375913.0
39	3.54	43.0	467538.0	-0.01013361323963512	114503695.0	178946593.0	1408479.0
39	3.54	44.0	466530.0	-0.010111765428022905	118432300.0	183108085.0	1441291.0
39	3.54	45.0	467978.0	-0.010143149982799183	122359912.0	187269513.0	1474167.0
39	3.54	46.0	468419.0	-0.010152708400379528	126287549.0	191430954.0	1507030.0
39	3.54	47.0	468390.0	-0.01015207984230735	130214459.0	195592543.0	1539745.0
39	3.54	48.0	466956.0	-0.01012099872935902	134142355.0	199753867.0	1572725.0
39	3.54	49.0	467065.0	-0.010123361240733753	138070618.0	203915313.0	1605583.0
39	3.54	50.0	467432.0	-0.010131315751509233	141997875.0	208076559.0	1638641.0
39	3.54	51.0	466959.0	-0.010121063752607866	145926150.0	212238287.0	1671217.0
39	3.54	52.0	467545.0	-0.010133764960549095	149855775.0	216399540.0	1704268.0
39	3.54	53.0	466189.0	-0.010104374452070757	153783392.0	220560918.0	1737194.0
39	3.54	54.0	466649.0	-0.010114344683560457	157712278.0	224722316.0	1770100.0
39	3.54	55.0	467390.0	-0.01013040542602539	161640738.0	228883772.0	1802948.0
39	3.54	56.0	467669.0	-0.010136452588168058	165568338.0	233045283.0	1835741.0
39	3.54	57.0	466433.0	-0.010109663009643555	169496510.0	237206428.0	1868900.0
39	3.54	58.0	468375.0	-0.010151754726063122	173424914.0	241367961.0	1901671.0
39	3.54	59.0	468000.0	-0.010143626819957386	177353371.0	245529437.0	1934499.0
39	3.54	60.0	467362.0	-0.010129798542369495	181281945.0	249691021.0	1967219.0
39	3.54	61.0	466823.0	-0.010118116031993519	185210113.0	253852371.0	2000173.0
39	3.54	62.0	466102.0	-0.010102488777854225	189138487.0	258013718.0	2033130.0
39	3.54	63.0	467401.0	-0.010130643844604492	193067291.0	262175117.0	2066035.0
39	3.54	64.0	467528.0	-0.010133396495472301	196995927.0	266336511.0	2098945.0
39	3.54	65.0	465702.0	-0.010093819011341442	200924331.0	270498163.0	2131597.0
39	3.54	66.0	467299.0	-0.010128433054143732	204852210.0	274659964.0	2164100.0
39	3.54	67.0	467540.0	-0.010133656588467684	208780252.0	278821592.0	2196776.0
39	3.54	68.0	467834.0	-0.010140028866854582	212708694.0	282983466.0	2229206.0
39	3.54	69.0	467656.0	-0.010136170820756392	216637124.0	287144881.0	2262095.0
39	3.54	70.0	467627.0	-0.010135542262684216	220565588.0	291306438.0	2294842.0
39	3.54	71.0	466813.0	-0.0101178992878307	224494879.0	295468182.0	2327402.0
39	3.54	72.0	468297.0	-0.010150064121593128	228423251.0	299629401.0	2360487.0
39	3.54	73.0	467251.0	-0.010127392682162199	232351185.0	303791096.0	2393096.0
39	3.54	74.0	466765.0	-0.010116858915849165	236280471.0	307952659.0	2425837.0
39	3.54	75.0	467189.0	-0.010126048868352716	240208645.0	312113991.0	2458809.0
39	3.54	76.0	466400.0	-0.01010894775390625	244136796.0	316275564.0	2491540.0
39	3.54	77.0	467694.0	-0.010136994448575106	248065500.0	320437043.0	2524365.0
39	3.54	78.0	466965.0	-0.010121193799105558	251993886.0	324598513.0	2557199.0
39	3.54	79.0	467396.0	-0.010130535472523083	255922751.0	328760192.0	2589824.0
39	3.54	80.0	467328.0	-0.01012906161221591	259850399.0	332921662.0	2622658.0
39	3.54	81.0	466976.0	-0.01012143221768466	263778908.0	337082999.0	2655625.0
39	3.54	82.0	467651.0	-0.010136062448674982	267706933.0	341244412.0	2688516.0
39	3.54	83.0	468176.0	-0.010147441517223011	271635529.0	345406009.0	2721223.0
39	3.54	84.0	467206.0	-0.01012641733342951	275562695.0	349567406.0	2754130.0
39	3.54	85.0	466965.0	-0.010121193799105558	279490726.0	353729029.0	2786811.0
39	3.54	86.0	468069.0	-0.010145122354680841	283419391.0	357890772.0	2819372.0
39	3.54	87.0	466755.0	-0.010116642171686346	287347468.0	362052308.0	2852140.0
39	3.54	88.0	466974.0	-0.010121388868852095	291276249.0	366214180.0	2884572.0
39	3.54	89.0	466711.0	-0.01011568849736994	295204265.0	370375743.0	2917313.0
39	3.54	90.0	468216.0	-0.01014830849387429	299133230.0	374537677.0	2949683.0
39	3.54	91.0	467921.0	-0.010141914541071112	303060750.0	378698988.0	2982676.0
39	3.54	92.0	468343.0	-0.010151061144742098	306988531.0	382860250.0	3015718.0
39	3.54	93.0	468215.0	-0.010148286819458008	310917388.0	387022021.0	3048251.0
39	3.54	94.0	467404.0	-0.010130708867853338	314845819.0	391183888.0	3080688.0
39	3.54	95.0	466598.0	-0.010113239288330078	318773558.0	395345515.0	3113365.0
39	3.54	96.0	467368.0	-0.010129928588867188	322702504.0	399507136.0	3146048.0
39	3.54	97.0	467187.0	-0.010126005519520153	326630991.0	403668755.0	3178733.0
39	3.54	98.0	468010.0	-0.010143843564120207	330557950.0	407830057.0	3211735.0
39	3.54	99.0	468305.0	-0.010150237516923384	334486462.0	411991378.0	3244718.0
39	3.54	100.0	467893.0	-0.010141307657415216	338415167.0	416153104.0	3277296.0
40	3.4000000000000004	1.0	21475171.0	-0.4654617959802801	53552.0	4161519.0	32785.0
40	3.4000000000000004	2.0	20824115.0	-0.4513505372134122	136611.0	8323108.0	65500.0
40	3.4000000000000004	3.0	20052042.0	-0.43461630561135034	264447.0	12484516.0	98396.0
40	3.4000000000000004	4.0	19160580.0	-0.4152943871238015	457772.0	16646189.0	131027.0
40	3.4000000000000004	5.0	18170585.0	-0.39383682337674225	740607.0	20807438.0	164082.0
40	3.4000000000000004	6.0	17102925.0	-0.3706959160891446	1141648.0	24968939.0	196885.0
40	3.4000000000000004	7.0	15996487.0	-0.3467145182869651	1686132.0	29130486.0	229642.0
40	3.4000000000000004	8.0	14885214.0	-0.3226283246820623	2394771.0	33292012.0	262420.0
40	3.4000000000000004	9.0	13792955.0	-0.2989542484283447	3279728.0	37453474.0	295262.0
40	3.4000000000000004	10.0	12743838.0	-0.27621524984186346	4349702.0	41615190.0	327850.0
40	3.4000000000000004	11.0	11746744.0	-0.2546038194136186	5603864.0	45776595.0	360749.0
40	3.4000000000000004	12.0	10797495.0	-0.23402940143238415	7044871.0	49938278.0	393370.0
40	3.4000000000000004	13.0	9900627.0	-0.21459031105041504	8666830.0	54099799.0	426153.0
40	3.4000000000000004	14.0	9059569.0	-0.19636086984114212	10465875.0	58261314.0	458942.0
40	3.4000000000000004	15.0	8272085.0	-0.17929261380975897	12431779.0	62422846.0	491714.0
40	3.4000000000000004	16.0	7537175.0	-0.16336386853998358	14555647.0	66584164.0	524700.0
40	3.4000000000000004	17.0	6851254.0	-0.14849693124944513	16832757.0	70746027.0	557141.0
40	3.4000000000000004	18.0	6213404.0	-0.1346719048239968	19254906.0	74907419.0	590053.0
40	3.4000000000000004	19.0	5617681.0	-0.1217599565332586	21811578.0	79068705.0	623071.0
40	3.4000000000000004	20.0	5062087.0	-0.1097177808934992	24498254.0	83230209.0	655871.0
40	3.4000000000000004	21.0	4549858.0	-0.09861551631580699	27308619.0	87391922.0	688462.0
40	3.4000000000000004	22.0	4081591.0	-0.08846610242670233	30232361.0	91553879.0	720809.0
40	3.4000000000000004	23.0	3655088.0	-0.07922189885919745	33260172.0	95715519.0	753473.0
40	3.4000000000000004	24.0	3259283.0	-0.07064305652271617	36385980.0	99877011.0	786285.0
40	3.4000000000000004	25.0	2904274.0	-0.06294844367287376	39603800.0	104038395.0	819205.0
40	3.4000000000000004	26.0	2579608.0	-0.05591149763627486	42900822.0	108200187.0	851717.0
40	3.4000000000000004	27.0	2284104.0	-0.04950662092729048	46272717.0	112361625.0	884583.0
40	3.4000000000000004	28.0	2024256.0	-0.043874567205255684	49715325.0	116523215.0	917297.0
40	3.4000000000000004	29.0	1790944.0	-0.03881766579367898	53221336.0	120685135.0	949681.0
40	3.4000000000000004	30.0	1583338.0	-0.03431792692704634	56781328.0	124846433.0	982687.0
40	3.4000000000000004	31.0	1390368.0	-0.030135414817116478	60391565.0	129007847.0	1015577.0
40	3.4000000000000004	32.0	1224680.0	-0.02654422413219105	64050866.0	133169412.0	1048316.0
40	3.4000000000000004	33.0	1081957.0	-0.023450786417180843	67755294.0	137330972.0	1081060.0
40	3.4000000000000004	34.0	967842.0	-0.02097741040316495	71494664.0	141492473.0	1113863.0
40	3.4000000000000004	35.0	870434.0	-0.018866148861971768	75262534.0	145654028.0	1146612.0
40	3.4000000000000004	36.0	778807.0	-0.0168801871213046	79054330.0	149815384.0	1179560.0
40	3.4000000000000004	37.0	693244.0	-0.015025659040971235	82871347.0	153977086.0	1212162.0
40	3.4000000000000004	38.0	618843.0	-0.013413060795177113	86712925.0	158138799.0	1244753.0
40	3.4000000000000004	39.0	555629.0	-0.012042934244329279	90578605.0	162300158.0	1277698.0
40	3.4000000000000004	40.0	512023.0	-0.011097799647938122	94467274.0	166461531.0	1310629.0
40	3.4000000000000004	41.0	485503.0	-0.010522994128140535	98372498.0	170623122.0	1343342.0
40	3.4000000000000004	42.0	475094.0	-0.010297385129061613	102288101.0	174785095.0	1375673.0
40	3.4000000000000004	43.0	473446.0	-0.010261665691028942	106205928.0	178946813.0	1408259.0
40	3.4000000000000004	44.0	473158.0	-0.010255423459139738	110124062.0	183108344.0	1441032.0
40	3.4000000000000004	45.0	470971.0	-0.01020802151073109	114042632.0	187270174.0	1473506.0
40	3.4000000000000004	46.0	472476.0	-0.010240641507235441	117961709.0	191432141.0	1505843.0
40	3.4000000000000004	47.0	471647.0	-0.010222673416137695	121879124.0	195593479.0	1538809.0
40	3.4000000000000004	48.0	472298.0	-0.010236783461137251	125797898.0	199755248.0	1571344.0
40	3.4000000000000004	49.0	472781.0	-0.010247252204201439	129715854.0	203916994.0	1603902.0
40	3.4000000000000004	50.0	473508.0	-0.010263009504838423	133632944.0	208078422.0	1636778.0
40	3.4000000000000004	51.0	472275.0	-0.010236284949562767	137550503.0	212239683.0	1669821.0
40	3.4000000000000004	52.0	472266.0	-0.010236089879816229	141469232.0	216401395.0	1702413.0
40	3.4000000000000004	53.0	471912.0	-0.010228417136452415	145387564.0	220562866.0	1735246.0
40	3.4000000000000004	54.0	471492.0	-0.01021931388161399	149305843.0	224724142.0	1768274.0
40	3.4000000000000004	55.0	471815.0	-0.010226314718073065	153224552.0	228885946.0	1800774.0
40	3.4000000000000004	56.0	473487.0	-0.010262554342096502	157141926.0	233047451.0	1833573.0
40	3.4000000000000004	57.0	472315.0	-0.010237151926214045	161059810.0	237209140.0	1866188.0
40	3.4000000000000004	58.0	471133.0	-0.010211532766168768	164978349.0	241370896.0	1898736.0
40	3.4000000000000004	59.0	471618.0	-0.01022204485806552	168897364.0	245532541.0	1931395.0
40	3.4000000000000004	60.0	471584.0	-0.010221307927911932	172815879.0	249693999.0	1964241.0
40	3.4000000000000004	61.0	473161.0	-0.010255488482388582	176734166.0	253855908.0	1996636.0
40	3.4000000000000004	62.0	473198.0	-0.010256290435791016	180651826.0	258017441.0	2029407.0
40	3.4000000000000004	63.0	471550.0	-0.010220570997758345	184570201.0	262179198.0	2061954.0
40	3.4000000000000004	64.0	473113.0	-0.01025444811040705	188487887.0	266340687.0	2094769.0
40	3.4000000000000004	65.0	472495.0	-0.010241053321144798	192405207.0	270502120.0	2127640.0
40	3.4000000000000004	66.0	473039.0	-0.010252844203602184	196322913.0	274663581.0	2160483.0
40	3.4000000000000004	67.0	472561.0	-0.010242483832619408	200241691.0	278825372.0	2192996.0
40	3.4000000000000004	68.0	472668.0	-0.010244802995161577	204159466.0	282986953.0	2225719.0
40	3.4000000000000004	69.0	472395.0	-0.010238885879516602	208076773.0	287148411.0	2258565.0
40	3.4000000000000004	70.0	471841.0	-0.010226878252896395	211995054.0	291309913.0	2291367.0
40	3.4000000000000004	71.0	473314.0	-0.010258804668079723	215912979.0	295471497.0	2324087.0
40	3.4000000000000004	72.0	472957.0	-0.010251066901467064	219831088.0	299633160.0	2356728.0
40	3.4000000000000004	73.0	473541.0	-0.010263724760575728	223748893.0	303794656.0	2389536.0
40	3.4000000000000004	74.0	472696.0	-0.010245409878817472	227666368.0	307956239.0	2422257.0
40	3.4000000000000004	75.0	472684.0	-0.010245149785822088	231584784.0	312117372.0	2455428.0
40	3.4000000000000004	76.0	473352.0	-0.010259628295898438	235502228.0	316278914.0	2488190.0
40	3.4000000000000004	77.0	472116.0	-0.010232838717373934	239419960.0	320440285.0	2521123.0
40	3.4000000000000004	78.0	472279.0	-0.010236371647227894	243338729.0	324601465.0	2554247.0
40	3.4000000000000004	79.0	472910.0	-0.010250048203901812	247256707.0	328763170.0	2586846.0
40	3.4000000000000004	80.0	471600.0	-0.010221654718572443	251173706.0	332924917.0	2619403.0
40	3.4000000000000004	81.0	471218.0	-0.010213375091552734	255093016.0	337086450.0	2652174.0
40	3.4000000000000004	82.0	471918.0	-0.010228547182950106	259010533.0	341248101.0	2684827.0
40	3.4000000000000004	83.0	471897.0	-0.010228092020208185	262928216.0	345409439.0	2717793.0
40	3.4000000000000004	84.0	471988.0	-0.010230064392089844	266846665.0	349570991.0	2750545.0
40	3.4000000000000004	85.0	473234.0	-0.010257070714777166	270764671.0	353732282.0	2783558.0
40	3.4000000000000004	86.0	471335.0	-0.010215910998257723	274683194.0	357893736.0	2816408.0
40	3.4000000000000004	87.0	471412.0	-0.010217579928311434	278600893.0	362055265.0	2849183.0
40	3.4000000000000004	88.0	472700.0	-0.0102454965764826	282518551.0	366217076.0	2881676.0
40	3.4000000000000004	89.0	473909.0	-0.010271700945767489	286436027.0	370378581.0	2914475.0
40	3.4000000000000004	90.0	472326.0	-0.010237390344793146	290353709.0	374540256.0	2947104.0
40	3.4000000000000004	91.0	472804.0	-0.010247750715775923	294271267.0	378701457.0	2980207.0
40	3.4000000000000004	92.0	471322.0	-0.010215629230846058	298189548.0	382862682.0	3013286.0
40	3.4000000000000004	93.0	472473.0	-0.010240576483986595	302107218.0	387024006.0	3046266.0
40	3.4000000000000004	94.0	470997.0	-0.01020858504555442	306024758.0	391185671.0	3078905.0
40	3.4000000000000004	95.0	472110.0	-0.010232708670876244	309942822.0	395347165.0	3111715.0
40	3.4000000000000004	96.0	472594.0	-0.010243199088356712	313860647.0	399508883.0	3144301.0
40	3.4000000000000004	97.0	473101.0	-0.010254188017411665	317778915.0	403670517.0	3176971.0
40	3.4000000000000004	98.0	472424.0	-0.010239514437588778	321696124.0	407831902.0	3209890.0
40	3.4000000000000004	99.0	472564.0	-0.010242548855868254	325613620.0	411993548.0	3242548.0
40	3.4000000000000004	100.0	473240.0	-0.010257200761274858	329531246.0	416154931.0	3275469.0
41	3.2600000000000002	1.0	21562713.0	-0.4673592177304355	45651.0	4161638.0	32666.0
41	3.2600000000000002	2.0	21014297.0	-0.455472621050748	115123.0	8323080.0	65528.0
41	3.2600000000000002	3.0	20369714.0	-0.4415016607804732	219126.0	12484780.0	98132.0
41	3.2600000000000002	4.0	19630081.0	-0.4254705472425981	372765.0	16646209.0	131007.0
41	3.2600000000000002	5.0	18798161.0	-0.40743916684930975	595553.0	20807848.0	163672.0
41	3.2600000000000002	6.0	17893496.0	-0.3878310810435902	909478.0	24969393.0	196431.0
41	3.2600000000000002	7.0	16941740.0	-0.3672023253007369	1334617.0	29130930.0	229198.0
41	3.2600000000000002	8.0	15965234.0	-0.346037127754905	1895566.0	33292729.0	261703.0
41	3.2600000000000002	9.0	14995292.0	-0.3250142010775479	2600835.0	37454460.0	294276.0
41	3.2600000000000002	10.0	14045454.0	-0.3044270168651234	3462643.0	41615802.0	327238.0
41	3.2600000000000002	11.0	13127602.0	-0.2845331105318936	4485976.0	45777621.0	359723.0
41	3.2600000000000002	12.0	12249229.0	-0.2654948884790594	5670347.0	49939022.0	392626.0
41	3.2600000000000002	13.0	11413099.0	-0.247372258793224	7016343.0	54100383.0	425569.0
41	3.2600000000000002	14.0	10619172.0	-0.23016435449773615	8520408.0	58261754.0	458502.0
41	3.2600000000000002	15.0	9868059.0	-0.21388441866094415	10174960.0	62423423.0	491137.0
41	3.2600000000000002	16.0	9158217.0	-0.19849900765852493	11978439.0	66584634.0	524230.0
41	3.2600000000000002	17.0	8484502.0	-0.18389662829312411	13925280.0	70745873.0	557295.0
41	3.2600000000000002	18.0	7855368.0	-0.17026051607998935	16007731.0	74907647.0	589825.0
41	3.2600000000000002	19.0	7261564.0	-0.15739016099409622	18219225.0	79069122.0	622654.0
41	3.2600000000000002	20.0	6698448.0	-0.14518495039506393	20556753.0	83230653.0	655427.0
41	3.2600000000000002	21.0	6175502.0	-0.13385040109807794	23011608.0	87391871.0	688513.0
41	3.2600000000000002	22.0	5683898.0	-0.12319517135620117	25581257.0	91553444.0	721244.0
41	3.2600000000000002	23.0	5220664.0	-0.1131548448042436	28255642.0	95714982.0	754010.0
41	3.2600000000000002	24.0	4788390.0	-0.10378555818037553	31031494.0	99876653.0	786643.0
41	3.2600000000000002	25.0	4383962.0	-0.09501981735229492	33901158.0	104037930.0	819670.0
41	3.2600000000000002	26.0	4007519.0	-0.08686063506386497	36861847.0	108199562.0	852342.0
41	3.2600000000000002	27.0	3656326.0	-0.0792487317865545	39905400.0	112360920.0	885288.0
41	3.2600000000000002	28.0	3333920.0	-0.07226076993075284	43028788.0	116522432.0	918080.0
41	3.2600000000000002	29.0	3036058.0	-0.0658047849481756	46223185.0	120683903.0	950913.0
41	3.2600000000000002	30.0	2762362.0	-0.059872583909468216	49485308.0	124845687.0	983433.0
41	3.2600000000000002	31.0	2505668.0	-0.05430889129638672	52809502.0	129007248.0	1016176.0
41	3.2600000000000002	32.0	2272615.0	-0.049257603558627044	56194476.0	133169148.0	1048580.0
41	3.2600000000000002	33.0	2063554.0	-0.044726328416304154	59635266.0	137330633.0	1081399.0
41	3.2600000000000002	34.0	1875531.0	-0.040651039643721146	63126443.0	141492239.0	1114097.0
41	3.2600000000000002	35.0	1696951.0	-0.03678042238408869	66659289.0	145653382.0	1147258.0
41	3.2600000000000002	36.0	1530312.0	-0.03316861932927912	70235580.0	149814824.0	1180120.0
41	3.2600000000000002	37.0	1375785.0	-0.02981933680447665	73853374.0	153976314.0	1212934.0
41	3.2600000000000002	38.0	1246707.0	-0.02702164649963379	77511104.0	158137856.0	1245696.0
41	3.2600000000000002	39.0	1143750.0	-0.02479011362249201	81205309.0	162299419.0	1278437.0
41	3.2600000000000002	40.0	1055466.0	-0.022876609455455433	84923187.0	166461106.0	1311054.0
41	3.2600000000000002	41.0	975126.0	-0.021135286851362747	88661192.0	170622688.0	1343776.0
41	3.2600000000000002	42.0	895273.0	-0.019404519687999378	92417392.0	174784250.0	1376518.0
41	3.2600000000000002	43.0	816588.0	-0.017699068242853336	96191908.0	178945449.0	1409623.0
41	3.2600000000000002	44.0	741331.0	-0.01606791669672186	99986928.0	183107115.0	1442261.0
41	3.2600000000000002	45.0	670730.0	-0.014537681232799183	103803210.0	187268582.0	1475098.0
41	3.2600000000000002	46.0	609042.0	-0.01320062984119762	107641269.0	191429857.0	1508127.0
41	3.2600000000000002	47.0	555273.0	-0.012035218152132902	111500605.0	195591466.0	1540822.0
41	3.2600000000000002	48.0	517983.0	-0.011226979168978605	115377839.0	199752670.0	1573922.0
41	3.2600000000000002	49.0	495545.0	-0.010740648616443981	119269334.0	203914241.0	1606655.0
41	3.2600000000000002	50.0	483705.0	-0.010484023527665571	123170292.0	208076005.0	1639195.0
41	3.2600000000000002	51.0	478814.0	-0.010378013957630505	127075431.0	212237555.0	1671949.0
41	3.2600000000000002	52.0	478296.0	-0.010366786609996449	130981254.0	216399215.0	1704593.0
41	3.2600000000000002	53.0	477926.0	-0.010358767075972124	134886248.0	220560487.0	1737625.0
41	3.2600000000000002	54.0	476858.0	-0.01033561879938299	138792544.0	224721889.0	1770527.0
41	3.2600000000000002	55.0	477492.0	-0.010349360379305754	142700390.0	228883532.0	1803188.0
41	3.2600000000000002	56.0	479019.0	-0.010382457212968306	146607152.0	233044799.0	1836225.0
41	3.2600000000000002	57.0	478096.0	-0.010362451726740057	150514025.0	237206314.0	1869014.0
41	3.2600000000000002	58.0	478510.0	-0.010371424935080788	154420508.0	241367790.0	1901842.0
41	3.2600000000000002	59.0	476034.0	-0.010317759080366655	158328277.0	245529384.0	1934552.0
41	3.2600000000000002	60.0	477415.0	-0.010347691449252043	162235680.0	249691042.0	1967198.0
41	3.2600000000000002	61.0	478164.0	-0.01036392558704723	166143243.0	253852674.0	1999870.0
41	3.2600000000000002	62.0	477769.0	-0.010355364192615856	170049903.0	258014274.0	2032574.0
41	3.2600000000000002	63.0	477957.0	-0.010359438982876864	173955978.0	262175874.0	2065278.0
41	3.2600000000000002	64.0	476912.0	-0.010336789217862215	177862041.0	266337210.0	2098246.0
41	3.2600000000000002	65.0	477410.0	-0.010347583077170631	181768840.0	270498583.0	2131177.0
41	3.2600000000000002	66.0	477175.0	-0.010342489589344372	185675530.0	274660481.0	2163583.0
41	3.2600000000000002	67.0	478162.0	-0.010363882238214666	189582191.0	278821836.0	2196532.0
41	3.2600000000000002	68.0	477898.0	-0.010358160192316229	193489199.0	282983427.0	2229245.0
41	3.2600000000000002	69.0	477291.0	-0.01034500382163308	197395278.0	287144850.0	2262126.0
41	3.2600000000000002	70.0	477480.0	-0.01034910028631037	201301868.0	291306318.0	2294962.0
41	3.2600000000000002	71.0	478963.0	-0.010381243445656517	205208099.0	295467866.0	2327718.0
41	3.2600000000000002	72.0	478169.0	-0.01036403395912864	209114659.0	299629595.0	2360293.0
41	3.2600000000000002	73.0	478593.0	-0.01037322391163219	213020955.0	303790991.0	2393201.0
41	3.2600000000000002	74.0	478487.0	-0.010370926423506304	216927154.0	307952432.0	2426064.0
41	3.2600000000000002	75.0	477509.0	-0.010349728844382546	220834379.0	312114032.0	2458768.0
41	3.2600000000000002	76.0	477200.0	-0.010343031449751421	224741183.0	316275805.0	2491299.0
41	3.2600000000000002	77.0	478222.0	-0.010365182703191584	228646459.0	320437077.0	2524331.0
41	3.2600000000000002	78.0	477724.0	-0.010354388843883167	232552441.0	324598664.0	2557048.0
41	3.2600000000000002	79.0	478518.0	-0.010371598330411043	236459398.0	328760273.0	2589743.0
41	3.2600000000000002	80.0	478109.0	-0.010362733494151722	240366305.0	332922063.0	2622257.0
41	3.2600000000000002	81.0	477688.0	-0.010353608564897017	244273403.0	337083480.0	2655144.0
41	3.2600000000000002	82.0	477398.0	-0.010347322984175249	248179087.0	341244965.0	2687963.0
41	3.2600000000000002	83.0	477434.0	-0.0103481032631614	252085912.0	345406270.0	2720962.0
41	3.2600000000000002	84.0	478838.0	-0.010378534143621271	255992057.0	349567696.0	2753840.0
41	3.2600000000000002	85.0	477144.0	-0.01034181768243963	259898522.0	353729258.0	2786582.0
41	3.2600000000000002	86.0	477994.0	-0.010360240936279297	263804870.0	357890656.0	2819488.0
41	3.2600000000000002	87.0	477747.0	-0.010354887355457653	267710746.0	362051961.0	2852487.0
41	3.2600000000000002	88.0	479423.0	-0.010391213677146217	271617021.0	366213451.0	2885301.0
41	3.2600000000000002	89.0	477784.0	-0.010355689308860085	275524082.0	370375426.0	2917630.0
41	3.2600000000000002	90.0	478752.0	-0.010376670143821022	279430622.0	374536979.0	2950381.0
41	3.2600000000000002	91.0	478363.0	-0.01036823879588734	283336455.0	378698762.0	2982902.0
41	3.2600000000000002	92.0	478635.0	-0.010374134237116034	287242769.0	382860055.0	3015913.0
41	3.2600000000000002	93.0	478048.0	-0.010361411354758522	291149898.0	387021293.0	3048979.0
41	3.2600000000000002	94.0	478099.0	-0.010362516749988903	295056260.0	391183066.0	3081510.0
41	3.2600000000000002	95.0	477688.0	-0.010353608564897017	298962539.0	395344726.0	3114154.0
41	3.2600000000000002	96.0	477246.0	-0.01034402847290039	302869266.0	399506413.0	3146771.0
41	3.2600000000000002	97.0	478001.0	-0.01036039265719327	306775250.0	403668079.0	3179409.0
41	3.2600000000000002	98.0	477580.0	-0.010351267727938566	310681811.0	407829781.0	3212011.0
41	3.2600000000000002	99.0	477503.0	-0.010349598797884855	314586568.0	411991011.0	3245085.0
41	3.2600000000000002	100.0	477623.0	-0.01035219972783869	318493766.0	416152658.0	3277742.0
42	3.12	1.0	21637385.0	-0.468977689743042	38513.0	4161506.0	32798.0
42	3.12	2.0	21186340.0	-0.45920155265114526	94953.0	8323114.0	65494.0
42	3.12	3.0	20653821.0	-0.44765951416709204	178416.0	12484318.0	98594.0
42	3.12	4.0	20040045.0	-0.43435627763921564	299882.0	16645943.0	131273.0
42	3.12	5.0	19352484.0	-0.4194537943059748	472347.0	20807458.0	164062.0
42	3.12	6.0	18592012.0	-0.40297100760719995	715206.0	24968749.0	197075.0
42	3.12	7.0	17785039.0	-0.38548033887689764	1043715.0	29130326.0	229802.0
42	3.12	8.0	16945163.0	-0.36727651682767	1476807.0	33291941.0	262491.0
42	3.12	9.0	16094155.0	-0.3488314151763916	2028673.0	37453111.0	295625.0
42	3.12	10.0	15255246.0	-0.3306485522877086	2709303.0	41614476.0	328564.0
42	3.12	11.0	14434476.0	-0.3128588416359641	3524532.0	45776345.0	360999.0
42	3.12	12.0	13632590.0	-0.29547843066128815	4479417.0	49937532.0	394116.0
42	3.12	13.0	12868926.0	-0.2789264592257413	5569342.0	54099082.0	426870.0
42	3.12	14.0	12137224.0	-0.26306724548339844	6799605.0	58260495.0	459761.0
42	3.12	15.0	11435168.0	-0.24785059148615057	8166080.0	62421784.0	492776.0
42	3.12	16.0	10765000.0	-0.23332509127530185	9666095.0	66583149.0	525715.0
42	3.12	17.0	10128541.0	-0.21953021396290173	11295017.0	70744462.0	558706.0
42	3.12	18.0	9525599.0	-0.20646179806102405	13050279.0	74906086.0	591386.0
42	3.12	19.0	8950801.0	-0.19400338693098587	14925810.0	79067706.0	624070.0
42	3.12	20.0	8405571.0	-0.18218584494157272	16915146.0	83229204.0	656876.0
42	3.12	21.0	7888017.0	-0.17096816409717908	19017709.0	87390537.0	689847.0
42	3.12	22.0	7393222.0	-0.16024377129294656	21228983.0	91552211.0	722477.0
42	3.12	23.0	6931685.0	-0.15024022622541947	23543403.0	95714118.0	754874.0
42	3.12	24.0	6491840.0	-0.14070684259588068	25954279.0	99876039.0	787257.0
42	3.12	25.0	6075532.0	-0.1316836097023704	28458630.0	104037735.0	819865.0
42	3.12	26.0	5683620.0	-0.12318914586847479	31051675.0	108199386.0	852518.0
42	3.12	27.0	5302735.0	-0.11493368582292036	33730327.0	112360966.0	885242.0
42	3.12	28.0	4947367.0	-0.10723129185763272	36492100.0	116522526.0	917986.0
42	3.12	29.0	4618464.0	-0.10010251131924716	39331861.0	120684304.0	950512.0
42	3.12	30.0	4303950.0	-0.09328560395674272	42242405.0	124845814.0	983306.0
42	3.12	31.0	4008654.0	-0.08688523552634499	45221642.0	129007034.0	1016390.0
42	3.12	32.0	3731981.0	-0.08088850975036621	48266131.0	133168232.0	1049496.0
42	3.12	33.0	3479152.0	-0.07540858875621449	51374647.0	137329516.0	1082516.0
42	3.12	34.0	3241332.0	-0.07025397907603871	54538618.0	141491177.0	1115159.0
42	3.12	35.0	3012996.0	-0.06530492955988104	57754994.0	145652771.0	1147869.0
42	3.12	36.0	2795429.0	-0.060589291832663796	61021508.0	149814163.0	1180781.0
42	3.12	37.0	2585687.0	-0.0560432564128529	64339519.0	153976078.0	1213170.0
42	3.12	38.0	2395318.0	-0.05191711945967241	67707908.0	158137672.0	1245880.0
42	3.12	39.0	2229887.0	-0.048331499099731445	71120818.0	162299659.0	1278197.0
42	3.12	40.0	2079206.0	-0.045065576379949394	74569516.0	166461201.0	1310959.0
42	3.12	41.0	1934596.0	-0.04193123904141513	78050672.0	170622653.0	1343811.0
42	3.12	42.0	1792969.0	-0.03886155648664995	81564930.0	174784163.0	1376605.0
42	3.12	43.0	1655425.0	-0.03588037057356401	85110481.0	178945674.0	1409398.0
42	3.12	44.0	1524149.0	-0.0330350399017334	88692254.0	183106916.0	1442460.0
42	3.12	45.0	1411299.0	-0.030589082024314186	92307033.0	187268401.0	1475279.0
42	3.12	46.0	1315073.0	-0.028503439643166283	95954810.0	191429996.0	1507988.0
42	3.12	47.0	1237428.0	-0.02682052959095348	99626353.0	195591141.0	1541147.0
42	3.12	48.0	1171302.0	-0.025387287139892578	103316182.0	199752707.0	1573885.0
42	3.12	49.0	1109808.0	-0.024054440585049717	107019333.0	203914333.0	1606563.0
42	3.12	50.0	1051098.0	-0.02278193560513583	110732447.0	208075582.0	1639618.0
42	3.12	51.0	988438.0	-0.021423816680908203	114459669.0	212236895.0	1672609.0
42	3.12	52.0	924101.0	-0.02002934976057573	118201835.0	216398491.0	1705317.0
42	3.12	53.0	860413.0	-0.018648949536410244	121957693.0	220560115.0	1737997.0
42	3.12	54.0	800814.0	-0.017357176000421696	125729497.0	224721610.0	1770806.0
42	3.12	55.0	738091.0	-0.015997691587968307	129516944.0	228883237.0	1803483.0
42	3.12	56.0	680248.0	-0.01474397832697088	133322228.0	233044568.0	1836456.0
42	3.12	57.0	625792.0	-0.013563676313920454	137144540.0	237205872.0	1869456.0
42	3.12	58.0	579570.0	-0.012561841444535688	140986125.0	241367729.0	1901903.0
42	3.12	59.0	540258.0	-0.01170977679165927	144844906.0	245529751.0	1934185.0
42	3.12	60.0	512744.0	-0.011113426902077415	148718533.0	249691228.0	1967012.0
42	3.12	61.0	496343.0	-0.010757944800636986	152601254.0	253852628.0	1999916.0
42	3.12	62.0	487647.0	-0.01056946407664906	156491163.0	258014040.0	2032808.0
42	3.12	63.0	484840.0	-0.010508623990145597	160383840.0	262175093.0	2066059.0
42	3.12	64.0	483769.0	-0.010485410690307617	164278171.0	266336636.0	2098820.0
42	3.12	65.0	484272.0	-0.010496312921697443	168171587.0	270497995.0	2131765.0
42	3.12	66.0	482927.0	-0.010467160831798206	172065820.0	274659761.0	2164303.0
42	3.12	67.0	484735.0	-0.010506348176435991	175960304.0	278821465.0	2196903.0
42	3.12	68.0	485212.0	-0.010516686873002485	179854257.0	282982945.0	2229727.0
42	3.12	69.0	483440.0	-0.010478279807350853	183747802.0	287144288.0	2262688.0
42	3.12	70.0	483069.0	-0.010470238598910246	187642671.0	291305864.0	2295416.0
42	3.12	71.0	484229.0	-0.01049538092179732	191537240.0	295467523.0	2328061.0
42	3.12	72.0	483537.0	-0.010480382225730202	195432244.0	299629273.0	2360615.0
42	3.12	73.0	484159.0	-0.010493863712657581	199326222.0	303791097.0	2393095.0
42	3.12	74.0	483173.0	-0.01047249273820357	203221207.0	307952727.0	2425769.0
42	3.12	75.0	483345.0	-0.010476220737804066	207115057.0	312114121.0	2458679.0
42	3.12	76.0	484159.0	-0.010493863712657581	211009668.0	316275623.0	2491481.0
42	3.12	77.0	483717.0	-0.010484283620660955	214903668.0	320437013.0	2524395.0
42	3.12	78.0	483902.0	-0.010488293387673119	218797538.0	324598462.0	2557250.0
42	3.12	79.0	484105.0	-0.010492693294178356	222691729.0	328760102.0	2589914.0
42	3.12	80.0	483989.0	-0.010490179061889648	226586466.0	332921929.0	2622391.0
42	3.12	81.0	484352.0	-0.010498046875	230479794.0	337083460.0	2655164.0
42	3.12	82.0	483854.0	-0.010487253015691584	234373315.0	341244928.0	2688000.0
42	3.12	83.0	483811.0	-0.01048632101579146	238267659.0	345406513.0	2720719.0
42	3.12	84.0	484345.0	-0.010497895154086027	242161397.0	349567854.0	2753682.0
42	3.12	85.0	483292.0	-0.010475071993741121	246055872.0	353729697.0	2786143.0
42	3.12	86.0	484246.0	-0.010495749386874113	249950440.0	357891458.0	2818686.0
42	3.12	87.0	484885.0	-0.010509599338878284	253843696.0	362052850.0	2851598.0
42	3.12	88.0	483244.0	-0.010474031621759588	257738158.0	366214298.0	2884454.0
42	3.12	89.0	484502.0	-0.010501298037442293	261633091.0	370375865.0	2917191.0
42	3.12	90.0	483438.0	-0.010478236458518288	265526730.0	374537471.0	2949889.0
42	3.12	91.0	484325.0	-0.010497461665760387	269422362.0	378699174.0	2982490.0
42	3.12	92.0	484249.0	-0.010495814410122957	273316760.0	382861013.0	3014955.0
42	3.12	93.0	484434.0	-0.01049982417713512	277210331.0	387022914.0	3047358.0
42	3.12	94.0	484179.0	-0.010494297200983221	281104521.0	391184412.0	3080164.0
42	3.12	95.0	484338.0	-0.010497743433172052	284998391.0	395346205.0	3112675.0
42	3.12	96.0	485433.0	-0.0105214769190008	288891872.0	399507989.0	3145195.0
42	3.12	97.0	484437.0	-0.010499889200383966	292785966.0	403669920.0	3177568.0
42	3.12	98.0	484189.0	-0.01049451394514604	296679686.0	407831438.0	3210354.0
42	3.12	99.0	483671.0	-0.010483286597511986	300574487.0	411993015.0	3243081.0
42	3.12	100.0	483985.0	-0.01049009236422452	304467935.0	416154432.0	3275968.0
43	2.98	1.0	21699412.0	-0.4703220887617631	32718.0	4161955.0	32349.0
43	2.98	2.0	21329962.0	-0.46231447566639294	78721.0	8323698.0	64910.0
43	2.98	3.0	20901736.0	-0.4530329270796342	144381.0	12485123.0	97789.0
43	2.98	4.0	20403659.0	-0.4422373988411643	238761.0	16646548.0	130668.0
43	2.98	5.0	19845478.0	-0.43013915148648346	371110.0	20808331.0	163189.0
43	2.98	6.0	19230349.0	-0.41680658947337756	553154.0	24969933.0	195891.0
43	2.98	7.0	18566151.0	-0.4024104855277322	798923.0	29131470.0	228658.0
43	2.98	8.0	17864082.0	-0.38719354976307263	1123709.0	33292757.0	261675.0
43	2.98	9.0	17142575.0	-0.37155530669472436	1540116.0	37454588.0	294148.0
43	2.98	10.0	16411921.0	-0.35571880774064496	2058154.0	41615846.0	327194.0
43	2.98	11.0	15687482.0	-0.340017015283758	2686177.0	45777121.0	360223.0
43	2.98	12.0	14977550.0	-0.3246296535838734	3430809.0	49938526.0	393122.0
43	2.98	13.0	14287511.0	-0.3096734610470859	4292853.0	54100014.0	425938.0
43	2.98	14.0	13622298.0	-0.29525535756891425	5273582.0	58261731.0	458525.0
43	2.98	15.0	12978747.0	-0.28130676529624243	6372684.0	62423038.0	491522.0
43	2.98	16.0	12364151.0	-0.26798575574701483	7589229.0	66584318.0	524546.0
43	2.98	17.0	11775730.0	-0.2552320740439675	8919168.0	70745829.0	557339.0
43	2.98	18.0	11207752.0	-0.2429214824329723	10359333.0	74907287.0	590185.0
43	2.98	19.0	10666669.0	-0.2311938242478804	11910336.0	79068484.0	623292.0
43	2.98	20.0	10147585.0	-0.21994298154657538	13565478.0	83230139.0	655941.0
43	2.98	21.0	9655017.0	-0.2092668576674028	15322191.0	87391334.0	689050.0
43	2.98	22.0	9183523.0	-0.19904750043695624	17178316.0	91552648.0	722040.0
43	2.98	23.0	8730136.0	-0.18922060186212714	19130763.0	95714171.0	754821.0
43	2.98	24.0	8293753.0	-0.17976225506175647	21175271.0	99875909.0	787387.0
43	2.98	25.0	7883206.0	-0.17086388848044656	23310365.0	104037503.0	820097.0
43	2.98	26.0	7491556.0	-0.16237510334361682	25528838.0	108199007.0	852897.0
43	2.98	27.0	7111550.0	-0.15413869510997424	27829934.0	112360486.0	885722.0
43	2.98	28.0	6752531.0	-0.14635716785084119	30211946.0	116522019.0	918493.0
43	2.98	29.0	6411182.0	-0.13895862752741034	32669056.0	120683557.0	951259.0
43	2.98	30.0	6080834.0	-0.13179852745749734	35199760.0	124845145.0	983975.0
43	2.98	31.0	5766436.0	-0.1249841343272816	37799862.0	129006525.0	1016899.0
43	2.98	32.0	5465668.0	-0.118465163490989	40466338.0	133167435.0	1050293.0
43	2.98	33.0	5182660.0	-0.112331130287864	43197671.0	137329137.0	1082895.0
43	2.98	34.0	4917912.0	-0.10659287192604759	45990980.0	141490561.0	1115775.0
43	2.98	35.0	4662344.0	-0.10105358470569957	48840416.0	145652114.0	1148526.0
43	2.98	36.0	4413538.0	-0.09566085988825018	51746472.0	149813671.0	1181273.0
43	2.98	37.0	4174379.0	-0.09047722816467285	54706691.0	153975228.0	1214020.0
43	2.98	38.0	3951778.0	-0.08565248142589223	57721395.0	158136994.0	1246558.0
43	2.98	39.0	3746707.0	-0.08120768720453436	60785236.0	162298491.0	1279365.0
43	2.98	40.0	3556155.0	-0.07707758383317427	63892479.0	166460023.0	1312137.0
43	2.98	41.0	3369542.0	-0.07303285598754883	67040044.0	170621657.0	1344807.0
43	2.98	42.0	3183167.0	-0.06899328665299849	70226208.0	174783257.0	1377511.0
43	2.98	43.0	2998368.0	-0.06498787619850853	73455525.0	178945048.0	1410024.0
43	2.98	44.0	2828740.0	-0.061311288313432175	76726290.0	183106252.0	1443124.0
43	2.98	45.0	2672798.0	-0.05793133648959073	80040406.0	187267811.0	1475869.0
43	2.98	46.0	2534234.0	-0.054928042671897194	83390009.0	191429174.0	1508810.0
43	2.98	47.0	2411153.0	-0.052260333841497246	86771959.0	195590601.0	1541687.0
43	2.98	48.0	2299126.0	-0.04983221400867809	90177907.0	199752011.0	1574581.0
43	2.98	49.0	2184337.0	-0.04734422943808816	93606467.0	203913430.0	1607466.0
43	2.98	50.0	2069650.0	-0.044858455657958984	97060102.0	208075056.0	1640144.0
43	2.98	51.0	1954625.0	-0.04236535592512651	100537505.0	212236701.0	1672803.0
43	2.98	52.0	1836918.0	-0.039814125407825814	104041054.0	216398138.0	1705670.0
43	2.98	53.0	1724125.0	-0.037369402972134674	107571461.0	220559341.0	1738771.0
43	2.98	54.0	1620192.0	-0.035116715864701706	111132803.0	224720660.0	1771756.0
43	2.98	55.0	1526617.0	-0.03308853236111728	114722796.0	228882299.0	1804421.0
43	2.98	56.0	1446667.0	-0.03135566277937456	118338241.0	233043669.0	1837355.0
43	2.98	57.0	1385058.0	-0.030020323666659268	121974943.0	237204889.0	1870439.0
43	2.98	58.0	1334788.0	-0.028930750760165127	125625460.0	241366305.0	1903327.0
43	2.98	59.0	1289561.0	-0.02795048193498091	129286209.0	245527696.0	1936240.0
43	2.98	60.0	1244956.0	-0.026983694596724075	132955408.0	249688944.0	1969296.0
43	2.98	61.0	1200349.0	-0.026016863909634678	136632664.0	253850342.0	2002202.0
43	2.98	62.0	1154295.0	-0.02501867034218528	140317877.0	258011850.0	2034998.0
43	2.98	63.0	1106949.0	-0.023992473428899593	144012355.0	262173159.0	2067993.0
43	2.98	64.0	1059252.0	-0.022958668795498936	147716795.0	266334593.0	2100863.0
43	2.98	65.0	1013314.0	-0.021962989460338245	151429204.0	270495831.0	2133929.0
43	2.98	66.0	963082.0	-0.02087424018166282	155152384.0	274657160.0	2166904.0
43	2.98	67.0	915181.0	-0.01983601396734064	158885768.0	278818598.0	2199770.0
43	2.98	68.0	866809.0	-0.01878757910294966	162631487.0	282980019.0	2232653.0
43	2.98	69.0	816288.0	-0.01769256591796875	166390048.0	287141406.0	2265570.0
43	2.98	70.0	767840.0	-0.016642483797940342	170159981.0	291302685.0	2298595.0
43	2.98	71.0	718048.0	-0.015563271262428978	173944795.0	295464320.0	2331264.0
43	2.98	72.0	671964.0	-0.014564427462491121	177744353.0	299626051.0	2363837.0
43	2.98	73.0	627124.0	-0.013592546636408026	181558838.0	303787519.0	2396673.0
43	2.98	74.0	589323.0	-0.012773232026533647	185387942.0	307949291.0	2429205.0
43	2.98	75.0	558016.0	-0.012094671075994318	189230292.0	312110682.0	2462118.0
43	2.98	76.0	532527.0	-0.011542211879383434	193085335.0	316272219.0	2494885.0
43	2.98	77.0	516219.0	-0.011188745498657227	196949881.0	320433804.0	2527604.0
43	2.98	78.0	502728.0	-0.010896335948597301	200819148.0	324595080.0	2560632.0
43	2.98	79.0	495670.0	-0.010743357918479225	204695129.0	328756856.0	2593160.0
43	2.98	80.0	492390.0	-0.010672265833074396	208573543.0	332918695.0	2625625.0
43	2.98	81.0	490826.0	-0.01063836704600941	212453770.0	337080315.0	2658309.0
43	2.98	82.0	490868.0	-0.010639277371493254	216334601.0	341241920.0	2691008.0
43	2.98	83.0	490921.0	-0.010640426115556196	220214541.0	345403406.0	2723826.0
43	2.98	84.0	490109.0	-0.010622826489535246	224095367.0	349564756.0	2756780.0
43	2.98	85.0	490947.0	-0.010640989650379528	227975964.0	353726032.0	2789808.0
43	2.98	86.0	490292.0	-0.010626792907714844	231856606.0	357887715.0	2822429.0
43	2.98	87.0	490677.0	-0.010635137557983398	235737406.0	362049099.0	2855349.0
43	2.98	88.0	490243.0	-0.010625730861317028	239617977.0	366211004.0	2887748.0
43	2.98	89.0	490729.0	-0.01063626462763006	243498284.0	370372362.0	2920694.0
43	2.98	90.0	490919.0	-0.010640382766723633	247379135.0	374533710.0	2953650.0
43	2.98	91.0	491013.0	-0.010642420161854137	251259610.0	378695446.0	2986218.0
43	2.98	92.0	489835.0	-0.010616887699473988	255140713.0	382856893.0	3019075.0
43	2.98	93.0	489848.0	-0.010617169466885653	259022251.0	387018867.0	3051405.0
43	2.98	94.0	490827.0	-0.010638388720425692	262903311.0	391180232.0	3084344.0
43	2.98	95.0	490231.0	-0.010625470768321644	266784288.0	395342032.0	3116848.0
43	2.98	96.0	492567.0	-0.010676102204756304	270665192.0	399503471.0	3149713.0
43	2.98	97.0	490814.0	-0.010638106953014027	274545836.0	403665157.0	3182331.0
43	2.98	98.0	491281.0	-0.010648228905417702	278427519.0	407826810.0	3214982.0
43	2.98	99.0	491203.0	-0.01064653830094771	282308176.0	411988375.0	3247721.0
43	2.98	100.0	490805.0	-0.010637911883267489	286188111.0	416149609.0	3280791.0
44	2.84	1.0	21765291.0	-0.4717499776320024	26295.0	4161375.0	32929.0
44	2.84	2.0	21466738.0	-0.46527901562777435	63484.0	8323201.0	65407.0
44	2.84	3.0	21122109.0	-0.45780938321893866	115333.0	12484951.0	97961.0
44	2.84	4.0	20727170.0	-0.4492493109269576	187049.0	16646709.0	130507.0
44	2.84	5.0	20282926.0	-0.4396205815401944	285585.0	20808296.0	163224.0
44	2.84	6.0	19788088.0	-0.42889525673606177	420158.0	24969551.0	196273.0
44	2.84	7.0	19251216.0	-0.41725886951793323	601231.0	29131078.0	229050.0
44	2.84	8.0	18675093.0	-0.40477173978632147	839066.0	33292872.0	261560.0
44	2.84	9.0	18074797.0	-0.39176067438992584	1144327.0	37454537.0	294199.0
44	2.84	10.0	17455073.0	-0.37832851843400434	1528798.0	41615858.0	327182.0
44	2.84	11.0	16830554.0	-0.3647924336520108	1999684.0	45777306.0	360038.0
44	2.84	12.0	16211325.0	-0.35137100653214887	2562636.0	49938706.0	392942.0
44	2.84	13.0	15600860.0	-0.33813953399658203	3221993.0	54100085.0	425867.0
44	2.84	14.0	15009120.0	-0.3253139149058949	3981203.0	58261855.0	458401.0
44	2.84	15.0	14430766.0	-0.31277842955155805	4839404.0	62423289.0	491271.0
44	2.84	16.0	13873891.0	-0.30070848898454144	5797828.0	66584658.0	524206.0
44	2.84	17.0	13334127.0	-0.28900941935452545	6857354.0	70746162.0	557006.0
44	2.84	18.0	12813895.0	-0.27773369442332874	8013003.0	74907443.0	590029.0
44	2.84	19.0	12315008.0	-0.26692060990767047	9264310.0	79069054.0	622722.0
44	2.84	20.0	11834357.0	-0.25650278004733	10607931.0	83230280.0	655800.0
44	2.84	21.0	11374590.0	-0.24653759869662198	12045128.0	87392091.0	688293.0
44	2.84	22.0	10931778.0	-0.2369399070739746	13571045.0	91553523.0	721165.0
44	2.84	23.0	10510116.0	-0.2278006293556907	15182048.0	95714924.0	754068.0
44	2.84	24.0	10102791.0	-0.21897209774364124	16877645.0	99876492.0	786804.0
44	2.84	25.0	9708262.0	-0.21042091196233575	18654472.0	104037778.0	819822.0
44	2.84	26.0	9333811.0	-0.20230490511113947	20509167.0	108199254.0	852650.0
44	2.84	27.0	8970527.0	-0.19443093646656384	22440328.0	112360664.0	885544.0
44	2.84	28.0	8617306.0	-0.18677507747303357	24446512.0	116522451.0	918061.0
44	2.84	29.0	8282381.0	-0.17951577359979803	26523312.0	120684276.0	950540.0
44	2.84	30.0	7958587.0	-0.172497727654197	28670411.0	124845432.0	983688.0
44	2.84	31.0	7644330.0	-0.16568639061667703	30882594.0	129006763.0	1016661.0
44	2.84	32.0	7342880.0	-0.1591526378284801	33159153.0	133168192.0	1049536.0
44	2.84	33.0	7052391.0	-0.15285645831714978	35501653.0	137329633.0	1082399.0
44	2.84	34.0	6772378.0	-0.14678733999078925	37905172.0	141491168.0	1115168.0
44	2.84	35.0	6506844.0	-0.1410320455377752	40366473.0	145652423.0	1148217.0
44	2.84	36.0	6246972.0	-0.13539947162974963	42881354.0	149813872.0	1181072.0
44	2.84	37.0	5994900.0	-0.12993595816872336	45451415.0	153975636.0	1213612.0
44	2.84	38.0	5753416.0	-0.12470193342729048	48077162.0	158136919.0	1246633.0
44	2.84	39.0	5524686.0	-0.11974434419111772	50756601.0	162298565.0	1279291.0
44	2.84	40.0	5308717.0	-0.11506334218111905	53483964.0	166460042.0	1312118.0
44	2.84	41.0	5099255.0	-0.1105233755978671	56255374.0	170621801.0	1344663.0
44	2.84	42.0	4890942.0	-0.10600831291892311	59070157.0	174783644.0	1377124.0
44	2.84	43.0	4686312.0	-0.1015730771151456	61929651.0	178945203.0	1409869.0
44	2.84	44.0	4490689.0	-0.09733306277881969	64831850.0	183106818.0	1442558.0
44	2.84	45.0	4301264.0	-0.09322738647460938	67780207.0	187268141.0	1475539.0
44	2.84	46.0	4129803.0	-0.08951106938448819	70773017.0	191429948.0	1508036.0
44	2.84	47.0	3971436.0	-0.086078557101163	73804108.0	195591520.0	1540768.0
44	2.84	48.0	3819882.0	-0.0827937126159668	76868349.0	199752940.0	1573652.0
44	2.84	49.0	3676216.0	-0.0796798359264027	79964267.0	203914645.0	1606251.0
44	2.84	50.0	3529584.0	-0.0765016729181463	83087816.0	208076464.0	1638736.0
44	2.84	51.0	3384629.0	-0.07335985790599477	86240258.0	212238233.0	1671271.0
44	2.84	52.0	3234662.0	-0.07010941071943803	89426183.0	216399543.0	1704265.0
44	2.84	53.0	3092548.0	-0.06702917272394354	92646919.0	220561189.0	1736923.0
44	2.84	54.0	2960442.0	-0.06416585228659889	95903001.0	224722958.0	1769458.0
44	2.84	55.0	2844644.0	-0.06165599822998047	99191206.0	228884463.0	1802257.0
44	2.84	56.0	2745960.0	-0.059517080133611504	102507503.0	233045995.0	1835029.0
44	2.84	57.0	2657075.0	-0.05759054964238947	105847127.0	237207468.0	1867860.0
44	2.84	58.0	2573396.0	-0.05577685616233132	109204120.0	241368774.0	1900858.0
44	2.84	59.0	2487164.0	-0.053907827897505325	112576429.0	245530228.0	1933708.0
44	2.84	60.0	2403869.0	-0.052102457393299446	115964724.0	249691821.0	1966419.0
44	2.84	61.0	2318331.0	-0.05024847117337314	119366174.0	253853480.0	1999064.0
44	2.84	62.0	2230764.0	-0.04835050756281072	122784799.0	258014773.0	2032075.0
44	2.84	63.0	2141089.0	-0.046406854282725944	126221795.0	262176398.0	2064754.0
44	2.84	64.0	2050692.0	-0.04444755207408558	129677435.0	266337981.0	2097475.0
44	2.84	65.0	1958169.0	-0.04244217005642978	133153391.0	270499330.0	2130430.0
44	2.84	66.0	1866538.0	-0.04045612161809748	136651168.0	274660668.0	2163396.0
44	2.84	67.0	1779138.0	-0.038561777635054154	140174184.0	278822389.0	2195979.0
44	2.84	68.0	1699604.0	-0.03683792461048473	143720313.0	282983769.0	2228903.0
44	2.84	69.0	1627527.0	-0.03527569770812988	147290514.0	287145473.0	2261503.0
44	2.84	70.0	1570855.0	-0.03404736518859863	150879707.0	291306977.0	2294303.0
44	2.84	71.0	1522159.0	-0.0329919078133323	154486093.0	295468877.0	2326707.0
44	2.84	72.0	1486407.0	-0.032217004082419655	158104014.0	299630514.0	2359374.0
44	2.84	73.0	1454537.0	-0.03152624043551358	161729047.0	303791880.0	2392312.0
44	2.84	74.0	1427956.0	-0.0309501127763228	165360126.0	307953421.0	2425075.0
44	2.84	75.0	1400068.0	-0.03034565665505149	168995626.0	312114981.0	2457819.0
44	2.84	76.0	1372914.0	-0.029757109555331143	172634155.0	316276656.0	2490448.0
44	2.84	77.0	1344528.0	-0.02914185957475142	176276795.0	320438016.0	2523392.0
44	2.84	78.0	1316585.0	-0.028536211360584606	179925159.0	324599676.0	2556036.0
44	2.84	79.0	1288839.0	-0.02793483300642534	183577726.0	328761032.0	2588984.0
44	2.84	80.0	1260370.0	-0.027317784049294212	187236034.0	332922492.0	2621828.0
44	2.84	81.0	1230635.0	-0.026673295281150124	190897607.0	337083761.0	2654863.0
44	2.84	82.0	1200158.0	-0.02601272409612482	194564004.0	341245088.0	2687840.0
44	2.84	83.0	1168208.0	-0.025320226495916195	198236890.0	345406585.0	2720647.0
44	2.84	84.0	1134883.0	-0.02459792657331987	201916771.0	349567992.0	2753544.0
44	2.84	85.0	1103481.0	-0.023917306553233753	205602112.0	353729374.0	2786466.0
44	2.84	86.0	1071480.0	-0.023223703557794743	209294671.0	357890603.0	2819541.0
44	2.84	87.0	1038447.0	-0.02250773256475275	212993024.0	362052146.0	2852302.0
44	2.84	88.0	1005788.0	-0.02179986780340021	216699246.0	366213906.0	2884846.0
44	2.84	89.0	969285.0	-0.021008686585859818	220412890.0	370375695.0	2917361.0
44	2.84	90.0	933300.0	-0.02022873271595348	224133340.0	374537200.0	2950160.0
44	2.84	91.0	897011.0	-0.019442189823497425	227862355.0	378698805.0	2982859.0
44	2.84	92.0	860982.0	-0.01866128227927468	231599633.0	382860426.0	3015542.0
44	2.84	93.0	824101.0	-0.017861908132379704	235345890.0	387021646.0	3048626.0
44	2.84	94.0	787098.0	-0.01705988970669833	239101805.0	391183535.0	3081041.0
44	2.84	95.0	750347.0	-0.01626333323392001	242868060.0	395345030.0	3113850.0
44	2.84	96.0	712895.0	-0.015451582995328035	246644758.0	399506562.0	3146622.0
44	2.84	97.0	677578.0	-0.014686107635498047	250433283.0	403668174.0	3179314.0
44	2.84	98.0	645818.0	-0.01399772817438299	254232619.0	407829522.0	3212270.0
44	2.84	99.0	614003.0	-0.013308156620372425	258043495.0	411991271.0	3244825.0
44	2.84	100.0	587012.0	-0.012723142450506037	261865443.0	416152546.0	3277854.0
45	2.7	1.0	21816857.0	-0.472867640581998	21259.0	4161606.0	32698.0
45	2.7	2.0	21579404.0	-0.46772098541259766	50720.0	8323475.0	65133.0
45	2.7	3.0	21307507.0	-0.4618277766487815	90684.0	12484888.0	98024.0
45	2.7	4.0	20999395.0	-0.4551496288993142	144538.0	16646384.0	130832.0
45	2.7	5.0	20652763.0	-0.44763658263466577	216894.0	20807721.0	163799.0
45	2.7	6.0	20265368.0	-0.4392400221391158	314093.0	24969427.0	196397.0
45	2.7	7.0	19840698.0	-0.4300355477766557	442863.0	29130657.0	229471.0
45	2.7	8.0	19380883.0	-0.4200693260539662	612158.0	33292245.0	262187.0
45	2.7	9.0	18893483.0	-0.40950521555813874	829333.0	37453474.0	295262.0
45	2.7	10.0	18386129.0	-0.3985086137598211	1102973.0	41614607.0	328433.0
45	2.7	11.0	17868586.0	-0.3872911713340066	1440759.0	45776275.0	361069.0
45	2.7	12.0	17346255.0	-0.375969951803034	1849778.0	49937854.0	393794.0
45	2.7	13.0	16818555.0	-0.3645323623310436	2335051.0	54099676.0	426276.0
45	2.7	14.0	16297451.0	-0.353237737308849	2901532.0	58260792.0	459464.0
45	2.7	15.0	15790508.0	-0.34225004369562323	3547996.0	62422723.0	491837.0
45	2.7	16.0	15299222.0	-0.3316017064181241	4277834.0	66584500.0	524364.0
45	2.7	17.0	14818418.0	-0.3211805603720925	5090538.0	70745474.0	557694.0
45	2.7	18.0	14351055.0	-0.3110507401553067	5986226.0	74906629.0	590843.0
45	2.7	19.0	13900118.0	-0.3012769439003684	6964433.0	79068097.0	623679.0
45	2.7	20.0	13462038.0	-0.2917818156155673	8024698.0	83229721.0	656359.0
45	2.7	21.0	13042097.0	-0.28267983956770465	9163397.0	87391203.0	689181.0
45	2.7	22.0	12632490.0	-0.27380184693769977	10381058.0	91552583.0	722105.0
45	2.7	23.0	12238262.0	-0.26525718515569513	11675418.0	95713931.0	755061.0
45	2.7	24.0	11857979.0	-0.25701477310874243	13043060.0	99875825.0	787471.0
45	2.7	25.0	11488161.0	-0.24899918382818048	14483748.0	104037225.0	820375.0
45	2.7	26.0	11133922.0	-0.24132126027887518	15994918.0	108198650.0	853254.0
45	2.7	27.0	10790423.0	-0.2338761199604381	17577268.0	112360279.0	885929.0
45	2.7	28.0	10460317.0	-0.22672126509926535	19225305.0	116521771.0	918741.0
45	2.7	29.0	10139557.0	-0.2197689793326638	20940922.0	120683315.0	951501.0
45	2.7	30.0	9829386.0	-0.2130462039600719	22717689.0	124844657.0	984463.0
45	2.7	31.0	9531299.0	-0.20658534223383124	24558464.0	129006224.0	1017200.0
45	2.7	32.0	9239402.0	-0.20025864514437589	26459101.0	133167667.0	1050061.0
45	2.7	33.0	8957445.0	-0.19414739175276322	28419986.0	137329350.0	1082682.0
45	2.7	34.0	8684882.0	-0.1882397478277033	30436762.0	141490715.0	1115621.0
45	2.7	35.0	8421296.0	-0.18252667513760654	32509849.0	145652474.0	1148166.0
45	2.7	36.0	8165172.0	-0.17697533694180576	34635843.0	149814441.0	1180503.0
45	2.7	37.0	7916222.0	-0.17157949100841174	36813939.0	153975881.0	1213367.0
45	2.7	38.0	7674641.0	-0.16634336384859952	39044600.0	158137327.0	1246225.0
45	2.7	39.0	7443168.0	-0.16132632168856534	41327618.0	162298792.0	1279064.0
45	2.7	40.0	7221662.0	-0.15652530843561346	43658349.0	166460188.0	1311972.0
45	2.7	41.0	7008212.0	-0.15189890428022904	46036567.0	170621737.0	1344727.0
45	2.7	42.0	6799863.0	-0.14738306132229892	48457761.0	174783482.0	1377286.0
45	2.7	43.0	6593466.0	-0.14290952682495117	50918925.0	178945020.0	1410052.0
45	2.7	44.0	6390569.0	-0.1385118527845903	53423144.0	183106246.0	1443130.0
45	2.7	45.0	6190281.0	-0.13417072729630905	55973225.0	187267713.0	1475967.0
45	2.7	46.0	5999117.0	-0.1300273591821844	58565345.0	191429317.0	1508667.0
45	2.7	47.0	5820580.0	-0.12615767392245206	61203767.0	195590683.0	1541605.0
45	2.7	48.0	5654731.0	-0.12256299365650523	63879140.0	199752181.0	1574411.0
45	2.7	49.0	5495665.0	-0.11911533095619896	66586596.0	203913871.0	1607025.0
45	2.7	50.0	5336006.0	-0.11565481532703746	69325722.0	208075345.0	1639855.0
45	2.7	51.0	5173645.0	-0.11213573542508212	72095821.0	212236674.0	1672830.0
45	2.7	52.0	5011257.0	-0.10861607031388716	74900297.0	216397995.0	1705813.0
45	2.7	53.0	4851587.0	-0.10515531626614658	77740778.0	220559498.0	1738614.0
45	2.7	54.0	4696666.0	-0.10179749402132901	80618055.0	224721029.0	1771387.0
45	2.7	55.0	4552674.0	-0.09867655147205699	83529436.0	228882376.0	1804344.0
45	2.7	56.0	4418407.0	-0.09576639262112704	86474548.0	233043962.0	1837062.0
45	2.7	57.0	4297314.0	-0.09314177253029564	89451199.0	237205609.0	1869719.0
45	2.7	58.0	4183671.0	-0.09067862684076483	92455147.0	241367104.0	1902528.0
45	2.7	59.0	4076304.0	-0.0883515097878196	95479791.0	245528531.0	1935405.0
45	2.7	60.0	3968321.0	-0.08601104129444469	98520266.0	249689760.0	1968480.0
45	2.7	61.0	3857239.0	-0.08360340378501198	101582187.0	253851226.0	2001318.0
45	2.7	62.0	3743687.0	-0.08114223046736284	104667646.0	258012539.0	2034309.0
45	2.7	63.0	3630299.0	-0.07868461175398393	107775209.0	262174303.0	2066849.0
45	2.7	64.0	3513065.0	-0.07614363323558461	110907214.0	266336104.0	2099352.0
45	2.7	65.0	3397751.0	-0.07364426959644664	114064372.0	270497741.0	2132019.0
45	2.7	66.0	3284268.0	-0.07118459181352095	117250975.0	274659302.0	2164762.0
45	2.7	67.0	3177193.0	-0.06886380369013007	120465340.0	278820996.0	2197372.0
45	2.7	68.0	3079435.0	-0.06674495610323819	123705929.0	282982498.0	2230174.0
45	2.7	69.0	2997625.0	-0.06497177210721103	126970813.0	287143978.0	2262998.0
45	2.7	70.0	2926535.0	-0.06343093785372647	130255178.0	291305700.0	2295580.0
45	2.7	71.0	2861736.0	-0.06202645735307173	133555885.0	295466866.0	2328718.0
45	2.7	72.0	2802958.0	-0.06075247851285068	136871752.0	299628478.0	2361410.0
45	2.7	73.0	2745460.0	-0.05950624292547053	140196916.0	303790072.0	2394120.0
45	2.7	74.0	2687381.0	-0.05824741450223056	143532903.0	307951770.0	2426726.0
45	2.7	75.0	2628343.0	-0.05696780031377619	146877193.0	312113441.0	2459359.0
45	2.7	76.0	2569760.0	-0.05569804798473011	150231632.0	316274963.0	2492141.0
45	2.7	77.0	2506591.0	-0.05432889678261497	153596453.0	320436417.0	2524991.0
45	2.7	78.0	2443166.0	-0.05295419692993164	156971687.0	324598253.0	2557459.0
45	2.7	79.0	2378900.0	-0.05156126889315518	160359795.0	328759559.0	2590457.0
45	2.7	80.0	2314313.0	-0.05016138336875222	163758709.0	332920831.0	2623489.0
45	2.7	81.0	2248997.0	-0.04874569719487971	167170686.0	337082197.0	2656427.0
45	2.7	82.0	2179029.0	-0.04722918163646351	170596947.0	341243394.0	2689534.0
45	2.7	83.0	2108773.0	-0.04570642384615811	174038574.0	345404928.0	2722304.0
45	2.7	84.0	2040460.0	-0.04422577944668857	177497084.0	349566121.0	2755415.0
45	2.7	85.0	1970507.0	-0.0427095890045166	180973220.0	353727730.0	2788110.0
45	2.7	86.0	1905323.0	-0.04129676385359331	184468471.0	357889277.0	2820867.0
45	2.7	87.0	1842730.0	-0.03994009711525657	187980702.0	362050988.0	2853460.0
45	2.7	88.0	1787598.0	-0.03874514319679954	191511760.0	366212454.0	2886298.0
45	2.7	89.0	1737281.0	-0.03765455159274014	195060567.0	370373848.0	2919208.0
45	2.7	90.0	1698576.0	-0.036815643310546875	198624353.0	374535440.0	2951920.0
45	2.7	91.0	1664140.0	-0.036069263111461296	202199941.0	378696970.0	2984694.0
45	2.7	92.0	1639824.0	-0.03554222800514915	205784951.0	382858514.0	3017454.0
45	2.7	93.0	1621144.0	-0.03513734990900213	209374943.0	387019873.0	3050399.0
45	2.7	94.0	1604498.0	-0.034776557575572624	212970042.0	391181473.0	3083103.0
45	2.7	95.0	1587753.0	-0.0344136194749312	216566704.0	395342974.0	3115906.0
45	2.7	96.0	1573076.0	-0.034095504067160866	220165770.0	399504265.0	3148919.0
45	2.7	97.0	1558427.0	-0.03377799554304643	223766794.0	403665661.0	3181827.0
45	2.7	98.0	1543743.0	-0.03345972841436213	227369997.0	407827197.0	3214595.0
45	2.7	99.0	1528182.0	-0.03312245282259854	230975958.0	411988323.0	3247773.0
45	2.7	100.0	1511549.0	-0.032761942256580696	234583006.0	416149812.0	3280588.0
46	2.56	1.0	21857220.0	-0.4737424850463867	17291.0	4161531.0	32773.0
46	2.56	2.0	21673362.0	-0.4697574702176181	40138.0	8323222.0	65386.0
46	2.56	3.0	21464667.0	-0.46523412791165436	70295.0	12484600.0	98312.0
46	2.56	4.0	21228084.0	-0.4601063294844194	110217.0	16646587.0	130629.0
46	2.56	5.0	20964755.0	-0.45439882711930707	162477.0	20808041.0	163479.0
46	2.56	6.0	20668726.0	-0.44798257134177466	231600.0	24969801.0	196023.0
46	2.56	7.0	20341586.0	-0.4408920027992942	321230.0	29131524.0	228604.0
46	2.56	8.0	19986042.0	-0.43318579413674096	438257.0	33292854.0	261578.0
46	2.56	9.0	19605569.0	-0.4249392639506947	587306.0	37454311.0	294425.0
46	2.56	10.0	19202213.0	-0.41619675809686835	775456.0	41615752.0	327288.0
46	2.56	11.0	18780933.0	-0.4070657600056041	1009277.0	45777309.0	360035.0
46	2.56	12.0	18350727.0	-0.3977412960746072	1294614.0	49938981.0	392667.0
46	2.56	13.0	17916661.0	-0.3883331688967618	1636419.0	54100753.0	425199.0
46	2.56	14.0	17478917.0	-0.3788453232158314	2039429.0	58262142.0	458114.0
46	2.56	15.0	17047153.0	-0.36948709054426715	2505540.0	62423696.0	490864.0
46	2.56	16.0	16617019.0	-0.36016418717124243	3039822.0	66585226.0	523638.0
46	2.56	17.0	16192716.0	-0.35096766731955786	3639952.0	70746657.0	556511.0
46	2.56	18.0	15780374.0	-0.34203039516102185	4308426.0	74908313.0	589159.0
46	2.56	19.0	15380307.0	-0.33335917646234686	5045460.0	79069792.0	621984.0
46	2.56	20.0	14989674.0	-0.3248924342068759	5851328.0	83231359.0	654721.0
46	2.56	21.0	14607736.0	-0.31661415100097656	6726272.0	87392935.0	687449.0
46	2.56	22.0	14241797.0	-0.3086826367811723	7667295.0	91554595.0	720093.0
46	2.56	23.0	13885570.0	-0.30096162449229846	8672196.0	95716353.0	752639.0
46	2.56	24.0	13537741.0	-0.29342263395136053	9744346.0	99877724.0	785572.0
46	2.56	25.0	13200343.0	-0.2861097292466597	10878844.0	104039248.0	818352.0
46	2.56	26.0	12872060.0	-0.27899438684636896	12076681.0	108200700.0	851204.0
46	2.56	27.0	12557583.0	-0.27217828143726697	13336272.0	112362179.0	884029.0
46	2.56	28.0	12251202.0	-0.2655376521023837	14654899.0	116523629.0	916883.0
46	2.56	29.0	11957362.0	-0.2591688416220925	16030085.0	120685019.0	949797.0
46	2.56	30.0	11669555.0	-0.2529307928952304	17463209.0	124846397.0	982723.0
46	2.56	31.0	11389137.0	-0.24685289643027566	18952244.0	129007908.0	1015516.0
46	2.56	32.0	11118632.0	-0.240989858453924	20495662.0	133169383.0	1048345.0
46	2.56	33.0	10852271.0	-0.2352166392586448	22092819.0	137331030.0	1081002.0
46	2.56	34.0	10596720.0	-0.22967772050337357	23742648.0	141492566.0	1113770.0
46	2.56	35.0	10345687.0	-0.22423672676086426	25446039.0	145653988.0	1146652.0
46	2.56	36.0	10106774.0	-0.2190584269436923	27196399.0	149815525.0	1179419.0
46	2.56	37.0	9871913.0	-0.21396795186129483	28992753.0	153977026.0	1212222.0
46	2.56	38.0	9639243.0	-0.20892496542497116	30837628.0	158138612.0	1244940.0
46	2.56	39.0	9413434.0	-0.204030687158758	32729327.0	162300241.0	1277615.0
46	2.56	40.0	9197041.0	-0.19934049519625577	34668672.0	166462089.0	1310071.0
46	2.56	41.0	8990535.0	-0.1948645981875333	36650955.0	170623957.0	1342507.0
46	2.56	42.0	8788320.0	-0.1904817060990767	38675019.0	174785586.0	1375182.0
46	2.56	43.0	8590162.0	-0.18618674711747604	40739998.0	178946869.0	1408203.0
46	2.56	44.0	8392478.0	-0.181902061809193	42844853.0	183108393.0	1440983.0
46	2.56	45.0	8202785.0	-0.17779057676141913	44991347.0	187270092.0	1473588.0
46	2.56	46.0	8014228.0	-0.17370371385054154	47177518.0	191431842.0	1506142.0
46	2.56	47.0	7832965.0	-0.1697749441320246	49404051.0	195593258.0	1539030.0
46	2.56	48.0	7657351.0	-0.16596861319108444	51669440.0	199754671.0	1571921.0
46	2.56	49.0	7492533.0	-0.1623962792483243	53970784.0	203916130.0	1604766.0
46	2.56	50.0	7332764.0	-0.1589333794333718	56304624.0	208077369.0	1637831.0
46	2.56	51.0	7173889.0	-0.15548985654657538	58671065.0	212239185.0	1670319.0
46	2.56	52.0	7017609.0	-0.15210257877003064	61067911.0	216400737.0	1703071.0
46	2.56	53.0	6857506.0	-0.14863243970003995	63496728.0	220562516.0	1735596.0
46	2.56	54.0	6700144.0	-0.14522171020507812	65959274.0	224724012.0	1768404.0
46	2.56	55.0	6541902.0	-0.14179190722378818	68455668.0	228885931.0	1800789.0
46	2.56	56.0	6392693.0	-0.13855788924477316	70987699.0	233047457.0	1833567.0
46	2.56	57.0	6250018.0	-0.1354654919017445	73553511.0	237209121.0	1866207.0
46	2.56	58.0	6120771.0	-0.13266413862055	76149534.0	241370969.0	1898663.0
46	2.56	59.0	5998197.0	-0.130007418719205	78774785.0	245532624.0	1931312.0
46	2.56	60.0	5881139.0	-0.1274702548980713	81423700.0	249694282.0	1963958.0
46	2.56	61.0	5763264.0	-0.12491538307883522	84093641.0	253855808.0	1996736.0
46	2.56	62.0	5643600.0	-0.12232173572887074	86786982.0	258017421.0	2029427.0
46	2.56	63.0	5524033.0	-0.1197301907972856	89501890.0	262179020.0	2062132.0
46	2.56	64.0	5401118.0	-0.11706607991998846	92239398.0	266340696.0	2094760.0
46	2.56	65.0	5277942.0	-0.11439631202004173	95001670.0	270502345.0	2127415.0
46	2.56	66.0	5153499.0	-0.11169908263466576	97792391.0	274663504.0	2160560.0
46	2.56	67.0	5032095.0	-0.10906772180037065	100609060.0	278824986.0	2193382.0
46	2.56	68.0	4915571.0	-0.10654213211753151	103455228.0	282986500.0	2226172.0
46	2.56	69.0	4806249.0	-0.10417264158075507	106331395.0	287147863.0	2259113.0
46	2.56	70.0	4707318.0	-0.10202836990356445	109234894.0	291309745.0	2291535.0
46	2.56	71.0	4619305.0	-0.10012073950334029	112160461.0	295470833.0	2324751.0
46	2.56	72.0	4539530.0	-0.09839166294444691	115105860.0	299632119.0	2357769.0
46	2.56	73.0	4463405.0	-0.09674169800498268	118067319.0	303793757.0	2390435.0
46	2.56	74.0	4389771.0	-0.09514572403647682	121043867.0	307954962.0	2423534.0
46	2.56	75.0	4316544.0	-0.09355857155539772	124031726.0	312116237.0	2456563.0
46	2.56	76.0	4239729.0	-0.09189365126869896	127031387.0	316277603.0	2489501.0
46	2.56	77.0	4162832.0	-0.09022695367986505	130043170.0	320439290.0	2522118.0
46	2.56	78.0	4082221.0	-0.08847975730895996	133069687.0	324600771.0	2554941.0
46	2.56	79.0	4000158.0	-0.08670108968561346	136110094.0	328762417.0	2587599.0
46	2.56	80.0	3916345.0	-0.08488449183377353	139165257.0	332923415.0	2620905.0
46	2.56	81.0	3831237.0	-0.08303982561284845	142238754.0	337084989.0	2653635.0
46	2.56	82.0	3742484.0	-0.08111615614457564	145330727.0	341246880.0	2686048.0
46	2.56	83.0	3654266.0	-0.07920408248901367	148440786.0	345408388.0	2718844.0
46	2.56	84.0	3566782.0	-0.07730791785500267	151573041.0	349569950.0	2751586.0
46	2.56	85.0	3483240.0	-0.07549719376997514	154725434.0	353731555.0	2784285.0
46	2.56	86.0	3402486.0	-0.07374689795754173	157900715.0	357893137.0	2817007.0
46	2.56	87.0	3329402.0	-0.07216284491799095	161096288.0	362054585.0	2849863.0
46	2.56	88.0	3262591.0	-0.0707147554917769	164312511.0	366216214.0	2882538.0
46	2.56	89.0	3203724.0	-0.06943884762850674	167545710.0	370377499.0	2915557.0
46	2.56	90.0	3156313.0	-0.06841124187816273	170793737.0	374539071.0	2948289.0
46	2.56	91.0	3112275.0	-0.06745674393393776	174054114.0	378700827.0	2980837.0
46	2.56	92.0	3073563.0	-0.06661768393083052	177322660.0	382862278.0	3013690.0
46	2.56	93.0	3036847.0	-0.06582188606262207	180599059.0	387023428.0	3046844.0
46	2.56	94.0	3002108.0	-0.06506893851540306	183880338.0	391185016.0	3079560.0
46	2.56	95.0	2967081.0	-0.06430974873629483	187166572.0	395346559.0	3112321.0
46	2.56	96.0	2932034.0	-0.06355012546886098	190457042.0	399508212.0	3144972.0
46	2.56	97.0	2894666.0	-0.06274019588123668	193753452.0	403669957.0	3177531.0
46	2.56	98.0	2854768.0	-0.06187543002041904	197054921.0	407831856.0	3209936.0
46	2.56	99.0	2817120.0	-0.061059431596235794	200364416.0	411993377.0	3242719.0
46	2.56	100.0	2778128.0	-0.0602143027565696	203680761.0	416154805.0	3275595.0
47	2.42	1.0	21896520.0	-0.47459428960626776	13367.0	4161544.0	32760.0
47	2.42	2.0	21755253.0	-0.4715324098413641	30881.0	8323448.0	65160.0
47	2.42	3.0	21596112.0	-0.46808312155983667	53502.0	12484912.0	98000.0
47	2.42	4.0	21416361.0	-0.46418712355873804	82726.0	16646202.0	131014.0
47	2.42	5.0	21218240.0	-0.4598929665305398	120070.0	20808065.0	163455.0
47	2.42	6.0	20997132.0	-0.4551005796952681	168091.0	24969480.0	196344.0
47	2.42	7.0	20753592.0	-0.44982199235395953	229535.0	29131462.0	228666.0
47	2.42	8.0	20488275.0	-0.4440714012492787	307534.0	33292977.0	261455.0
47	2.42	9.0	20203188.0	-0.4378923069347035	405935.0	37454707.0	294029.0
47	2.42	10.0	19895741.0	-0.43122857267206366	529831.0	41616318.0	326722.0
47	2.42	11.0	19569709.0	-0.4241620193828236	683528.0	45777968.0	359376.0
47	2.42	12.0	19232355.0	-0.4168500683524392	871900.0	49939338.0	392310.0
47	2.42	13.0	18885850.0	-0.40933977473865857	1098939.0	54100947.0	425005.0
47	2.42	14.0	18528990.0	-0.40160504254427826	1370151.0	58262365.0	457891.0
47	2.42	15.0	18167201.0	-0.39376347715204413	1688440.0	62424003.0	490557.0
47	2.42	16.0	17806754.0	-0.3859509988264604	2056005.0	66585448.0	523416.0
47	2.42	17.0	17449854.0	-0.3782153996554288	2476168.0	70747036.0	556132.0
47	2.42	18.0	17095439.0	-0.37053366140885785	2950354.0	74908802.0	588670.0
47	2.42	19.0	16747691.0	-0.36299642649563874	3479480.0	79070631.0	621145.0
47	2.42	20.0	16407131.0	-0.35561498728665436	4063033.0	83232090.0	653990.0
47	2.42	21.0	16077270.0	-0.3484654426574707	4703407.0	87393688.0	686696.0
47	2.42	22.0	15752334.0	-0.34142264452847565	5398642.0	91555359.0	719329.0
47	2.42	23.0	15435371.0	-0.3345526565204967	6149302.0	95716746.0	752246.0
47	2.42	24.0	15127130.0	-0.32787171277132904	6952605.0	99878260.0	785036.0
47	2.42	25.0	14827206.0	-0.32137103514237836	7809452.0	104039625.0	817975.0
47	2.42	26.0	14534767.0	-0.3150325905192982	8720929.0	108201174.0	850730.0
47	2.42	27.0	14248321.0	-0.30882404067299585	9684576.0	112362789.0	883419.0
47	2.42	28.0	13971692.0	-0.30282826857133344	10698710.0	116524503.0	916009.0
47	2.42	29.0	13701190.0	-0.29696529561823065	11764469.0	120686332.0	948484.0
47	2.42	30.0	13440193.0	-0.2913083379918879	12879622.0	124847981.0	981139.0
47	2.42	31.0	13185944.0	-0.2857976393266158	14043849.0	129009473.0	1013951.0
47	2.42	32.0	12936203.0	-0.28038464892994275	15256975.0	133170863.0	1046865.0
47	2.42	33.0	12692857.0	-0.2751102664253928	16516650.0	137332718.0	1079314.0
47	2.42	34.0	12461358.0	-0.27009266073053534	17821628.0	141493916.0	1112420.0
47	2.42	35.0	12229571.0	-0.26506881280378863	19172479.0	145655642.0	1144998.0
47	2.42	36.0	12004698.0	-0.2601948217912154	20566821.0	149817419.0	1177525.0
47	2.42	37.0	11787405.0	-0.2554851228540594	22004515.0	153979025.0	1210223.0
47	2.42	38.0	11574878.0	-0.25087872418490326	23486296.0	158140656.0	1242896.0
47	2.42	39.0	11366817.0	-0.2463691234588623	25008721.0	162301919.0	1275937.0
47	2.42	40.0	11164819.0	-0.2419909347187389	26572791.0	166463592.0	1308568.0
47	2.42	41.0	10970605.0	-0.23778145963495428	28176750.0	170625046.0	1341418.0
47	2.42	42.0	10782275.0	-0.23369951681657272	29820024.0	174786615.0	1374153.0
47	2.42	43.0	10598592.0	-0.2297182950106534	31498684.0	178948031.0	1407041.0
47	2.42	44.0	10417558.0	-0.22579448873346503	33214454.0	183109703.0	1439673.0
47	2.42	45.0	10237403.0	-0.22188973426818848	34963906.0	187271375.0	1472305.0
47	2.42	46.0	10059064.0	-0.21802434054287997	36750010.0	191432785.0	1505199.0
47	2.42	47.0	9881540.0	-0.21417661146684128	38571407.0	195594071.0	1538217.0
47	2.42	48.0	9708991.0	-0.2104367126118053	40431254.0	199755602.0	1570990.0
47	2.42	49.0	9542829.0	-0.20683524825356223	42325133.0	203917129.0	1603767.0
47	2.42	50.0	9383434.0	-0.2033804546702992	44253947.0	208079045.0	1636155.0
47	2.42	51.0	9230662.0	-0.20006921074607156	46213651.0	212240634.0	1668870.0
47	2.42	52.0	9082576.0	-0.1968595331365412	48204274.0	216402107.0	1701701.0
47	2.42	53.0	8932536.0	-0.19360750371759589	50221697.0	220563489.0	1734623.0
47	2.42	54.0	8783739.0	-0.19038241559808905	52268959.0	224725164.0	1767252.0
47	2.42	55.0	8632872.0	-0.18711246143687854	54347121.0	228886679.0	1800041.0
47	2.42	56.0	8485846.0	-0.18392575870860706	56454408.0	233048025.0	1832999.0
47	2.42	57.0	8343232.0	-0.1808346835049716	58593187.0	237209787.0	1865541.0
47	2.42	58.0	8204635.0	-0.17783067443154074	60765747.0	241371275.0	1898357.0
47	2.42	59.0	8071859.0	-0.1749528321352872	62969193.0	245532803.0	1931133.0
47	2.42	60.0	7945510.0	-0.1722142913124778	65199926.0	249694314.0	1963926.0
47	2.42	61.0	7826293.0	-0.16963033242659134	67457349.0	253855834.0	1996710.0
47	2.42	62.0	7713181.0	-0.16717869585210626	69738365.0	258017191.0	2029657.0
47	2.42	63.0	7599302.0	-0.16471043500033292	72038674.0	262178477.0	2062675.0
47	2.42	64.0	7485652.0	-0.16224713758988815	74360612.0	266339929.0	2095527.0
47	2.42	65.0	7366921.0	-0.15967371247031473	76703585.0	270501391.0	2128369.0
47	2.42	66.0	7247607.0	-0.15708765116604892	79071164.0	274662525.0	2161539.0
47	2.42	67.0	7127327.0	-0.15448065237565475	81461829.0	278823776.0	2194592.0
47	2.42	68.0	7007223.0	-0.15187746828252618	83878680.0	282985416.0	2227256.0
47	2.42	69.0	6888381.0	-0.14930163730274548	86323597.0	287146887.0	2260089.0
47	2.42	70.0	6769857.0	-0.1467326987873424	88793081.0	291308081.0	2293199.0
47	2.42	71.0	6659236.0	-0.1443350531838157	91289345.0	295469550.0	2326034.0
47	2.42	72.0	6555204.0	-0.1420802203091708	93812603.0	299631148.0	2358740.0
47	2.42	73.0	6457956.0	-0.13997242667458273	96359806.0	303792510.0	2391682.0
47	2.42	74.0	6367845.0	-0.13801932334899902	98928622.0	307954140.0	2424356.0
47	2.42	75.0	6284590.0	-0.13621481982144443	101515594.0	312115847.0	2456953.0
47	2.42	76.0	6204163.0	-0.13447161154313522	104117621.0	316277364.0	2489740.0
47	2.42	77.0	6123027.0	-0.1327130361036821	106736650.0	320438542.0	2522866.0
47	2.42	78.0	6041962.0	-0.13095599954778497	109368406.0	324600173.0	2555539.0
47	2.42	79.0	5957635.0	-0.1291282610459761	112013620.0	328761669.0	2588347.0
47	2.42	80.0	5873831.0	-0.12731185826388272	114672158.0	332923486.0	2620834.0
47	2.42	81.0	5784418.0	-0.1253738836808638	117347376.0	337084900.0	2653724.0
47	2.42	82.0	5694379.0	-0.1234223409132524	120041686.0	341246542.0	2686386.0
47	2.42	83.0	5602187.0	-0.12142413312738592	122751790.0	345408218.0	2719014.0
47	2.42	84.0	5509381.0	-0.11941261724992232	125480212.0	349569832.0	2751704.0
47	2.42	85.0	5415814.0	-0.11738460714166815	128231232.0	353731159.0	2784681.0
47	2.42	86.0	5325411.0	-0.11542517488653009	131000987.0	357892498.0	2817646.0
47	2.42	87.0	5237248.0	-0.11351429332386363	133795324.0	362053823.0	2850625.0
47	2.42	88.0	5152838.0	-0.11168475584550337	136610720.0	366215355.0	2883397.0
47	2.42	89.0	5073697.0	-0.10996942086653276	139447752.0	370377022.0	2916034.0
47	2.42	90.0	5000824.0	-0.10838994112881747	142305975.0	374538008.0	2949352.0
47	2.42	91.0	4935840.0	-0.10698145086115057	145181821.0	378699568.0	2982096.0
47	2.42	92.0	4879634.0	-0.1057632186196067	148072649.0	382860876.0	3015092.0
47	2.42	93.0	4828797.0	-0.1046613563190807	150979586.0	387022207.0	3048065.0
47	2.42	94.0	4779318.0	-0.10358892787586559	153893956.0	391184281.0	3080295.0
47	2.42	95.0	4731504.0	-0.10255258733575995	156816828.0	395346129.0	3112751.0
47	2.42	96.0	4683220.0	-0.10150605982000177	159745914.0	399507615.0	3145569.0
47	2.42	97.0	4635640.0	-0.1004747910933061	162683179.0	403669151.0	3178337.0
47	2.42	98.0	4584855.0	-0.09937405586242676	165628675.0	407830703.0	3211089.0
47	2.42	99.0	4536462.0	-0.09832516583529385	168580078.0	411992029.0	3244067.0
47	2.42	100.0	4485308.0	-0.09721643274480646	171539697.0	416153769.0	3276631.0
48	2.2800000000000002	1.0	21924927.0	-0.4752099947495894	10537.0	4161610.0	32694.0
48	2.2800000000000002	2.0	21820536.0	-0.47294738075949927	23567.0	8323238.0	65370.0
48	2.2800000000000002	3.0	21703772.0	-0.4704165892167525	39846.0	12484510.0	98402.0
48	2.2800000000000002	4.0	21572514.0	-0.467571648684415	60504.0	16646051.0	131165.0
48	2.2800000000000002	5.0	21428842.0	-0.46445764194835315	86105.0	20807385.0	164135.0
48	2.2800000000000002	6.0	21272549.0	-0.46107008240439673	117944.0	24968809.0	197015.0
48	2.2800000000000002	7.0	21098737.0	-0.4573028087615967	157987.0	29130054.0	230074.0
48	2.2800000000000002	8.0	20909041.0	-0.453191258690574	208047.0	33291387.0	263045.0
48	2.2800000000000002	9.0	20699980.0	-0.44865998354825104	270802.0	37452996.0	295740.0
48	2.2800000000000002	10.0	20475274.0	-0.4437896121631969	348644.0	41614507.0	328533.0
48	2.2800000000000002	11.0	20234197.0	-0.4385644089091908	444583.0	45776082.0	361262.0
48	2.2800000000000002	12.0	19980996.0	-0.4330764250321822	561717.0	49937342.0	394306.0
48	2.2800000000000002	13.0	19715269.0	-0.42731694741682574	704347.0	54099019.0	426933.0
48	2.2800000000000002	14.0	19438477.0	-0.4213176423853094	874832.0	58260038.0	460218.0
48	2.2800000000000002	15.0	19155647.0	-0.4151874672282826	1076204.0	62421657.0	492903.0
48	2.2800000000000002	16.0	18865200.0	-0.4088921980424361	1312063.0	66583258.0	525606.0
48	2.2800000000000002	17.0	18573855.0	-0.40257746523076837	1585604.0	70745023.0	558145.0
48	2.2800000000000002	18.0	18282106.0	-0.3962539759549228	1898237.0	74906725.0	590747.0
48	2.2800000000000002	19.0	17991975.0	-0.38996555588462134	2252213.0	79068649.0	623127.0
48	2.2800000000000002	20.0	17704416.0	-0.38373288241299713	2649177.0	83229968.0	656112.0
48	2.2800000000000002	21.0	17420225.0	-0.3775732083754106	3088064.0	87391621.0	688763.0
48	2.2800000000000002	22.0	17139560.0	-0.3714899583296342	3571183.0	91553210.0	721478.0
48	2.2800000000000002	23.0	16865145.0	-0.3655421733856201	4098101.0	95714584.0	754408.0
48	2.2800000000000002	24.0	16597146.0	-0.35973345149647107	4670615.0	99876553.0	786743.0
48	2.2800000000000002	25.0	16332804.0	-0.3540039929476651	5287228.0	104038172.0	819428.0
48	2.2800000000000002	26.0	16075130.0	-0.3484190594066273	5947886.0	108199343.0	852561.0
48	2.2800000000000002	27.0	15826023.0	-0.343019810589877	6651643.0	112360996.0	885212.0
48	2.2800000000000002	28.0	15580428.0	-0.337696682323109	7398548.0	116522425.0	918087.0
48	2.2800000000000002	29.0	15340239.0	-0.3324907259507613	8187995.0	120684095.0	950721.0
48	2.2800000000000002	30.0	15105640.0	-0.3274059295654297	9019564.0	124845728.0	983392.0
48	2.2800000000000002	31.0	14877204.0	-0.3224547126076438	9893015.0	129007072.0	1016352.0
48	2.2800000000000002	32.0	14653579.0	-0.31760777126659046	10807435.0	133168498.0	1049230.0
48	2.2800000000000002	33.0	14433724.0	-0.3128425424749201	11762602.0	137330065.0	1081967.0
48	2.2800000000000002	34.0	14223340.0	-0.3082825920798562	12756194.0	141491964.0	1114372.0
48	2.2800000000000002	35.0	14017121.0	-0.30381291562860663	13789266.0	145653276.0	1147364.0
48	2.2800000000000002	36.0	13815892.0	-0.29945139451460406	14860746.0	149814411.0	1180533.0
48	2.2800000000000002	37.0	13620104.0	-0.2952078038995916	15970196.0	153976246.0	1213002.0
48	2.2800000000000002	38.0	13428031.0	-0.29104473374106665	17116544.0	158137772.0	1245780.0
48	2.2800000000000002	39.0	13241946.0	-0.2870114499872381	18298616.0	162299173.0	1278683.0
48	2.2800000000000002	40.0	13057923.0	-0.28302285887978296	19516452.0	166460592.0	1311568.0
48	2.2800000000000002	41.0	12877628.0	-0.2791150699962269	20769349.0	170622176.0	1344288.0
48	2.2800000000000002	42.0	12701735.0	-0.2753026918931441	22057688.0	174783978.0	1376790.0
48	2.2800000000000002	43.0	12530697.0	-0.27159554308111017	23379243.0	178945466.0	1409606.0
48	2.2800000000000002	44.0	12366519.0	-0.2680370807647705	24735297.0	183106871.0	1442505.0
48	2.2800000000000002	45.0	12203416.0	-0.26450191844593396	26120404.0	187268508.0	1475172.0
48	2.2800000000000002	46.0	12042501.0	-0.2610141797499223	27536504.0	191429774.0	1508210.0
48	2.2800000000000002	47.0	11882852.0	-0.25755388086492365	28984344.0	195591350.0	1540938.0
48	2.2800000000000002	48.0	11728089.0	-0.25419948317787866	30462612.0	199753080.0	1573512.0
48	2.2800000000000002	49.0	11575393.0	-0.25088988650928845	31973025.0	203914510.0	1606386.0
48	2.2800000000000002	50.0	11427792.0	-0.24769072099165482	33512977.0	208075973.0	1639227.0
48	2.2800000000000002	51.0	11283291.0	-0.2445587461644953	35083904.0	212237247.0	1672257.0
48	2.2800000000000002	52.0	11144666.0	-0.24155413020740857	36681331.0	216398649.0	1705159.0
48	2.2800000000000002	53.0	11010602.0	-0.23864837126298385	38307497.0	220560145.0	1737967.0
48	2.2800000000000002	54.0	10876777.0	-0.2357477925040505	39957938.0	224721871.0	1770545.0
48	2.2800000000000002	55.0	10741838.0	-0.2328230684453791	41633956.0	228883441.0	1803279.0
48	2.2800000000000002	56.0	10609277.0	-0.22994988614862616	43334823.0	233044769.0	1836255.0
48	2.2800000000000002	57.0	10477582.0	-0.2270954738963734	45060976.0	237206355.0	1868973.0
48	2.2800000000000002	58.0	10345128.0	-0.22422461076216263	46813463.0	241368140.0	1901492.0
48	2.2800000000000002	59.0	10214568.0	-0.22139479897238992	48593581.0	245529867.0	1934069.0
48	2.2800000000000002	60.0	10089108.0	-0.21867552670565518	50405047.0	249691366.0	1966874.0
48	2.2800000000000002	61.0	9965924.0	-0.2160055854103782	52240580.0	253853056.0	1999488.0
48	2.2800000000000002	62.0	9849741.0	-0.2134873867034912	54101449.0	258014567.0	2032281.0
48	2.2800000000000002	63.0	9738952.0	-0.21108609979802911	55989328.0	262176167.0	2064985.0
48	2.2800000000000002	64.0	9629809.0	-0.20872048898176712	57896968.0	266338006.0	2097450.0
48	2.2800000000000002	65.0	9523251.0	-0.20641090653159402	59826600.0	270499753.0	2130007.0
48	2.2800000000000002	66.0	9418437.0	-0.20413912426341663	61774908.0	274661014.0	2163050.0
48	2.2800000000000002	67.0	9312661.0	-0.201846491206776	63741136.0	278822596.0	2195772.0
48	2.2800000000000002	68.0	9204006.0	-0.19949145750565964	65727210.0	282983962.0	2228710.0
48	2.2800000000000002	69.0	9094422.0	-0.1971162882718173	67733774.0	287145602.0	2261374.0
48	2.2800000000000002	70.0	8983856.0	-0.19471983476118607	69762426.0	291307379.0	2293901.0
48	2.2800000000000002	71.0	8871748.0	-0.19228995930064807	71813900.0	295468802.0	2326782.0
48	2.2800000000000002	72.0	8762183.0	-0.18991520188071512	73889665.0	299630298.0	2359590.0
48	2.2800000000000002	73.0	8655926.0	-0.18761214342984286	75988013.0	303791829.0	2392363.0
48	2.2800000000000002	74.0	8553439.0	-0.1853907975283536	78109704.0	307953142.0	2425354.0
48	2.2800000000000002	75.0	8454374.0	-0.18324362147938122	80259649.0	312114948.0	2457852.0
48	2.2800000000000002	76.0	8360302.0	-0.18120466579090466	82429721.0	316276735.0	2490369.0
48	2.2800000000000002	77.0	8272597.0	-0.17930371111089533	84620751.0	320438049.0	2523359.0
48	2.2800000000000002	78.0	8191063.0	-0.177536509253762	86829982.0	324599551.0	2556161.0
48	2.2800000000000002	79.0	8112179.0	-0.17582674459977585	89053501.0	328760745.0	2589271.0
48	2.2800000000000002	80.0	8034000.0	-0.17413226040926846	91291763.0	332922388.0	2621932.0
48	2.2800000000000002	81.0	7956937.0	-0.17246196486733176	93542689.0	337084068.0	2654556.0
48	2.2800000000000002	82.0	7878182.0	-0.170754996213046	95807194.0	341245317.0	2687611.0
48	2.2800000000000002	83.0	7796420.0	-0.16898285258900037	98085741.0	345406955.0	2720277.0
48	2.2800000000000002	84.0	7713622.0	-0.16718825426968661	100376405.0	349568551.0	2752985.0
48	2.2800000000000002	85.0	7627059.0	-0.1653120517730713	102686517.0	353730002.0	2785838.0
48	2.2800000000000002	86.0	7537698.0	-0.16337520425969904	105010110.0	357891435.0	2818709.0
48	2.2800000000000002	87.0	7448851.0	-0.16144949739629572	107351942.0	362052759.0	2851689.0
48	2.2800000000000002	88.0	7358191.0	-0.15948449481617322	109712917.0	366214470.0	2884282.0
48	2.2800000000000002	89.0	7267676.0	-0.1575226350264116	112092642.0	370375951.0	2917105.0
48	2.2800000000000002	90.0	7177573.0	-0.1555697050961581	114492436.0	374537197.0	2950163.0
48	2.2800000000000002	91.0	7088599.0	-0.153641245581887	116912229.0	378698845.0	2982819.0
48	2.2800000000000002	92.0	7003962.0	-0.15180678801103073	119353231.0	382860493.0	3015475.0
48	2.2800000000000002	93.0	6923715.0	-0.15006748112765225	121814144.0	387021612.0	3048660.0
48	2.2800000000000002	94.0	6847774.0	-0.1484215042807839	124296239.0	391182685.0	3081891.0
48	2.2800000000000002	95.0	6778578.0	-0.1469217213717374	126797734.0	395344519.0	3114361.0
48	2.2800000000000002	96.0	6716216.0	-0.1455700614235618	129316789.0	399505930.0	3147254.0
48	2.2800000000000002	97.0	6657809.0	-0.14430412379178134	131849548.0	403667333.0	3180155.0
48	2.2800000000000002	98.0	6602958.0	-0.14311526038429953	134395307.0	407829201.0	3212591.0
48	2.2800000000000002	99.0	6550939.0	-0.14198777892372824	136949517.0	411990790.0	3245306.0
48	2.2800000000000002	100.0	6498098.0	-0.14084248109297318	139513542.0	416152577.0	3277823.0
49	2.14	1.0	21948536.0	-0.4757217060435902	8065.0	4161554.0	32750.0
49	2.14	2.0	21871486.0	-0.4740516922690652	17728.0	8322882.0	65726.0
49	2.14	3.0	21788781.0	-0.47225910967046564	29168.0	12484346.0	98566.0
49	2.14	4.0	21696196.0	-0.47025238383900037	43330.0	16645908.0	131308.0
49	2.14	5.0	21592855.0	-0.4680125279860063	60836.0	20807412.0	164108.0
49	2.14	6.0	21480115.0	-0.4655689542943781	82329.0	24969142.0	196682.0
49	2.14	7.0	21358755.0	-0.4629385471343994	108456.0	29130664.0	229464.0
49	2.14	8.0	21226235.0	-0.46006625348871405	140163.0	33292387.0	262045.0
49	2.14	9.0	21081948.0	-0.45693891698663885	178856.0	37454005.0	294731.0
49	2.14	10.0	20927391.0	-0.4535889842293479	226046.0	41615457.0	327583.0
49	2.14	11.0	20760190.0	-0.4499650001525879	283323.0	45776982.0	360362.0
49	2.14	12.0	20579202.0	-0.44604219089854846	352913.0	49938307.0	393341.0
49	2.14	13.0	20387577.0	-0.4418888308785178	437044.0	54099879.0	426073.0
49	2.14	14.0	20186417.0	-0.4375288052992387	537543.0	58261550.0	458706.0
49	2.14	15.0	19976054.0	-0.43296931006691675	657060.0	62423105.0	491455.0
49	2.14	16.0	19757692.0	-0.4282364411787553	797903.0	66584642.0	524222.0
49	2.14	17.0	19533373.0	-0.4233744577928023	962400.0	70746218.0	556950.0
49	2.14	18.0	19305976.0	-0.4184457605535334	1152435.0	74907626.0	589846.0
49	2.14	19.0	19073139.0	-0.4133991544896906	1371781.0	79069290.0	622486.0
49	2.14	20.0	18839096.0	-0.40832640907981177	1621160.0	83230749.0	655331.0
49	2.14	21.0	18606340.0	-0.40328155864368787	1901332.0	87392530.0	687854.0
49	2.14	22.0	18375113.0	-0.398269848390059	2212867.0	91553905.0	720783.0
49	2.14	23.0	18145149.0	-0.39328551292419434	2557586.0	95715245.0	753747.0
49	2.14	24.0	17919072.0	-0.3883854259144176	2936472.0	99876908.0	786388.0
49	2.14	25.0	17695538.0	-0.3835404569452459	3350572.0	104038115.0	819485.0
49	2.14	26.0	17475091.0	-0.37876239689913666	3797424.0	108199757.0	852147.0
49	2.14	27.0	17258020.0	-0.37405750968239526	4277829.0	112361311.0	884897.0
49	2.14	28.0	17045434.0	-0.36944983222267846	4794054.0	116522499.0	918013.0
49	2.14	29.0	16838313.0	-0.36496060544794257	5344549.0	120683938.0	950878.0
49	2.14	30.0	16633079.0	-0.3605122782967307	5930500.0	124845787.0	983333.0
49	2.14	31.0	16432595.0	-0.3561669046228582	6550551.0	129007200.0	1016224.0
49	2.14	32.0	16235287.0	-0.3518903688950972	7204734.0	133168820.0	1048908.0
49	2.14	33.0	16044101.0	-0.3477465239438144	7893584.0	137330608.0	1081424.0
49	2.14	34.0	15856107.0	-0.34367186372930353	8614195.0	141491985.0	1114351.0
49	2.14	35.0	15669749.0	-0.33963266285983	9367843.0	145653486.0	1147154.0
49	2.14	36.0	15488951.0	-0.33571397174488415	10153548.0	149815098.0	1179846.0
49	2.14	37.0	15313421.0	-0.3319094614549117	10972001.0	153977177.0	1212071.0
49	2.14	38.0	15140340.0	-0.3281580318104137	11821450.0	158138855.0	1244697.0
49	2.14	39.0	14972267.0	-0.3245151476426558	12702208.0	162300454.0	1277402.0
49	2.14	40.0	14806501.0	-0.3209222663532604	13611448.0	166462202.0	1309958.0
49	2.14	41.0	14643577.0	-0.3173909837549383	14551407.0	170623862.0	1342602.0
49	2.14	42.0	14484883.0	-0.3139513839374889	15521368.0	174785576.0	1375192.0
49	2.14	43.0	14330652.0	-0.3106085170399059	16520629.0	178947372.0	1407700.0
49	2.14	44.0	14178597.0	-0.3073128136721524	17548106.0	183108988.0	1440388.0
49	2.14	45.0	14030083.0	-0.30409385941245337	18604146.0	187270605.0	1473075.0
49	2.14	46.0	13884870.0	-0.3009464524009011	19689127.0	191432037.0	1505947.0
49	2.14	47.0	13741850.0	-0.29784657738425513	20800361.0	195593773.0	1538515.0
49	2.14	48.0	13598632.0	-0.29474241083318536	21939373.0	199755444.0	1571148.0
49	2.14	49.0	13460476.0	-0.2917479601773349	23103555.0	203916656.0	1604240.0
49	2.14	50.0	13323454.0	-0.2887780883095481	24295349.0	208078390.0	1636810.0
49	2.14	51.0	13188885.0	-0.285861383784901	25514469.0	212240011.0	1669493.0
49	2.14	52.0	13058698.0	-0.28303965655240143	26757356.0	216401301.0	1702507.0
49	2.14	53.0	12930124.0	-0.2802528901533647	28026274.0	220562913.0	1735199.0
49	2.14	54.0	12806404.0	-0.2775713313709606	29319773.0	224724488.0	1767928.0
49	2.14	55.0	12684532.0	-0.2749298269098455	30637118.0	228885947.0	1800773.0
49	2.14	56.0	12566024.0	-0.27236123518510297	31976228.0	233047815.0	1833209.0
49	2.14	57.0	12447938.0	-0.26980179006403143	33339118.0	237209426.0	1865902.0
49	2.14	58.0	12330172.0	-0.2672492807561701	34723034.0	241371123.0	1898509.0
49	2.14	59.0	12211944.0	-0.2646867578679865	36131048.0	245532646.0	1931290.0
49	2.14	60.0	12095150.0	-0.2621553160927512	37561590.0	249693736.0	1964504.0
49	2.14	61.0	11983046.0	-0.25972552732987836	39016065.0	253855559.0	1996985.0
49	2.14	62.0	11871194.0	-0.25730120051990857	40494179.0	258016919.0	2029929.0
49	2.14	63.0	11763842.0	-0.2549744085832076	41996064.0	262178135.0	2063017.0
49	2.14	64.0	11659264.0	-0.2527077414772727	43519442.0	266339853.0	2095603.0
49	2.14	65.0	11559322.0	-0.25054155696522107	45065675.0	270501321.0	2128439.0
49	2.14	66.0	11462537.0	-0.24844379858537155	46632296.0	274663137.0	2160927.0
49	2.14	67.0	11366640.0	-0.2463652870871804	48214224.0	278824871.0	2193497.0
49	2.14	68.0	11272229.0	-0.24431898377158426	49813953.0	282986207.0	2226465.0
49	2.14	69.0	11177220.0	-0.24225971915505148	51430103.0	287147541.0	2259435.0
49	2.14	70.0	11080371.0	-0.24016057361255994	53064596.0	291308927.0	2292353.0
49	2.14	71.0	10984973.0	-0.23809287764809348	54716194.0	295470362.0	2325222.0
49	2.14	72.0	10887443.0	-0.2359789718281139	56386523.0	299631989.0	2357899.0
49	2.14	73.0	10790280.0	-0.2338730205189098	58074768.0	303793730.0	2390462.0
49	2.14	74.0	10693235.0	-0.23176962679082697	59781853.0	307955371.0	2423125.0
49	2.14	75.0	10596691.0	-0.2296770919453014	61511465.0	312117218.0	2455582.0
49	2.14	76.0	10502080.0	-0.22762645374644885	63262952.0	316278604.0	2488500.0
49	2.14	77.0	10410620.0	-0.22564411163330078	65035263.0	320440366.0	2521042.0
49	2.14	78.0	10322589.0	-0.22373609109358353	66826476.0	324601693.0	2554019.0
49	2.14	79.0	10238663.0	-0.22191704403270374	68637491.0	328763114.0	2586902.0
49	2.14	80.0	10158927.0	-0.22018881277604538	70469538.0	332924831.0	2619489.0
49	2.14	81.0	10083152.0	-0.21854643388227982	72314284.0	337086323.0	2652301.0
49	2.14	82.0	10010589.0	-0.21697367321361194	74174760.0	341247768.0	2685160.0
49	2.14	83.0	9938802.0	-0.21541773189197888	76048795.0	345409138.0	2718094.0
49	2.14	84.0	9868589.0	-0.2138959061015736	77934437.0	349570484.0	2751052.0
49	2.14	85.0	9797282.0	-0.21235036849975586	79832215.0	353731807.0	2784033.0
49	2.14	86.0	9725271.0	-0.2107895721088756	81742878.0	357893341.0	2816803.0
49	2.14	87.0	9649462.0	-0.2091464562849565	83664978.0	362054885.0	2849563.0
49	2.14	88.0	9573407.0	-0.20749800855463202	85602106.0	366216395.0	2882357.0
49	2.14	89.0	9497436.0	-0.2058513814752752	87550246.0	370377872.0	2915184.0
49	2.14	90.0	9418424.0	-0.20413884249600497	89513798.0	374539340.0	2948020.0
49	2.14	91.0	9339717.0	-0.20243291421370072	91490500.0	378701099.0	2980565.0
49	2.14	92.0	9259751.0	-0.2006996978412975	93485775.0	382862548.0	3013420.0
49	2.14	93.0	9179241.0	-0.1989546905864369	95498187.0	387024269.0	3046003.0
49	2.14	94.0	9098932.0	-0.19721403988924893	97525776.0	391185606.0	3078970.0
49	2.14	95.0	9019628.0	-0.19549517198042435	99573134.0	395347268.0	3111612.0
49	2.14	96.0	8943153.0	-0.19383762099526144	101637925.0	399508737.0	3144447.0
49	2.14	97.0	8867266.0	-0.19219281456687234	103721711.0	403670507.0	3176981.0
49	2.14	98.0	8795699.0	-0.1906416416168213	105825930.0	407831684.0	3210108.0
49	2.14	99.0	8729126.0	-0.18919871070168234	107944951.0	411993394.0	3242702.0
49	2.14	100.0	8666662.0	-0.187844839963046	110080323.0	416155037.0	3275363.0
50	2.0	1.0	21970563.0	-0.47619912841103296	5705.0	4161591.0	32713.0
50	2.0	2.0	21916947.0	-0.47503703290765936	12444.0	8323139.0	65469.0
50	2.0	3.0	21857493.0	-0.4737484021620317	20480.0	12484781.0	98131.0
50	2.0	4.0	21793888.0	-0.4723698009144176	30085.0	16646304.0	130912.0
50	2.0	5.0	21724786.0	-0.4708720554005016	41396.0	20807648.0	163872.0
50	2.0	6.0	21649196.0	-0.46923368627374823	54972.0	24969253.0	196571.0
50	2.0	7.0	21566947.0	-0.46745098720897327	71183.0	29130636.0	229492.0
50	2.0	8.0	21478503.0	-0.4655340151353316	90449.0	33292179.0	262253.0
50	2.0	9.0	21384193.0	-0.4634899009357799	113241.0	37453845.0	294891.0
50	2.0	10.0	21280461.0	-0.4612415703860196	140712.0	41615525.0	327515.0
50	2.0	11.0	21169617.0	-0.45883909138766205	173260.0	45776876.0	360468.0
50	2.0	12.0	21049759.0	-0.45624123920093884	212254.0	49938445.0	393203.0
50	2.0	13.0	20921284.0	-0.453456618569114	258331.0	54099743.0	426209.0
50	2.0	14.0	20785980.0	-0.45052398334849963	312755.0	58261387.0	458869.0
50	2.0	15.0	20642902.0	-0.44742285121570935	377419.0	62423179.0	491381.0
50	2.0	16.0	20491737.0	-0.44414643807844684	453475.0	66585023.0	523841.0
50	2.0	17.0	20332799.0	-0.4407015497034246	542936.0	70746552.0	556616.0
50	2.0	18.0	20168150.0	-0.4371328787370162	646438.0	74908599.0	588873.0
50	2.0	19.0	19998213.0	-0.43344959345730866	766801.0	79069909.0	621867.0
50	2.0	20.0	19823698.0	-0.42966708269986237	904198.0	83231436.0	654644.0
50	2.0	21.0	19646588.0	-0.4258283268321644	1061394.0	87393187.0	687197.0
50	2.0	22.0	19467260.0	-0.4219414971091531	1239881.0	91554934.0	719754.0
50	2.0	23.0	19286703.0	-0.4180280295285312	1440404.0	95716535.0	752457.0
50	2.0	24.0	19105029.0	-0.4140903516249223	1663596.0	99878337.0	784959.0
50	2.0	25.0	18923649.0	-0.4101590459997004	1910406.0	104039658.0	817942.0
50	2.0	26.0	18743683.0	-0.40625838799910113	2183101.0	108201237.0	850667.0
50	2.0	27.0	18563141.0	-0.40234524553472345	2481421.0	112362766.0	883442.0
50	2.0	28.0	18384560.0	-0.39847460660067474	2805572.0	116524426.0	916086.0
50	2.0	29.0	18208654.0	-0.39466194673018024	3156119.0	120686289.0	948527.0
50	2.0	30.0	18034699.0	-0.3908915736458518	3531969.0	124847708.0	981412.0
50	2.0	31.0	17864297.0	-0.38719820976257324	3935080.0	129009346.0	1014078.0
50	2.0	32.0	17695670.0	-0.38354331796819513	4363050.0	133170647.0	1047081.0
50	2.0	33.0	17531382.0	-0.37998247146606445	4818752.0	137332272.0	1079760.0
50	2.0	34.0	17367690.0	-0.37643454291603784	5299984.0	141493709.0	1112627.0
50	2.0	35.0	17208189.0	-0.37297745184464887	5808525.0	145655115.0	1145525.0
50	2.0	36.0	17053571.0	-0.3696261969479648	6342517.0	149816481.0	1178463.0
50	2.0	37.0	16898917.0	-0.3662741617722945	6903325.0	153977892.0	1211356.0
50	2.0	38.0	16746897.0	-0.3629792170091109	7489518.0	158139730.0	1243822.0
50	2.0	39.0	16599011.0	-0.3597738742828369	8099627.0	162301194.0	1276662.0
50	2.0	40.0	16452476.0	-0.3565978136929599	8737516.0	166462956.0	1309204.0
50	2.0	41.0	16308364.0	-0.353474270213734	9398854.0	170624653.0	1341811.0
50	2.0	42.0	16167300.0	-0.3504167903553356	10085452.0	174786087.0	1374681.0
50	2.0	43.0	16030366.0	-0.34744882583618164	10795440.0	178947422.0	1407650.0
50	2.0	44.0	15893575.0	-0.34448396075855603	11530503.0	183108735.0	1440641.0
50	2.0	45.0	15761242.0	-0.3416157202287154	12289572.0	187270434.0	1473246.0
50	2.0	46.0	15631223.0	-0.3387976342981512	13073215.0	191432047.0	1505937.0
50	2.0	47.0	15504531.0	-0.33605165915055707	13881011.0	195593374.0	1538914.0
50	2.0	48.0	15380055.0	-0.3333537145094438	14710074.0	199754667.0	1571925.0
50	2.0	49.0	15256235.0	-0.3306699882854115	15562635.0	203916501.0	1604395.0
50	2.0	50.0	15134826.0	-0.328038519079035	16437183.0	208077906.0	1637294.0
50	2.0	51.0	15016136.0	-0.3254659826105291	17334209.0	212239259.0	1670245.0
50	2.0	52.0	14899042.0	-0.32292803851040924	18253136.0	216400922.0	1702886.0
50	2.0	53.0	14784754.0	-0.3204509128223766	19192967.0	220562125.0	1735987.0
50	2.0	54.0	14672096.0	-0.31800911643288354	20153805.0	224723630.0	1768786.0
50	2.0	55.0	14563273.0	-0.3156504414298318	21136580.0	228884991.0	1801729.0
50	2.0	56.0	14455716.0	-0.31331920623779297	22137760.0	233046369.0	1834655.0
50	2.0	57.0	14351065.0	-0.31105095689946954	23159481.0	237207667.0	1867661.0
50	2.0	58.0	14247116.0	-0.30879792300137604	24201225.0	241369556.0	1900076.0
50	2.0	59.0	14143454.0	-0.3065511096607555	25261831.0	245530960.0	1932976.0
50	2.0	60.0	14042458.0	-0.30436208031394263	26340348.0	249692714.0	1965526.0
50	2.0	61.0	13941849.0	-0.3021814389662309	27437657.0	253853991.0	1998553.0
50	2.0	62.0	13841080.0	-0.29999732971191406	28551634.0	258015388.0	2031460.0
50	2.0	63.0	13742155.0	-0.29785318808122113	29687764.0	262176807.0	2064345.0
50	2.0	64.0	13643122.0	-0.29570670561356976	30841291.0	266338117.0	2097339.0
50	2.0	65.0	13545502.0	-0.2935908490961248	32015499.0	270499608.0	2130152.0
50	2.0	66.0	13449754.0	-0.2915155670859597	33209144.0	274661317.0	2162747.0
50	2.0	67.0	13358891.0	-0.28954616459933197	34421327.0	278822847.0	2195521.0
50	2.0	68.0	13270178.0	-0.2876233621077104	35650358.0	282984526.0	2228146.0
50	2.0	69.0	13183042.0	-0.2857347401705655	36899026.0	287146232.0	2260744.0
50	2.0	70.0	13098525.0	-0.2839028835296631	38163457.0	291307905.0	2293375.0
50	2.0	71.0	13013011.0	-0.28204941749572754	39442366.0	295469466.0	2326118.0
50	2.0	72.0	12929795.0	-0.28024575927040796	40738060.0	299631056.0	2358832.0
50	2.0	73.0	12847087.0	-0.27845311164855957	42049983.0	303792745.0	2391447.0
50	2.0	74.0	12765674.0	-0.2766885323957963	43374830.0	307954477.0	2424019.0
50	2.0	75.0	12680685.0	-0.2748464454304088	44717125.0	312116175.0	2456625.0
50	2.0	76.0	12597511.0	-0.27304369753057306	46074807.0	316277513.0	2489591.0
50	2.0	77.0	12514450.0	-0.27124339883977716	47447519.0	320439401.0	2522007.0
50	2.0	78.0	12431983.0	-0.26945597475225275	48835897.0	324600805.0	2554907.0
50	2.0	79.0	12349595.0	-0.2676702629436146	50241414.0	328762532.0	2587484.0
50	2.0	80.0	12268378.0	-0.26590993187644263	51664679.0	332924067.0	2620253.0
50	2.0	81.0	12189780.0	-0.2642063661055131	53105005.0	337085713.0	2652911.0
50	2.0	82.0	12112394.0	-0.26252906972711737	54563177.0	341247023.0	2685905.0
50	2.0	83.0	12039367.0	-0.2609462521292947	56036570.0	345408759.0	2718473.0
50	2.0	84.0	11968045.0	-0.25940038941123267	57525553.0	349570556.0	2750980.0
50	2.0	85.0	11900750.0	-0.25794180956753815	59030848.0	353731951.0	2783889.0
50	2.0	86.0	11835660.0	-0.25653102181174536	60548110.0	357893383.0	2816761.0
50	2.0	87.0	11771893.0	-0.2551489093086936	62077815.0	362054784.0	2849664.0
50	2.0	88.0	11709607.0	-0.25379889661615546	63621122.0	366216290.0	2882462.0
50	2.0	89.0	11646728.0	-0.2524360309947621	65175330.0	370378010.0	2915046.0
50	2.0	90.0	11584723.0	-0.25109210881319916	66738521.0	374539363.0	2947997.0
50	2.0	91.0	11522004.0	-0.24973271109841086	68312063.0	378701018.0	2980646.0
50	2.0	92.0	11456634.0	-0.2483158545060591	69896041.0	382862642.0	3013326.0
50	2.0	93.0	11389602.0	-0.24686297503384677	71492874.0	387024248.0	3046024.0
50	2.0	94.0	11321166.0	-0.24537966468117453	73099771.0	391185952.0	3078624.0
50	2.0	95.0	11253694.0	-0.24391724846579813	74719154.0	395347301.0	3111579.0
50	2.0	96.0	11185066.0	-0.24242977662519974	76353009.0	399508838.0	3144346.0
50	2.0	97.0	11114444.0	-0.24089908599853516	77999844.0	403670559.0	3176929.0
50	2.0	98.0	11044663.0	-0.23938662355596368	79661660.0	407832019.0	3209773.0
50	2.0	99.0	10974245.0	-0.2378603545102206	81338632.0	411993555.0	3242541.0
50	2.0	100.0	10905227.0	-0.23636442964727228	83029713.0	416155530.0	3274870.0
51	1.6	1.0	22004974.0	-0.4769449667497115	1876.0	4161455.0	32849.0
51	1.6	2.0	21988321.0	-0.476584022695368	4014.0	8323040.0	65568.0
51	1.6	3.0	21971788.0	-0.47622567957097833	6254.0	12484275.0	98637.0
51	1.6	4.0	21953495.0	-0.47582918947393243	8884.0	16645536.0	131680.0
51	1.6	5.0	21935087.0	-0.4754302068190141	11628.0	20807029.0	164491.0
51	1.6	6.0	21915728.0	-0.47501061179421167	14703.0	24968624.0	197200.0
51	1.6	7.0	21894686.0	-0.47455453872680664	18153.0	29130130.0	229998.0
51	1.6	8.0	21873079.0	-0.47408621961420233	21942.0	33291752.0	262680.0
51	1.6	9.0	21850041.0	-0.4735868844118985	26170.0	37453181.0	295555.0
51	1.6	10.0	21825613.0	-0.4730574217709628	30929.0	41614703.0	328337.0
51	1.6	11.0	21799958.0	-0.4725013646212491	36192.0	45776553.0	360791.0
51	1.6	12.0	21773287.0	-0.47192328626459296	41977.0	49938058.0	393590.0
51	1.6	13.0	21745081.0	-0.47131193767894397	48414.0	54099743.0	426209.0
51	1.6	14.0	21715505.0	-0.4706708951429887	55653.0	58261164.0	459092.0
51	1.6	15.0	21683909.0	-0.4699860702861439	63747.0	62422398.0	492162.0
51	1.6	16.0	21650386.0	-0.4692594788291238	72842.0	66583967.0	524897.0
51	1.6	17.0	21615564.0	-0.46850473230535333	83003.0	70745143.0	558025.0
51	1.6	18.0	21578775.0	-0.4677073522047563	94158.0	74906981.0	590491.0
51	1.6	19.0	21540438.0	-0.4668764201077548	106579.0	79068769.0	623007.0
51	1.6	20.0	21499511.0	-0.465989351272583	120688.0	83230055.0	656025.0
51	1.6	21.0	21456677.0	-0.4650609493255615	136186.0	87391590.0	688794.0
51	1.6	22.0	21410963.0	-0.464070125059648	153820.0	91552901.0	721787.0
51	1.6	23.0	21364532.0	-0.4630637602372603	173324.0	95714270.0	754722.0
51	1.6	24.0	21315996.0	-0.46201177076859906	195103.0	99875813.0	787483.0
51	1.6	25.0	21264242.0	-0.4608900330283425	219398.0	104037343.0	820257.0
51	1.6	26.0	21211026.0	-0.4597366072914817	246489.0	108198689.0	853215.0
51	1.6	27.0	21154715.0	-0.45851609923622827	276861.0	112360353.0	885855.0
51	1.6	28.0	21096125.0	-0.4572461951862682	310337.0	116521958.0	918554.0
51	1.6	29.0	21035025.0	-0.45592188835144043	348240.0	120683411.0	951405.0
51	1.6	30.0	20971689.0	-0.4545491175218062	390044.0	124844886.0	984234.0
51	1.6	31.0	20907146.0	-0.45315018567171966	436567.0	129006470.0	1016954.0
51	1.6	32.0	20840666.0	-0.4517092704772949	488134.0	133168362.0	1049366.0
51	1.6	33.0	20772684.0	-0.4502358003096147	545125.0	137330250.0	1081782.0
51	1.6	34.0	20702308.0	-0.44871044158935547	608024.0	141491340.0	1114996.0
51	1.6	35.0	20631455.0	-0.4471747441725297	677186.0	145652694.0	1147946.0
51	1.6	36.0	20559245.0	-0.4456096345728094	752491.0	149814437.0	1180507.0
51	1.6	37.0	20484904.0	-0.4439983367919922	835285.0	153976126.0	1213122.0
51	1.6	38.0	20410110.0	-0.44237722050059924	925526.0	158137584.0	1245968.0
51	1.6	39.0	20334702.0	-0.4407427961176092	1024162.0	162298979.0	1278877.0
51	1.6	40.0	20256914.0	-0.4390567866238681	1130559.0	166460546.0	1311614.0
51	1.6	41.0	20179214.0	-0.43737268447875977	1245912.0	170622249.0	1344215.0
51	1.6	42.0	20101132.0	-0.4356803027066318	1370027.0	174783717.0	1377051.0
51	1.6	43.0	20022810.0	-0.43398271907459607	1503481.0	178945128.0	1409944.0
51	1.6	44.0	19945061.0	-0.4322975548830899	1645891.0	183106472.0	1442904.0
51	1.6	45.0	19866781.0	-0.4306008815765381	1797692.0	187267964.0	1475716.0
51	1.6	46.0	19789254.0	-0.42892052910544654	1959733.0	191429496.0	1508488.0
51	1.6	47.0	19711432.0	-0.4272337826815518	2131759.0	195591033.0	1541255.0
51	1.6	48.0	19633648.0	-0.42554785988547583	2313557.0	199752416.0	1574176.0
51	1.6	49.0	19556796.0	-0.42388213764537463	2506077.0	203914104.0	1606792.0
51	1.6	50.0	19480143.0	-0.4222207286141135	2708595.0	208075622.0	1639578.0
51	1.6	51.0	19405359.0	-0.4205998290668834	2921679.0	212237474.0	1672030.0
51	1.6	52.0	19330772.0	-0.4189831993796609	3145343.0	216398734.0	1705074.0
51	1.6	53.0	19256281.0	-0.41736865043640137	3379970.0	220560175.0	1737937.0
51	1.6	54.0	19182957.0	-0.41577939553694293	3624600.0	224721472.0	1770944.0
51	1.6	55.0	19111217.0	-0.41422447291287506	3879577.0	228883144.0	1803576.0
51	1.6	56.0	19040299.0	-0.41268736665899103	4143947.0	233044581.0	1836443.0
51	1.6	57.0	18967678.0	-0.4111133488741788	4420130.0	237205984.0	1869344.0
51	1.6	58.0	18896773.0	-0.4095765243877064	4706035.0	241367856.0	1901776.0
51	1.6	59.0	18827352.0	-0.40807186473499646	5002996.0	245529233.0	1934703.0
51	1.6	60.0	18757394.0	-0.4065555659207431	5310748.0	249690811.0	1967429.0
51	1.6	61.0	18690228.0	-0.40509978207674896	5628970.0	253852210.0	2000334.0
51	1.6	62.0	18622737.0	-0.40363695404746314	5958171.0	258013612.0	2033236.0
51	1.6	63.0	18557388.0	-0.40222055261785333	6297503.0	262174989.0	2066163.0
51	1.6	64.0	18492800.0	-0.4008206454190341	6646173.0	266336306.0	2099150.0
51	1.6	65.0	18427644.0	-0.39940842715176667	7005403.0	270497815.0	2131945.0
51	1.6	66.0	18363017.0	-0.39800767465071246	7374386.0	274659297.0	2164767.0
51	1.6	67.0	18299364.0	-0.3966280330311168	7753851.0	278820776.0	2197592.0
51	1.6	68.0	18236548.0	-0.3952665328979492	8142495.0	282982530.0	2230142.0
51	1.6	69.0	18174878.0	-0.39392987164584076	8541130.0	287143956.0	2263020.0
51	1.6	70.0	18114054.0	-0.3926115469499068	8950738.0	291305626.0	2295654.0
51	1.6	71.0	18053368.0	-0.39129621332341974	9369629.0	295467260.0	2328324.0
51	1.6	72.0	17992506.0	-0.38997706499966706	9797530.0	299629033.0	2360855.0
51	1.6	73.0	17933159.0	-0.3886907534165816	10236540.0	303790763.0	2393429.0
51	1.6	74.0	17874775.0	-0.3874253142963756	10684800.0	307952192.0	2426304.0
51	1.6	75.0	17816067.0	-0.3861528526652943	11143014.0	312113574.0	2459226.0
51	1.6	76.0	17758802.0	-0.38491166721690784	11611030.0	316275264.0	2491840.0
51	1.6	77.0	17703063.0	-0.38370355692776764	12087579.0	320436645.0	2524763.0
51	1.6	78.0	17647885.0	-0.3825076059861617	12574707.0	324598398.0	2557314.0
51	1.6	79.0	17592629.0	-0.3813099644400857	13071445.0	328759826.0	2590190.0
51	1.6	80.0	17538394.0	-0.38013445247303357	13577531.0	332921230.0	2623090.0
51	1.6	81.0	17484859.0	-0.37897411259737884	14093718.0	337082541.0	2656083.0
51	1.6	82.0	17431517.0	-0.37781795588406647	14619594.0	341243983.0	2688945.0
51	1.6	83.0	17379239.0	-0.37668486074967816	15152042.0	345405660.0	2721572.0
51	1.6	84.0	17327207.0	-0.37555709752169525	15695128.0	349567619.0	2753917.0
51	1.6	85.0	17275656.0	-0.3744397596879439	16244561.0	353728715.0	2787125.0
51	1.6	86.0	17225585.0	-0.37335449999028986	16803480.0	357890137.0	2820007.0
51	1.6	87.0	17175032.0	-0.3722587932239879	17371952.0	362051907.0	2852541.0
51	1.6	88.0	17124896.0	-0.3711721246892756	17948407.0	366213900.0	2884852.0
51	1.6	89.0	17074402.0	-0.37007769671353424	18533062.0	370375438.0	2917618.0
51	1.6	90.0	17024371.0	-0.3689933039925315	19125418.0	374537017.0	2950343.0
51	1.6	91.0	16976062.0	-0.3679462346163663	19727724.0	378698425.0	2983239.0
51	1.6	92.0	16926878.0	-0.36688020012595435	20337747.0	382860127.0	3015841.0
51	1.6	93.0	16878235.0	-0.365825891494751	20955885.0	387021547.0	3048725.0
51	1.6	94.0	16830226.0	-0.36478532444347034	21583637.0	391183286.0	3081290.0
51	1.6	95.0	16782581.0	-0.36375264687971637	22220340.0	395344937.0	3113943.0
51	1.6	96.0	16736348.0	-0.3627505735917525	22865813.0	399506207.0	3146977.0
51	1.6	97.0	16689880.0	-0.36174340681596234	23518851.0	403667370.0	3180118.0
51	1.6	98.0	16643695.0	-0.36074237389998004	24181002.0	407829069.0	3212723.0
51	1.6	99.0	16598353.0	-0.3597596125169234	24851824.0	411990746.0	3245350.0
51	1.6	100.0	16554042.0	-0.35879919745705346	25531353.0	416152463.0	3277937.0
52	1.2	1.0	22017817.0	-0.4772233312780207	314.0	4161455.0	32849.0
52	1.2	2.0	22015045.0	-0.4771632497960871	693.0	8323018.0	65590.0
52	1.2	3.0	22012232.0	-0.47710227966308594	1080.0	12484397.0	98515.0
52	1.2	4.0	22009549.0	-0.4770441272042014	1455.0	16645961.0	131255.0
52	1.2	5.0	22006620.0	-0.47698064283891156	1874.0	20807438.0	164082.0
52	1.2	6.0	22003505.0	-0.4769131270321933	2326.0	24968859.0	196965.0
52	1.2	7.0	22000615.0	-0.4768504879691384	2785.0	29130598.0	229530.0
52	1.2	8.0	21997626.0	-0.47678570313887164	3233.0	33292130.0	262302.0
52	1.2	9.0	21994674.0	-0.47672172026200726	3689.0	37453663.0	295073.0
52	1.2	10.0	21991593.0	-0.47665494138544257	4182.0	41615260.0	327780.0
52	1.2	11.0	21988424.0	-0.47658625516024505	4718.0	45776748.0	360596.0
52	1.2	12.0	21984966.0	-0.476511305028742	5308.0	49938224.0	393424.0
52	1.2	13.0	21981523.0	-0.4764366800134832	5907.0	54099664.0	426288.0
52	1.2	14.0	21977713.0	-0.476354100487449	6578.0	58260981.0	459275.0
52	1.2	15.0	21974412.0	-0.4762825532393022	7166.0	62422433.0	492127.0
52	1.2	16.0	21970645.0	-0.47620090571316803	7850.0	66584027.0	524837.0
52	1.2	17.0	21966719.0	-0.4761158119548451	8585.0	70745662.0	557506.0
52	1.2	18.0	21963103.0	-0.4760374372655695	9286.0	74907232.0	590240.0
52	1.2	19.0	21959285.0	-0.475954684344205	10056.0	79068672.0	623104.0
52	1.2	20.0	21955208.0	-0.47586631774902344	10861.0	83230394.0	655686.0
52	1.2	21.0	21950889.0	-0.4757727059451016	11722.0	87391685.0	688699.0
52	1.2	22.0	21946481.0	-0.4756771651181308	12647.0	91553143.0	721545.0
52	1.2	23.0	21941816.0	-0.4755760539661754	13653.0	95714667.0	754325.0
52	1.2	24.0	21937383.0	-0.4754799712787975	14594.0	99876132.0	787164.0
52	1.2	25.0	21932989.0	-0.47538473389365454	15618.0	104037899.0	819701.0
52	1.2	26.0	21928008.0	-0.4752767736261541	16722.0	108199439.0	852465.0
52	1.2	27.0	21923309.0	-0.47517492554404517	17810.0	112361201.0	885007.0
52	1.2	28.0	21918325.0	-0.4750669002532959	19012.0	116522719.0	917793.0
52	1.2	29.0	21913032.0	-0.47495217756791547	20322.0	120684064.0	950752.0
52	1.2	30.0	21907996.0	-0.47484302520751953	21629.0	124845516.0	983604.0
52	1.2	31.0	21902560.0	-0.4747252030806108	23045.0	129006919.0	1016505.0
52	1.2	32.0	21896955.0	-0.4746037179773504	24492.0	133168691.0	1049037.0
52	1.2	33.0	21891445.0	-0.4744842919436368	25984.0	137330152.0	1081880.0
52	1.2	34.0	21886003.0	-0.4743663397702304	27478.0	141491605.0	1114731.0
52	1.2	35.0	21880229.0	-0.47424119169061835	29097.0	145652904.0	1147736.0
52	1.2	36.0	21874226.0	-0.47411108016967773	30820.0	149814472.0	1180472.0
52	1.2	37.0	21867707.0	-0.4739697846499356	32631.0	153976194.0	1213054.0
52	1.2	38.0	21861295.0	-0.4738308082927357	34519.0	158137487.0	1246065.0
52	1.2	39.0	21854955.0	-0.47369339249350806	36534.0	162298845.0	1279011.0
52	1.2	40.0	21848277.0	-0.47354865074157715	38693.0	166460227.0	1311933.0
52	1.2	41.0	21841741.0	-0.47340698675675824	40865.0	170621687.0	1344777.0
52	1.2	42.0	21834370.0	-0.47324722463434393	43294.0	174783228.0	1377540.0
52	1.2	43.0	21827449.0	-0.47309721599925647	45681.0	178944648.0	1410424.0
52	1.2	44.0	21819980.0	-0.4729353297840465	48345.0	183106337.0	1443039.0
52	1.2	45.0	21812251.0	-0.47276780822060327	51129.0	187267800.0	1475880.0
52	1.2	46.0	21804483.0	-0.472599441354925	53969.0	191429193.0	1508791.0
52	1.2	47.0	21796436.0	-0.47242502732710406	57020.0	195590462.0	1541826.0
52	1.2	48.0	21788365.0	-0.47225009311329236	60138.0	199752146.0	1574446.0
52	1.2	49.0	21779502.0	-0.47205799276178534	63576.0	203913694.0	1607202.0
52	1.2	50.0	21770677.0	-0.47186671603809704	67215.0	208075479.0	1639721.0
52	1.2	51.0	21761319.0	-0.47166388685053046	71072.0	212237071.0	1672433.0
52	1.2	52.0	21752502.0	-0.4714727835221724	74919.0	216398445.0	1705363.0
52	1.2	53.0	21743007.0	-0.4712669849395752	79159.0	220559976.0	1738136.0
52	1.2	54.0	21733405.0	-0.4710588671944358	83735.0	224721642.0	1770774.0
52	1.2	55.0	21722835.0	-0.4708297686143355	88442.0	228883576.0	1803144.0
52	1.2	56.0	21712791.0	-0.47061207077719946	93322.0	233045221.0	1835803.0
52	1.2	57.0	21702548.0	-0.4703900597312234	98369.0	237206683.0	1868645.0
52	1.2	58.0	21691686.0	-0.4701546322215687	103968.0	241367977.0	1901655.0
52	1.2	59.0	21680630.0	-0.46991499987515534	109715.0	245529523.0	1934413.0
52	1.2	60.0	21669127.0	-0.469665679064664	115866.0	249690919.0	1967321.0
52	1.2	61.0	21657419.0	-0.4694119149988348	122216.0	253852273.0	2000271.0
52	1.2	62.0	21645352.0	-0.46915036981756036	129125.0	258013607.0	2033241.0
52	1.2	63.0	21632967.0	-0.46888193217190827	136428.0	262175557.0	2065595.0
52	1.2	64.0	21620716.0	-0.468616398898038	143926.0	266336856.0	2098600.0
52	1.2	65.0	21607724.0	-0.46833480488170276	152020.0	270498063.0	2131697.0
52	1.2	66.0	21594295.0	-0.46804373914545233	160645.0	274659816.0	2164248.0
52	1.2	67.0	21580494.0	-0.467744610526345	169685.0	278821084.0	2197284.0
52	1.2	68.0	21566943.0	-0.46745090051130816	179114.0	282982860.0	2229812.0
52	1.2	69.0	21553024.0	-0.46714921431107953	189131.0	287144517.0	2262459.0
52	1.2	70.0	21538305.0	-0.4668301885778254	199840.0	291305758.0	2295522.0
52	1.2	71.0	21523726.0	-0.46651419726285065	210969.0	295467073.0	2328511.0
52	1.2	72.0	21507751.0	-0.46616794846274634	223124.0	299628279.0	2361609.0
52	1.2	73.0	21492016.0	-0.46582690152254974	235757.0	303789799.0	2394393.0
52	1.2	74.0	21475960.0	-0.46547889709472656	249180.0	307951326.0	2427170.0
52	1.2	75.0	21459337.0	-0.4651186032728715	263192.0	312112925.0	2459875.0
52	1.2	76.0	21442467.0	-0.4647529558701949	278416.0	316274630.0	2492474.0
52	1.2	77.0	21425217.0	-0.46437907218933105	294381.0	320436045.0	2525363.0
52	1.2	78.0	21407776.0	-0.4640010486949574	311164.0	324597507.0	2558205.0
52	1.2	79.0	21389554.0	-0.4636060974814675	328928.0	328759016.0	2591000.0
52	1.2	80.0	21371099.0	-0.46320609612898395	347690.0	332920453.0	2623867.0
52	1.2	81.0	21352277.0	-0.46279814026572486	367344.0	337082092.0	2656532.0
52	1.2	82.0	21333845.0	-0.4623986374248158	388295.0	341243548.0	2689380.0
52	1.2	83.0	21314443.0	-0.4619781104001132	410431.0	345405191.0	2722041.0
52	1.2	84.0	21294325.0	-0.4615420644933527	433939.0	349566657.0	2754879.0
52	1.2	85.0	21274192.0	-0.461105693470348	458455.0	353728310.0	2787530.0
52	1.2	86.0	21253798.0	-0.4606636654246937	484334.0	357889343.0	2820801.0
52	1.2	87.0	21233286.0	-0.46021907979791815	511492.0	362051027.0	2853421.0
52	1.2	88.0	21212446.0	-0.4597673849626021	540009.0	366212546.0	2886206.0
52	1.2	89.0	21191317.0	-0.45930942622098053	570513.0	370374274.0	2918782.0
52	1.2	90.0	21169659.0	-0.4588400017131459	602575.0	374536174.0	2951186.0
52	1.2	91.0	21148158.0	-0.4583739800886674	636147.0	378697593.0	2984071.0
52	1.2	92.0	21125837.0	-0.4578901854428378	671395.0	382858974.0	3016994.0
52	1.2	93.0	21103339.0	-0.45740255442532624	708604.0	387020643.0	3049629.0
52	1.2	94.0	21080409.0	-0.4569055600599809	747728.0	391182272.0	3082304.0
52	1.2	95.0	21057527.0	-0.4564096060666171	788682.0	395343871.0	3115009.0
52	1.2	96.0	21034572.0	-0.4559120698408647	831461.0	399505553.0	3147631.0
52	1.2	97.0	21011444.0	-0.4554107839410955	876321.0	403666947.0	3180541.0
52	1.2	98.0	20987615.0	-0.4548943042755127	922961.0	407828668.0	3213124.0
52	1.2	99.0	20964152.0	-0.45438575744628906	972477.0	411990573.0	3245523.0
52	1.2	100.0	20940281.0	-0.4538683674552224	1023599.0	416152500.0	3277900.0
53	0.8	1.0	22019998.0	-0.47727060317993164	15.0	4161249.0	33055.0
53	0.8	2.0	22019824.0	-0.4772668318314986	40.0	8322942.0	65666.0
53	0.8	3.0	22019660.0	-0.47726327722722833	64.0	12484620.0	98292.0
53	0.8	4.0	22019526.0	-0.47726037285544654	83.0	16645946.0	131270.0
53	0.8	5.0	22019400.0	-0.47725764187899505	102.0	20807528.0	163992.0
53	0.8	6.0	22019253.0	-0.4772544557398016	124.0	24969153.0	196671.0
53	0.8	7.0	22019099.0	-0.47725111787969415	148.0	29130498.0	229630.0
53	0.8	8.0	22018979.0	-0.4772485169497403	166.0	33292363.0	262069.0
53	0.8	9.0	22018864.0	-0.4772460243918679	182.0	37454108.0	294628.0
53	0.8	10.0	22018756.0	-0.4772436835549094	199.0	41615471.0	327569.0
53	0.8	11.0	22018654.0	-0.47724147276444867	214.0	45777036.0	360308.0
53	0.8	12.0	22018544.0	-0.47723908857865766	231.0	49938758.0	392890.0
53	0.8	13.0	22018442.0	-0.4772368777881969	246.0	54100487.0	425465.0
53	0.8	14.0	22018308.0	-0.4772339734164151	267.0	58261866.0	458390.0
53	0.8	15.0	22018159.0	-0.4772307439283891	291.0	62423156.0	491404.0
53	0.8	16.0	22018028.0	-0.4772279045798562	312.0	66584677.0	524187.0
53	0.8	17.0	22017901.0	-0.47722515192898834	332.0	70746324.0	556844.0
53	0.8	18.0	22017793.0	-0.4772228110920299	351.0	74907669.0	589803.0
53	0.8	19.0	22017667.0	-0.47722008011557837	370.0	79069365.0	622411.0
53	0.8	20.0	22017600.0	-0.4772186279296875	381.0	83230941.0	655139.0
53	0.8	21.0	22017469.0	-0.47721578858115454	402.0	87392330.0	688054.0
53	0.8	22.0	22017350.0	-0.477213209325617	422.0	91554281.0	720407.0
53	0.8	23.0	22017196.0	-0.4772098714655096	446.0	95715761.0	753231.0
53	0.8	24.0	22017075.0	-0.47720724886113947	467.0	99877438.0	785858.0
53	0.8	25.0	22016912.0	-0.4772037159312855	490.0	104039304.0	818296.0
53	0.8	26.0	22016796.0	-0.4772012016989968	510.0	108201138.0	850766.0
53	0.8	27.0	22016660.0	-0.47719825397838245	531.0	112362666.0	883542.0
53	0.8	28.0	22016486.0	-0.4771944826299494	559.0	116524310.0	916202.0
53	0.8	29.0	22016302.0	-0.4771904945373535	588.0	120685515.0	949301.0
53	0.8	30.0	22016089.0	-0.4771858778866855	623.0	124847105.0	982015.0
53	0.8	31.0	22015951.0	-0.4771828868172385	645.0	129008948.0	1014476.0
53	0.8	32.0	22015822.0	-0.47718009081753815	666.0	133170742.0	1046986.0
53	0.8	33.0	22015679.0	-0.47717699137600983	690.0	137332135.0	1079897.0
53	0.8	34.0	22015548.0	-0.4771741520274769	712.0	141493710.0	1112626.0
53	0.8	35.0	22015374.0	-0.4771703806790439	743.0	145655220.0	1145420.0
53	0.8	36.0	22015250.0	-0.47716769305142487	764.0	149816701.0	1178243.0
53	0.8	37.0	22015075.0	-0.47716390002857556	795.0	153978317.0	1210931.0
53	0.8	38.0	22014941.0	-0.47716099565679376	819.0	158139555.0	1243997.0
53	0.8	39.0	22014793.0	-0.477157787843184	845.0	162301319.0	1276537.0
53	0.8	40.0	22014645.0	-0.4771545800295743	868.0	166462959.0	1309201.0
53	0.8	41.0	22014513.0	-0.47715171900662506	892.0	170624419.0	1342045.0
53	0.8	42.0	22014398.0	-0.4771492264487527	911.0	174785812.0	1374956.0
53	0.8	43.0	22014183.0	-0.477144566449252	948.0	178947243.0	1407829.0
53	0.8	44.0	22013936.0	-0.4771392128684304	988.0	183108715.0	1440661.0
53	0.8	45.0	22013807.0	-0.47713641686873004	1009.0	187270165.0	1473515.0
53	0.8	46.0	22013640.0	-0.47713279724121094	1041.0	191431339.0	1506645.0
53	0.8	47.0	22013500.0	-0.47712976282293146	1066.0	195592807.0	1539481.0
53	0.8	48.0	22013342.0	-0.47712633826515893	1095.0	199754455.0	1572137.0
53	0.8	49.0	22013155.0	-0.4771222851493142	1126.0	203916102.0	1604794.0
53	0.8	50.0	22013022.0	-0.47711940245194867	1151.0	208077663.0	1637537.0
53	0.8	51.0	22012921.0	-0.47711721333590423	1172.0	212239472.0	1670032.0
53	0.8	52.0	22012752.0	-0.47711355035955255	1200.0	216400972.0	1702836.0
53	0.8	53.0	22012564.0	-0.47710947556929156	1240.0	220562412.0	1735700.0
53	0.8	54.0	22012414.0	-0.47710622440684924	1270.0	224724018.0	1768398.0
53	0.8	55.0	22012291.0	-0.47710355845364655	1294.0	228885478.0	1801242.0
53	0.8	56.0	22012094.0	-0.47709928859363904	1329.0	233047052.0	1833972.0
53	0.8	57.0	22011899.0	-0.47709506208246405	1366.0	237208456.0	1866872.0
53	0.8	58.0	22011723.0	-0.4770912473851984	1402.0	241370278.0	1899354.0
53	0.8	59.0	22011572.0	-0.47708797454833984	1428.0	245531816.0	1932120.0
53	0.8	60.0	22011473.0	-0.47708582878112793	1448.0	249693081.0	1965159.0
53	0.8	61.0	22011322.0	-0.47708255594426935	1482.0	253854385.0	1998159.0
53	0.8	62.0	22011173.0	-0.47707932645624335	1509.0	258016009.0	2030839.0
53	0.8	63.0	22011040.0	-0.47707644375887787	1533.0	262177665.0	2063487.0
53	0.8	64.0	22010886.0	-0.47707310589877044	1562.0	266339083.0	2096373.0
53	0.8	65.0	22010748.0	-0.4770701148293235	1591.0	270500462.0	2129298.0
53	0.8	66.0	22010527.0	-0.4770653247833252	1629.0	274661871.0	2162193.0
53	0.8	67.0	22010341.0	-0.47706129334189673	1661.0	278823448.0	2194920.0
53	0.8	68.0	22010208.0	-0.47705841064453125	1689.0	282984879.0	2227793.0
53	0.8	69.0	22010018.0	-0.4770542925054377	1730.0	287146524.0	2260452.0
53	0.8	70.0	22009803.0	-0.47704963250593707	1771.0	291308113.0	2293167.0
53	0.8	71.0	22009557.0	-0.4770443005995317	1818.0	295469545.0	2326039.0
53	0.8	72.0	22009358.0	-0.4770399873906916	1860.0	299630971.0	2358917.0
53	0.8	73.0	22009177.0	-0.47703606432134454	1901.0	303792755.0	2391437.0
53	0.8	74.0	22009029.0	-0.4770328565077348	1929.0	307954618.0	2423878.0
53	0.8	75.0	22008794.0	-0.47702776301990857	1973.0	312116009.0	2456791.0
53	0.8	76.0	22008625.0	-0.4770241000435569	2007.0	316277844.0	2489260.0
53	0.8	77.0	22008446.0	-0.4770202203230424	2046.0	320439200.0	2522208.0
53	0.8	78.0	22008291.0	-0.47701686078851874	2079.0	324600838.0	2554874.0
53	0.8	79.0	22008121.0	-0.4770131761377508	2115.0	328762568.0	2587448.0
53	0.8	80.0	22007929.0	-0.47700901464982465	2161.0	332923929.0	2620391.0
53	0.8	81.0	22007733.0	-0.4770047664642334	2204.0	337085583.0	2653041.0
53	0.8	82.0	22007558.0	-0.47700097344138404	2240.0	341247111.0	2685817.0
53	0.8	83.0	22007336.0	-0.4769961617209695	2287.0	345408519.0	2718713.0
53	0.8	84.0	22007159.0	-0.47699232534928754	2330.0	349570441.0	2751095.0
53	0.8	85.0	22006917.0	-0.4769870801405473	2379.0	353732040.0	2783800.0
53	0.8	86.0	22006683.0	-0.47698200832713733	2430.0	357893429.0	2816715.0
53	0.8	87.0	22006469.0	-0.476977370002053	2475.0	362055187.0	2849261.0
53	0.8	88.0	22006306.0	-0.47697383707219904	2508.0	366216736.0	2882016.0
53	0.8	89.0	22006123.0	-0.47696987065401947	2549.0	370378554.0	2914502.0
53	0.8	90.0	22005991.0	-0.47696700963107025	2579.0	374539891.0	2947469.0
53	0.8	91.0	22005769.0	-0.47696219791065564	2626.0	378701438.0	2980226.0
53	0.8	92.0	22005582.0	-0.4769581447948109	2664.0	382863134.0	3012834.0
53	0.8	93.0	22005425.0	-0.47695474191145465	2694.0	387024754.0	3045518.0
53	0.8	94.0	22005220.0	-0.4769502986561168	2741.0	391186162.0	3078414.0
53	0.8	95.0	22005046.0	-0.4769465273076838	2785.0	395347800.0	3111080.0
53	0.8	96.0	22004818.0	-0.4769415855407715	2837.0	399509508.0	3143676.0
53	0.8	97.0	22004644.0	-0.47693781419233844	2878.0	403671229.0	3176259.0
53	0.8	98.0	22004431.0	-0.47693319754167035	2922.0	407832478.0	3209314.0
53	0.8	99.0	22004199.0	-0.47692816907709296	2972.0	411994127.0	3241969.0
53	0.8	100.0	22004015.0	-0.47692418098449707	3014.0	416155764.0	3274636.0
54	0.4	1.0	22020096.0	-0.4772727272727273	0.0	4161655.0	32649.0
54	0.4	2.0	22020096.0	-0.4772727272727273	0.0	8322950.0	65658.0
54	0.4	3.0	22020096.0	-0.4772727272727273	0.0	12484672.0	98240.0
54	0.4	4.0	22020096.0	-0.4772727272727273	0.0	16646249.0	130967.0
54	0.4	5.0	22020096.0	-0.4772727272727273	0.0	20807364.0	164156.0
54	0.4	6.0	22020096.0	-0.4772727272727273	0.0	24969002.0	196822.0
54	0.4	7.0	22020096.0	-0.4772727272727273	0.0	29130188.0	229940.0
54	0.4	8.0	22020096.0	-0.4772727272727273	0.0	33292014.0	262418.0
54	0.4	9.0	22020096.0	-0.4772727272727273	0.0	37453611.0	295125.0
54	0.4	10.0	22020096.0	-0.4772727272727273	0.0	41614974.0	328066.0
54	0.4	11.0	22020096.0	-0.4772727272727273	0.0	45776665.0	360679.0
54	0.4	12.0	22020096.0	-0.4772727272727273	0.0	49938158.0	393490.0
54	0.4	13.0	22020096.0	-0.4772727272727273	0.0	54099789.0	426163.0
54	0.4	14.0	22020096.0	-0.4772727272727273	0.0	58261272.0	458984.0
54	0.4	15.0	22020096.0	-0.4772727272727273	0.0	62422793.0	491767.0
54	0.4	16.0	22020096.0	-0.4772727272727273	0.0	66584505.0	524359.0
54	0.4	17.0	22020096.0	-0.4772727272727273	0.0	70745658.0	557510.0
54	0.4	18.0	22020096.0	-0.4772727272727273	0.0	74907084.0	590388.0
54	0.4	19.0	22020096.0	-0.4772727272727273	0.0	79068564.0	623212.0
54	0.4	20.0	22020096.0	-0.4772727272727273	0.0	83230269.0	655811.0
54	0.4	21.0	22020096.0	-0.4772727272727273	0.0	87391877.0	688507.0
54	0.4	22.0	22020096.0	-0.4772727272727273	0.0	91553275.0	721413.0
54	0.4	23.0	22020096.0	-0.4772727272727273	0.0	95714447.0	754545.0
54	0.4	24.0	22020096.0	-0.4772727272727273	0.0	99875889.0	787407.0
54	0.4	25.0	22020096.0	-0.4772727272727273	0.0	104037720.0	819880.0
54	0.4	26.0	22020096.0	-0.4772727272727273	0.0	108199177.0	852727.0
54	0.4	27.0	22020096.0	-0.4772727272727273	0.0	112360594.0	885614.0
54	0.4	28.0	22020096.0	-0.4772727272727273	0.0	116522011.0	918501.0
54	0.4	29.0	22020096.0	-0.4772727272727273	0.0	120683743.0	951073.0
54	0.4	30.0	22020096.0	-0.4772727272727273	0.0	124845202.0	983918.0
54	0.4	31.0	22020096.0	-0.4772727272727273	0.0	129006362.0	1017062.0
54	0.4	32.0	22020096.0	-0.4772727272727273	0.0	133168018.0	1049710.0
54	0.4	33.0	22020096.0	-0.4772727272727273	0.0	137329435.0	1082597.0
54	0.4	34.0	22020090.0	-0.47727259722622956	1.0	141491160.0	1115176.0
54	0.4	35.0	22020090.0	-0.47727259722622956	1.0	145652789.0	1147851.0
54	0.4	36.0	22020090.0	-0.47727259722622956	1.0	149814334.0	1180610.0
54	0.4	37.0	22020090.0	-0.47727259722622956	1.0	153975751.0	1213497.0
54	0.4	38.0	22020090.0	-0.47727259722622956	1.0	158137271.0	1246281.0
54	0.4	39.0	22020090.0	-0.47727259722622956	1.0	162298619.0	1279237.0
54	0.4	40.0	22020090.0	-0.47727259722622956	1.0	166460048.0	1312112.0
54	0.4	41.0	22020090.0	-0.47727259722622956	1.0	170621656.0	1344808.0
54	0.4	42.0	22020090.0	-0.47727259722622956	1.0	174783200.0	1377568.0
54	0.4	43.0	22020090.0	-0.47727259722622956	1.0	178944569.0	1410503.0
54	0.4	44.0	22020090.0	-0.47727259722622956	1.0	183106333.0	1443043.0
54	0.4	45.0	22020090.0	-0.47727259722622956	1.0	187267777.0	1475903.0
54	0.4	46.0	22020090.0	-0.47727259722622956	1.0	191429282.0	1508702.0
54	0.4	47.0	22020090.0	-0.47727259722622956	1.0	195590727.0	1541561.0
54	0.4	48.0	22020090.0	-0.47727259722622956	1.0	199752414.0	1574178.0
54	0.4	49.0	22020090.0	-0.47727259722622956	1.0	203913886.0	1607010.0
54	0.4	50.0	22020090.0	-0.47727259722622956	1.0	208075382.0	1639818.0
54	0.4	51.0	22020090.0	-0.47727259722622956	1.0	212237228.0	1672276.0
54	0.4	52.0	22020090.0	-0.47727259722622956	1.0	216398816.0	1704992.0
54	0.4	53.0	22020090.0	-0.47727259722622956	1.0	220560152.0	1737960.0
54	0.4	54.0	22020090.0	-0.47727259722622956	1.0	224721817.0	1770599.0
54	0.4	55.0	22020090.0	-0.47727259722622956	1.0	228883603.0	1803117.0
54	0.4	56.0	22020090.0	-0.47727259722622956	1.0	233045152.0	1835872.0
54	0.4	57.0	22020090.0	-0.47727259722622956	1.0	237206689.0	1868639.0
54	0.4	58.0	22020090.0	-0.47727259722622956	1.0	241368215.0	1901417.0
54	0.4	59.0	22020090.0	-0.47727259722622956	1.0	245530262.0	1933674.0
54	0.4	60.0	22020090.0	-0.47727259722622956	1.0	249691985.0	1966255.0
54	0.4	61.0	22020090.0	-0.47727259722622956	1.0	253853583.0	1998961.0
54	0.4	62.0	22020090.0	-0.47727259722622956	1.0	258015104.0	2031744.0
54	0.4	63.0	22020090.0	-0.47727259722622956	1.0	262176870.0	2064282.0
54	0.4	64.0	22020090.0	-0.47727259722622956	1.0	266338092.0	2097364.0
54	0.4	65.0	22020090.0	-0.47727259722622956	1.0	270499916.0	2129844.0
54	0.4	66.0	22020090.0	-0.47727259722622956	1.0	274661463.0	2162601.0
54	0.4	67.0	22020090.0	-0.47727259722622956	1.0	278823014.0	2195354.0
54	0.4	68.0	22020090.0	-0.47727259722622956	1.0	282984678.0	2227994.0
54	0.4	69.0	22020090.0	-0.47727259722622956	1.0	287146043.0	2260933.0
54	0.4	70.0	22020090.0	-0.47727259722622956	1.0	291307379.0	2293901.0
54	0.4	71.0	22020090.0	-0.47727259722622956	1.0	295468853.0	2326731.0
54	0.4	72.0	22020090.0	-0.47727259722622956	1.0	299630288.0	2359600.0
54	0.4	73.0	22020090.0	-0.47727259722622956	1.0	303791995.0	2392197.0
54	0.4	74.0	22020090.0	-0.47727259722622956	1.0	307953423.0	2425073.0
54	0.4	75.0	22020090.0	-0.47727259722622956	1.0	312115113.0	2457687.0
54	0.4	76.0	22020090.0	-0.47727259722622956	1.0	316276764.0	2490340.0
54	0.4	77.0	22020090.0	-0.47727259722622956	1.0	320438165.0	2523243.0
54	0.4	78.0	22020090.0	-0.47727259722622956	1.0	324599785.0	2555927.0
54	0.4	79.0	22020090.0	-0.47727259722622956	1.0	328761566.0	2588450.0
54	0.4	80.0	22020090.0	-0.47727259722622956	1.0	332923083.0	2621237.0
54	0.4	81.0	22020090.0	-0.47727259722622956	1.0	337084340.0	2654284.0
54	0.4	82.0	22020090.0	-0.47727259722622956	1.0	341245978.0	2686950.0
54	0.4	83.0	22020090.0	-0.47727259722622956	1.0	345407188.0	2720044.0
54	0.4	84.0	22020090.0	-0.47727259722622956	1.0	349569021.0	2752515.0
54	0.4	85.0	22020090.0	-0.47727259722622956	1.0	353731040.0	2784800.0
54	0.4	86.0	22020090.0	-0.47727259722622956	1.0	357892458.0	2817686.0
54	0.4	87.0	22020090.0	-0.47727259722622956	1.0	362053986.0	2850462.0
54	0.4	88.0	22020090.0	-0.47727259722622956	1.0	366215515.0	2883237.0
54	0.4	89.0	22020090.0	-0.47727259722622956	1.0	370377191.0	2915865.0
54	0.4	90.0	22020090.0	-0.47727259722622956	1.0	374538807.0	2948553.0
54	0.4	91.0	22020090.0	-0.47727259722622956	1.0	378700122.0	2981542.0
54	0.4	92.0	22020090.0	-0.47727259722622956	1.0	382861677.0	3014291.0
54	0.4	93.0	22020090.0	-0.47727259722622956	1.0	387023157.0	3047115.0
54	0.4	94.0	22020090.0	-0.47727259722622956	1.0	391184587.0	3079989.0
54	0.4	95.0	22020090.0	-0.47727259722622956	1.0	395346216.0	3112664.0
54	0.4	96.0	22020090.0	-0.47727259722622956	1.0	399507655.0	3145529.0
54	0.4	97.0	22020090.0	-0.47727259722622956	1.0	403668986.0	3178502.0
54	0.4	98.0	22020090.0	-0.47727259722622956	1.0	407830533.0	3211259.0
54	0.4	99.0	22020090.0	-0.47727259722622956	1.0	411991908.0	3244188.0
54	0.4	100.0	22020090.0	-0.47727259722622956	1.0	416153718.0	3276682.0
