temp_index	temp	sweep	S	E	accepted	nonnull	null
0	12.6	1.0	1057978.0	-0.10089664459228516	563863.0	1040418.0	8158.0
0	12.6	2.0	159189.0	-0.015181446075439453	1502345.0	2080808.0	16344.0
0	12.6	3.0	91066.0	-0.008684730529785157	2522968.0	3121302.0	24426.0
0	12.6	4.0	88132.0	-0.008404922485351563	3548837.0	4161798.0	32506.0
0	12.6	5.0	88682.0	-0.008457374572753907	4574849.0	5202188.0	40692.0
0	12.6	6.0	87971.0	-0.008389568328857422	5600571.0	6242476.0	48980.0
0	12.6	7.0	87760.0	-0.00836944580078125	6626399.0	7282919.0	57113.0
0	12.6	8.0	87800.0	-0.008373260498046875	7652178.0	8323219.0	65389.0
0	12.6	9.0	88276.0	-0.008418655395507813	8677895.0	9363547.0	73637.0
0	12.6	10.0	88203.0	-0.008411693572998046	9703865.0	10403780.0	81980.0
0	12.6	11.0	88078.0	-0.008399772644042968	10729841.0	11444207.0	90129.0
0	12.6	12.0	88681.0	-0.008457279205322266	11755378.0	12484505.0	98407.0
0	12.6	13.0	87802.0	-0.008373451232910157	12781260.0	13524946.0	106542.0
0	12.6	14.0	88422.0	-0.008432579040527344	13807026.0	14565361.0	114703.0
0	12.6	15.0	88455.0	-0.008435726165771484	14832815.0	15605686.0	122954.0
0	12.6	16.0	88486.0	-0.008438682556152344	15858499.0	16645890.0	131326.0
0	12.6	17.0	88018.0	-0.00839405059814453	16884497.0	17686194.0	139598.0
0	12.6	18.0	88379.0	-0.008428478240966797	17910240.0	18726517.0	147851.0
0	12.6	19.0	88236.0	-0.008414840698242188	18935998.0	19766858.0	156086.0
0	12.6	20.0	88156.0	-0.008407211303710938	19961821.0	20807162.0	164358.0
0	12.6	21.0	88080.0	-0.00839996337890625	20987644.0	21847692.0	172404.0
0	12.6	22.0	87866.0	-0.008379554748535157	22013355.0	22887917.0	180755.0
0	12.6	23.0	88260.0	-0.008417129516601562	23039173.0	23928280.0	188968.0
0	12.6	24.0	88029.0	-0.008395099639892578	24064924.0	24968572.0	197252.0
0	12.6	25.0	88486.0	-0.008438682556152344	25090607.0	26009029.0	205371.0
0	12.6	26.0	88113.0	-0.00840311050415039	26116531.0	27049421.0	213555.0
0	12.6	27.0	87678.0	-0.008361625671386718	27142571.0	28089769.0	221783.0
0	12.6	28.0	88692.0	-0.008458328247070313	28168471.0	29130214.0	229914.0
0	12.6	29.0	87890.0	-0.008381843566894531	29194422.0	30170707.0	237997.0
0	12.6	30.0	88227.0	-0.008413982391357423	30220095.0	31211084.0	246196.0
0	12.6	31.0	87495.0	-0.008344173431396484	31245801.0	32251308.0	254548.0
0	12.6	32.0	88466.0	-0.008436775207519532	32271824.0	33291708.0	262724.0
0	12.6	33.0	87933.0	-0.008385944366455077	33297681.0	34332126.0	270882.0
0	12.6	34.0	88177.0	-0.008409214019775391	34323542.0	35372584.0	279000.0
0	12.6	35.0	88034.0	-0.008395576477050781	35349503.0	36412976.0	287184.0
0	12.6	36.0	87831.0	-0.008376216888427735	36375322.0	37453316.0	295420.0
0	12.6	37.0	87803.0	-0.008373546600341796	37400928.0	38493564.0	303748.0
0	12.6	38.0	88149.0	-0.008406543731689453	38426925.0	39534008.0	311880.0
0	12.6	39.0	88096.0	-0.0084014892578125	39452762.0	40574464.0	320000.0
0	12.6	40.0	88443.0	-0.008434581756591796	40478555.0	41614767.0	328273.0
0	12.6	41.0	87863.0	-0.008379268646240234	41504258.0	42655154.0	336462.0
0	12.6	42.0	88121.0	-0.008403873443603516	42530243.0	43695538.0	344654.0
0	12.6	43.0	88085.0	-0.008400440216064453	43556014.0	44735984.0	352784.0
0	12.6	44.0	87837.0	-0.008376789093017579	44581885.0	45776412.0	360932.0
0	12.6	45.0	88330.0	-0.008423805236816406	45607604.0	46816740.0	369180.0
0	12.6	46.0	88063.0	-0.008398342132568359	46633368.0	47857061.0	377435.0
0	12.6	47.0	88325.0	-0.008423328399658203	47659111.0	48897444.0	385628.0
0	12.6	48.0	88505.0	-0.008440494537353516	48684653.0	49937744.0	393904.0
0	12.6	49.0	87706.0	-0.008364295959472657	49710558.0	50978249.0	401975.0
0	12.6	50.0	87467.0	-0.008341503143310548	50736333.0	52018563.0	410237.0
0	12.6	51.0	88186.0	-0.008410072326660157	51762142.0	53058873.0	418503.0
0	12.6	52.0	88059.0	-0.008397960662841797	52787914.0	54099208.0	426744.0
0	12.6	53.0	88525.0	-0.008442401885986328	53813939.0	55139641.0	434887.0
0	12.6	54.0	88332.0	-0.008423995971679688	54839637.0	56179883.0	443221.0
0	12.6	55.0	88449.0	-0.00843515396118164	55865410.0	57220281.0	451399.0
0	12.6	56.0	87942.0	-0.008386802673339844	56891445.0	58260776.0	459480.0
0	12.6	57.0	88118.0	-0.008403587341308593	57917203.0	59300947.0	467885.0
0	12.6	58.0	88183.0	-0.008409786224365234	58943124.0	60341280.0	476128.0
0	12.6	59.0	88135.0	-0.008405208587646484	59968859.0	61381636.0	484348.0
0	12.6	60.0	87501.0	-0.008344745635986328	60994564.0	62421986.0	492574.0
0	12.6	61.0	88220.0	-0.008413314819335938	62020483.0	63462457.0	500679.0
0	12.6	62.0	88028.0	-0.008395004272460937	63046572.0	64502893.0	508819.0
0	12.6	63.0	87263.0	-0.008322048187255859	64072650.0	65543309.0	516979.0
0	12.6	64.0	88430.0	-0.008433341979980469	65098179.0	66583546.0	525318.0
0	12.6	65.0	87839.0	-0.008376979827880859	66124009.0	67623985.0	533455.0
0	12.6	66.0	88016.0	-0.00839385986328125	67149621.0	68664274.0	541742.0
0	12.6	67.0	88387.0	-0.008429241180419923	68175469.0	69704769.0	549823.0
0	12.6	68.0	88587.0	-0.008448314666748048	69201287.0	70745062.0	558106.0
0	12.6	69.0	88209.0	-0.00841226577758789	70227323.0	71785479.0	566265.0
0	12.6	70.0	88085.0	-0.008400440216064453	71253061.0	72825915.0	574405.0
0	12.6	71.0	88082.0	-0.008400154113769532	72278785.0	73866344.0	582552.0
0	12.6	72.0	87935.0	-0.00838613510131836	73304724.0	74906610.0	590862.0
0	12.6	73.0	88386.0	-0.008429145812988282	74330717.0	75947129.0	598919.0
0	12.6	74.0	88211.0	-0.008412456512451172	75356307.0	76987417.0	607207.0
0	12.6	75.0	87962.0	-0.008388710021972657	76382419.0	78027874.0	615326.0
0	12.6	76.0	88175.0	-0.00840902328491211	77408301.0	79068305.0	623471.0
0	12.6	77.0	88133.0	-0.008405017852783202	78434213.0	80108651.0	631701.0
0	12.6	78.0	88568.0	-0.008446502685546874	79459907.0	81149047.0	639881.0
0	12.6	79.0	88178.0	-0.00840930938720703	80485672.0	82189379.0	648125.0
0	12.6	80.0	87738.0	-0.008367347717285156	81511397.0	83229779.0	656301.0
0	12.6	81.0	87946.0	-0.008387184143066407	82537144.0	84270105.0	664551.0
0	12.6	82.0	88002.0	-0.008392524719238282	83562987.0	85310589.0	672643.0
0	12.6	83.0	88020.0	-0.008394241333007812	84588681.0	86350852.0	680956.0
0	12.6	84.0	87903.0	-0.008383083343505859	85614753.0	87391285.0	689099.0
0	12.6	85.0	88326.0	-0.008423423767089844	86640818.0	88431709.0	697251.0
0	12.6	86.0	87868.0	-0.008379745483398437	87666717.0	89471998.0	705538.0
0	12.6	87.0	88628.0	-0.008452224731445312	88692370.0	90512252.0	713860.0
0	12.6	88.0	87845.0	-0.008377552032470703	89718386.0	91552672.0	722016.0
0	12.6	89.0	88020.0	-0.008394241333007812	90744359.0	92593087.0	730177.0
0	12.6	90.0	88257.0	-0.008416843414306641	91770158.0	93633538.0	738302.0
0	12.6	91.0	88033.0	-0.00839548110961914	92795898.0	94673783.0	746633.0
0	12.6	92.0	88274.0	-0.008418464660644531	93821982.0	95714246.0	754746.0
0	12.6	93.0	88516.0	-0.008441543579101563	94847943.0	96754822.0	762746.0
0	12.6	94.0	88142.0	-0.00840587615966797	95873667.0	97795145.0	770999.0
0	12.6	95.0	88144.0	-0.00840606689453125	96899811.0	98835736.0	778984.0
0	12.6	96.0	88227.0	-0.008413982391357423	97925476.0	99876116.0	787180.0
0	12.6	97.0	88140.0	-0.008405685424804688	98951267.0	100916399.0	795473.0
0	12.6	98.0	87796.0	-0.008372879028320313	99977124.0	101956847.0	803601.0
0	12.6	99.0	88455.0	-0.008435726165771484	101002812.0	102997211.0	811813.0
0	12.6	100.0	88235.0	-0.008414745330810547	102028714.0	104037676.0	819924.0
1	10.799999999999999	1.0	1407486.0	-0.13422832489013672	480079.0	1040231.0	8345.0
1	10.799999999999999	2.0	235740.0	-0.022481918334960938	1357742.0	2080541.0	16611.0
1	10.799999999999999	3.0	97368.0	-0.009285736083984374	2367181.0	3120855.0	24873.0
1	10.799999999999999	4.0	89155.0	-0.008502483367919922	3389824.0	4161259.0	33045.0
1	10.799999999999999	5.0	89169.0	-0.00850381851196289	4413159.0	5201642.0	41238.0
1	10.799999999999999	6.0	89021.0	-0.008489704132080078	5436432.0	6242042.0	49414.0
1	10.799999999999999	7.0	89656.0	-0.008550262451171875	6459724.0	7282432.0	57600.0
1	10.799999999999999	8.0	89093.0	-0.008496570587158202	7482979.0	8322795.0	65813.0
1	10.799999999999999	9.0	89510.0	-0.008536338806152344	8506560.0	9363439.0	73745.0
1	10.799999999999999	10.0	88774.0	-0.008466148376464843	9529831.0	10403868.0	81892.0
1	10.799999999999999	11.0	89475.0	-0.008533000946044922	10553199.0	11444372.0	89964.0
1	10.799999999999999	12.0	89344.0	-0.0085205078125	11576499.0	12484793.0	98119.0
1	10.799999999999999	13.0	88800.0	-0.0084686279296875	12599799.0	13525269.0	106219.0
1	10.799999999999999	14.0	89344.0	-0.0085205078125	13622914.0	14565655.0	114409.0
1	10.799999999999999	15.0	90001.0	-0.008583164215087891	14646288.0	15606105.0	122535.0
1	10.799999999999999	16.0	89624.0	-0.008547210693359375	15669208.0	16646326.0	130890.0
1	10.799999999999999	17.0	89019.0	-0.008489513397216797	16692531.0	17686689.0	139103.0
1	10.799999999999999	18.0	89564.0	-0.008541488647460937	17715931.0	18727044.0	147324.0
1	10.799999999999999	19.0	89274.0	-0.008513832092285156	18739119.0	19767442.0	155502.0
1	10.799999999999999	20.0	88782.0	-0.00846691131591797	19762478.0	20807788.0	163732.0
1	10.799999999999999	21.0	88899.0	-0.008478069305419922	20786016.0	21848316.0	171780.0
1	10.799999999999999	22.0	89501.0	-0.008535480499267578	21809341.0	22888708.0	179964.0
1	10.799999999999999	23.0	89492.0	-0.008534622192382813	22832527.0	23929145.0	188103.0
1	10.799999999999999	24.0	88813.0	-0.008469867706298827	23855922.0	24969492.0	196332.0
1	10.799999999999999	25.0	89027.0	-0.008490276336669923	24879359.0	26009875.0	204525.0
1	10.799999999999999	26.0	89872.0	-0.00857086181640625	25902665.0	27050310.0	212666.0
1	10.799999999999999	27.0	89104.0	-0.00849761962890625	26925685.0	28090597.0	220955.0
1	10.799999999999999	28.0	89651.0	-0.008549785614013672	27948932.0	29130915.0	229213.0
1	10.799999999999999	29.0	89559.0	-0.008541011810302734	28972365.0	30171388.0	237316.0
1	10.799999999999999	30.0	89073.0	-0.00849466323852539	29995862.0	31211886.0	245394.0
1	10.799999999999999	31.0	89321.0	-0.008518314361572266	31019033.0	32252184.0	253672.0
1	10.799999999999999	32.0	89181.0	-0.008504962921142578	32042576.0	33292647.0	261785.0
1	10.799999999999999	33.0	89240.0	-0.008510589599609375	33065963.0	34332974.0	270034.0
1	10.799999999999999	34.0	89267.0	-0.008513164520263673	34089192.0	35373266.0	278318.0
1	10.799999999999999	35.0	89183.0	-0.008505153656005859	35112273.0	36413607.0	286553.0
1	10.799999999999999	36.0	89505.0	-0.00853586196899414	36135649.0	37454098.0	294638.0
1	10.799999999999999	37.0	89201.0	-0.008506870269775391	37159135.0	38494423.0	302889.0
1	10.799999999999999	38.0	89203.0	-0.008507061004638671	38182608.0	39534965.0	310923.0
1	10.799999999999999	39.0	89267.0	-0.008513164520263673	39206019.0	40575395.0	319069.0
1	10.799999999999999	40.0	88885.0	-0.008476734161376953	40229251.0	41615804.0	327236.0
1	10.799999999999999	41.0	88844.0	-0.008472824096679687	41252896.0	42656251.0	335365.0
1	10.799999999999999	42.0	88804.0	-0.008469009399414062	42276339.0	43696593.0	343599.0
1	10.799999999999999	43.0	89624.0	-0.008547210693359375	43299704.0	44736870.0	351898.0
1	10.799999999999999	44.0	89785.0	-0.008562564849853516	44323200.0	45777193.0	360151.0
1	10.799999999999999	45.0	89197.0	-0.008506488800048829	45346510.0	46817693.0	368227.0
1	10.799999999999999	46.0	89246.0	-0.008511161804199219	46369930.0	47858168.0	376328.0
1	10.799999999999999	47.0	89499.0	-0.008535289764404297	47393317.0	48898635.0	384437.0
1	10.799999999999999	48.0	89199.0	-0.008506679534912109	48416481.0	49938951.0	392697.0
1	10.799999999999999	49.0	89319.0	-0.008518123626708984	49439882.0	50979385.0	400839.0
1	10.799999999999999	50.0	89326.0	-0.008518791198730469	50463067.0	52019645.0	409155.0
1	10.799999999999999	51.0	88871.0	-0.008475399017333985	51486562.0	53060097.0	417279.0
1	10.799999999999999	52.0	88850.0	-0.008473396301269531	52510016.0	54100342.0	425610.0
1	10.799999999999999	53.0	89020.0	-0.008489608764648438	53533382.0	55140714.0	433814.0
1	10.799999999999999	54.0	89100.0	-0.008497238159179688	54556804.0	56181009.0	442095.0
1	10.799999999999999	55.0	89520.0	-0.00853729248046875	55579843.0	57221289.0	450391.0
1	10.799999999999999	56.0	89535.0	-0.00853872299194336	56603115.0	58261634.0	458622.0
1	10.799999999999999	57.0	88514.0	-0.008441352844238281	57626438.0	59302063.0	466769.0
1	10.799999999999999	58.0	89531.0	-0.008538341522216797	58649987.0	60342563.0	474845.0
1	10.799999999999999	59.0	88920.0	-0.008480072021484375	59673596.0	61383110.0	482874.0
1	10.799999999999999	60.0	89644.0	-0.008549118041992187	60696624.0	62423466.0	491094.0
1	10.799999999999999	61.0	88822.0	-0.008470726013183594	61719801.0	63463933.0	499203.0
1	10.799999999999999	62.0	89543.0	-0.008539485931396484	62743298.0	64504354.0	507358.0
1	10.799999999999999	63.0	88801.0	-0.008468723297119141	63766734.0	65544769.0	515519.0
1	10.799999999999999	64.0	89578.0	-0.008542823791503906	64790267.0	66585117.0	523747.0
1	10.799999999999999	65.0	89783.0	-0.008562374114990234	65813747.0	67625692.0	531748.0
1	10.799999999999999	66.0	89016.0	-0.008489227294921875	66837094.0	68666054.0	539962.0
1	10.799999999999999	67.0	89128.0	-0.008499908447265624	67860119.0	69706433.0	548159.0
1	10.799999999999999	68.0	89201.0	-0.008506870269775391	68883598.0	70746865.0	556303.0
1	10.799999999999999	69.0	89853.0	-0.008569049835205077	69906898.0	71787167.0	564577.0
1	10.799999999999999	70.0	89661.0	-0.008550739288330078	70930278.0	72827521.0	572799.0
1	10.799999999999999	71.0	89408.0	-0.008526611328125	71953256.0	73867872.0	581024.0
1	10.799999999999999	72.0	89310.0	-0.008517265319824219	72976469.0	74908262.0	589210.0
1	10.799999999999999	73.0	89393.0	-0.00852518081665039	73999972.0	75948593.0	597455.0
1	10.799999999999999	74.0	89250.0	-0.008511543273925781	75023157.0	76989004.0	605620.0
1	10.799999999999999	75.0	89260.0	-0.008512496948242188	76046626.0	78029456.0	613744.0
1	10.799999999999999	76.0	88709.0	-0.008459949493408203	77070246.0	79069976.0	621800.0
1	10.799999999999999	77.0	89748.0	-0.008559036254882812	78093455.0	80110273.0	630079.0
1	10.799999999999999	78.0	88970.0	-0.008484840393066406	79116546.0	81150598.0	638330.0
1	10.799999999999999	79.0	89144.0	-0.008501434326171875	80139873.0	82191012.0	646492.0
1	10.799999999999999	80.0	88847.0	-0.00847311019897461	81163383.0	83231530.0	654550.0
1	10.799999999999999	81.0	89507.0	-0.008536052703857423	82186635.0	84271844.0	662812.0
1	10.799999999999999	82.0	89246.0	-0.008511161804199219	83209887.0	85312197.0	671035.0
1	10.799999999999999	83.0	89518.0	-0.008537101745605468	84233446.0	86352620.0	679188.0
1	10.799999999999999	84.0	89403.0	-0.008526134490966796	85256661.0	87392901.0	687483.0
1	10.799999999999999	85.0	89554.0	-0.008540534973144531	86280086.0	88433273.0	695687.0
1	10.799999999999999	86.0	88812.0	-0.008469772338867188	87303419.0	89473634.0	703902.0
1	10.799999999999999	87.0	88758.0	-0.008464622497558593	88326871.0	90514043.0	712069.0
1	10.799999999999999	88.0	89967.0	-0.00857992172241211	89350340.0	91554455.0	720233.0
1	10.799999999999999	89.0	89686.0	-0.008553123474121094	90374136.0	92594966.0	728298.0
1	10.799999999999999	90.0	89526.0	-0.008537864685058594	91397572.0	93635309.0	736531.0
1	10.799999999999999	91.0	89254.0	-0.008511924743652343	92421018.0	94675656.0	744760.0
1	10.799999999999999	92.0	89000.0	-0.008487701416015625	93444274.0	95716110.0	752882.0
1	10.799999999999999	93.0	89465.0	-0.008532047271728516	94467518.0	96756403.0	761165.0
1	10.799999999999999	94.0	89235.0	-0.008510112762451172	95490622.0	97796830.0	769314.0
1	10.799999999999999	95.0	88593.0	-0.00844888687133789	96513817.0	98837135.0	777585.0
1	10.799999999999999	96.0	88839.0	-0.008472347259521484	97537301.0	99877631.0	785665.0
1	10.799999999999999	97.0	89172.0	-0.008504104614257813	98560559.0	100917855.0	794017.0
1	10.799999999999999	98.0	89147.0	-0.008501720428466798	99584080.0	101958263.0	802185.0
1	10.799999999999999	99.0	89017.0	-0.008489322662353516	100607547.0	102998654.0	810370.0
1	10.799999999999999	100.0	89459.0	-0.008531475067138672	101631050.0	104039118.0	818482.0
2	9.9	1.0	1639283.0	-0.15633420944213866	431512.0	1040360.0	8216.0
2	9.9	2.0	316087.0	-0.030144405364990235	1259876.0	2080754.0	16398.0
2	9.9	3.0	104076.0	-0.009925460815429688	2257605.0	3121158.0	24570.0
2	9.9	4.0	90991.0	-0.00867757797241211	3278202.0	4161625.0	32679.0
2	9.9	5.0	90182.0	-0.008600425720214844	4299876.0	5202060.0	40820.0
2	9.9	6.0	89723.0	-0.008556652069091796	5321842.0	6242541.0	48915.0
2	9.9	7.0	90253.0	-0.008607196807861327	6343730.0	7283064.0	56968.0
2	9.9	8.0	89999.0	-0.008582973480224609	7365095.0	8323401.0	65207.0
2	9.9	9.0	89906.0	-0.008574104309082032	8386789.0	9363914.0	73270.0
2	9.9	10.0	90158.0	-0.008598136901855468	9408948.0	10404280.0	81480.0
2	9.9	11.0	89849.0	-0.008568668365478515	10430546.0	11444581.0	89755.0
2	9.9	12.0	89656.0	-0.008550262451171875	11452207.0	12484968.0	97944.0
2	9.9	13.0	89221.0	-0.008508777618408203	12473870.0	13525293.0	106195.0
2	9.9	14.0	89893.0	-0.008572864532470702	13495559.0	14565694.0	114370.0
2	9.9	15.0	89722.0	-0.008556556701660157	14517147.0	15605994.0	122646.0
2	9.9	16.0	89689.0	-0.008553409576416015	15538952.0	16646520.0	130696.0
2	9.9	17.0	89871.0	-0.00857076644897461	16561025.0	17686955.0	138837.0
2	9.9	18.0	90047.0	-0.00858755111694336	17582806.0	18727370.0	146998.0
2	9.9	19.0	89899.0	-0.008573436737060547	18604369.0	19767737.0	155207.0
2	9.9	20.0	90311.0	-0.008612728118896485	19626411.0	20808203.0	163317.0
2	9.9	21.0	89090.0	-0.008496284484863281	20648071.0	21848598.0	171498.0
2	9.9	22.0	89899.0	-0.008573436737060547	21669843.0	22888932.0	179740.0
2	9.9	23.0	90054.0	-0.008588218688964843	22691875.0	23929367.0	187881.0
2	9.9	24.0	90282.0	-0.008609962463378907	23713344.0	24969639.0	196185.0
2	9.9	25.0	89965.0	-0.008579730987548828	24734843.0	26009859.0	204541.0
2	9.9	26.0	89939.0	-0.008577251434326172	25756691.0	27050258.0	212718.0
2	9.9	27.0	89986.0	-0.008581733703613282	26778593.0	28090721.0	220831.0
2	9.9	28.0	89704.0	-0.008554840087890625	27799942.0	29131118.0	229010.0
2	9.9	29.0	89703.0	-0.008554744720458984	28821452.0	30171447.0	237257.0
2	9.9	30.0	89989.0	-0.008582019805908203	29842943.0	31211767.0	245513.0
2	9.9	31.0	89452.0	-0.008530807495117188	30864752.0	32252137.0	253719.0
2	9.9	32.0	89812.0	-0.008565139770507813	31886681.0	33292479.0	261953.0
2	9.9	33.0	89680.0	-0.00855255126953125	32908420.0	34332843.0	270165.0
2	9.9	34.0	89901.0	-0.008573627471923828	33930187.0	35373198.0	278386.0
2	9.9	35.0	89352.0	-0.008521270751953126	34952447.0	36413742.0	286418.0
2	9.9	36.0	90226.0	-0.008604621887207032	35974251.0	37454193.0	294543.0
2	9.9	37.0	89899.0	-0.008573436737060547	36996040.0	38494569.0	302743.0
2	9.9	38.0	89646.0	-0.008549308776855469	38017626.0	39534837.0	311051.0
2	9.9	39.0	89913.0	-0.008574771881103515	39039203.0	40575154.0	319310.0
2	9.9	40.0	90050.0	-0.008587837219238281	40060965.0	41615572.0	327468.0
2	9.9	41.0	89770.0	-0.008561134338378906	41082574.0	42655905.0	335711.0
2	9.9	42.0	89825.0	-0.00856637954711914	42104409.0	43696244.0	343948.0
2	9.9	43.0	90069.0	-0.008589649200439453	43125878.0	44736509.0	352259.0
2	9.9	44.0	89956.0	-0.008578872680664063	44147337.0	45776746.0	360598.0
2	9.9	45.0	89710.0	-0.008555412292480469	45169225.0	46817092.0	368828.0
2	9.9	46.0	89906.0	-0.008574104309082032	46190973.0	47857446.0	377050.0
2	9.9	47.0	90176.0	-0.008599853515625	47212735.0	48897812.0	385260.0
2	9.9	48.0	89258.0	-0.008512306213378906	48234352.0	49938093.0	393555.0
2	9.9	49.0	89786.0	-0.008562660217285157	49256020.0	50978555.0	401669.0
2	9.9	50.0	89749.0	-0.008559131622314453	50277599.0	52018961.0	409839.0
2	9.9	51.0	89883.0	-0.008571910858154296	51299545.0	53059418.0	417958.0
2	9.9	52.0	90048.0	-0.008587646484375	52321072.0	54099862.0	426090.0
2	9.9	53.0	89613.0	-0.008546161651611327	53342674.0	55140277.0	434251.0
2	9.9	54.0	89943.0	-0.008577632904052734	54364466.0	56180756.0	442348.0
2	9.9	55.0	90196.0	-0.008601760864257813	55386209.0	57221177.0	450503.0
2	9.9	56.0	90136.0	-0.008596038818359375	56407877.0	58261590.0	458666.0
2	9.9	57.0	89744.0	-0.00855865478515625	57429860.0	59302076.0	466756.0
2	9.9	58.0	89996.0	-0.008582687377929688	58451707.0	60342437.0	474971.0
2	9.9	59.0	89852.0	-0.008568954467773438	59473486.0	61382736.0	483248.0
2	9.9	60.0	89657.0	-0.008550357818603516	60495606.0	62423162.0	491398.0
2	9.9	61.0	89719.0	-0.008556270599365234	61517630.0	63463692.0	499444.0
2	9.9	62.0	89797.0	-0.008563709259033204	62539534.0	64504248.0	507464.0
2	9.9	63.0	89466.0	-0.008532142639160157	63561349.0	65544738.0	515550.0
2	9.9	64.0	90010.0	-0.008584022521972656	64583174.0	66585179.0	523685.0
2	9.9	65.0	90491.0	-0.008629894256591797	65604775.0	67625398.0	532042.0
2	9.9	66.0	89893.0	-0.008572864532470702	66626540.0	68665662.0	540354.0
2	9.9	67.0	89850.0	-0.008568763732910156	67648478.0	69706105.0	548487.0
2	9.9	68.0	90120.0	-0.008594512939453125	68670329.0	70746477.0	556691.0
2	9.9	69.0	90110.0	-0.008593559265136719	69692043.0	71786883.0	564861.0
2	9.9	70.0	90095.0	-0.00859212875366211	70713922.0	72827146.0	573174.0
2	9.9	71.0	89679.0	-0.008552455902099609	71735839.0	73867560.0	581336.0
2	9.9	72.0	89766.0	-0.008560752868652344	72757815.0	74907995.0	589477.0
2	9.9	73.0	89405.0	-0.008526325225830078	73779842.0	75948394.0	597654.0
2	9.9	74.0	89798.0	-0.008563804626464843	74801540.0	76988577.0	606047.0
2	9.9	75.0	89657.0	-0.008550357818603516	75823191.0	78028866.0	614334.0
2	9.9	76.0	89754.0	-0.008559608459472656	76845003.0	79069417.0	622359.0
2	9.9	77.0	90347.0	-0.008616161346435548	77867044.0	80109918.0	630434.0
2	9.9	78.0	90197.0	-0.008601856231689454	78889017.0	81150301.0	638627.0
2	9.9	79.0	89950.0	-0.008578300476074219	79910628.0	82190665.0	646839.0
2	9.9	80.0	89899.0	-0.008573436737060547	80932336.0	83230967.0	655113.0
2	9.9	81.0	89532.0	-0.008538436889648438	81954092.0	84271271.0	663385.0
2	9.9	82.0	89550.0	-0.008540153503417969	82975795.0	85311636.0	671596.0
2	9.9	83.0	90333.0	-0.008614826202392577	83997499.0	86351960.0	679848.0
2	9.9	84.0	89714.0	-0.008555793762207031	85019323.0	87392413.0	687971.0
2	9.9	85.0	90290.0	-0.008610725402832031	86041159.0	88432820.0	696140.0
2	9.9	86.0	89297.0	-0.008516025543212891	87062954.0	89473241.0	704295.0
2	9.9	87.0	89629.0	-0.008547687530517578	88084860.0	90513714.0	712398.0
2	9.9	88.0	90198.0	-0.008601951599121093	89106740.0	91554166.0	720522.0
2	9.9	89.0	89941.0	-0.008577442169189453	90128374.0	92594492.0	728772.0
2	9.9	90.0	90134.0	-0.008595848083496093	91150211.0	93634963.0	736877.0
2	9.9	91.0	89871.0	-0.00857076644897461	92171864.0	94675339.0	745077.0
2	9.9	92.0	90110.0	-0.008593559265136719	93193635.0	95715618.0	753374.0
2	9.9	93.0	90014.0	-0.008584403991699218	94215452.0	96756068.0	761500.0
2	9.9	94.0	90053.0	-0.008588123321533202	95237169.0	97796332.0	769812.0
2	9.9	95.0	89640.0	-0.008548736572265625	96259168.0	98836774.0	777946.0
2	9.9	96.0	89844.0	-0.008568191528320312	97280940.0	99877200.0	786096.0
2	9.9	97.0	89700.0	-0.008554458618164062	98302722.0	100917708.0	794164.0
2	9.9	98.0	89709.0	-0.008555316925048828	99324452.0	101957918.0	802530.0
2	9.9	99.0	89329.0	-0.00851907730102539	100346123.0	102998184.0	810840.0
2	9.9	100.0	89687.0	-0.008553218841552735	101367801.0	104038509.0	819091.0
3	9.0	1.0	1927157.0	-0.18378801345825196	377002.0	1040353.0	8223.0
3	9.0	2.0	458355.0	-0.04371213912963867	1136845.0	2080569.0	16583.0
3	9.0	3.0	122841.0	-0.011715030670166016	2111080.0	3120952.0	24776.0
3	9.0	4.0	92497.0	-0.008821201324462891	3127659.0	4161396.0	32908.0
3	9.0	5.0	90422.0	-0.008623313903808594	4147543.0	5201916.0	40964.0
3	9.0	6.0	90934.0	-0.008672142028808593	5167335.0	6242459.0	48997.0
3	9.0	7.0	91165.0	-0.008694171905517578	6187244.0	7282841.0	57191.0
3	9.0	8.0	91066.0	-0.008684730529785157	7207151.0	8323276.0	65332.0
3	9.0	9.0	90842.0	-0.008663368225097657	8226806.0	9363499.0	73685.0
3	9.0	10.0	90390.0	-0.008620262145996094	9247007.0	10404047.0	81713.0
3	9.0	11.0	90751.0	-0.00865468978881836	10266599.0	11444399.0	89937.0
3	9.0	12.0	90798.0	-0.008659172058105468	11286630.0	12484807.0	98105.0
3	9.0	13.0	90529.0	-0.00863351821899414	12306216.0	13525021.0	106467.0
3	9.0	14.0	90514.0	-0.008632087707519531	13326209.0	14565410.0	114654.0
3	9.0	15.0	90785.0	-0.00865793228149414	14345829.0	15605864.0	122776.0
3	9.0	16.0	90737.0	-0.008653354644775391	15365286.0	16646101.0	131115.0
3	9.0	17.0	90811.0	-0.008660411834716797	16384935.0	17686557.0	139235.0
3	9.0	18.0	90387.0	-0.008619976043701173	17405005.0	18727004.0	147364.0
3	9.0	19.0	90432.0	-0.008624267578125	18424777.0	19767338.0	155606.0
3	9.0	20.0	90761.0	-0.008655643463134766	19444790.0	20807668.0	163852.0
3	9.0	21.0	90794.0	-0.008658790588378906	20464189.0	21847930.0	172166.0
3	9.0	22.0	90894.0	-0.008668327331542968	21483890.0	22888228.0	180444.0
3	9.0	23.0	90553.0	-0.008635807037353515	22503207.0	23928442.0	188806.0
3	9.0	24.0	90818.0	-0.00866107940673828	23523358.0	24968904.0	196920.0
3	9.0	25.0	90229.0	-0.008604907989501953	24543128.0	26009310.0	205090.0
3	9.0	26.0	90928.0	-0.00867156982421875	25563186.0	27049869.0	213107.0
3	9.0	27.0	90277.0	-0.008609485626220704	26582981.0	28090165.0	221387.0
3	9.0	28.0	91005.0	-0.008678913116455078	27603061.0	29130559.0	229569.0
3	9.0	29.0	90827.0	-0.008661937713623048	28622849.0	30170876.0	237828.0
3	9.0	30.0	90735.0	-0.00865316390991211	29642589.0	31211231.0	246049.0
3	9.0	31.0	90791.0	-0.008658504486083985	30662449.0	32251545.0	254311.0
3	9.0	32.0	90714.0	-0.008651161193847656	31682162.0	33292029.0	262403.0
3	9.0	33.0	90208.0	-0.0086029052734375	32701916.0	34332485.0	270523.0
3	9.0	34.0	90338.0	-0.00861530303955078	33721640.0	35372840.0	278744.0
3	9.0	35.0	90559.0	-0.008636379241943359	34741415.0	36413167.0	286993.0
3	9.0	36.0	90539.0	-0.008634471893310547	35760806.0	37453542.0	295194.0
3	9.0	37.0	90871.0	-0.008666133880615235	36780891.0	38494046.0	303266.0
3	9.0	38.0	90500.0	-0.008630752563476562	37800613.0	39534404.0	311484.0
3	9.0	39.0	90408.0	-0.008621978759765624	38820257.0	40574753.0	319711.0
3	9.0	40.0	90884.0	-0.008667373657226562	39840020.0	41615154.0	327886.0
3	9.0	41.0	90483.0	-0.008629131317138671	40859792.0	42655577.0	336039.0
3	9.0	42.0	90455.0	-0.008626461029052734	41879335.0	43696017.0	344175.0
3	9.0	43.0	90383.0	-0.008619594573974609	42899183.0	44736420.0	352348.0
3	9.0	44.0	90298.0	-0.008611488342285156	43918699.0	45776572.0	360772.0
3	9.0	45.0	90033.0	-0.00858621597290039	44938714.0	46816885.0	369035.0
3	9.0	46.0	90826.0	-0.008661842346191407	45958804.0	47857309.0	377187.0
3	9.0	47.0	90545.0	-0.00863504409790039	46978403.0	48897653.0	385419.0
3	9.0	48.0	90413.0	-0.008622455596923827	47998264.0	49937962.0	393686.0
3	9.0	49.0	90665.0	-0.008646488189697266	49018249.0	50978367.0	401857.0
3	9.0	50.0	90945.0	-0.00867319107055664	50038176.0	52018676.0	410124.0
3	9.0	51.0	90709.0	-0.008650684356689453	51058162.0	53059183.0	418193.0
3	9.0	52.0	90962.0	-0.008674812316894532	52077807.0	54099388.0	426564.0
3	9.0	53.0	90934.0	-0.008672142028808593	53097569.0	55139803.0	434725.0
3	9.0	54.0	90555.0	-0.008635997772216797	54117266.0	56180148.0	442956.0
3	9.0	55.0	90630.0	-0.008643150329589844	55137423.0	57220612.0	451068.0
3	9.0	56.0	91006.0	-0.008679008483886719	56157401.0	58261040.0	459216.0
3	9.0	57.0	90301.0	-0.008611774444580078	57177279.0	59301343.0	467489.0
3	9.0	58.0	90353.0	-0.00861673355102539	58197328.0	60341707.0	475701.0
3	9.0	59.0	90968.0	-0.008675384521484374	59217023.0	61382034.0	483950.0
3	9.0	60.0	90354.0	-0.008616828918457031	60236738.0	62422616.0	491944.0
3	9.0	61.0	90583.0	-0.008638668060302734	61256555.0	63462928.0	500208.0
3	9.0	62.0	90406.0	-0.008621788024902344	62276474.0	64503370.0	508342.0
3	9.0	63.0	90741.0	-0.008653736114501953	63296653.0	65543914.0	516374.0
3	9.0	64.0	90470.0	-0.008627891540527344	64316489.0	66584213.0	524651.0
3	9.0	65.0	90978.0	-0.00867633819580078	65336373.0	67624573.0	532867.0
3	9.0	66.0	90447.0	-0.00862569808959961	66356297.0	68664994.0	541022.0
3	9.0	67.0	90901.0	-0.008668994903564453	67376394.0	69705535.0	549057.0
3	9.0	68.0	90726.0	-0.008652305603027344	68396539.0	70746123.0	557045.0
3	9.0	69.0	90994.0	-0.008677864074707031	69416320.0	71786431.0	565313.0
3	9.0	70.0	90307.0	-0.008612346649169923	70436268.0	72826783.0	573537.0
3	9.0	71.0	90557.0	-0.008636188507080079	71456047.0	73867100.0	581796.0
3	9.0	72.0	90260.0	-0.008607864379882812	72475941.0	74907595.0	589877.0
3	9.0	73.0	91524.0	-0.008728408813476562	73495423.0	75947837.0	598211.0
3	9.0	74.0	90968.0	-0.008675384521484374	74515172.0	76988279.0	606345.0
3	9.0	75.0	90437.0	-0.008624744415283204	75535098.0	78028854.0	614346.0
3	9.0	76.0	91077.0	-0.008685779571533204	76554993.0	79069404.0	622372.0
3	9.0	77.0	90649.0	-0.008644962310791015	77574459.0	80109568.0	630784.0
3	9.0	78.0	90705.0	-0.00865030288696289	78594169.0	81149921.0	639007.0
3	9.0	79.0	91321.0	-0.008709049224853516	79613531.0	82190261.0	647243.0
3	9.0	80.0	90452.0	-0.008626174926757813	80633561.0	83230658.0	655422.0
3	9.0	81.0	90295.0	-0.008611202239990234	81653267.0	84271028.0	663628.0
3	9.0	82.0	90832.0	-0.00866241455078125	82673018.0	85311441.0	671791.0
3	9.0	83.0	89986.0	-0.008581733703613282	83693039.0	86351839.0	679969.0
3	9.0	84.0	90217.0	-0.008603763580322266	84713441.0	87392415.0	687969.0
3	9.0	85.0	90982.0	-0.008676719665527344	85733008.0	88432742.0	696218.0
3	9.0	86.0	90895.0	-0.00866842269897461	86752850.0	89473145.0	704391.0
3	9.0	87.0	90747.0	-0.008654308319091798	87772858.0	90513613.0	712499.0
3	9.0	88.0	90538.0	-0.008634376525878906	88792448.0	91553946.0	720742.0
3	9.0	89.0	90755.0	-0.008655071258544922	89812315.0	92594415.0	728849.0
3	9.0	90.0	90249.0	-0.008606815338134765	90832204.0	93634816.0	737024.0
3	9.0	91.0	90402.0	-0.008621406555175782	91852459.0	94675281.0	745135.0
3	9.0	92.0	90598.0	-0.008640098571777343	92872684.0	95715721.0	753271.0
3	9.0	93.0	90782.0	-0.00865764617919922	93892677.0	96756105.0	761463.0
3	9.0	94.0	90331.0	-0.008614635467529297	94912596.0	97796446.0	769698.0
3	9.0	95.0	90266.0	-0.008608436584472657	95932318.0	98836733.0	777987.0
3	9.0	96.0	90639.0	-0.008644008636474609	96952044.0	99876939.0	786357.0
3	9.0	97.0	90868.0	-0.008665847778320312	97972047.0	100917386.0	794486.0
3	9.0	98.0	90443.0	-0.008625316619873046	98992018.0	101957789.0	802659.0
3	9.0	99.0	90563.0	-0.008636760711669921	100011765.0	102998102.0	810922.0
3	9.0	100.0	91481.0	-0.008724308013916016	101031805.0	104038420.0	819180.0
4	8.1	1.0	2262947.0	-0.21581144332885743	319218.0	1040443.0	8133.0
4	8.1	2.0	706215.0	-0.06734991073608398	988971.0	2080773.0	16379.0
4	8.1	3.0	175731.0	-0.01675901412963867	1915873.0	3121065.0	24663.0
4	8.1	4.0	97700.0	-0.009317398071289062	2922683.0	4161399.0	32905.0
4	8.1	5.0	91961.0	-0.008770084381103516	3939605.0	5201644.0	41236.0
4	8.1	6.0	91838.0	-0.008758354187011718	4956916.0	6241992.0	49464.0
4	8.1	7.0	91681.0	-0.008743381500244141	5974611.0	7282512.0	57520.0
4	8.1	8.0	91911.0	-0.008765316009521485	6991970.0	8322842.0	65766.0
4	8.1	9.0	91526.0	-0.008728599548339844	8009550.0	9363328.0	73856.0
4	8.1	10.0	91226.0	-0.008699989318847657	9026859.0	10403578.0	82182.0
4	8.1	11.0	91606.0	-0.008736228942871094	10044301.0	11443932.0	90404.0
4	8.1	12.0	91034.0	-0.008681678771972656	11061789.0	12484145.0	98767.0
4	8.1	13.0	91762.0	-0.008751106262207032	12079620.0	13524438.0	107050.0
4	8.1	14.0	91724.0	-0.008747482299804687	13097159.0	14564796.0	115268.0
4	8.1	15.0	92220.0	-0.008794784545898438	14114525.0	15605255.0	123385.0
4	8.1	16.0	91771.0	-0.008751964569091797	15132120.0	16645638.0	131578.0
4	8.1	17.0	91825.0	-0.00875711441040039	16149585.0	17685999.0	139793.0
4	8.1	18.0	91780.0	-0.008752822875976562	17166903.0	18726245.0	148123.0
4	8.1	19.0	91850.0	-0.008759498596191406	18184150.0	19766614.0	156330.0
4	8.1	20.0	91540.0	-0.008729934692382812	19201928.0	20807142.0	164378.0
4	8.1	21.0	91888.0	-0.00876312255859375	20219019.0	21847450.0	172646.0
4	8.1	22.0	92216.0	-0.008794403076171875	21236476.0	22887773.0	180899.0
4	8.1	23.0	91568.0	-0.00873260498046875	22254215.0	23928236.0	189012.0
4	8.1	24.0	91562.0	-0.008732032775878907	23271984.0	24968654.0	197170.0
4	8.1	25.0	91907.0	-0.008764934539794923	24289620.0	26009165.0	205235.0
4	8.1	26.0	91504.0	-0.00872650146484375	25307361.0	27049626.0	213350.0
4	8.1	27.0	91826.0	-0.008757209777832032	26324746.0	28089963.0	221589.0
4	8.1	28.0	92056.0	-0.008779144287109375	27342211.0	29130307.0	229821.0
4	8.1	29.0	91238.0	-0.008701133728027343	28359595.0	30170612.0	238092.0
4	8.1	30.0	91727.0	-0.00874776840209961	29377487.0	31210938.0	246342.0
4	8.1	31.0	92047.0	-0.00877828598022461	30395042.0	32251245.0	254611.0
4	8.1	32.0	91851.0	-0.008759593963623047	31412813.0	33291645.0	262787.0
4	8.1	33.0	92398.0	-0.008811759948730468	32430212.0	34332074.0	270934.0
4	8.1	34.0	91496.0	-0.008725738525390625	33447963.0	35372667.0	278917.0
4	8.1	35.0	91813.0	-0.008755970001220702	34465245.0	36412966.0	287194.0
4	8.1	36.0	91926.0	-0.008766746520996094	35482879.0	37453394.0	295342.0
4	8.1	37.0	91414.0	-0.008717918395996093	36500609.0	38493788.0	303524.0
4	8.1	38.0	91796.0	-0.008754348754882813	37518000.0	39534276.0	311612.0
4	8.1	39.0	91592.0	-0.008734893798828126	38535332.0	40574616.0	319848.0
4	8.1	40.0	91594.0	-0.008735084533691406	39552891.0	41615123.0	327917.0
4	8.1	41.0	91982.0	-0.00877208709716797	40570474.0	42655628.0	335988.0
4	8.1	42.0	92109.0	-0.008784198760986328	41587377.0	43695893.0	344299.0
4	8.1	43.0	91174.0	-0.008695030212402343	42605101.0	44736220.0	352548.0
4	8.1	44.0	91595.0	-0.008735179901123047	43622624.0	45776607.0	360737.0
4	8.1	45.0	92363.0	-0.008808422088623046	44639662.0	46816854.0	369066.0
4	8.1	46.0	91836.0	-0.008758163452148438	45656771.0	47857219.0	377277.0
4	8.1	47.0	91276.0	-0.008704757690429688	46674214.0	48897533.0	385539.0
4	8.1	48.0	91913.0	-0.008765506744384765	47692022.0	49937984.0	393664.0
4	8.1	49.0	92045.0	-0.008778095245361328	48709459.0	50978465.0	401759.0
4	8.1	50.0	91336.0	-0.008710479736328125	49726784.0	52018704.0	410096.0
4	8.1	51.0	91796.0	-0.008754348754882813	50744536.0	53059213.0	418163.0
4	8.1	52.0	91594.0	-0.008735084533691406	51762088.0	54099709.0	426243.0
4	8.1	53.0	91718.0	-0.008746910095214843	52779942.0	55140138.0	434390.0
4	8.1	54.0	91863.0	-0.008760738372802734	53797441.0	56180581.0	442523.0
4	8.1	55.0	91529.0	-0.008728885650634765	54814909.0	57220896.0	450784.0
4	8.1	56.0	92001.0	-0.008773899078369141	55832397.0	58261209.0	459047.0
4	8.1	57.0	91470.0	-0.008723258972167969	56850013.0	59301565.0	467267.0
4	8.1	58.0	91251.0	-0.008702373504638672	57867651.0	60342217.0	475191.0
4	8.1	59.0	91631.0	-0.00873861312866211	58885413.0	61382636.0	483348.0
4	8.1	60.0	92107.0	-0.008784008026123048	59902976.0	62423040.0	491520.0
4	8.1	61.0	92050.0	-0.008778572082519531	60920432.0	63463405.0	499731.0
4	8.1	62.0	91900.0	-0.008764266967773438	61937787.0	64503749.0	507963.0
4	8.1	63.0	91807.0	-0.00875539779663086	62955352.0	65544177.0	516111.0
4	8.1	64.0	92064.0	-0.0087799072265625	63972832.0	66584640.0	524224.0
4	8.1	65.0	91553.0	-0.00873117446899414	64990420.0	67624892.0	532548.0
4	8.1	66.0	91398.0	-0.008716392517089843	66008027.0	68665226.0	540790.0
4	8.1	67.0	91471.0	-0.00872335433959961	67025433.0	69705460.0	549132.0
4	8.1	68.0	91977.0	-0.008771610260009766	68042557.0	70745642.0	557526.0
4	8.1	69.0	91586.0	-0.008734321594238282	69060087.0	71786133.0	565611.0
4	8.1	70.0	91643.0	-0.008739757537841796	70077578.0	72826514.0	573806.0
4	8.1	71.0	91663.0	-0.008741664886474609	71095519.0	73866980.0	581916.0
4	8.1	72.0	91411.0	-0.008717632293701172	72113010.0	74907379.0	590093.0
4	8.1	73.0	91811.0	-0.008755779266357422	73130499.0	75947843.0	598205.0
4	8.1	74.0	92040.0	-0.008777618408203125	74147951.0	76988169.0	606455.0
4	8.1	75.0	91988.0	-0.008772659301757812	75165660.0	78028528.0	614672.0
4	8.1	76.0	91944.0	-0.008768463134765625	76183205.0	79068742.0	623034.0
4	8.1	77.0	91536.0	-0.00872955322265625	77200497.0	80109093.0	631259.0
4	8.1	78.0	91769.0	-0.008751773834228515	78217969.0	81149653.0	639275.0
4	8.1	79.0	92100.0	-0.008783340454101562	79235497.0	82190193.0	647311.0
4	8.1	80.0	91463.0	-0.008722591400146484	80252899.0	83230576.0	655504.0
4	8.1	81.0	91722.0	-0.008747291564941407	81270322.0	84270833.0	663823.0
4	8.1	82.0	91344.0	-0.00871124267578125	82287657.0	85311238.0	671994.0
4	8.1	83.0	92092.0	-0.008782577514648438	83305079.0	86351505.0	680303.0
4	8.1	84.0	91732.0	-0.008748245239257813	84322150.0	87391767.0	688617.0
4	8.1	85.0	92051.0	-0.008778667449951172	85339764.0	88432153.0	696807.0
4	8.1	86.0	91830.0	-0.008757591247558594	86357239.0	89472564.0	704972.0
4	8.1	87.0	91718.0	-0.008746910095214843	87374896.0	90513029.0	713083.0
4	8.1	88.0	91935.0	-0.00876760482788086	88392059.0	91553284.0	721404.0
4	8.1	89.0	91244.0	-0.008701705932617187	89409549.0	92593554.0	729710.0
4	8.1	90.0	91391.0	-0.00871572494506836	90427133.0	93633868.0	737972.0
4	8.1	91.0	91385.0	-0.008715152740478516	91444389.0	94674269.0	746147.0
4	8.1	92.0	91955.0	-0.008769512176513672	92461857.0	95714837.0	754155.0
4	8.1	93.0	91389.0	-0.008715534210205078	93479184.0	96755357.0	762211.0
4	8.1	94.0	91981.0	-0.008771991729736328	94496502.0	97795686.0	770458.0
4	8.1	95.0	91610.0	-0.008736610412597656	95514011.0	98836139.0	778581.0
4	8.1	96.0	91563.0	-0.008732128143310546	96531452.0	99876465.0	786831.0
4	8.1	97.0	92143.0	-0.008787441253662109	97548823.0	100916745.0	795127.0
4	8.1	98.0	91748.0	-0.008749771118164062	98566154.0	101957113.0	803335.0
4	8.1	99.0	91889.0	-0.00876321792602539	99583532.0	102997420.0	811604.0
4	8.1	100.0	91770.0	-0.008751869201660156	100600896.0	104037781.0	819819.0
5	7.47	1.0	2521303.0	-0.24045019149780272	277688.0	1040366.0	8210.0
5	7.47	2.0	960395.0	-0.09159040451049805	871534.0	2080909.0	16243.0
5	7.47	3.0	260392.0	-0.024832916259765626	1743233.0	3121399.0	24329.0
5	7.47	4.0	109636.0	-0.010455703735351563	2733671.0	4161815.0	32489.0
5	7.47	5.0	94054.0	-0.008969688415527343	3746757.0	5202010.0	40870.0
5	7.47	6.0	93019.0	-0.008870983123779297	4762239.0	6242344.0	49112.0
5	7.47	7.0	92558.0	-0.008827018737792968	5777579.0	7282550.0	57482.0
5	7.47	8.0	92590.0	-0.008830070495605469	6793026.0	8323097.0	65511.0
5	7.47	9.0	92878.0	-0.008857536315917968	7808602.0	9363619.0	73565.0
5	7.47	10.0	93114.0	-0.008880043029785156	8823919.0	10404003.0	81757.0
5	7.47	11.0	92955.0	-0.008864879608154297	9839506.0	11444490.0	89846.0
5	7.47	12.0	92716.0	-0.008842086791992188	10854801.0	12484872.0	98040.0
5	7.47	13.0	92573.0	-0.008828449249267577	11870424.0	13525314.0	106174.0
5	7.47	14.0	92677.0	-0.008838367462158204	12885911.0	14565858.0	114206.0
5	7.47	15.0	92784.0	-0.00884857177734375	13901408.0	15606221.0	122419.0
5	7.47	16.0	92483.0	-0.008819866180419921	14916937.0	16646790.0	130426.0
5	7.47	17.0	92876.0	-0.008857345581054688	15932548.0	17687253.0	138539.0
5	7.47	18.0	92272.0	-0.00879974365234375	16947957.0	18727546.0	146822.0
5	7.47	19.0	92409.0	-0.008812808990478515	17963584.0	19768058.0	154886.0
5	7.47	20.0	92756.0	-0.008845901489257813	18978732.0	20808407.0	163113.0
5	7.47	21.0	92782.0	-0.00884838104248047	19993912.0	21848788.0	171308.0
5	7.47	22.0	93016.0	-0.008870697021484375	21009203.0	22889260.0	179412.0
5	7.47	23.0	92308.0	-0.008803176879882812	22024551.0	23929643.0	187605.0
5	7.47	24.0	92603.0	-0.008831310272216796	23039723.0	24969962.0	195862.0
5	7.47	25.0	92525.0	-0.008823871612548828	24055670.0	26010417.0	203983.0
5	7.47	26.0	92261.0	-0.008798694610595703	25071360.0	27050883.0	212093.0
5	7.47	27.0	92828.0	-0.008852767944335937	26086883.0	28091273.0	220279.0
5	7.47	28.0	92434.0	-0.008815193176269531	27102460.0	29131729.0	228399.0
5	7.47	29.0	92933.0	-0.008862781524658202	28117655.0	30171928.0	236776.0
5	7.47	30.0	92767.0	-0.00884695053100586	29132851.0	31212279.0	245001.0
5	7.47	31.0	92410.0	-0.008812904357910156	30148447.0	32252719.0	253137.0
5	7.47	32.0	92549.0	-0.008826160430908203	31164119.0	33293143.0	261289.0
5	7.47	33.0	92663.0	-0.008837032318115234	32179592.0	34333574.0	269434.0
5	7.47	34.0	92964.0	-0.008865737915039062	33194844.0	35373846.0	277738.0
5	7.47	35.0	92354.0	-0.008807563781738281	34210298.0	36414239.0	285921.0
5	7.47	36.0	92800.0	-0.00885009765625	35225796.0	37454711.0	294025.0
5	7.47	37.0	92737.0	-0.008844089508056641	36241280.0	38494936.0	302376.0
5	7.47	38.0	92885.0	-0.008858203887939453	37256995.0	39535615.0	310273.0
5	7.47	39.0	92758.0	-0.008846092224121093	38272433.0	40576026.0	318438.0
5	7.47	40.0	92832.0	-0.0088531494140625	39287848.0	41616385.0	326655.0
5	7.47	41.0	92373.0	-0.008809375762939452	40303026.0	42656645.0	334971.0
5	7.47	42.0	93202.0	-0.008888435363769532	41318676.0	43697082.0	343110.0
5	7.47	43.0	93216.0	-0.0088897705078125	42334042.0	44737422.0	351346.0
5	7.47	44.0	92655.0	-0.00883626937866211	43349307.0	45777777.0	359567.0
5	7.47	45.0	93089.0	-0.00887765884399414	44364795.0	46818225.0	367695.0
5	7.47	46.0	92442.0	-0.008815956115722657	45380317.0	47858543.0	375953.0
5	7.47	47.0	92429.0	-0.008814716339111328	46395651.0	48898888.0	384184.0
5	7.47	48.0	92789.0	-0.008849048614501953	47411090.0	49939248.0	392400.0
5	7.47	49.0	92587.0	-0.008829784393310548	48426573.0	50979678.0	400546.0
5	7.47	50.0	92397.0	-0.008811664581298829	49442147.0	52020104.0	408696.0
5	7.47	51.0	92863.0	-0.008856105804443359	50458044.0	53060599.0	416777.0
5	7.47	52.0	92622.0	-0.00883312225341797	51473394.0	54100842.0	425110.0
5	7.47	53.0	92430.0	-0.008814811706542969	52489167.0	55141286.0	433242.0
5	7.47	54.0	92929.0	-0.00886240005493164	53504651.0	56181701.0	441403.0
5	7.47	55.0	92398.0	-0.008811759948730468	54519986.0	57221908.0	449772.0
5	7.47	56.0	92487.0	-0.008820247650146485	55535377.0	58262173.0	458083.0
5	7.47	57.0	92518.0	-0.008823204040527343	56550668.0	59302532.0	466300.0
5	7.47	58.0	93052.0	-0.008874130249023438	57566081.0	60342789.0	474619.0
5	7.47	59.0	92264.0	-0.008798980712890625	58581675.0	61383266.0	482718.0
5	7.47	60.0	92754.0	-0.008845710754394531	59597471.0	62423770.0	490790.0
5	7.47	61.0	92810.0	-0.008851051330566406	60612750.0	63463960.0	499176.0
5	7.47	62.0	92532.0	-0.008824539184570313	61628304.0	64504383.0	507329.0
5	7.47	63.0	92962.0	-0.008865547180175782	62643786.0	65544648.0	515640.0
5	7.47	64.0	93072.0	-0.00887603759765625	63659380.0	66585061.0	523803.0
5	7.47	65.0	92225.0	-0.00879526138305664	64674901.0	67625456.0	531984.0
5	7.47	66.0	92464.0	-0.00881805419921875	65690329.0	68665885.0	540131.0
5	7.47	67.0	93039.0	-0.008872890472412109	66705685.0	69706169.0	548423.0
5	7.47	68.0	92281.0	-0.008800601959228516	67721119.0	70746519.0	556649.0
5	7.47	69.0	92920.0	-0.008861541748046875	68736613.0	71787060.0	564684.0
5	7.47	70.0	92600.0	-0.008831024169921875	69752083.0	72827496.0	572824.0
5	7.47	71.0	93162.0	-0.008884620666503907	70767491.0	73867762.0	581134.0
5	7.47	72.0	92271.0	-0.00879964828491211	71783143.0	74908233.0	589239.0
5	7.47	73.0	92565.0	-0.008827686309814453	72798844.0	75948725.0	597323.0
5	7.47	74.0	92519.0	-0.008823299407958984	73814585.0	76989197.0	605427.0
5	7.47	75.0	92532.0	-0.008824539184570313	74829832.0	78029442.0	613758.0
5	7.47	76.0	92858.0	-0.008855628967285156	75845302.0	79069832.0	621944.0
5	7.47	77.0	92518.0	-0.008823204040527343	76860719.0	80110197.0	630155.0
5	7.47	78.0	92759.0	-0.008846187591552734	77876450.0	81150640.0	638288.0
5	7.47	79.0	92706.0	-0.008841133117675782	78891953.0	82191210.0	646294.0
5	7.47	80.0	92224.0	-0.008795166015625	79907574.0	83231590.0	654490.0
5	7.47	81.0	92049.0	-0.00877847671508789	80922876.0	84271961.0	662695.0
5	7.47	82.0	92520.0	-0.008823394775390625	81938454.0	85312284.0	670948.0
5	7.47	83.0	92394.0	-0.008811378479003906	82953848.0	86352635.0	679173.0
5	7.47	84.0	93197.0	-0.008887958526611329	83969250.0	87392912.0	687472.0
5	7.47	85.0	92656.0	-0.00883636474609375	84984744.0	88433293.0	695667.0
5	7.47	86.0	92424.0	-0.008814239501953125	86000458.0	89473772.0	703764.0
5	7.47	87.0	92861.0	-0.008855915069580078	87016108.0	90514176.0	711936.0
5	7.47	88.0	92184.0	-0.008791351318359375	88031594.0	91554513.0	720175.0
5	7.47	89.0	92368.0	-0.00880889892578125	89047454.0	92595007.0	728257.0
5	7.47	90.0	92914.0	-0.008860969543457031	90062955.0	93635499.0	736341.0
5	7.47	91.0	92671.0	-0.00883779525756836	91078253.0	94675823.0	744593.0
5	7.47	92.0	92495.0	-0.00882101058959961	92093704.0	95716239.0	752753.0
5	7.47	93.0	92653.0	-0.008836078643798827	93109538.0	96756794.0	760774.0
5	7.47	94.0	92312.0	-0.008803558349609376	94125053.0	97797262.0	768882.0
5	7.47	95.0	92980.0	-0.008867263793945312	95140712.0	98837577.0	777143.0
5	7.47	96.0	92334.0	-0.008805656433105468	96156207.0	99878134.0	785162.0
5	7.47	97.0	92888.0	-0.008858489990234374	97171800.0	100918429.0	793443.0
5	7.47	98.0	92891.0	-0.008858776092529297	98187286.0	101958940.0	801508.0
5	7.47	99.0	92999.0	-0.008869075775146484	99202295.0	102999090.0	809934.0
5	7.47	100.0	92579.0	-0.008829021453857422	100217837.0	104039451.0	818149.0
6	7.343999999999999	1.0	2587626.0	-0.2467752456665039	267433.0	1040437.0	8139.0
6	7.343999999999999	2.0	1028773.0	-0.0981114387512207	842410.0	2080665.0	16487.0
6	7.343999999999999	3.0	288557.0	-0.02751893997192383	1699120.0	3121094.0	24634.0
6	7.343999999999999	4.0	113712.0	-0.01084442138671875	2684176.0	4161433.0	32871.0
6	7.343999999999999	5.0	94854.0	-0.009045982360839843	3696611.0	5201976.0	40904.0
6	7.343999999999999	6.0	92993.0	-0.00886850357055664	4711633.0	6242274.0	49182.0
6	7.343999999999999	7.0	93065.0	-0.008875370025634766	5726428.0	7282582.0	57450.0
6	7.343999999999999	8.0	93098.0	-0.008878517150878906	6741660.0	8323130.0	65478.0
6	7.343999999999999	9.0	93067.0	-0.008875560760498048	7756545.0	9363484.0	73700.0
6	7.343999999999999	10.0	92595.0	-0.008830547332763672	8771596.0	10403737.0	82023.0
6	7.343999999999999	11.0	93027.0	-0.008871746063232423	9786787.0	11444093.0	90243.0
6	7.343999999999999	12.0	92861.0	-0.008855915069580078	10801702.0	12484480.0	98432.0
6	7.343999999999999	13.0	92873.0	-0.008857059478759765	11816878.0	13524863.0	106625.0
6	7.343999999999999	14.0	92721.0	-0.008842563629150391	12832119.0	14565304.0	114760.0
6	7.343999999999999	15.0	92957.0	-0.008865070343017579	13846981.0	15605466.0	123174.0
6	7.343999999999999	16.0	92810.0	-0.008851051330566406	14862095.0	16646007.0	131209.0
6	7.343999999999999	17.0	92547.0	-0.008825969696044923	15877376.0	17686462.0	139330.0
6	7.343999999999999	18.0	92495.0	-0.00882101058959961	16892271.0	18726879.0	147489.0
6	7.343999999999999	19.0	92951.0	-0.008864498138427735	17907353.0	19767314.0	155630.0
6	7.343999999999999	20.0	93577.0	-0.008924198150634766	18922396.0	20807714.0	163806.0
6	7.343999999999999	21.0	92225.0	-0.00879526138305664	19937458.0	21848066.0	172030.0
6	7.343999999999999	22.0	93459.0	-0.008912944793701172	20952637.0	22888582.0	180090.0
6	7.343999999999999	23.0	92934.0	-0.008862876892089843	21967440.0	23928809.0	188439.0
6	7.343999999999999	24.0	93186.0	-0.008886909484863282	22982529.0	24969205.0	196619.0
6	7.343999999999999	25.0	93194.0	-0.008887672424316406	23997529.0	26009485.0	204915.0
6	7.343999999999999	26.0	92723.0	-0.008842754364013671	25012589.0	27049982.0	212994.0
6	7.343999999999999	27.0	93229.0	-0.008891010284423828	26027326.0	28090163.0	221389.0
6	7.343999999999999	28.0	92781.0	-0.008848285675048828	27042227.0	29130633.0	229495.0
6	7.343999999999999	29.0	92847.0	-0.00885457992553711	28056739.0	30170847.0	237857.0
6	7.343999999999999	30.0	93028.0	-0.008871841430664062	29071756.0	31211308.0	245972.0
6	7.343999999999999	31.0	92549.0	-0.008826160430908203	30086912.0	32251757.0	254099.0
6	7.343999999999999	32.0	92623.0	-0.008833217620849609	31101723.0	33292197.0	262235.0
6	7.343999999999999	33.0	92508.0	-0.008822250366210937	32116512.0	34332473.0	270535.0
6	7.343999999999999	34.0	93115.0	-0.008880138397216797	33131668.0	35372803.0	278781.0
6	7.343999999999999	35.0	93034.0	-0.008872413635253906	34146446.0	36413135.0	287025.0
6	7.343999999999999	36.0	92550.0	-0.008826255798339844	35161586.0	37453673.0	295063.0
6	7.343999999999999	37.0	92743.0	-0.008844661712646484	36176619.0	38494168.0	303144.0
6	7.343999999999999	38.0	93102.0	-0.00887889862060547	37191483.0	39534522.0	311366.0
6	7.343999999999999	39.0	92696.0	-0.008840179443359375	38206271.0	40574958.0	319506.0
6	7.343999999999999	40.0	92300.0	-0.008802413940429688	39222118.0	41615480.0	327560.0
6	7.343999999999999	41.0	92589.0	-0.008829975128173828	40237390.0	42655990.0	335626.0
6	7.343999999999999	42.0	93149.0	-0.008883380889892578	41252402.0	43696439.0	343753.0
6	7.343999999999999	43.0	92979.0	-0.008867168426513672	42267300.0	44736773.0	351995.0
6	7.343999999999999	44.0	92592.0	-0.00883026123046875	43282832.0	45777234.0	360110.0
6	7.343999999999999	45.0	92779.0	-0.008848094940185547	44298030.0	46817608.0	368312.0
6	7.343999999999999	46.0	92972.0	-0.008866500854492188	45313363.0	47858250.0	376246.0
6	7.343999999999999	47.0	92637.0	-0.008834552764892579	46328537.0	48898596.0	384476.0
6	7.343999999999999	48.0	92691.0	-0.008839702606201172	47343541.0	49939123.0	392525.0
6	7.343999999999999	49.0	93125.0	-0.008881092071533203	48358674.0	50979559.0	400665.0
6	7.343999999999999	50.0	93072.0	-0.00887603759765625	49373625.0	52019810.0	408990.0
6	7.343999999999999	51.0	92694.0	-0.008839988708496093	50388496.0	53060209.0	417167.0
6	7.343999999999999	52.0	92800.0	-0.00885009765625	51403387.0	54100476.0	425476.0
6	7.343999999999999	53.0	93042.0	-0.008873176574707032	52418382.0	55140860.0	433668.0
6	7.343999999999999	54.0	93310.0	-0.008898735046386719	53433327.0	56181328.0	441776.0
6	7.343999999999999	55.0	93138.0	-0.00888233184814453	54448167.0	57221538.0	450142.0
6	7.343999999999999	56.0	93215.0	-0.00888967514038086	55463126.0	58261906.0	458350.0
6	7.343999999999999	57.0	92811.0	-0.008851146697998047	56477991.0	59302318.0	466514.0
6	7.343999999999999	58.0	92914.0	-0.008860969543457031	57492778.0	60342741.0	474667.0
6	7.343999999999999	59.0	93106.0	-0.008879280090332032	58507997.0	61383258.0	482726.0
6	7.343999999999999	60.0	92720.0	-0.00884246826171875	59522946.0	62423674.0	490886.0
6	7.343999999999999	61.0	92995.0	-0.008868694305419922	60537692.0	63464083.0	499053.0
6	7.343999999999999	62.0	93133.0	-0.008881855010986327	61552603.0	64504372.0	507340.0
6	7.343999999999999	63.0	92896.0	-0.0088592529296875	62567586.0	65544663.0	515625.0
6	7.343999999999999	64.0	93446.0	-0.008911705017089844	63582445.0	66585097.0	523767.0
6	7.343999999999999	65.0	93003.0	-0.008869457244873046	64597610.0	67625470.0	531970.0
6	7.343999999999999	66.0	93868.0	-0.008951950073242187	65612686.0	68666093.0	539923.0
6	7.343999999999999	67.0	92222.0	-0.00879497528076172	66627662.0	69706535.0	548057.0
6	7.343999999999999	68.0	92663.0	-0.008837032318115234	67642925.0	70747034.0	556134.0
6	7.343999999999999	69.0	92498.0	-0.00882129669189453	68657952.0	71787402.0	564342.0
6	7.343999999999999	70.0	92432.0	-0.00881500244140625	69673193.0	72827872.0	572448.0
6	7.343999999999999	71.0	92786.0	-0.008848762512207032	70687972.0	73868321.0	580575.0
6	7.343999999999999	72.0	92722.0	-0.008842658996582032	71702906.0	74908754.0	588718.0
6	7.343999999999999	73.0	93173.0	-0.008885669708251952	72717953.0	75949330.0	596718.0
6	7.343999999999999	74.0	92801.0	-0.008850193023681641	73732808.0	76989611.0	605013.0
6	7.343999999999999	75.0	93390.0	-0.008906364440917969	74747587.0	78029880.0	613320.0
6	7.343999999999999	76.0	92678.0	-0.008838462829589843	75762714.0	79070347.0	621429.0
6	7.343999999999999	77.0	93445.0	-0.008911609649658203	76777808.0	80110755.0	629597.0
6	7.343999999999999	78.0	93116.0	-0.008880233764648438	77792624.0	81151090.0	637838.0
6	7.343999999999999	79.0	93126.0	-0.008881187438964844	78807561.0	82191599.0	645905.0
6	7.343999999999999	80.0	92499.0	-0.008821392059326172	79822829.0	83232044.0	654036.0
6	7.343999999999999	81.0	92994.0	-0.008868598937988281	80838010.0	84272428.0	662228.0
6	7.343999999999999	82.0	92854.0	-0.008855247497558593	81853035.0	85312839.0	670393.0
6	7.343999999999999	83.0	92956.0	-0.008864974975585938	82868299.0	86353250.0	678558.0
6	7.343999999999999	84.0	92565.0	-0.008827686309814453	83883306.0	87393511.0	686873.0
6	7.343999999999999	85.0	92871.0	-0.008856868743896485	84898726.0	88433944.0	695016.0
6	7.343999999999999	86.0	93157.0	-0.008884143829345704	85913141.0	89474205.0	703331.0
6	7.343999999999999	87.0	92439.0	-0.008815670013427734	86927930.0	90514450.0	711662.0
6	7.343999999999999	88.0	92602.0	-0.008831214904785157	87943144.0	91554713.0	719975.0
6	7.343999999999999	89.0	93114.0	-0.008880043029785156	88958174.0	92595202.0	728062.0
6	7.343999999999999	90.0	92300.0	-0.008802413940429688	89973347.0	93635634.0	736206.0
6	7.343999999999999	91.0	92495.0	-0.00882101058959961	90988605.0	94676153.0	744263.0
6	7.343999999999999	92.0	92394.0	-0.008811378479003906	92003649.0	95716421.0	752571.0
6	7.343999999999999	93.0	93003.0	-0.008869457244873046	93018597.0	96756753.0	760815.0
6	7.343999999999999	94.0	92258.0	-0.00879840850830078	94033862.0	97797206.0	768938.0
6	7.343999999999999	95.0	92692.0	-0.008839797973632813	95048784.0	98837580.0	777140.0
6	7.343999999999999	96.0	92762.0	-0.008846473693847657	96064195.0	99878056.0	785240.0
6	7.343999999999999	97.0	93244.0	-0.008892440795898437	97079241.0	100918592.0	793280.0
6	7.343999999999999	98.0	93111.0	-0.008879756927490235	98093849.0	101958921.0	801527.0
6	7.343999999999999	99.0	92742.0	-0.008844566345214844	99109032.0	102999466.0	809558.0
6	7.343999999999999	100.0	92212.0	-0.008794021606445313	100123979.0	104039737.0	817863.0
7	7.218	1.0	2632403.0	-0.25104551315307616	261193.0	1040465.0	8111.0
7	7.218	2.0	1090250.0	-0.1039743423461914	820969.0	2080903.0	16249.0
7	7.218	3.0	319119.0	-0.03043355941772461	1662139.0	3121266.0	24462.0
7	7.218	4.0	119403.0	-0.011387157440185546	2641159.0	4161683.0	32621.0
7	7.218	5.0	95440.0	-0.00910186767578125	3652023.0	5202187.0	40693.0
7	7.218	6.0	93437.0	-0.008910846710205079	4666376.0	6242636.0	48820.0
7	7.218	7.0	93066.0	-0.008875465393066407	5680664.0	7283105.0	56927.0
7	7.218	8.0	92492.0	-0.008820724487304688	6695460.0	8323702.0	64906.0
7	7.218	9.0	92613.0	-0.008832263946533202	7710438.0	9364122.0	73062.0
7	7.218	10.0	92630.0	-0.008833885192871094	8725162.0	10404545.0	81215.0
7	7.218	11.0	93486.0	-0.008915519714355469	9739872.0	11444810.0	89526.0
7	7.218	12.0	93222.0	-0.008890342712402344	10754275.0	12485243.0	97669.0
7	7.218	13.0	93428.0	-0.008909988403320312	11769274.0	13525718.0	105770.0
7	7.218	14.0	93479.0	-0.008914852142333984	12783991.0	14566255.0	113809.0
7	7.218	15.0	92574.0	-0.008828544616699218	13798654.0	15606711.0	121929.0
7	7.218	16.0	92855.0	-0.008855342864990234	14813260.0	16647145.0	130071.0
7	7.218	17.0	92708.0	-0.008841323852539062	15827991.0	17687659.0	138133.0
7	7.218	18.0	92878.0	-0.008857536315917968	16842609.0	18727970.0	146398.0
7	7.218	19.0	93049.0	-0.008873844146728515	17857230.0	19768308.0	154636.0
7	7.218	20.0	92972.0	-0.008866500854492188	18871532.0	20808592.0	162928.0
7	7.218	21.0	92630.0	-0.008833885192871094	19885923.0	21849067.0	171029.0
7	7.218	22.0	93118.0	-0.008880424499511718	20900414.0	22889376.0	179296.0
7	7.218	23.0	92811.0	-0.008851146697998047	21915274.0	23929927.0	187321.0
7	7.218	24.0	93108.0	-0.008879470825195312	22929543.0	24970281.0	195543.0
7	7.218	25.0	93342.0	-0.00890178680419922	23943956.0	26010608.0	203792.0
7	7.218	26.0	93002.0	-0.008869361877441407	24958442.0	27050818.0	212158.0
7	7.218	27.0	92852.0	-0.008855056762695313	25972912.0	28091073.0	220479.0
7	7.218	28.0	92609.0	-0.00883188247680664	26987375.0	29131448.0	228680.0
7	7.218	29.0	93639.0	-0.008930110931396484	28002045.0	30171745.0	236959.0
7	7.218	30.0	92793.0	-0.008849430084228515	29016597.0	31212123.0	245157.0
7	7.218	31.0	92892.0	-0.008858871459960938	30031141.0	32252601.0	253255.0
7	7.218	32.0	93220.0	-0.008890151977539062	31045745.0	33293017.0	261415.0
7	7.218	33.0	93437.0	-0.008910846710205079	32060538.0	34333449.0	269559.0
7	7.218	34.0	93076.0	-0.008876419067382813	33074882.0	35373786.0	277798.0
7	7.218	35.0	93123.0	-0.008880901336669921	34089533.0	36414123.0	286037.0
7	7.218	36.0	93116.0	-0.008880233764648438	35104266.0	37454436.0	294300.0
7	7.218	37.0	93709.0	-0.008936786651611328	36118683.0	38494865.0	302447.0
7	7.218	38.0	93331.0	-0.008900737762451172	37133487.0	39535270.0	310618.0
7	7.218	39.0	93161.0	-0.008884525299072266	38147957.0	40575653.0	318811.0
7	7.218	40.0	92880.0	-0.00885772705078125	39162814.0	41615946.0	327094.0
7	7.218	41.0	93355.0	-0.008903026580810547	40177219.0	42656330.0	335286.0
7	7.218	42.0	92546.0	-0.008825874328613282	41191974.0	43696834.0	343358.0
7	7.218	43.0	92773.0	-0.008847522735595702	42206836.0	44737257.0	351511.0
7	7.218	44.0	93121.0	-0.008880710601806641	43221254.0	45777641.0	359703.0
7	7.218	45.0	92701.0	-0.008840656280517578	44236058.0	46818139.0	367781.0
7	7.218	46.0	92733.0	-0.008843708038330077	45250614.0	47858503.0	375993.0
7	7.218	47.0	92736.0	-0.008843994140625	46265103.0	48898847.0	384225.0
7	7.218	48.0	92970.0	-0.008866310119628906	47280024.0	49939258.0	392390.0
7	7.218	49.0	93313.0	-0.00889902114868164	48294263.0	50979631.0	400593.0
7	7.218	50.0	92744.0	-0.008844757080078125	49309065.0	52020029.0	408771.0
7	7.218	51.0	92649.0	-0.008835697174072265	50323950.0	53060423.0	416953.0
7	7.218	52.0	93537.0	-0.008920383453369141	51338682.0	54100950.0	425002.0
7	7.218	53.0	93275.0	-0.008895397186279297	52353287.0	55141517.0	433011.0
7	7.218	54.0	93330.0	-0.008900642395019531	53367580.0	56181768.0	441336.0
7	7.218	55.0	93447.0	-0.008911800384521485	54382187.0	57222302.0	449378.0
7	7.218	56.0	93000.0	-0.008869171142578125	55396687.0	58262702.0	457554.0
7	7.218	57.0	92984.0	-0.008867645263671875	56411377.0	59303086.0	465746.0
7	7.218	58.0	93061.0	-0.008874988555908203	57425418.0	60343417.0	473991.0
7	7.218	59.0	93017.0	-0.008870792388916016	58439841.0	61383709.0	482275.0
7	7.218	60.0	93502.0	-0.00891704559326172	59454489.0	62423955.0	490605.0
7	7.218	61.0	93295.0	-0.00889730453491211	60468767.0	63464318.0	498818.0
7	7.218	62.0	93685.0	-0.008934497833251953	61482931.0	64504566.0	507146.0
7	7.218	63.0	93342.0	-0.00890178680419922	62497135.0	65544884.0	515404.0
7	7.218	64.0	93135.0	-0.00888204574584961	63511749.0	66585253.0	523611.0
7	7.218	65.0	92890.0	-0.008858680725097656	64526272.0	67625615.0	531825.0
7	7.218	66.0	93162.0	-0.008884620666503907	65541017.0	68666016.0	540000.0
7	7.218	67.0	93216.0	-0.0088897705078125	66555523.0	69706298.0	548294.0
7	7.218	68.0	93161.0	-0.008884525299072266	67569739.0	70746632.0	556536.0
7	7.218	69.0	93106.0	-0.008879280090332032	68583953.0	71787124.0	564620.0
7	7.218	70.0	93280.0	-0.0088958740234375	69598420.0	72827476.0	572844.0
7	7.218	71.0	92442.0	-0.008815956115722657	70612981.0	73867990.0	580906.0
7	7.218	72.0	93843.0	-0.008949565887451171	71627433.0	74908423.0	589049.0
7	7.218	73.0	93168.0	-0.00888519287109375	72641799.0	75948719.0	597329.0
7	7.218	74.0	92847.0	-0.00885457992553711	73656279.0	76989026.0	605598.0
7	7.218	75.0	93525.0	-0.008919239044189453	74670860.0	78029358.0	613842.0
7	7.218	76.0	93067.0	-0.008875560760498048	75685408.0	79069749.0	622027.0
7	7.218	77.0	93032.0	-0.008872222900390626	76700350.0	80110257.0	630095.0
7	7.218	78.0	93165.0	-0.008884906768798828	77715392.0	81150740.0	638188.0
7	7.218	79.0	93196.0	-0.008887863159179688	78730077.0	82191092.0	646412.0
7	7.218	80.0	92355.0	-0.008807659149169922	79744712.0	83231584.0	654496.0
7	7.218	81.0	93302.0	-0.008897972106933594	80759161.0	84271886.0	662770.0
7	7.218	82.0	93277.0	-0.008895587921142579	81773323.0	85312209.0	671023.0
7	7.218	83.0	93181.0	-0.008886432647705078	82787747.0	86352547.0	679261.0
7	7.218	84.0	92837.0	-0.008853626251220704	83802246.0	87392991.0	687393.0
7	7.218	85.0	93797.0	-0.008945178985595704	84817044.0	88433532.0	695428.0
7	7.218	86.0	92998.0	-0.008868980407714843	85831419.0	89473859.0	703677.0
7	7.218	87.0	93491.0	-0.008915996551513672	86846161.0	90514363.0	711749.0
7	7.218	88.0	93241.0	-0.008892154693603516	87860602.0	91554696.0	719992.0
7	7.218	89.0	92921.0	-0.008861637115478516	88874977.0	92595116.0	728148.0
7	7.218	90.0	93295.0	-0.00889730453491211	89889479.0	93635537.0	736303.0
7	7.218	91.0	93228.0	-0.008890914916992187	90904122.0	94675748.0	744668.0
7	7.218	92.0	93493.0	-0.008916187286376952	91918620.0	95716106.0	752886.0
7	7.218	93.0	93005.0	-0.008869647979736328	92933112.0	96756610.0	760958.0
7	7.218	94.0	92570.0	-0.008828163146972656	93947876.0	97796976.0	769168.0
7	7.218	95.0	92859.0	-0.008855724334716797	94962410.0	98837289.0	777431.0
7	7.218	96.0	93265.0	-0.00889444351196289	95976829.0	99877618.0	785678.0
7	7.218	97.0	93178.0	-0.008886146545410156	96991138.0	100918017.0	793855.0
7	7.218	98.0	93656.0	-0.008931732177734375	98005622.0	101958404.0	802044.0
7	7.218	99.0	92771.0	-0.008847332000732422	99020229.0	102998717.0	810307.0
7	7.218	100.0	92926.0	-0.008862113952636719	100034812.0	104039118.0	818482.0
8	7.0920000000000005	1.0	2694758.0	-0.25699214935302733	252133.0	1040340.0	8236.0
8	7.0920000000000005	2.0	1159138.0	-0.11054401397705078	794168.0	2080595.0	16557.0
8	7.0920000000000005	3.0	352946.0	-0.03365955352783203	1618931.0	3121049.0	24679.0
8	7.0920000000000005	4.0	126574.0	-0.012071037292480468	2590974.0	4161427.0	32877.0
8	7.0920000000000005	5.0	95175.0	-0.009076595306396484	3600534.0	5201787.0	41093.0
8	7.0920000000000005	6.0	92959.0	-0.008865261077880859	4614355.0	6242341.0	49115.0
8	7.0920000000000005	7.0	93381.0	-0.008905506134033203	5628448.0	7282908.0	57124.0
8	7.0920000000000005	8.0	93151.0	-0.00888357162475586	6642643.0	8323292.0	65316.0
8	7.0920000000000005	9.0	92990.0	-0.008868217468261719	7656787.0	9363681.0	73503.0
8	7.0920000000000005	10.0	93481.0	-0.008915042877197266	8670982.0	10404028.0	81732.0
8	7.0920000000000005	11.0	93224.0	-0.008890533447265625	9684846.0	11444361.0	89975.0
8	7.0920000000000005	12.0	92952.0	-0.008864593505859376	10699076.0	12484716.0	98196.0
8	7.0920000000000005	13.0	93084.0	-0.008877182006835937	11713183.0	13525170.0	106318.0
8	7.0920000000000005	14.0	92732.0	-0.008843612670898438	12727567.0	14565528.0	114536.0
8	7.0920000000000005	15.0	93070.0	-0.008875846862792969	13741571.0	15605933.0	122707.0
8	7.0920000000000005	16.0	92798.0	-0.008849906921386718	14755433.0	16646142.0	131074.0
8	7.0920000000000005	17.0	92960.0	-0.0088653564453125	15769560.0	17686545.0	139247.0
8	7.0920000000000005	18.0	93583.0	-0.008924770355224609	16783601.0	18726926.0	147442.0
8	7.0920000000000005	19.0	92991.0	-0.00886831283569336	17797585.0	19767325.0	155619.0
8	7.0920000000000005	20.0	93816.0	-0.008946990966796875	18812076.0	20807804.0	163716.0
8	7.0920000000000005	21.0	93631.0	-0.00892934799194336	19826089.0	21848224.0	171872.0
8	7.0920000000000005	22.0	93257.0	-0.008893680572509766	20840219.0	22888770.0	179902.0
8	7.0920000000000005	23.0	93021.0	-0.008871173858642578	21854207.0	23929114.0	188134.0
8	7.0920000000000005	24.0	93299.0	-0.008897686004638672	22868122.0	24969493.0	196331.0
8	7.0920000000000005	25.0	93153.0	-0.00888376235961914	23882153.0	26009846.0	204554.0
8	7.0920000000000005	26.0	93111.0	-0.008879756927490235	24896274.0	27050288.0	212688.0
8	7.0920000000000005	27.0	93525.0	-0.008919239044189453	25910414.0	28090555.0	220997.0
8	7.0920000000000005	28.0	93321.0	-0.008899784088134766	26924868.0	29130968.0	229160.0
8	7.0920000000000005	29.0	92855.0	-0.008855342864990234	27938962.0	30171259.0	237445.0
8	7.0920000000000005	30.0	93158.0	-0.008884239196777343	28953268.0	31211735.0	245545.0
8	7.0920000000000005	31.0	93338.0	-0.008901405334472656	29967228.0	32252057.0	253799.0
8	7.0920000000000005	32.0	93442.0	-0.008911323547363282	30981270.0	33292417.0	262015.0
8	7.0920000000000005	33.0	93146.0	-0.008883094787597657	31995228.0	34332801.0	270207.0
8	7.0920000000000005	34.0	93438.0	-0.008910942077636718	33009156.0	35373242.0	278342.0
8	7.0920000000000005	35.0	93468.0	-0.008913803100585937	34023030.0	36413714.0	286446.0
8	7.0920000000000005	36.0	93566.0	-0.008923149108886719	35036853.0	37454317.0	294419.0
8	7.0920000000000005	37.0	93299.0	-0.008897686004638672	36050826.0	38494636.0	302676.0
8	7.0920000000000005	38.0	92944.0	-0.00886383056640625	37064737.0	39535029.0	310859.0
8	7.0920000000000005	39.0	93358.0	-0.008903312683105468	38079089.0	40575448.0	319016.0
8	7.0920000000000005	40.0	93194.0	-0.008887672424316406	39092994.0	41615718.0	327322.0
8	7.0920000000000005	41.0	93065.0	-0.008875370025634766	40106993.0	42656154.0	335462.0
8	7.0920000000000005	42.0	93053.0	-0.008874225616455077	41121025.0	43696430.0	343762.0
8	7.0920000000000005	43.0	93843.0	-0.008949565887451171	42134712.0	44736815.0	351953.0
8	7.0920000000000005	44.0	92809.0	-0.008850955963134765	43148960.0	45777127.0	360217.0
8	7.0920000000000005	45.0	93773.0	-0.008942890167236327	44163060.0	46817521.0	368399.0
8	7.0920000000000005	46.0	93352.0	-0.008902740478515626	45176991.0	47857892.0	376604.0
8	7.0920000000000005	47.0	93273.0	-0.008895206451416015	46191086.0	48898076.0	384996.0
8	7.0920000000000005	48.0	92926.0	-0.008862113952636719	47205249.0	49938578.0	393070.0
8	7.0920000000000005	49.0	93567.0	-0.00892324447631836	48219296.0	50979034.0	401190.0
8	7.0920000000000005	50.0	93399.0	-0.008907222747802734	49233430.0	52019582.0	409218.0
8	7.0920000000000005	51.0	93595.0	-0.008925914764404297	50247623.0	53060005.0	417371.0
8	7.0920000000000005	52.0	93431.0	-0.008910274505615235	51261382.0	54100270.0	425682.0
8	7.0920000000000005	53.0	93513.0	-0.008918094635009765	52275507.0	55140474.0	434054.0
8	7.0920000000000005	54.0	93044.0	-0.008873367309570312	53290052.0	56180992.0	442112.0
8	7.0920000000000005	55.0	93539.0	-0.008920574188232422	54304259.0	57221467.0	450213.0
8	7.0920000000000005	56.0	93396.0	-0.008906936645507813	55318210.0	58261943.0	458313.0
8	7.0920000000000005	57.0	92876.0	-0.008857345581054688	56332369.0	59302658.0	466174.0
8	7.0920000000000005	58.0	93427.0	-0.008909893035888673	57346289.0	60343174.0	474234.0
8	7.0920000000000005	59.0	93215.0	-0.00888967514038086	58360485.0	61383471.0	482513.0
8	7.0920000000000005	60.0	93424.0	-0.00890960693359375	59375032.0	62424014.0	490546.0
8	7.0920000000000005	61.0	93883.0	-0.008953380584716796	60389117.0	63464504.0	498632.0
8	7.0920000000000005	62.0	92799.0	-0.008850002288818359	61403143.0	64505121.0	506591.0
8	7.0920000000000005	63.0	93775.0	-0.00894308090209961	62417016.0	65545504.0	514784.0
8	7.0920000000000005	64.0	93364.0	-0.008903884887695312	63431239.0	66586039.0	522825.0
8	7.0920000000000005	65.0	93188.0	-0.008887100219726562	64445482.0	67626520.0	530920.0
8	7.0920000000000005	66.0	93404.0	-0.008907699584960937	65459274.0	68666773.0	539243.0
8	7.0920000000000005	67.0	93255.0	-0.008893489837646484	66473048.0	69707094.0	547498.0
8	7.0920000000000005	68.0	93625.0	-0.008928775787353516	67487181.0	70747479.0	555689.0
8	7.0920000000000005	69.0	93393.0	-0.00890665054321289	68501236.0	71787846.0	563898.0
8	7.0920000000000005	70.0	93137.0	-0.008882236480712891	69515180.0	72828206.0	572114.0
8	7.0920000000000005	71.0	93132.0	-0.008881759643554688	70529513.0	73868480.0	580416.0
8	7.0920000000000005	72.0	93120.0	-0.008880615234375	71543396.0	74908812.0	588660.0
8	7.0920000000000005	73.0	93063.0	-0.008875179290771484	72557466.0	75949255.0	596793.0
8	7.0920000000000005	74.0	93223.0	-0.008890438079833984	73571623.0	76989737.0	604887.0
8	7.0920000000000005	75.0	93440.0	-0.0089111328125	74585447.0	78030113.0	613087.0
8	7.0920000000000005	76.0	93475.0	-0.008914470672607422	75599183.0	79070583.0	621193.0
8	7.0920000000000005	77.0	92972.0	-0.008866500854492188	76613085.0	80110953.0	629399.0
8	7.0920000000000005	78.0	93120.0	-0.008880615234375	77627508.0	81151388.0	637540.0
8	7.0920000000000005	79.0	93785.0	-0.008944034576416016	78641616.0	82191831.0	645673.0
8	7.0920000000000005	80.0	93612.0	-0.008927536010742188	79655384.0	83232238.0	653842.0
8	7.0920000000000005	81.0	93225.0	-0.008890628814697266	80669901.0	84272717.0	661939.0
8	7.0920000000000005	82.0	93130.0	-0.008881568908691406	81683738.0	85313124.0	670108.0
8	7.0920000000000005	83.0	93183.0	-0.008886623382568359	82697996.0	86353551.0	678257.0
8	7.0920000000000005	84.0	93161.0	-0.008884525299072266	83712220.0	87393822.0	686562.0
8	7.0920000000000005	85.0	92893.0	-0.008858966827392577	84726535.0	88434265.0	694695.0
8	7.0920000000000005	86.0	93534.0	-0.008920097351074218	85740949.0	89474769.0	702767.0
8	7.0920000000000005	87.0	93513.0	-0.008918094635009765	86754579.0	90514987.0	711125.0
8	7.0920000000000005	88.0	93012.0	-0.008870315551757813	87768433.0	91555221.0	719467.0
8	7.0920000000000005	89.0	93364.0	-0.008903884887695312	88782701.0	92595755.0	727509.0
8	7.0920000000000005	90.0	93017.0	-0.008870792388916016	89796874.0	93636271.0	735569.0
8	7.0920000000000005	91.0	93437.0	-0.008910846710205079	90810935.0	94676563.0	743853.0
8	7.0920000000000005	92.0	92978.0	-0.00886707305908203	91824909.0	95716906.0	752086.0
8	7.0920000000000005	93.0	93030.0	-0.008872032165527344	92838960.0	96757344.0	760224.0
8	7.0920000000000005	94.0	93411.0	-0.008908367156982422	93853001.0	97797619.0	768525.0
8	7.0920000000000005	95.0	93567.0	-0.00892324447631836	94867150.0	98837993.0	776727.0
8	7.0920000000000005	96.0	93103.0	-0.008878993988037109	95881535.0	99878612.0	784684.0
8	7.0920000000000005	97.0	92905.0	-0.008860111236572266	96895839.0	100918952.0	792920.0
8	7.0920000000000005	98.0	92923.0	-0.008861827850341796	97910075.0	101959393.0	801055.0
8	7.0920000000000005	99.0	93189.0	-0.008887195587158203	98924177.0	102999755.0	809269.0
8	7.0920000000000005	100.0	92917.0	-0.008861255645751954	99938335.0	104040188.0	817412.0
9	6.966	1.0	2738928.0	-0.26120452880859374	245003.0	1040468.0	8108.0
9	6.966	2.0	1220305.0	-0.11637735366821289	772753.0	2080870.0	16282.0
9	6.966	3.0	387718.0	-0.036975669860839847	1581554.0	3121246.0	24482.0
9	6.966	4.0	134457.0	-0.012822818756103516	2546055.0	4161648.0	32656.0
9	6.966	5.0	96692.0	-0.009221267700195313	3553603.0	5201873.0	41007.0
9	6.966	6.0	93531.0	-0.008919811248779297	4566803.0	6242372.0	49084.0
9	6.966	7.0	93677.0	-0.008933734893798829	5580580.0	7282713.0	57319.0
9	6.966	8.0	93522.0	-0.008918952941894532	6593862.0	8323089.0	65519.0
9	6.966	9.0	93755.0	-0.008941173553466797	7607447.0	9363540.0	73644.0
9	6.966	10.0	93438.0	-0.008910942077636718	8620975.0	10403878.0	81882.0
9	6.966	11.0	93121.0	-0.008880710601806641	9634707.0	11444374.0	89962.0
9	6.966	12.0	93901.0	-0.008955097198486328	10648127.0	12484799.0	98113.0
9	6.966	13.0	92890.0	-0.008858680725097656	11661890.0	13525071.0	106417.0
9	6.966	14.0	93527.0	-0.008919429779052735	12675465.0	14565463.0	114601.0
9	6.966	15.0	93456.0	-0.00891265869140625	13689204.0	15605864.0	122776.0
9	6.966	16.0	93943.0	-0.008959102630615234	14702783.0	16646149.0	131067.0
9	6.966	17.0	93731.0	-0.008938884735107422	15716229.0	17686354.0	139438.0
9	6.966	18.0	93005.0	-0.008869647979736328	16729808.0	18726708.0	147660.0
9	6.966	19.0	93632.0	-0.008929443359375	17743424.0	19767085.0	155859.0
9	6.966	20.0	93349.0	-0.008902454376220703	18757059.0	20807510.0	164010.0
9	6.966	21.0	92963.0	-0.008865642547607421	19770864.0	21847685.0	172411.0
9	6.966	22.0	93537.0	-0.008920383453369141	20784268.0	22887988.0	180684.0
9	6.966	23.0	92801.0	-0.008850193023681641	21797973.0	23928359.0	188889.0
9	6.966	24.0	93513.0	-0.008918094635009765	22811636.0	24968642.0	197182.0
9	6.966	25.0	93496.0	-0.008916473388671875	23824959.0	26008969.0	205431.0
9	6.966	26.0	93455.0	-0.00891256332397461	24838536.0	27049420.0	213556.0
9	6.966	27.0	93547.0	-0.008921337127685548	25852213.0	28089849.0	221703.0
9	6.966	28.0	93312.0	-0.00889892578125	26865498.0	29130258.0	229870.0
9	6.966	29.0	93472.0	-0.0089141845703125	27879373.0	30170584.0	238120.0
9	6.966	30.0	93606.0	-0.008926963806152344	28893038.0	31210927.0	246353.0
9	6.966	31.0	93336.0	-0.008901214599609375	29906631.0	32251251.0	254605.0
9	6.966	32.0	93556.0	-0.008922195434570313	30920134.0	33291630.0	262802.0
9	6.966	33.0	93339.0	-0.008901500701904297	31933764.0	34331989.0	271019.0
9	6.966	34.0	93421.0	-0.008909320831298828	32947136.0	35372350.0	279234.0
9	6.966	35.0	93631.0	-0.00892934799194336	33960505.0	36412697.0	287463.0
9	6.966	36.0	93728.0	-0.0089385986328125	34973907.0	37452978.0	295758.0
9	6.966	37.0	93908.0	-0.008955764770507812	35987465.0	38493211.0	304101.0
9	6.966	38.0	94007.0	-0.008965206146240235	37001007.0	39533606.0	312282.0
9	6.966	39.0	93282.0	-0.008896064758300782	38014639.0	40573974.0	320490.0
9	6.966	40.0	93288.0	-0.008896636962890624	39028023.0	41614192.0	328848.0
9	6.966	41.0	93525.0	-0.008919239044189453	40041328.0	42654560.0	337056.0
9	6.966	42.0	93111.0	-0.008879756927490235	41054953.0	43695041.0	345151.0
9	6.966	43.0	93716.0	-0.008937454223632813	42068642.0	44735406.0	353362.0
9	6.966	44.0	93620.0	-0.008928298950195312	43082223.0	45775902.0	361442.0
9	6.966	45.0	93242.0	-0.008892250061035157	44095700.0	46816329.0	369591.0
9	6.966	46.0	92638.0	-0.008834648132324218	45109705.0	47856762.0	377734.0
9	6.966	47.0	94300.0	-0.008993148803710938	46123441.0	48897238.0	385834.0
9	6.966	48.0	93810.0	-0.008946418762207031	47136739.0	49937634.0	394014.0
9	6.966	49.0	93798.0	-0.008945274353027343	48150078.0	50978025.0	402199.0
9	6.966	50.0	93702.0	-0.008936119079589844	49163937.0	52018377.0	410423.0
9	6.966	51.0	93443.0	-0.008911418914794921	50177603.0	53058697.0	418679.0
9	6.966	52.0	93470.0	-0.008913993835449219	51191318.0	54098947.0	427005.0
9	6.966	53.0	93537.0	-0.008920383453369141	52204842.0	55139343.0	435185.0
9	6.966	54.0	93811.0	-0.008946514129638672	53218110.0	56179742.0	443362.0
9	6.966	55.0	93494.0	-0.008916282653808593	54231966.0	57220270.0	451410.0
9	6.966	56.0	93301.0	-0.008897876739501953	55245445.0	58260533.0	459723.0
9	6.966	57.0	93502.0	-0.00891704559326172	56259214.0	59300944.0	467888.0
9	6.966	58.0	93547.0	-0.008921337127685548	57272650.0	60341327.0	476081.0
9	6.966	59.0	93088.0	-0.0088775634765625	58286129.0	61381680.0	484304.0
9	6.966	60.0	93501.0	-0.008916950225830078	59299668.0	62421953.0	492607.0
9	6.966	61.0	93885.0	-0.008953571319580078	60312750.0	63462410.0	500726.0
9	6.966	62.0	92765.0	-0.008846759796142578	61326371.0	64502757.0	508955.0
9	6.966	63.0	93953.0	-0.00896005630493164	62339835.0	65543145.0	517143.0
9	6.966	64.0	93954.0	-0.008960151672363281	63353141.0	66583595.0	525269.0
9	6.966	65.0	93399.0	-0.008907222747802734	64366617.0	67623921.0	533519.0
9	6.966	66.0	93599.0	-0.008926296234130859	65380415.0	68664161.0	541855.0
9	6.966	67.0	93448.0	-0.008911895751953124	66394115.0	69704596.0	549996.0
9	6.966	68.0	93530.0	-0.008919715881347656	67407951.0	70744940.0	558228.0
9	6.966	69.0	93324.0	-0.008900070190429687	68421674.0	71785327.0	566417.0
9	6.966	70.0	93411.0	-0.008908367156982422	69435519.0	72825833.0	574487.0
9	6.966	71.0	93113.0	-0.008879947662353515	70448968.0	73866023.0	582873.0
9	6.966	72.0	93184.0	-0.00888671875	71462831.0	74906563.0	590909.0
9	6.966	73.0	93134.0	-0.008881950378417968	72476434.0	75946968.0	599080.0
9	6.966	74.0	93417.0	-0.008908939361572266	73490161.0	76987409.0	607215.0
9	6.966	75.0	93878.0	-0.008952903747558593	74503548.0	78027774.0	615426.0
9	6.966	76.0	93151.0	-0.00888357162475586	75517338.0	79068325.0	623451.0
9	6.966	77.0	93440.0	-0.0089111328125	76530890.0	80108768.0	631584.0
9	6.966	78.0	93540.0	-0.008920669555664062	77544490.0	81149054.0	639874.0
9	6.966	79.0	93851.0	-0.008950328826904297	78558203.0	82189508.0	647996.0
9	6.966	80.0	93017.0	-0.008870792388916016	79571668.0	83229900.0	656180.0
9	6.966	81.0	93608.0	-0.008927154541015624	80585054.0	84270194.0	664462.0
9	6.966	82.0	93578.0	-0.008924293518066406	81598703.0	85310594.0	672638.0
9	6.966	83.0	93278.0	-0.008895683288574218	82612332.0	86351108.0	680700.0
9	6.966	84.0	93471.0	-0.00891408920288086	83625723.0	87391464.0	688920.0
9	6.966	85.0	93972.0	-0.008961868286132813	84639404.0	88432071.0	696889.0
9	6.966	86.0	93568.0	-0.00892333984375	85652695.0	89472361.0	705175.0
9	6.966	87.0	93102.0	-0.00887889862060547	86666359.0	90512837.0	713275.0
9	6.966	88.0	93445.0	-0.008911609649658203	87680108.0	91553291.0	721397.0
9	6.966	89.0	93752.0	-0.008940887451171876	88693594.0	92593785.0	729479.0
9	6.966	90.0	93138.0	-0.00888233184814453	89707189.0	93634146.0	737694.0
9	6.966	91.0	93942.0	-0.008959007263183594	90720548.0	94674456.0	745960.0
9	6.966	92.0	93409.0	-0.00890817642211914	91734110.0	95714791.0	754201.0
9	6.966	93.0	93561.0	-0.008922672271728516	92747573.0	96755141.0	762427.0
9	6.966	94.0	93511.0	-0.008917903900146485	93761187.0	97795522.0	770622.0
9	6.966	95.0	93624.0	-0.008928680419921875	94774915.0	98835946.0	778774.0
9	6.966	96.0	93512.0	-0.008917999267578126	95788575.0	99876338.0	786958.0
9	6.966	97.0	93690.0	-0.008934974670410156	96801992.0	100916616.0	795256.0
9	6.966	98.0	93052.0	-0.008874130249023438	97815783.0	101956960.0	803488.0
9	6.966	99.0	93013.0	-0.008870410919189452	98829578.0	102997364.0	811660.0
9	6.966	100.0	93603.0	-0.008926677703857421	99842868.0	104037546.0	820054.0
10	6.84	1.0	2801801.0	-0.26720056533813474	235448.0	1040441.0	8135.0
10	6.84	2.0	1300900.0	-0.12406349182128906	744322.0	2080699.0	16453.0
10	6.84	3.0	436480.0	-0.0416259765625	1533467.0	3121188.0	24540.0
10	6.84	4.0	148163.0	-0.014129924774169921	2486954.0	4161591.0	32713.0
10	6.84	5.0	98471.0	-0.009390926361083985	3491704.0	5201930.0	40950.0
10	6.84	6.0	93777.0	-0.008943271636962891	4503954.0	6242323.0	49133.0
10	6.84	7.0	93911.0	-0.008956050872802735	5516873.0	7282625.0	57407.0
10	6.84	8.0	94019.0	-0.008966350555419922	6529969.0	8323065.0	65543.0
10	6.84	9.0	93627.0	-0.008928966522216798	7543074.0	9363479.0	73705.0
10	6.84	10.0	94032.0	-0.00896759033203125	8556496.0	10403774.0	81986.0
10	6.84	11.0	93821.0	-0.008947467803955078	9569388.0	11444223.0	90113.0
10	6.84	12.0	94106.0	-0.008974647521972657	10582499.0	12484535.0	98377.0
10	6.84	13.0	94315.0	-0.008994579315185547	11595594.0	13524977.0	106511.0
10	6.84	14.0	93302.0	-0.008897972106933594	12608653.0	14565410.0	114654.0
10	6.84	15.0	93721.0	-0.008937931060791016	13621938.0	15605806.0	122834.0
10	6.84	16.0	93490.0	-0.008915901184082031	14635178.0	16646199.0	131017.0
10	6.84	17.0	94010.0	-0.008965492248535156	15648032.0	17686632.0	139160.0
10	6.84	18.0	93857.0	-0.008950901031494141	16660925.0	18726977.0	147391.0
10	6.84	19.0	93389.0	-0.008906269073486328	17673861.0	19767368.0	155576.0
10	6.84	20.0	94055.0	-0.008969783782958984	18686930.0	20807717.0	163803.0
10	6.84	21.0	94041.0	-0.008968448638916016	19699699.0	21848215.0	171881.0
10	6.84	22.0	93755.0	-0.008941173553466797	20712640.0	22888599.0	180073.0
10	6.84	23.0	93828.0	-0.008948135375976562	21725872.0	23929058.0	188190.0
10	6.84	24.0	93252.0	-0.008893203735351563	22738652.0	24969342.0	196482.0
10	6.84	25.0	93870.0	-0.008952140808105469	23751418.0	26009744.0	204656.0
10	6.84	26.0	93287.0	-0.008896541595458985	24764817.0	27050053.0	212923.0
10	6.84	27.0	93318.0	-0.008899497985839843	25777951.0	28090283.0	221269.0
10	6.84	28.0	93850.0	-0.008950233459472656	26790811.0	29130713.0	229415.0
10	6.84	29.0	93822.0	-0.00894756317138672	27803803.0	30171110.0	237594.0
10	6.84	30.0	94053.0	-0.008969593048095702	28816596.0	31211341.0	245939.0
10	6.84	31.0	93517.0	-0.008918476104736329	29829750.0	32251796.0	254060.0
10	6.84	32.0	93843.0	-0.008949565887451171	30842897.0	33292112.0	262320.0
10	6.84	33.0	94023.0	-0.008966732025146484	31856049.0	34332513.0	270495.0
10	6.84	34.0	93482.0	-0.008915138244628907	32868869.0	35372835.0	278749.0
10	6.84	35.0	93338.0	-0.008901405334472656	33882268.0	36413345.0	286815.0
10	6.84	36.0	94273.0	-0.00899057388305664	34895002.0	37453717.0	295019.0
10	6.84	37.0	94318.0	-0.008994865417480468	35907957.0	38494029.0	303283.0
10	6.84	38.0	93832.0	-0.008948516845703126	36920802.0	39534369.0	311519.0
10	6.84	39.0	93367.0	-0.008904170989990235	37933627.0	40574601.0	319863.0
10	6.84	40.0	93514.0	-0.008918190002441406	38946732.0	41615097.0	327943.0
10	6.84	41.0	93721.0	-0.008937931060791016	39959912.0	42655580.0	336036.0
10	6.84	42.0	94099.0	-0.008973979949951172	40972832.0	43695768.0	344424.0
10	6.84	43.0	94507.0	-0.009012889862060548	41985746.0	44736246.0	352522.0
10	6.84	44.0	93469.0	-0.008913898468017578	42999066.0	45776652.0	360692.0
10	6.84	45.0	93462.0	-0.008913230895996094	44012155.0	46816997.0	368923.0
10	6.84	46.0	93570.0	-0.008923530578613281	45025371.0	47857522.0	376974.0
10	6.84	47.0	94232.0	-0.008986663818359376	46038343.0	48897853.0	385219.0
10	6.84	48.0	93383.0	-0.008905696868896484	47051332.0	49938080.0	393568.0
10	6.84	49.0	93892.0	-0.008954238891601563	48064585.0	50978496.0	401728.0
10	6.84	50.0	93698.0	-0.00893573760986328	49077447.0	52018879.0	409921.0
10	6.84	51.0	93823.0	-0.008947658538818359	50090304.0	53059189.0	418187.0
10	6.84	52.0	94022.0	-0.008966636657714844	51103419.0	54099712.0	426240.0
10	6.84	53.0	94117.0	-0.008975696563720704	52116344.0	55140119.0	434409.0
10	6.84	54.0	94485.0	-0.009010791778564453	53129258.0	56180629.0	442475.0
10	6.84	55.0	93752.0	-0.008940887451171876	54142204.0	57221033.0	450647.0
10	6.84	56.0	93498.0	-0.008916664123535156	55155464.0	58261520.0	458736.0
10	6.84	57.0	93522.0	-0.008918952941894532	56168748.0	59301994.0	466838.0
10	6.84	58.0	93413.0	-0.008908557891845702	57181894.0	60342421.0	474987.0
10	6.84	59.0	93608.0	-0.008927154541015624	58194703.0	61382725.0	483259.0
10	6.84	60.0	93601.0	-0.008926486968994141	59207744.0	62422981.0	491579.0
10	6.84	61.0	93364.0	-0.008903884887695312	60220805.0	63463464.0	499672.0
10	6.84	62.0	93594.0	-0.008925819396972656	61233698.0	64503871.0	507841.0
10	6.84	63.0	93913.0	-0.008956241607666015	62246492.0	65544169.0	516119.0
10	6.84	64.0	94076.0	-0.008971786499023438	63259707.0	66584565.0	524299.0
10	6.84	65.0	93577.0	-0.008924198150634766	64272788.0	67624970.0	532470.0
10	6.84	66.0	93839.0	-0.008949184417724609	65285699.0	68665325.0	540691.0
10	6.84	67.0	93794.0	-0.008944892883300781	66298929.0	69705862.0	548730.0
10	6.84	68.0	93707.0	-0.008936595916748048	67312248.0	70746371.0	556797.0
10	6.84	69.0	93895.0	-0.008954524993896484	68325541.0	71786758.0	564986.0
10	6.84	70.0	93848.0	-0.008950042724609374	69338525.0	72827097.0	573223.0
10	6.84	71.0	93371.0	-0.008904552459716797	70351885.0	73867502.0	581394.0
10	6.84	72.0	93544.0	-0.008921051025390625	71365484.0	74908151.0	589321.0
10	6.84	73.0	94174.0	-0.008981132507324218	72378527.0	75948602.0	597446.0
10	6.84	74.0	94395.0	-0.009002208709716797	73391272.0	76988885.0	605739.0
10	6.84	75.0	93918.0	-0.008956718444824218	74404112.0	78029363.0	613837.0
10	6.84	76.0	93641.0	-0.008930301666259766	75416941.0	79069756.0	622020.0
10	6.84	77.0	93666.0	-0.008932685852050782	76430300.0	80110223.0	630129.0
10	6.84	78.0	94153.0	-0.008979129791259765	77443472.0	81150685.0	638243.0
10	6.84	79.0	93723.0	-0.008938121795654296	78456308.0	82191143.0	646361.0
10	6.84	80.0	93244.0	-0.008892440795898437	79469448.0	83231431.0	654649.0
10	6.84	81.0	93659.0	-0.008932018280029297	80482575.0	84272016.0	662640.0
10	6.84	82.0	94082.0	-0.008972358703613282	81495579.0	85312443.0	670789.0
10	6.84	83.0	93943.0	-0.008959102630615234	82508889.0	86352856.0	678952.0
10	6.84	84.0	93962.0	-0.008960914611816407	83521995.0	87393268.0	687116.0
10	6.84	85.0	93952.0	-0.0089599609375	84534759.0	88433570.0	695390.0
10	6.84	86.0	93276.0	-0.008895492553710938	85547968.0	89474067.0	703469.0
10	6.84	87.0	92769.0	-0.00884714126586914	86560710.0	90514227.0	711885.0
10	6.84	88.0	94280.0	-0.008991241455078125	87573887.0	91554749.0	719939.0
10	6.84	89.0	93772.0	-0.008942794799804688	88586787.0	92595051.0	728213.0
10	6.84	90.0	93285.0	-0.008896350860595703	89599971.0	93635594.0	736246.0
10	6.84	91.0	93793.0	-0.00894479751586914	90612968.0	94675827.0	744589.0
10	6.84	92.0	94027.0	-0.008967113494873048	91625591.0	95716078.0	752914.0
10	6.84	93.0	93860.0	-0.008951187133789062	92638744.0	96756513.0	761055.0
10	6.84	94.0	93726.0	-0.008938407897949219	93651796.0	97796936.0	769208.0
10	6.84	95.0	93936.0	-0.00895843505859375	94664705.0	98837163.0	777557.0
10	6.84	96.0	93885.0	-0.008953571319580078	95677836.0	99877582.0	785714.0
10	6.84	97.0	94004.0	-0.008964920043945312	96690959.0	100917964.0	793908.0
10	6.84	98.0	94102.0	-0.008974266052246094	97703830.0	101958265.0	802183.0
10	6.84	99.0	93664.0	-0.0089324951171875	98717121.0	102998817.0	810207.0
10	6.84	100.0	93942.0	-0.008959007263183594	99730020.0	104039282.0	818318.0
11	6.714	1.0	2857032.0	-0.27246780395507814	227352.0	1040352.0	8224.0
11	6.714	2.0	1379949.0	-0.13160219192504882	719188.0	2080806.0	16346.0
11	6.714	3.0	486025.0	-0.046350955963134766	1488845.0	3121063.0	24665.0
11	6.714	4.0	162300.0	-0.015478134155273438	2431492.0	4161491.0	32813.0
11	6.714	5.0	100583.0	-0.009592342376708984	3432899.0	5201945.0	40935.0
11	6.714	6.0	94354.0	-0.008998298645019531	4444542.0	6242193.0	49263.0
11	6.714	7.0	94246.0	-0.008987998962402344	5456944.0	7282385.0	57647.0
11	6.714	8.0	94342.0	-0.008997154235839844	6469258.0	8322788.0	65820.0
11	6.714	9.0	93528.0	-0.008919525146484374	7481853.0	9363135.0	74049.0
11	6.714	10.0	94007.0	-0.008965206146240235	8494386.0	10403550.0	82210.0
11	6.714	11.0	94229.0	-0.008986377716064453	9506542.0	11443775.0	90561.0
11	6.714	12.0	93663.0	-0.008932399749755859	10519157.0	12484177.0	98735.0
11	6.714	13.0	93935.0	-0.00895833969116211	11531543.0	13524501.0	106987.0
11	6.714	14.0	94258.0	-0.00898914337158203	12543761.0	14564730.0	115334.0
11	6.714	15.0	94008.0	-0.008965301513671874	13556700.0	15605278.0	123362.0
11	6.714	16.0	93549.0	-0.008921527862548828	14569287.0	16645595.0	131621.0
11	6.714	17.0	93775.0	-0.00894308090209961	15581743.0	17685970.0	139822.0
11	6.714	18.0	94093.0	-0.008973407745361327	16594279.0	18726246.0	148122.0
11	6.714	19.0	93670.0	-0.008933067321777344	17606923.0	19766571.0	156373.0
11	6.714	20.0	93582.0	-0.00892467498779297	18619419.0	20807010.0	164510.0
11	6.714	21.0	94335.0	-0.00899648666381836	19631383.0	21847343.0	172753.0
11	6.714	22.0	93642.0	-0.008930397033691407	20644181.0	22887767.0	180905.0
11	6.714	23.0	94176.0	-0.0089813232421875	21656791.0	23928170.0	189078.0
11	6.714	24.0	93559.0	-0.008922481536865234	22669063.0	24968416.0	197408.0
11	6.714	25.0	93860.0	-0.008951187133789062	23681183.0	26008721.0	205679.0
11	6.714	26.0	93932.0	-0.008958053588867188	24693521.0	27049169.0	213807.0
11	6.714	27.0	94147.0	-0.008978557586669923	25706239.0	28089418.0	222134.0
11	6.714	28.0	93582.0	-0.00892467498779297	26718527.0	29129712.0	230416.0
11	6.714	29.0	93806.0	-0.008946037292480469	27730869.0	30170066.0	238638.0
11	6.714	30.0	94013.0	-0.008965778350830077	28743795.0	31210464.0	246816.0
11	6.714	31.0	93282.0	-0.008896064758300782	29756592.0	32250789.0	255067.0
11	6.714	32.0	94042.0	-0.008968544006347657	30769135.0	33291242.0	263190.0
11	6.714	33.0	93595.0	-0.008925914764404297	31781856.0	34331664.0	271344.0
11	6.714	34.0	94051.0	-0.008969402313232422	32794719.0	35372008.0	279576.0
11	6.714	35.0	93650.0	-0.008931159973144531	33807580.0	36412394.0	287766.0
11	6.714	36.0	93528.0	-0.008919525146484374	34820421.0	37452798.0	295938.0
11	6.714	37.0	94111.0	-0.00897512435913086	35832880.0	38493052.0	304260.0
11	6.714	38.0	93875.0	-0.008952617645263672	36845285.0	39533335.0	312553.0
11	6.714	39.0	93709.0	-0.008936786651611328	37857662.0	40573714.0	320750.0
11	6.714	40.0	93563.0	-0.008922863006591796	38870540.0	41614181.0	328859.0
11	6.714	41.0	93870.0	-0.008952140808105469	39883236.0	42654557.0	337059.0
11	6.714	42.0	94248.0	-0.008988189697265624	40895759.0	43694911.0	345281.0
11	6.714	43.0	93777.0	-0.008943271636962891	41908014.0	44735204.0	353564.0
11	6.714	44.0	94051.0	-0.008969402313232422	42920429.0	45775478.0	361866.0
11	6.714	45.0	93630.0	-0.008929252624511719	43933046.0	46815826.0	370094.0
11	6.714	46.0	94642.0	-0.009025764465332032	44945451.0	47856241.0	378255.0
11	6.714	47.0	94371.0	-0.008999919891357422	45957972.0	48896724.0	386348.0
11	6.714	48.0	93762.0	-0.008941841125488282	46970598.0	49936991.0	394657.0
11	6.714	49.0	93404.0	-0.008907699584960937	47983347.0	50977426.0	402798.0
11	6.714	50.0	93952.0	-0.0089599609375	48995983.0	52017759.0	411041.0
11	6.714	51.0	94305.0	-0.00899362564086914	50008418.0	53058173.0	419203.0
11	6.714	52.0	93616.0	-0.00892791748046875	51020864.0	54098548.0	427404.0
11	6.714	53.0	94431.0	-0.00900564193725586	52033499.0	55138854.0	435674.0
11	6.714	54.0	94258.0	-0.00898914337158203	53046107.0	56179205.0	443899.0
11	6.714	55.0	93570.0	-0.008923530578613281	54058472.0	57219577.0	452103.0
11	6.714	56.0	93748.0	-0.008940505981445312	55070942.0	58259977.0	460279.0
11	6.714	57.0	94171.0	-0.008980846405029297	56083417.0	59300278.0	468554.0
11	6.714	58.0	93791.0	-0.00894460678100586	57095757.0	60340609.0	476799.0
11	6.714	59.0	93717.0	-0.008937549591064454	58108470.0	61380912.0	485072.0
11	6.714	60.0	93767.0	-0.008942317962646485	59121290.0	62421420.0	493140.0
11	6.714	61.0	93703.0	-0.008936214447021484	60134161.0	63461804.0	501332.0
11	6.714	62.0	94123.0	-0.008976268768310546	61146640.0	64502246.0	509466.0
11	6.714	63.0	93594.0	-0.008925819396972656	62159089.0	65542537.0	517751.0
11	6.714	64.0	94258.0	-0.00898914337158203	63171536.0	66582884.0	525980.0
11	6.714	65.0	93755.0	-0.008941173553466797	64184155.0	67623285.0	534155.0
11	6.714	66.0	93783.0	-0.008943843841552734	65196480.0	68663663.0	542353.0
11	6.714	67.0	94049.0	-0.00896921157836914	66209102.0	69704080.0	550512.0
11	6.714	68.0	94366.0	-0.008999443054199219	67221875.0	70744417.0	558751.0
11	6.714	69.0	93576.0	-0.008924102783203125	68234413.0	71784792.0	566952.0
11	6.714	70.0	93900.0	-0.008955001831054688	69246938.0	72825156.0	575164.0
11	6.714	71.0	93957.0	-0.008960437774658204	70259074.0	73865400.0	583496.0
11	6.714	72.0	93952.0	-0.0089599609375	71271771.0	74905798.0	591674.0
11	6.714	73.0	93563.0	-0.008922863006591796	72284334.0	75946204.0	599844.0
11	6.714	74.0	93838.0	-0.008949089050292968	73296769.0	76986553.0	608071.0
11	6.714	75.0	93844.0	-0.008949661254882812	74309238.0	78026869.0	616331.0
11	6.714	76.0	93814.0	-0.008946800231933593	75321991.0	79067292.0	624484.0
11	6.714	77.0	94048.0	-0.0089691162109375	76334489.0	80107674.0	632678.0
11	6.714	78.0	93812.0	-0.008946609497070313	77347112.0	81148099.0	640829.0
11	6.714	79.0	94093.0	-0.008973407745361327	78359941.0	82188520.0	648984.0
11	6.714	80.0	93763.0	-0.008941936492919921	79372556.0	83229019.0	657061.0
11	6.714	81.0	94015.0	-0.00896596908569336	80384874.0	84269357.0	665299.0
11	6.714	82.0	93868.0	-0.008951950073242187	81397293.0	85309616.0	673616.0
11	6.714	83.0	93795.0	-0.008944988250732422	82409615.0	86349987.0	681821.0
11	6.714	84.0	93409.0	-0.00890817642211914	83422277.0	87390405.0	689979.0
11	6.714	85.0	93877.0	-0.008952808380126954	84434884.0	88430848.0	698112.0
11	6.714	86.0	94226.0	-0.008986091613769532	85447458.0	89471190.0	706346.0
11	6.714	87.0	93886.0	-0.008953666687011719	86460223.0	90511719.0	714393.0
11	6.714	88.0	93666.0	-0.008932685852050782	87472541.0	91552074.0	722614.0
11	6.714	89.0	93722.0	-0.008938026428222657	88485012.0	92592415.0	730849.0
11	6.714	90.0	93916.0	-0.008956527709960938	89497598.0	93632784.0	739056.0
11	6.714	91.0	94055.0	-0.008969783782958984	90510326.0	94673113.0	747303.0
11	6.714	92.0	94241.0	-0.008987522125244141	91523148.0	95713567.0	755425.0
11	6.714	93.0	93763.0	-0.008941936492919921	92535713.0	96754042.0	763526.0
11	6.714	94.0	93872.0	-0.00895233154296875	93548205.0	97794456.0	771688.0
11	6.714	95.0	94037.0	-0.008968067169189454	94560435.0	98834686.0	780034.0
11	6.714	96.0	94233.0	-0.008986759185791015	95572782.0	99875132.0	788164.0
11	6.714	97.0	94095.0	-0.00897359848022461	96585283.0	100915629.0	796243.0
11	6.714	98.0	93958.0	-0.008960533142089843	97597577.0	101955928.0	804520.0
11	6.714	99.0	93794.0	-0.008944892883300781	98610305.0	102996386.0	812638.0
11	6.714	100.0	93983.0	-0.008962917327880859	99622655.0	104036677.0	820923.0
12	6.588	1.0	2912646.0	-0.2777715682983398	219962.0	1040284.0	8292.0
12	6.588	2.0	1461543.0	-0.13938360214233397	692471.0	2080699.0	16453.0
12	6.588	3.0	540185.0	-0.051516056060791016	1441014.0	3120860.0	24868.0
12	6.588	4.0	179541.0	-0.017122364044189452	2371189.0	4161309.0	32995.0
12	6.588	5.0	103872.0	-0.009906005859375	3368848.0	5201599.0	41281.0
12	6.588	6.0	94779.0	-0.009038829803466797	4379622.0	6241882.0	49574.0
12	6.588	7.0	94680.0	-0.009029388427734375	5391818.0	7282208.0	57824.0
12	6.588	8.0	94445.0	-0.009006977081298828	6403347.0	8322443.0	66165.0
12	6.588	9.0	94096.0	-0.00897369384765625	7415426.0	9362937.0	74247.0
12	6.588	10.0	94593.0	-0.00902109146118164	8427032.0	10403182.0	82578.0
12	6.588	11.0	94684.0	-0.009029769897460937	9438714.0	11443590.0	90746.0
12	6.588	12.0	94659.0	-0.009027385711669922	10450758.0	12484055.0	98857.0
12	6.588	13.0	93793.0	-0.00894479751586914	11462590.0	13524452.0	107036.0
12	6.588	14.0	94199.0	-0.008983516693115234	12474717.0	14564749.0	115315.0
12	6.588	15.0	94154.0	-0.008979225158691406	13486738.0	15604983.0	123657.0
12	6.588	16.0	94293.0	-0.008992481231689452	14498736.0	16645339.0	131877.0
12	6.588	17.0	94442.0	-0.009006690979003907	15510596.0	17685708.0	140084.0
12	6.588	18.0	94022.0	-0.008966636657714844	16522552.0	18726201.0	148167.0
12	6.588	19.0	93974.0	-0.008962059020996093	17534405.0	19766579.0	156365.0
12	6.588	20.0	94040.0	-0.008968353271484375	18546403.0	20807049.0	164471.0
12	6.588	21.0	94665.0	-0.009027957916259766	19558301.0	21847417.0	172679.0
12	6.588	22.0	94106.0	-0.008974647521972657	20570419.0	22887763.0	180909.0
12	6.588	23.0	94071.0	-0.008971309661865235	21582587.0	23928365.0	188883.0
12	6.588	24.0	94441.0	-0.009006595611572266	22594596.0	24968840.0	196984.0
12	6.588	25.0	94114.0	-0.008975410461425781	23606516.0	26009141.0	205259.0
12	6.588	26.0	94264.0	-0.008989715576171875	24618512.0	27049612.0	213364.0
12	6.588	27.0	94416.0	-0.00900421142578125	25630622.0	28089926.0	221626.0
12	6.588	28.0	94373.0	-0.009000110626220702	26642737.0	29130260.0	229868.0
12	6.588	29.0	94136.0	-0.008977508544921875	27654969.0	30170793.0	237911.0
12	6.588	30.0	94248.0	-0.008988189697265624	28666772.0	31211125.0	246155.0
12	6.588	31.0	93846.0	-0.008949851989746094	29678581.0	32251410.0	254446.0
12	6.588	32.0	94295.0	-0.008992671966552734	30690446.0	33291784.0	262648.0
12	6.588	33.0	93918.0	-0.008956718444824218	31702282.0	34332164.0	270844.0
12	6.588	34.0	94247.0	-0.008988094329833985	32714168.0	35372474.0	279110.0
12	6.588	35.0	94238.0	-0.008987236022949218	33725855.0	36412893.0	287267.0
12	6.588	36.0	94623.0	-0.009023952484130859	34737708.0	37453325.0	295411.0
12	6.588	37.0	94080.0	-0.00897216796875	35749917.0	38493772.0	303540.0
12	6.588	38.0	94289.0	-0.00899209976196289	36761825.0	39534176.0	311712.0
12	6.588	39.0	94394.0	-0.009002113342285156	37773921.0	40574592.0	319872.0
12	6.588	40.0	94478.0	-0.009010124206542968	38785689.0	41614887.0	328153.0
12	6.588	41.0	94424.0	-0.009004974365234375	39797585.0	42655307.0	336309.0
12	6.588	42.0	93993.0	-0.008963871002197265	40809643.0	43695769.0	344423.0
12	6.588	43.0	94022.0	-0.008966636657714844	41822078.0	44736291.0	352477.0
12	6.588	44.0	94509.0	-0.009013080596923828	42833703.0	45776626.0	360718.0
12	6.588	45.0	94698.0	-0.009031105041503906	43845613.0	46817055.0	368865.0
12	6.588	46.0	94221.0	-0.008985614776611328	44857656.0	47857514.0	376982.0
12	6.588	47.0	94844.0	-0.009045028686523437	45869697.0	48897862.0	385210.0
12	6.588	48.0	93801.0	-0.008945560455322266	46881772.0	49938345.0	393303.0
12	6.588	49.0	93898.0	-0.008954811096191406	47893492.0	50978750.0	401474.0
12	6.588	50.0	93848.0	-0.008950042724609374	48905645.0	52019315.0	409485.0
12	6.588	51.0	94174.0	-0.008981132507324218	49917467.0	53059615.0	417761.0
12	6.588	52.0	94131.0	-0.008977031707763672	50929335.0	54100070.0	425882.0
12	6.588	53.0	93921.0	-0.008957004547119141	51941237.0	55140358.0	434170.0
12	6.588	54.0	94175.0	-0.00898122787475586	52953210.0	56180759.0	442345.0
12	6.588	55.0	94399.0	-0.009002590179443359	53965150.0	57221124.0	450556.0
12	6.588	56.0	94108.0	-0.008974838256835937	54977074.0	58261493.0	458763.0
12	6.588	57.0	94231.0	-0.008986568450927735	55989163.0	59301828.0	467004.0
12	6.588	58.0	94516.0	-0.009013748168945313	57001100.0	60342223.0	475185.0
12	6.588	59.0	94159.0	-0.008979701995849609	58013039.0	61382578.0	483406.0
12	6.588	60.0	95040.0	-0.009063720703125	59024923.0	62422832.0	491728.0
12	6.588	61.0	94264.0	-0.008989715576171875	60036372.0	63463049.0	500087.0
12	6.588	62.0	94328.0	-0.008995819091796874	61048260.0	64503452.0	508260.0
12	6.588	63.0	94237.0	-0.008987140655517579	62060439.0	65543779.0	516509.0
12	6.588	64.0	94233.0	-0.008986759185791015	63072425.0	66584158.0	524706.0
12	6.588	65.0	94257.0	-0.008989048004150391	64084373.0	67624534.0	532906.0
12	6.588	66.0	94018.0	-0.00896625518798828	65096169.0	68664852.0	541164.0
12	6.588	67.0	93919.0	-0.008956813812255859	66107758.0	69705220.0	549372.0
12	6.588	68.0	93859.0	-0.008951091766357422	67119738.0	70745592.0	557576.0
12	6.588	69.0	94169.0	-0.008980655670166015	68131912.0	71786101.0	565643.0
12	6.588	70.0	94164.0	-0.008980178833007812	69144083.0	72826545.0	573775.0
12	6.588	71.0	94452.0	-0.009007644653320313	70156074.0	73866884.0	582012.0
12	6.588	72.0	94412.0	-0.009003829956054688	71168072.0	74907150.0	590322.0
12	6.588	73.0	93548.0	-0.008921432495117187	72179843.0	75947496.0	598552.0
12	6.588	74.0	94780.0	-0.009038925170898438	73191964.0	76987897.0	606727.0
12	6.588	75.0	94194.0	-0.008983039855957031	74204005.0	78028436.0	614764.0
12	6.588	76.0	94155.0	-0.008979320526123047	75215748.0	79068922.0	622854.0
12	6.588	77.0	94114.0	-0.008975410461425781	76227434.0	80109250.0	631102.0
12	6.588	78.0	93841.0	-0.008949375152587891	77239050.0	81149503.0	639425.0
12	6.588	79.0	94557.0	-0.009017658233642579	78250749.0	82189913.0	647591.0
12	6.588	80.0	94490.0	-0.009011268615722656	79262728.0	83230363.0	655717.0
12	6.588	81.0	94271.0	-0.00899038314819336	80274948.0	84270911.0	663745.0
12	6.588	82.0	94482.0	-0.009010505676269532	81286930.0	85311281.0	671951.0
12	6.588	83.0	94107.0	-0.008974742889404298	82298746.0	86351728.0	680080.0
12	6.588	84.0	93511.0	-0.008917903900146485	83310819.0	87391849.0	688535.0
12	6.588	85.0	93664.0	-0.0089324951171875	84322970.0	88432162.0	696798.0
12	6.588	86.0	94517.0	-0.009013843536376954	85335208.0	89472624.0	704912.0
12	6.588	87.0	94099.0	-0.008973979949951172	86347467.0	90513164.0	712948.0
12	6.588	88.0	94487.0	-0.009010982513427735	87359458.0	91553625.0	721063.0
12	6.588	89.0	93641.0	-0.008930301666259766	88371463.0	92594061.0	729203.0
12	6.588	90.0	94866.0	-0.009047126770019532	89383691.0	93634445.0	737395.0
12	6.588	91.0	94253.0	-0.008988666534423827	90395782.0	94675021.0	745395.0
12	6.588	92.0	94119.0	-0.008975887298583984	91408005.0	95715270.0	753722.0
12	6.588	93.0	94368.0	-0.0089996337890625	92420075.0	96755625.0	761943.0
12	6.588	94.0	93550.0	-0.008921623229980469	93432094.0	97796100.0	770044.0
12	6.588	95.0	94129.0	-0.00897684097290039	94444180.0	98836474.0	778246.0
12	6.588	96.0	94130.0	-0.008976936340332031	95456185.0	99876914.0	786382.0
12	6.588	97.0	94314.0	-0.008994483947753906	96467960.0	100917166.0	794706.0
12	6.588	98.0	94252.0	-0.008988571166992188	97480002.0	101957602.0	802846.0
12	6.588	99.0	93922.0	-0.008957099914550782	98492137.0	102998054.0	810970.0
12	6.588	100.0	93986.0	-0.008963203430175782	99504546.0	104038452.0	819148.0
13	6.462	1.0	2974089.0	-0.2836312294006348	210174.0	1040402.0	8174.0
13	6.462	2.0	1548060.0	-0.14763450622558594	663811.0	2080831.0	16321.0
13	6.462	3.0	604453.0	-0.057645130157470706	1389434.0	3121178.0	24550.0
13	6.462	4.0	202936.0	-0.019353485107421874	2304687.0	4161646.0	32658.0
13	6.462	5.0	107417.0	-0.010244083404541016	3298189.0	5202080.0	40800.0
13	6.462	6.0	95278.0	-0.009086418151855468	4307763.0	6242552.0	48904.0
13	6.462	7.0	94465.0	-0.00900888442993164	5318725.0	7282808.0	57224.0
13	6.462	8.0	95033.0	-0.009063053131103515	6330272.0	8323280.0	65328.0
13	6.462	9.0	94538.0	-0.009015846252441406	7341506.0	9363624.0	73560.0
13	6.462	10.0	94509.0	-0.009013080596923828	8353020.0	10404103.0	81657.0
13	6.462	11.0	94550.0	-0.009016990661621094	9364931.0	11444508.0	89828.0
13	6.462	12.0	94639.0	-0.009025478363037109	10376409.0	12484869.0	98043.0
13	6.462	13.0	94161.0	-0.008979892730712891	11388077.0	13525199.0	106289.0
13	6.462	14.0	94466.0	-0.009008979797363282	12399545.0	14565572.0	114492.0
13	6.462	15.0	94561.0	-0.009018039703369141	13411275.0	15606083.0	122557.0
13	6.462	16.0	94958.0	-0.009055900573730468	14422298.0	16646481.0	130735.0
13	6.462	17.0	94612.0	-0.009022903442382813	15433635.0	17686761.0	139031.0
13	6.462	18.0	94544.0	-0.00901641845703125	16444637.0	18727080.0	147288.0
13	6.462	19.0	94802.0	-0.009041023254394532	17456033.0	19767558.0	155386.0
13	6.462	20.0	94273.0	-0.00899057388305664	18467279.0	20807950.0	163570.0
13	6.462	21.0	94602.0	-0.009021949768066407	19478920.0	21848500.0	171596.0
13	6.462	22.0	94773.0	-0.009038257598876952	20490157.0	22888945.0	179727.0
13	6.462	23.0	93471.0	-0.00891408920288086	21501482.0	23929360.0	187888.0
13	6.462	24.0	94392.0	-0.009001922607421876	22513067.0	24969740.0	196084.0
13	6.462	25.0	94163.0	-0.008980083465576171	23524162.0	26010151.0	204249.0
13	6.462	26.0	94416.0	-0.00900421142578125	24535806.0	27050603.0	212373.0
13	6.462	27.0	94171.0	-0.008980846405029297	25547381.0	28091027.0	220525.0
13	6.462	28.0	93994.0	-0.008963966369628906	26558530.0	29131288.0	228840.0
13	6.462	29.0	94790.0	-0.009039878845214844	27569921.0	30171658.0	237046.0
13	6.462	30.0	93952.0	-0.0089599609375	28580841.0	31211985.0	245295.0
13	6.462	31.0	94809.0	-0.009041690826416015	29592405.0	32252411.0	253445.0
13	6.462	32.0	94743.0	-0.009035396575927734	30603676.0	33292695.0	261737.0
13	6.462	33.0	93961.0	-0.008960819244384766	31615223.0	34333163.0	269845.0
13	6.462	34.0	94133.0	-0.008977222442626952	32626480.0	35373399.0	278185.0
13	6.462	35.0	94371.0	-0.008999919891357422	33637890.0	36413842.0	286318.0
13	6.462	36.0	93769.0	-0.008942508697509765	34649440.0	37454220.0	294516.0
13	6.462	37.0	94416.0	-0.00900421142578125	35660777.0	38494638.0	302674.0
13	6.462	38.0	94672.0	-0.00902862548828125	36671679.0	39534800.0	311088.0
13	6.462	39.0	94477.0	-0.009010028839111329	37682878.0	40575147.0	319317.0
13	6.462	40.0	94071.0	-0.008971309661865235	38694163.0	41615543.0	327497.0
13	6.462	41.0	93769.0	-0.008942508697509765	39705686.0	42655989.0	335627.0
13	6.462	42.0	94235.0	-0.008986949920654297	40717416.0	43696466.0	343726.0
13	6.462	43.0	94345.0	-0.008997440338134766	41728612.0	44736709.0	352059.0
13	6.462	44.0	94119.0	-0.008975887298583984	42739883.0	45777125.0	360219.0
13	6.462	45.0	94586.0	-0.009020423889160157	43751507.0	46817637.0	368283.0
13	6.462	46.0	94246.0	-0.008987998962402344	44763451.0	47858237.0	376259.0
13	6.462	47.0	94675.0	-0.009028911590576172	45775246.0	48898792.0	384280.0
13	6.462	48.0	94606.0	-0.009022331237792969	46786817.0	49939205.0	392443.0
13	6.462	49.0	94504.0	-0.009012603759765625	47798249.0	50979660.0	400564.0
13	6.462	50.0	94211.0	-0.008984661102294922	48809621.0	52020043.0	408757.0
13	6.462	51.0	94315.0	-0.008994579315185547	49820987.0	53060497.0	416879.0
13	6.462	52.0	94716.0	-0.009032821655273438	50832422.0	54100939.0	425013.0
13	6.462	53.0	95054.0	-0.009065055847167968	51844034.0	55141464.0	433064.0
13	6.462	54.0	94246.0	-0.008987998962402344	52855193.0	56181837.0	441267.0
13	6.462	55.0	94359.0	-0.008998775482177734	53866579.0	57222211.0	449469.0
13	6.462	56.0	94655.0	-0.00902700424194336	54878116.0	58262586.0	457670.0
13	6.462	57.0	94211.0	-0.008984661102294922	55889254.0	59302927.0	465905.0
13	6.462	58.0	94111.0	-0.00897512435913086	56900928.0	60343369.0	474039.0
13	6.462	59.0	94625.0	-0.00902414321899414	57912003.0	61383714.0	482270.0
13	6.462	60.0	93866.0	-0.008951759338378907	58923354.0	62424034.0	490526.0
13	6.462	61.0	94331.0	-0.008996105194091797	59934751.0	63464585.0	498551.0
13	6.462	62.0	94207.0	-0.00898427963256836	60945882.0	64504811.0	506901.0
13	6.462	63.0	93940.0	-0.008958816528320312	61957703.0	65545263.0	515025.0
13	6.462	64.0	94415.0	-0.00900411605834961	62969086.0	66585690.0	523174.0
13	6.462	65.0	94171.0	-0.008980846405029297	63979999.0	67626107.0	531333.0
13	6.462	66.0	94317.0	-0.008994770050048829	64991454.0	68666448.0	539568.0
13	6.462	67.0	94620.0	-0.009023666381835938	66002957.0	69706935.0	547657.0
13	6.462	68.0	94116.0	-0.008975601196289063	67014460.0	70747292.0	555876.0
13	6.462	69.0	94743.0	-0.009035396575927734	68025635.0	71787543.0	564201.0
13	6.462	70.0	94211.0	-0.008984661102294922	69037217.0	72827939.0	572381.0
13	6.462	71.0	94437.0	-0.009006214141845704	70048940.0	73868268.0	580628.0
13	6.462	72.0	94351.0	-0.00899801254272461	71060227.0	74908714.0	588758.0
13	6.462	73.0	94219.0	-0.008985424041748047	72071707.0	75949043.0	597005.0
13	6.462	74.0	94338.0	-0.00899677276611328	73083022.0	76989403.0	605221.0
13	6.462	75.0	94338.0	-0.00899677276611328	74094264.0	78029895.0	613305.0
13	6.462	76.0	93609.0	-0.008927249908447265	75105707.0	79070204.0	621572.0
13	6.462	77.0	94666.0	-0.009028053283691407	76117237.0	80110599.0	629753.0
13	6.462	78.0	94640.0	-0.00902557373046875	77128369.0	81151059.0	637869.0
13	6.462	79.0	94625.0	-0.00902414321899414	78139722.0	82191236.0	646268.0
13	6.462	80.0	94779.0	-0.009038829803466797	79151114.0	83231645.0	654435.0
13	6.462	81.0	95017.0	-0.009061527252197266	80162508.0	84272220.0	662436.0
13	6.462	82.0	94237.0	-0.008987140655517579	81174104.0	85312693.0	670539.0
13	6.462	83.0	94351.0	-0.00899801254272461	82185702.0	86353130.0	678678.0
13	6.462	84.0	94523.0	-0.009014415740966796	83196930.0	87393530.0	686854.0
13	6.462	85.0	94468.0	-0.009009170532226562	84208180.0	88433716.0	695244.0
13	6.462	86.0	94618.0	-0.009023475646972656	85219459.0	89474053.0	703483.0
13	6.462	87.0	94700.0	-0.009031295776367188	86230950.0	90514491.0	711621.0
13	6.462	88.0	94663.0	-0.009027767181396484	87241721.0	91554789.0	719899.0
13	6.462	89.0	94613.0	-0.009022998809814452	88253351.0	92595256.0	728008.0
13	6.462	90.0	94326.0	-0.008995628356933594	89264903.0	93635611.0	736229.0
13	6.462	91.0	94428.0	-0.009005355834960937	90276461.0	94675961.0	744455.0
13	6.462	92.0	94497.0	-0.009011936187744141	91288087.0	95716277.0	752715.0
13	6.462	93.0	94221.0	-0.008985614776611328	92299290.0	96756597.0	760971.0
13	6.462	94.0	94436.0	-0.009006118774414063	93310958.0	97796979.0	769165.0
13	6.462	95.0	94210.0	-0.008984565734863281	94322292.0	98837405.0	777315.0
13	6.462	96.0	94524.0	-0.009014511108398437	95333724.0	99877817.0	785479.0
13	6.462	97.0	94693.0	-0.009030628204345702	96344755.0	100918092.0	793780.0
13	6.462	98.0	94380.0	-0.009000778198242188	97355939.0	101958406.0	802042.0
13	6.462	99.0	94849.0	-0.00904550552368164	98367097.0	102998863.0	810161.0
13	6.462	100.0	94361.0	-0.008998966217041016	99378263.0	104039069.0	818531.0
14	6.335999999999999	1.0	3028364.0	-0.2888072967529297	202710.0	1040395.0	8181.0
14	6.335999999999999	2.0	1639065.0	-0.15631341934204102	638508.0	2080839.0	16313.0
14	6.335999999999999	3.0	677750.0	-0.0646352767944336	1339955.0	3121224.0	24504.0
14	6.335999999999999	4.0	232334.0	-0.02215709686279297	2237570.0	4161736.0	32568.0
14	6.335999999999999	5.0	112762.0	-0.010753822326660157	3224254.0	5202171.0	40709.0
14	6.335999999999999	6.0	96361.0	-0.009189701080322266	4232500.0	6242483.0	48973.0
14	6.335999999999999	7.0	95475.0	-0.009105205535888672	5242939.0	7282955.0	57077.0
14	6.335999999999999	8.0	94801.0	-0.009040927886962891	6253736.0	8323336.0	65272.0
14	6.335999999999999	9.0	94735.0	-0.00903463363647461	7264671.0	9363615.0	73569.0
14	6.335999999999999	10.0	94635.0	-0.009025096893310547	8275236.0	10403814.0	81946.0
14	6.335999999999999	11.0	94840.0	-0.009044647216796875	9286005.0	11444185.0	90151.0
14	6.335999999999999	12.0	94667.0	-0.009028148651123048	10296954.0	12484563.0	98349.0
14	6.335999999999999	13.0	95074.0	-0.009066963195800781	11307679.0	13524966.0	106522.0
14	6.335999999999999	14.0	95023.0	-0.009062099456787109	12318432.0	14565428.0	114636.0
14	6.335999999999999	15.0	94856.0	-0.009046173095703125	13329243.0	15605871.0	122769.0
14	6.335999999999999	16.0	95125.0	-0.009071826934814453	14340137.0	16646169.0	131047.0
14	6.335999999999999	17.0	94603.0	-0.009022045135498046	15350814.0	17686500.0	139292.0
14	6.335999999999999	18.0	94571.0	-0.009018993377685547	16361865.0	18727000.0	147368.0
14	6.335999999999999	19.0	94617.0	-0.009023380279541016	17372695.0	19767342.0	155602.0
14	6.335999999999999	20.0	94836.0	-0.009044265747070313	18383581.0	20807712.0	163808.0
14	6.335999999999999	21.0	94710.0	-0.009032249450683594	19394323.0	21848000.0	172096.0
14	6.335999999999999	22.0	95223.0	-0.009081172943115234	20404930.0	22888422.0	180250.0
14	6.335999999999999	23.0	94386.0	-0.009001350402832032	21415435.0	23928775.0	188473.0
14	6.335999999999999	24.0	94364.0	-0.008999252319335937	22426288.0	24969103.0	196721.0
14	6.335999999999999	25.0	95096.0	-0.009069061279296875	23437160.0	26009441.0	204959.0
14	6.335999999999999	26.0	94798.0	-0.009040641784667968	24447885.0	27049730.0	213246.0
14	6.335999999999999	27.0	94932.0	-0.009053421020507813	25458728.0	28090031.0	221521.0
14	6.335999999999999	28.0	95212.0	-0.009080123901367188	26469595.0	29130348.0	229780.0
14	6.335999999999999	29.0	94937.0	-0.009053897857666016	27480304.0	30170655.0	238049.0
14	6.335999999999999	30.0	94144.0	-0.008978271484375	28491180.0	31210951.0	246329.0
14	6.335999999999999	31.0	94505.0	-0.009012699127197266	29502235.0	32251225.0	254631.0
14	6.335999999999999	32.0	94901.0	-0.009050464630126953	30512876.0	33291622.0	262810.0
14	6.335999999999999	33.0	94587.0	-0.009020519256591798	31523524.0	34331937.0	271071.0
14	6.335999999999999	34.0	94866.0	-0.009047126770019532	32534352.0	35372419.0	279165.0
14	6.335999999999999	35.0	94598.0	-0.009021568298339843	33545101.0	36412629.0	287531.0
14	6.335999999999999	36.0	94966.0	-0.009056663513183594	34556170.0	37453086.0	295650.0
14	6.335999999999999	37.0	94477.0	-0.009010028839111329	35566923.0	38493353.0	303959.0
14	6.335999999999999	38.0	94818.0	-0.00904254913330078	36577686.0	39533759.0	312129.0
14	6.335999999999999	39.0	94614.0	-0.009023094177246093	37588469.0	40573995.0	320469.0
14	6.335999999999999	40.0	95019.0	-0.009061717987060547	38598979.0	41614219.0	328821.0
14	6.335999999999999	41.0	95189.0	-0.009077930450439453	39609895.0	42654648.0	336968.0
14	6.335999999999999	42.0	94890.0	-0.009049415588378906	40620542.0	43695000.0	345192.0
14	6.335999999999999	43.0	94864.0	-0.00904693603515625	41631168.0	44735288.0	353480.0
14	6.335999999999999	44.0	94707.0	-0.009031963348388673	42642097.0	45775814.0	361530.0
14	6.335999999999999	45.0	94438.0	-0.009006309509277343	43652946.0	46816380.0	369540.0
14	6.335999999999999	46.0	94952.0	-0.009055328369140626	44663959.0	47856846.0	377650.0
14	6.335999999999999	47.0	94037.0	-0.008968067169189454	45674480.0	48897283.0	385789.0
14	6.335999999999999	48.0	94728.0	-0.009033966064453124	46685261.0	49937783.0	393865.0
14	6.335999999999999	49.0	94378.0	-0.009000587463378906	47696208.0	50978208.0	402016.0
14	6.335999999999999	50.0	94586.0	-0.009020423889160157	48707286.0	52018637.0	410163.0
14	6.335999999999999	51.0	95106.0	-0.009070014953613282	49718012.0	53059107.0	418269.0
14	6.335999999999999	52.0	94874.0	-0.009047889709472656	50728678.0	54099383.0	426569.0
14	6.335999999999999	53.0	94829.0	-0.009043598175048828	51739498.0	55139777.0	434751.0
14	6.335999999999999	54.0	95074.0	-0.009066963195800781	52750140.0	56180210.0	442894.0
14	6.335999999999999	55.0	94657.0	-0.009027194976806641	53760535.0	57220566.0	451114.0
14	6.335999999999999	56.0	94447.0	-0.00900716781616211	54771454.0	58261017.0	459239.0
14	6.335999999999999	57.0	94568.0	-0.009018707275390624	55782094.0	59301394.0	467438.0
14	6.335999999999999	58.0	94606.0	-0.009022331237792969	56792853.0	60341828.0	475580.0
14	6.335999999999999	59.0	95226.0	-0.009081459045410157	57803352.0	61382064.0	483920.0
14	6.335999999999999	60.0	95174.0	-0.009076499938964843	58813970.0	62422383.0	492177.0
14	6.335999999999999	61.0	94413.0	-0.009003925323486327	59824905.0	63462879.0	500257.0
14	6.335999999999999	62.0	94780.0	-0.009038925170898438	60835673.0	64503363.0	508349.0
14	6.335999999999999	63.0	94162.0	-0.008979988098144532	61846869.0	65543881.0	516407.0
14	6.335999999999999	64.0	94351.0	-0.00899801254272461	62858049.0	66584299.0	524565.0
14	6.335999999999999	65.0	94873.0	-0.009047794342041015	63868966.0	67624453.0	532987.0
14	6.335999999999999	66.0	94101.0	-0.008974170684814453	64879715.0	68664717.0	541299.0
14	6.335999999999999	67.0	94594.0	-0.009021186828613281	65890506.0	69705017.0	549575.0
14	6.335999999999999	68.0	94643.0	-0.009025859832763671	66901287.0	70745569.0	557599.0
14	6.335999999999999	69.0	94601.0	-0.009021854400634766	67912225.0	71785972.0	565772.0
14	6.335999999999999	70.0	94462.0	-0.00900859832763672	68922992.0	72826271.0	574049.0
14	6.335999999999999	71.0	94585.0	-0.009020328521728516	69933908.0	73866724.0	582172.0
14	6.335999999999999	72.0	94229.0	-0.008986377716064453	70944942.0	74907139.0	590333.0
14	6.335999999999999	73.0	94536.0	-0.009015655517578125	71956392.0	75947626.0	598422.0
14	6.335999999999999	74.0	94618.0	-0.009023475646972656	72967477.0	76988128.0	606496.0
14	6.335999999999999	75.0	94737.0	-0.009034824371337891	73978100.0	78028427.0	614773.0
14	6.335999999999999	76.0	94240.0	-0.0089874267578125	74988847.0	79068860.0	622916.0
14	6.335999999999999	77.0	94815.0	-0.00904226303100586	75999834.0	80109269.0	631083.0
14	6.335999999999999	78.0	94958.0	-0.009055900573730468	77010778.0	81149742.0	639186.0
14	6.335999999999999	79.0	94453.0	-0.009007740020751952	78021563.0	82190082.0	647422.0
14	6.335999999999999	80.0	94775.0	-0.009038448333740234	79032500.0	83230392.0	655688.0
14	6.335999999999999	81.0	94728.0	-0.009033966064453124	80043050.0	84270716.0	663940.0
14	6.335999999999999	82.0	94674.0	-0.009028816223144531	81054034.0	85311027.0	672205.0
14	6.335999999999999	83.0	94864.0	-0.00904693603515625	82064939.0	86351236.0	680572.0
14	6.335999999999999	84.0	95353.0	-0.009093570709228515	83075718.0	87391665.0	688719.0
14	6.335999999999999	85.0	94499.0	-0.009012126922607422	84086238.0	88431941.0	697019.0
14	6.335999999999999	86.0	95157.0	-0.009074878692626954	85096928.0	89472388.0	705148.0
14	6.335999999999999	87.0	94481.0	-0.009010410308837891	86107764.0	90512867.0	713245.0
14	6.335999999999999	88.0	94840.0	-0.009044647216796875	87118553.0	91553346.0	721342.0
14	6.335999999999999	89.0	94929.0	-0.00905313491821289	88129279.0	92593695.0	729569.0
14	6.335999999999999	90.0	94785.0	-0.00903940200805664	89140224.0	93634134.0	737706.0
14	6.335999999999999	91.0	95280.0	-0.00908660888671875	90150860.0	94674487.0	745929.0
14	6.335999999999999	92.0	94901.0	-0.009050464630126953	91161702.0	95714979.0	754013.0
14	6.335999999999999	93.0	94354.0	-0.008998298645019531	92172754.0	96755343.0	762225.0
14	6.335999999999999	94.0	95065.0	-0.009066104888916016	93183204.0	97795686.0	770458.0
14	6.335999999999999	95.0	95083.0	-0.009067821502685546	94194077.0	98836108.0	778612.0
14	6.335999999999999	96.0	94269.0	-0.008990192413330078	95204774.0	99876457.0	786839.0
14	6.335999999999999	97.0	94449.0	-0.00900735855102539	96215792.0	100916907.0	794965.0
14	6.335999999999999	98.0	95174.0	-0.009076499938964843	97226679.0	101957253.0	803195.0
14	6.335999999999999	99.0	94315.0	-0.008994579315185547	98237329.0	102997672.0	811352.0
14	6.335999999999999	100.0	94932.0	-0.009053421020507813	99247866.0	104037977.0	819623.0
15	6.209999999999999	1.0	3090737.0	-0.2947556495666504	193970.0	1040339.0	8237.0
15	6.209999999999999	2.0	1731978.0	-0.1651742935180664	610877.0	2080669.0	16483.0
15	6.209999999999999	3.0	754117.0	-0.0719182014465332	1288092.0	3121066.0	24662.0
15	6.209999999999999	4.0	270174.0	-0.02576580047607422	2166514.0	4161495.0	32809.0
15	6.209999999999999	5.0	122205.0	-0.011654376983642578	3144165.0	5201921.0	40959.0
15	6.209999999999999	6.0	97427.0	-0.009291362762451173	4149919.0	6242384.0	49072.0
15	6.209999999999999	7.0	94910.0	-0.009051322937011719	5159611.0	7282686.0	57346.0
15	6.209999999999999	8.0	94391.0	-0.009001827239990235	6169780.0	8322956.0	65652.0
15	6.209999999999999	9.0	94847.0	-0.00904531478881836	7180124.0	9363493.0	73691.0
15	6.209999999999999	10.0	94792.0	-0.009040069580078126	8190650.0	10403895.0	81865.0
15	6.209999999999999	11.0	94655.0	-0.00902700424194336	9200778.0	11444216.0	90120.0
15	6.209999999999999	12.0	94760.0	-0.009037017822265625	10210830.0	12484720.0	98192.0
15	6.209999999999999	13.0	95084.0	-0.009067916870117187	11220602.0	13525019.0	106469.0
15	6.209999999999999	14.0	95286.0	-0.009087181091308594	12230566.0	14565323.0	114741.0
15	6.209999999999999	15.0	94791.0	-0.009039974212646485	13240726.0	15605634.0	123006.0
15	6.209999999999999	16.0	95077.0	-0.009067249298095704	14250580.0	16645844.0	131372.0
15	6.209999999999999	17.0	94936.0	-0.009053802490234375	15261211.0	17686322.0	139470.0
15	6.209999999999999	18.0	95758.0	-0.009132194519042968	16271237.0	18726712.0	147656.0
15	6.209999999999999	19.0	94555.0	-0.009017467498779297	17281374.0	19767308.0	155636.0
15	6.209999999999999	20.0	94962.0	-0.009056282043457032	18291565.0	20807732.0	163788.0
15	6.209999999999999	21.0	95239.0	-0.009082698822021484	19301845.0	21848294.0	171802.0
15	6.209999999999999	22.0	95279.0	-0.009086513519287109	20312037.0	22888773.0	179899.0
15	6.209999999999999	23.0	95254.0	-0.009084129333496093	21321773.0	23929292.0	187956.0
15	6.209999999999999	24.0	95103.0	-0.009069728851318359	22332180.0	24969733.0	196091.0
15	6.209999999999999	25.0	94787.0	-0.009039592742919923	23342630.0	26010229.0	204171.0
15	6.209999999999999	26.0	94503.0	-0.009012508392333984	24352644.0	27050623.0	212353.0
15	6.209999999999999	27.0	94913.0	-0.00905160903930664	25362980.0	28091045.0	220507.0
15	6.209999999999999	28.0	95090.0	-0.009068489074707031	26372937.0	29131330.0	228798.0
15	6.209999999999999	29.0	94854.0	-0.009045982360839843	27383261.0	30171782.0	236922.0
15	6.209999999999999	30.0	94860.0	-0.009046554565429688	28393512.0	31212226.0	245054.0
15	6.209999999999999	31.0	95121.0	-0.009071445465087891	29403500.0	32252481.0	253375.0
15	6.209999999999999	32.0	95191.0	-0.009078121185302735	30413729.0	33292823.0	261609.0
15	6.209999999999999	33.0	94812.0	-0.009041976928710938	31423712.0	34333084.0	269924.0
15	6.209999999999999	34.0	94499.0	-0.009012126922607422	32433755.0	35373369.0	278215.0
15	6.209999999999999	35.0	95010.0	-0.009060859680175781	33443710.0	36413713.0	286447.0
15	6.209999999999999	36.0	94256.0	-0.00898895263671875	34453940.0	37454114.0	294622.0
15	6.209999999999999	37.0	95032.0	-0.009062957763671876	35464065.0	38494522.0	302790.0
15	6.209999999999999	38.0	94919.0	-0.009052181243896484	36474122.0	39534871.0	311017.0
15	6.209999999999999	39.0	95014.0	-0.009061241149902343	37484118.0	40575101.0	319363.0
15	6.209999999999999	40.0	94691.0	-0.009030437469482422	38494170.0	41615433.0	327607.0
15	6.209999999999999	41.0	94394.0	-0.009002113342285156	39504253.0	42655762.0	335854.0
15	6.209999999999999	42.0	95073.0	-0.00906686782836914	40514222.0	43696170.0	344022.0
15	6.209999999999999	43.0	95371.0	-0.009095287322998047	41524244.0	44736613.0	352155.0
15	6.209999999999999	44.0	95173.0	-0.009076404571533202	42534242.0	45777059.0	360285.0
15	6.209999999999999	45.0	94872.0	-0.009047698974609376	43544571.0	46817346.0	368574.0
15	6.209999999999999	46.0	95330.0	-0.009091377258300781	44554896.0	47857789.0	376707.0
15	6.209999999999999	47.0	94945.0	-0.00905466079711914	45565027.0	48898275.0	384797.0
15	6.209999999999999	48.0	94920.0	-0.009052276611328125	46575050.0	49938585.0	393063.0
15	6.209999999999999	49.0	94383.0	-0.009001064300537109	47585405.0	50979016.0	401208.0
15	6.209999999999999	50.0	94931.0	-0.009053325653076172	48595830.0	52019420.0	409380.0
15	6.209999999999999	51.0	95198.0	-0.009078788757324218	49605857.0	53059802.0	417574.0
15	6.209999999999999	52.0	94758.0	-0.009036827087402343	50616093.0	54100169.0	425783.0
15	6.209999999999999	53.0	95002.0	-0.009060096740722657	51626284.0	55140653.0	433875.0
15	6.209999999999999	54.0	95008.0	-0.0090606689453125	52636233.0	56181059.0	442045.0
15	6.209999999999999	55.0	95566.0	-0.009113883972167969	53646032.0	57221395.0	450285.0
15	6.209999999999999	56.0	95564.0	-0.009113693237304687	54655705.0	58261719.0	458537.0
15	6.209999999999999	57.0	94759.0	-0.009036922454833984	55665557.0	59302067.0	466765.0
15	6.209999999999999	58.0	95148.0	-0.009074020385742187	56675520.0	60342429.0	474979.0
15	6.209999999999999	59.0	94087.0	-0.008972835540771485	57686035.0	61382756.0	483228.0
15	6.209999999999999	60.0	94451.0	-0.009007549285888672	58696552.0	62423177.0	491383.0
15	6.209999999999999	61.0	95064.0	-0.009066009521484375	59706603.0	63463551.0	499585.0
15	6.209999999999999	62.0	94794.0	-0.009040260314941406	60716819.0	64504025.0	507687.0
15	6.209999999999999	63.0	95727.0	-0.00912923812866211	61726996.0	65544497.0	515791.0
15	6.209999999999999	64.0	94890.0	-0.009049415588378906	62736784.0	66584771.0	524093.0
15	6.209999999999999	65.0	94868.0	-0.009047317504882812	63746682.0	67625172.0	532268.0
15	6.209999999999999	66.0	95092.0	-0.009068679809570313	64757032.0	68665712.0	540304.0
15	6.209999999999999	67.0	94714.0	-0.009032630920410156	65767271.0	69706125.0	548467.0
15	6.209999999999999	68.0	94693.0	-0.009030628204345702	66777512.0	70746420.0	556748.0
15	6.209999999999999	69.0	94708.0	-0.009032058715820312	67787441.0	71786691.0	565053.0
15	6.209999999999999	70.0	95111.0	-0.009070491790771485	68797461.0	72827161.0	573159.0
15	6.209999999999999	71.0	95196.0	-0.009078598022460938	69807570.0	73867522.0	581374.0
15	6.209999999999999	72.0	95180.0	-0.009077072143554688	70817836.0	74907970.0	589502.0
15	6.209999999999999	73.0	94998.0	-0.009059715270996093	71827538.0	75948383.0	597665.0
15	6.209999999999999	74.0	95479.0	-0.009105587005615234	72837670.0	76988793.0	605831.0
15	6.209999999999999	75.0	95012.0	-0.009061050415039063	73848030.0	78029170.0	614030.0
15	6.209999999999999	76.0	94979.0	-0.009057903289794922	74858246.0	79069618.0	622158.0
15	6.209999999999999	77.0	95117.0	-0.009071063995361329	75868448.0	80110045.0	630307.0
15	6.209999999999999	78.0	94874.0	-0.009047889709472656	76878928.0	81150457.0	638471.0
15	6.209999999999999	79.0	94906.0	-0.009050941467285157	77889126.0	82190920.0	646584.0
15	6.209999999999999	80.0	94734.0	-0.009034538269042968	78899363.0	83231299.0	654781.0
15	6.209999999999999	81.0	95338.0	-0.009092140197753906	79909467.0	84271593.0	663063.0
15	6.209999999999999	82.0	94997.0	-0.009059619903564454	80920098.0	85312028.0	671204.0
15	6.209999999999999	83.0	94966.0	-0.009056663513183594	81930170.0	86352314.0	679494.0
15	6.209999999999999	84.0	95420.0	-0.009099960327148438	82940389.0	87392635.0	687749.0
15	6.209999999999999	85.0	94877.0	-0.009048175811767579	83950871.0	88433066.0	695894.0
15	6.209999999999999	86.0	95174.0	-0.009076499938964843	84960941.0	89473502.0	704034.0
15	6.209999999999999	87.0	95052.0	-0.009064865112304688	85971359.0	90514020.0	712092.0
15	6.209999999999999	88.0	94838.0	-0.009044456481933593	86981314.0	91554472.0	720216.0
15	6.209999999999999	89.0	94618.0	-0.009023475646972656	87991489.0	92594917.0	728347.0
15	6.209999999999999	90.0	95481.0	-0.009105777740478516	89001315.0	93635303.0	736537.0
15	6.209999999999999	91.0	94833.0	-0.00904397964477539	90011544.0	94675642.0	744774.0
15	6.209999999999999	92.0	94945.0	-0.00905466079711914	91021791.0	95716098.0	752894.0
15	6.209999999999999	93.0	95711.0	-0.00912771224975586	92031735.0	96756520.0	761048.0
15	6.209999999999999	94.0	94904.0	-0.009050750732421875	93041955.0	97796871.0	769273.0
15	6.209999999999999	95.0	95222.0	-0.009081077575683594	94052263.0	98837449.0	777271.0
15	6.209999999999999	96.0	94647.0	-0.009026241302490235	95062363.0	99877781.0	785515.0
15	6.209999999999999	97.0	94928.0	-0.00905303955078125	96072262.0	100918144.0	793728.0
15	6.209999999999999	98.0	95209.0	-0.009079837799072265	97082323.0	101958503.0	801945.0
15	6.209999999999999	99.0	95317.0	-0.009090137481689454	98092457.0	102998870.0	810154.0
15	6.209999999999999	100.0	94901.0	-0.009050464630126953	99102480.0	104039262.0	818338.0
16	6.0840000000000005	1.0	3146454.0	-0.3000692367553711	185838.0	1040223.0	8353.0
16	6.0840000000000005	2.0	1823309.0	-0.17388429641723632	583983.0	2080687.0	16465.0
16	6.0840000000000005	3.0	835403.0	-0.07967023849487305	1236216.0	3120933.0	24795.0
16	6.0840000000000005	4.0	308175.0	-0.02938985824584961	2094700.0	4161547.0	32757.0
16	6.0840000000000005	5.0	132542.0	-0.01264019012451172	3063431.0	5201934.0	40946.0
16	6.0840000000000005	6.0	99154.0	-0.009456062316894531	4066713.0	6242473.0	48983.0
16	6.0840000000000005	7.0	95356.0	-0.009093856811523438	5075913.0	7282883.0	57149.0
16	6.0840000000000005	8.0	94961.0	-0.009056186676025391	6085537.0	8323300.0	65308.0
16	6.0840000000000005	9.0	95390.0	-0.009097099304199219	7095038.0	9363638.0	73546.0
16	6.0840000000000005	10.0	95266.0	-0.009085273742675782	8104698.0	10404059.0	81701.0
16	6.0840000000000005	11.0	95670.0	-0.009123802185058594	9114283.0	11444420.0	89916.0
16	6.0840000000000005	12.0	95471.0	-0.00910482406616211	10124030.0	12484986.0	97926.0
16	6.0840000000000005	13.0	95284.0	-0.009086990356445312	11133103.0	13525302.0	106186.0
16	6.0840000000000005	14.0	95116.0	-0.009070968627929688	12142535.0	14565747.0	114317.0
16	6.0840000000000005	15.0	95367.0	-0.009094905853271485	13152120.0	15606095.0	122545.0
16	6.0840000000000005	16.0	95382.0	-0.009096336364746094	14161378.0	16646441.0	130775.0
16	6.0840000000000005	17.0	95260.0	-0.009084701538085938	15170794.0	17686835.0	138957.0
16	6.0840000000000005	18.0	95496.0	-0.009107208251953125	16180359.0	18727199.0	147169.0
16	6.0840000000000005	19.0	95519.0	-0.009109401702880859	17190083.0	19767661.0	155283.0
16	6.0840000000000005	20.0	95258.0	-0.009084510803222656	18199281.0	20808038.0	163482.0
16	6.0840000000000005	21.0	95450.0	-0.009102821350097656	19208651.0	21848492.0	171604.0
16	6.0840000000000005	22.0	94991.0	-0.00905904769897461	20218113.0	22888731.0	179941.0
16	6.0840000000000005	23.0	95457.0	-0.009103488922119141	21227603.0	23929052.0	188196.0
16	6.0840000000000005	24.0	95318.0	-0.009090232849121093	22236843.0	24969554.0	196270.0
16	6.0840000000000005	25.0	95914.0	-0.009147071838378906	23246069.0	26009982.0	204418.0
16	6.0840000000000005	26.0	95551.0	-0.00911245346069336	24255115.0	27050376.0	212600.0
16	6.0840000000000005	27.0	95154.0	-0.009074592590332031	25264303.0	28090729.0	220823.0
16	6.0840000000000005	28.0	95469.0	-0.009104633331298828	26273323.0	29131128.0	229000.0
16	6.0840000000000005	29.0	94987.0	-0.009058666229248048	27282621.0	30171412.0	237292.0
16	6.0840000000000005	30.0	95251.0	-0.009083843231201172	28292551.0	31211861.0	245419.0
16	6.0840000000000005	31.0	95539.0	-0.009111309051513672	29302070.0	32252255.0	253601.0
16	6.0840000000000005	32.0	95243.0	-0.009083080291748046	30311478.0	33292554.0	261878.0
16	6.0840000000000005	33.0	95371.0	-0.009095287322998047	31320962.0	34333113.0	269895.0
16	6.0840000000000005	34.0	95751.0	-0.009131526947021485	32330697.0	35373536.0	278048.0
16	6.0840000000000005	35.0	94989.0	-0.009058856964111328	33340303.0	36414034.0	286126.0
16	6.0840000000000005	36.0	95322.0	-0.009090614318847657	34349834.0	37454408.0	294328.0
16	6.0840000000000005	37.0	95220.0	-0.009080886840820312	35359365.0	38494847.0	302465.0
16	6.0840000000000005	38.0	95649.0	-0.00912179946899414	36368686.0	39535159.0	310729.0
16	6.0840000000000005	39.0	95174.0	-0.009076499938964843	37378098.0	40575468.0	318996.0
16	6.0840000000000005	40.0	95405.0	-0.009098529815673828	38387371.0	41615797.0	327243.0
16	6.0840000000000005	41.0	95662.0	-0.00912303924560547	39396643.0	42656204.0	335412.0
16	6.0840000000000005	42.0	94889.0	-0.009049320220947265	40406279.0	43696499.0	343693.0
16	6.0840000000000005	43.0	95043.0	-0.009064006805419921	41415879.0	44736941.0	351827.0
16	6.0840000000000005	44.0	94642.0	-0.009025764465332032	42425207.0	45777259.0	360085.0
16	6.0840000000000005	45.0	95002.0	-0.009060096740722657	43434396.0	46817467.0	368453.0
16	6.0840000000000005	46.0	95532.0	-0.009110641479492188	44444058.0	47857942.0	376554.0
16	6.0840000000000005	47.0	95863.0	-0.009142208099365234	45453355.0	48898388.0	384684.0
16	6.0840000000000005	48.0	95276.0	-0.009086227416992188	46463257.0	49938856.0	392792.0
16	6.0840000000000005	49.0	95153.0	-0.00907449722290039	47472652.0	50979268.0	400956.0
16	6.0840000000000005	50.0	95422.0	-0.00910015106201172	48482035.0	52019635.0	409165.0
16	6.0840000000000005	51.0	95053.0	-0.009064960479736327	49491481.0	53060041.0	417335.0
16	6.0840000000000005	52.0	95519.0	-0.009109401702880859	50501453.0	54100374.0	425578.0
16	6.0840000000000005	53.0	94961.0	-0.009056186676025391	51511086.0	55140596.0	433932.0
16	6.0840000000000005	54.0	94958.0	-0.009055900573730468	52520724.0	56181011.0	442093.0
16	6.0840000000000005	55.0	95732.0	-0.009129714965820313	53530287.0	57221391.0	450289.0
16	6.0840000000000005	56.0	95694.0	-0.009126091003417968	54539425.0	58261803.0	458453.0
16	6.0840000000000005	57.0	95067.0	-0.009066295623779298	55548982.0	59302157.0	466675.0
16	6.0840000000000005	58.0	95724.0	-0.009128952026367187	56558763.0	60342505.0	474903.0
16	6.0840000000000005	59.0	95307.0	-0.009089183807373048	57568413.0	61382941.0	483043.0
16	6.0840000000000005	60.0	95626.0	-0.009119606018066407	58578140.0	62423376.0	491184.0
16	6.0840000000000005	61.0	95118.0	-0.009071159362792968	59587645.0	63463851.0	499285.0
16	6.0840000000000005	62.0	95045.0	-0.009064197540283203	60596999.0	64504117.0	507595.0
16	6.0840000000000005	63.0	95531.0	-0.009110546112060547	61606388.0	65544458.0	515830.0
16	6.0840000000000005	64.0	95295.0	-0.00908803939819336	62615723.0	66584931.0	523933.0
16	6.0840000000000005	65.0	95239.0	-0.009082698822021484	63625316.0	67625425.0	532015.0
16	6.0840000000000005	66.0	95069.0	-0.009066486358642578	64634706.0	68665829.0	540187.0
16	6.0840000000000005	67.0	95803.0	-0.009136486053466796	65644183.0	69706292.0	548300.0
16	6.0840000000000005	68.0	95504.0	-0.00910797119140625	66653731.0	70746829.0	556339.0
16	6.0840000000000005	69.0	95436.0	-0.009101486206054688	67663454.0	71787337.0	564407.0
16	6.0840000000000005	70.0	95397.0	-0.009097766876220704	68672956.0	72827542.0	572778.0
16	6.0840000000000005	71.0	95500.0	-0.009107589721679688	69682188.0	73867858.0	581038.0
16	6.0840000000000005	72.0	94977.0	-0.009057712554931641	70691925.0	74908271.0	589201.0
16	6.0840000000000005	73.0	95049.0	-0.009064579010009765	71701654.0	75948796.0	597252.0
16	6.0840000000000005	74.0	94907.0	-0.009051036834716798	72711379.0	76989177.0	605447.0
16	6.0840000000000005	75.0	94950.0	-0.009055137634277344	73720938.0	78029584.0	613616.0
16	6.0840000000000005	76.0	95519.0	-0.009109401702880859	74730634.0	79069967.0	621809.0
16	6.0840000000000005	77.0	94985.0	-0.009058475494384766	75739998.0	80110497.0	629855.0
16	6.0840000000000005	78.0	95385.0	-0.009096622467041016	76749547.0	81150859.0	638069.0
16	6.0840000000000005	79.0	95156.0	-0.009074783325195313	77758769.0	82191192.0	646312.0
16	6.0840000000000005	80.0	94750.0	-0.009036064147949219	78768450.0	83231610.0	654470.0
16	6.0840000000000005	81.0	94812.0	-0.009041976928710938	79778118.0	84272050.0	662606.0
16	6.0840000000000005	82.0	95390.0	-0.009097099304199219	80787670.0	85312425.0	670807.0
16	6.0840000000000005	83.0	95251.0	-0.009083843231201172	81797068.0	86352821.0	678987.0
16	6.0840000000000005	84.0	94987.0	-0.009058666229248048	82806177.0	87393253.0	687131.0
16	6.0840000000000005	85.0	95381.0	-0.009096240997314453	83815384.0	88433515.0	695445.0
16	6.0840000000000005	86.0	95466.0	-0.009104347229003907	84824860.0	89473776.0	703760.0
16	6.0840000000000005	87.0	95268.0	-0.009085464477539062	85834514.0	90514143.0	711969.0
16	6.0840000000000005	88.0	94900.0	-0.009050369262695312	86844063.0	91554577.0	720111.0
16	6.0840000000000005	89.0	95111.0	-0.009070491790771485	87853811.0	92595000.0	728264.0
16	6.0840000000000005	90.0	95152.0	-0.00907440185546875	88863350.0	93635207.0	736633.0
16	6.0840000000000005	91.0	95570.0	-0.009114265441894531	89872955.0	94675742.0	744674.0
16	6.0840000000000005	92.0	95206.0	-0.009079551696777344	90882640.0	95716170.0	752822.0
16	6.0840000000000005	93.0	95572.0	-0.009114456176757813	91892248.0	96756566.0	761002.0
16	6.0840000000000005	94.0	95516.0	-0.009109115600585938	92901567.0	97796762.0	769382.0
16	6.0840000000000005	95.0	95166.0	-0.009075736999511719	93911034.0	98837032.0	777688.0
16	6.0840000000000005	96.0	95868.0	-0.009142684936523437	94920318.0	99877486.0	785810.0
16	6.0840000000000005	97.0	95396.0	-0.009097671508789063	95929673.0	100917806.0	794066.0
16	6.0840000000000005	98.0	95691.0	-0.009125804901123047	96938880.0	101958097.0	802351.0
16	6.0840000000000005	99.0	95079.0	-0.009067440032958984	97948478.0	102998459.0	810565.0
16	6.0840000000000005	100.0	94794.0	-0.009040260314941406	98958187.0	104038773.0	818827.0
17	5.958	1.0	3199124.0	-0.30509223937988283	179059.0	1040319.0	8257.0
17	5.958	2.0	1916529.0	-0.18277444839477539	561110.0	2080733.0	16419.0
17	5.958	3.0	925419.0	-0.08825483322143554	1188355.0	3121122.0	24606.0
17	5.958	4.0	365043.0	-0.034813213348388675	2022638.0	4161490.0	32814.0
17	5.958	5.0	152400.0	-0.01453399658203125	2977205.0	5201895.0	40985.0
17	5.958	6.0	103042.0	-0.009826850891113282	3975809.0	6242166.0	49290.0
17	5.958	7.0	96428.0	-0.009196090698242187	4983608.0	7282643.0	57389.0
17	5.958	8.0	95312.0	-0.00908966064453125	5992281.0	8322949.0	65659.0
17	5.958	9.0	95232.0	-0.00908203125	7001089.0	9363196.0	73988.0
17	5.958	10.0	95406.0	-0.009098625183105469	8009713.0	10403470.0	82290.0
17	5.958	11.0	95785.0	-0.009134769439697266	9018441.0	11443888.0	90448.0
17	5.958	12.0	96178.0	-0.00917224884033203	10027215.0	12484427.0	98485.0
17	5.958	13.0	95361.0	-0.009094333648681641	11036428.0	13525049.0	106439.0
17	5.958	14.0	95481.0	-0.009105777740478516	12045303.0	14565506.0	114558.0
17	5.958	15.0	95441.0	-0.009101963043212891	13054036.0	15605856.0	122784.0
17	5.958	16.0	95800.0	-0.009136199951171875	14062917.0	16646340.0	130876.0
17	5.958	17.0	96045.0	-0.009159564971923828	15071388.0	17686620.0	139172.0
17	5.958	18.0	95647.0	-0.00912160873413086	16080143.0	18727043.0	147325.0
17	5.958	19.0	95785.0	-0.009134769439697266	17089029.0	19767408.0	155536.0
17	5.958	20.0	96064.0	-0.009161376953125	18097675.0	20807746.0	163774.0
17	5.958	21.0	95402.0	-0.009098243713378907	19106522.0	21848179.0	171917.0
17	5.958	22.0	95891.0	-0.009144878387451172	20115541.0	22888625.0	180047.0
17	5.958	23.0	95559.0	-0.009113216400146484	21124338.0	23929052.0	188196.0
17	5.958	24.0	95223.0	-0.009081172943115234	22132934.0	24969430.0	196394.0
17	5.958	25.0	95791.0	-0.00913534164428711	23141618.0	26009736.0	204664.0
17	5.958	26.0	95100.0	-0.009069442749023438	24150615.0	27049949.0	213027.0
17	5.958	27.0	95568.0	-0.00911407470703125	25159461.0	28090251.0	221301.0
17	5.958	28.0	96101.0	-0.009164905548095703	26168471.0	29130611.0	229517.0
17	5.958	29.0	95758.0	-0.009132194519042968	27176741.0	30170696.0	238008.0
17	5.958	30.0	95296.0	-0.009088134765625	28185497.0	31211068.0	246212.0
17	5.958	31.0	95469.0	-0.009104633331298828	29194319.0	32251465.0	254391.0
17	5.958	32.0	95490.0	-0.009106636047363281	30202937.0	33291603.0	262829.0
17	5.958	33.0	95467.0	-0.009104442596435548	31211635.0	34331802.0	271206.0
17	5.958	34.0	95000.0	-0.009059906005859375	32220540.0	35372235.0	279349.0
17	5.958	35.0	95286.0	-0.009087181091308594	33229377.0	36412562.0	287598.0
17	5.958	36.0	95993.0	-0.009154605865478515	34238172.0	37453043.0	295693.0
17	5.958	37.0	96227.0	-0.009176921844482423	35246796.0	38493498.0	303814.0
17	5.958	38.0	95681.0	-0.009124851226806641	36255421.0	39533862.0	312026.0
17	5.958	39.0	95717.0	-0.009128284454345704	37264125.0	40574172.0	320292.0
17	5.958	40.0	95870.0	-0.009142875671386719	38272638.0	41614539.0	328501.0
17	5.958	41.0	95297.0	-0.009088230133056641	39281560.0	42654808.0	336808.0
17	5.958	42.0	95718.0	-0.009128379821777343	40290340.0	43695200.0	344992.0
17	5.958	43.0	95833.0	-0.009139347076416015	41299190.0	44735607.0	353161.0
17	5.958	44.0	95541.0	-0.009111499786376953	42308021.0	45775999.0	361345.0
17	5.958	45.0	95541.0	-0.009111499786376953	43317296.0	46816575.0	369345.0
17	5.958	46.0	95531.0	-0.009110546112060547	44326642.0	47857058.0	377438.0
17	5.958	47.0	95460.0	-0.009103775024414062	45335472.0	48897339.0	385733.0
17	5.958	48.0	95591.0	-0.009116268157958985	46344562.0	49937745.0	393903.0
17	5.958	49.0	95588.0	-0.009115982055664062	47353491.0	50978208.0	402016.0
17	5.958	50.0	95703.0	-0.009126949310302734	48362397.0	52018656.0	410144.0
17	5.958	51.0	95392.0	-0.0090972900390625	49371242.0	53058910.0	418466.0
17	5.958	52.0	94973.0	-0.009057331085205077	50380294.0	54099351.0	426601.0
17	5.958	53.0	95817.0	-0.009137821197509766	51388949.0	55139622.0	434906.0
17	5.958	54.0	95820.0	-0.009138107299804688	52397673.0	56179844.0	443260.0
17	5.958	55.0	95981.0	-0.009153461456298828	53406414.0	57220074.0	451606.0
17	5.958	56.0	95609.0	-0.009117984771728515	54414987.0	58260462.0	459794.0
17	5.958	57.0	95730.0	-0.009129524230957031	55423833.0	59301018.0	467814.0
17	5.958	58.0	96123.0	-0.009167003631591796	56432414.0	60341342.0	476066.0
17	5.958	59.0	94999.0	-0.009059810638427734	57441081.0	61381654.0	484330.0
17	5.958	60.0	96025.0	-0.009157657623291016	58449904.0	62422073.0	492487.0
17	5.958	61.0	95610.0	-0.009118080139160156	59458692.0	63462619.0	500517.0
17	5.958	62.0	95097.0	-0.009069156646728516	60467525.0	64503052.0	508660.0
17	5.958	63.0	95605.0	-0.009117603302001953	61476236.0	65543481.0	516807.0
17	5.958	64.0	95855.0	-0.00914144515991211	62485032.0	66583791.0	525073.0
17	5.958	65.0	95217.0	-0.009080600738525391	63494184.0	67624247.0	533193.0
17	5.958	66.0	96005.0	-0.009155750274658203	64502710.0	68664680.0	541336.0
17	5.958	67.0	95587.0	-0.009115886688232423	65511319.0	69704999.0	549593.0
17	5.958	68.0	95557.0	-0.009113025665283204	66519931.0	70745291.0	557877.0
17	5.958	69.0	95823.0	-0.009138393402099609	67528899.0	71785740.0	566004.0
17	5.958	70.0	95563.0	-0.009113597869873046	68537902.0	72826144.0	574176.0
17	5.958	71.0	94652.0	-0.009026718139648438	69547047.0	73866530.0	582366.0
17	5.958	72.0	95197.0	-0.009078693389892579	70555897.0	74906920.0	590552.0
17	5.958	73.0	95773.0	-0.009133625030517577	71564712.0	75947345.0	598703.0
17	5.958	74.0	95665.0	-0.00912332534790039	72573226.0	76987486.0	607138.0
17	5.958	75.0	95259.0	-0.009084606170654297	73581474.0	78027875.0	615325.0
17	5.958	76.0	95765.0	-0.009132862091064453	74590789.0	79068508.0	623268.0
17	5.958	77.0	95367.0	-0.009094905853271485	75599604.0	80108983.0	631369.0
17	5.958	78.0	95786.0	-0.009134864807128907	76608410.0	81149244.0	639684.0
17	5.958	79.0	95810.0	-0.009137153625488281	77617468.0	82189721.0	647783.0
17	5.958	80.0	96100.0	-0.009164810180664062	78626437.0	83230268.0	655812.0
17	5.958	81.0	95824.0	-0.00913848876953125	79635126.0	84270576.0	664080.0
17	5.958	82.0	95717.0	-0.009128284454345704	80643965.0	85311116.0	672116.0
17	5.958	83.0	95489.0	-0.00910654067993164	81653120.0	86351503.0	680305.0
17	5.958	84.0	96349.0	-0.009188556671142578	82661802.0	87391834.0	688550.0
17	5.958	85.0	96045.0	-0.009159564971923828	83670505.0	88432271.0	696689.0
17	5.958	86.0	95482.0	-0.009105873107910157	84679273.0	89472544.0	704992.0
17	5.958	87.0	95413.0	-0.009099292755126952	85688202.0	90512873.0	713239.0
17	5.958	88.0	95529.0	-0.009110355377197265	86697070.0	91553407.0	721281.0
17	5.958	89.0	96199.0	-0.009174251556396484	87705699.0	92593829.0	729435.0
17	5.958	90.0	95658.0	-0.009122657775878906	88714550.0	93634216.0	737624.0
17	5.958	91.0	95728.0	-0.00912933349609375	89723466.0	94674646.0	745770.0
17	5.958	92.0	95559.0	-0.009113216400146484	90732467.0	95715147.0	753845.0
17	5.958	93.0	95109.0	-0.009070301055908203	91741124.0	96755488.0	762080.0
17	5.958	94.0	96328.0	-0.009186553955078124	92750122.0	97795944.0	770200.0
17	5.958	95.0	95775.0	-0.00913381576538086	93758887.0	98836414.0	778306.0
17	5.958	96.0	95545.0	-0.009111881256103516	94767658.0	99876725.0	786571.0
17	5.958	97.0	95664.0	-0.00912322998046875	95776720.0	100917169.0	794703.0
17	5.958	98.0	95344.0	-0.00909271240234375	96785819.0	101957717.0	802731.0
17	5.958	99.0	95482.0	-0.009105873107910157	97794736.0	102998265.0	810759.0
17	5.958	100.0	95726.0	-0.009129142761230469	98803588.0	104038679.0	818921.0
18	5.832	1.0	3267405.0	-0.31160402297973633	169588.0	1040327.0	8249.0
18	5.832	2.0	2024495.0	-0.1930708885192871	530577.0	2080521.0	16631.0
18	5.832	3.0	1032818.0	-0.09849720001220703	1129656.0	3121038.0	24690.0
18	5.832	4.0	431605.0	-0.04116106033325195	1937102.0	4161521.0	32783.0
18	5.832	5.0	174927.0	-0.01668233871459961	2876110.0	5202030.0	40850.0
18	5.832	6.0	106936.0	-0.010198211669921875	3868872.0	6242309.0	49147.0
18	5.832	7.0	97744.0	-0.00932159423828125	4874658.0	7282648.0	57384.0
18	5.832	8.0	95648.0	-0.0091217041015625	5882298.0	8323068.0	65540.0
18	5.832	9.0	95471.0	-0.00910482406616211	6890537.0	9363387.0	73797.0
18	5.832	10.0	96289.0	-0.00918283462524414	7898488.0	10403729.0	82031.0
18	5.832	11.0	95957.0	-0.009151172637939454	8906998.0	11444120.0	90216.0
18	5.832	12.0	96023.0	-0.009157466888427734	9915077.0	12484504.0	98408.0
18	5.832	13.0	95763.0	-0.009132671356201171	10923067.0	13524808.0	106680.0
18	5.832	14.0	95562.0	-0.009113502502441407	11930887.0	14565133.0	114931.0
18	5.832	15.0	95936.0	-0.009149169921875	12939051.0	15605593.0	123047.0
18	5.832	16.0	96202.0	-0.009174537658691407	13946600.0	16646014.0	131202.0
18	5.832	17.0	95819.0	-0.009138011932373047	14954882.0	17686478.0	139314.0
18	5.832	18.0	96362.0	-0.009189796447753907	15962908.0	18726729.0	147639.0
18	5.832	19.0	95688.0	-0.009125518798828124	16970825.0	19767120.0	155824.0
18	5.832	20.0	95656.0	-0.009122467041015625	17978888.0	20807430.0	164090.0
18	5.832	21.0	96019.0	-0.009157085418701172	18986889.0	21847797.0	172299.0
18	5.832	22.0	95780.0	-0.009134292602539062	19994968.0	22888227.0	180445.0
18	5.832	23.0	95610.0	-0.009118080139160156	21003045.0	23928523.0	188725.0
18	5.832	24.0	95877.0	-0.009143543243408204	22011052.0	24968842.0	196982.0
18	5.832	25.0	95763.0	-0.009132671356201171	23019129.0	26009298.0	205102.0
18	5.832	26.0	95673.0	-0.009124088287353515	24027424.0	27049643.0	213333.0
18	5.832	27.0	95572.0	-0.009114456176757813	25035520.0	28089883.0	221669.0
18	5.832	28.0	95741.0	-0.009130573272705078	26043283.0	29130241.0	229887.0
18	5.832	29.0	95770.0	-0.009133338928222656	27051158.0	30170483.0	238221.0
18	5.832	30.0	95546.0	-0.009111976623535157	28059243.0	31210877.0	246403.0
18	5.832	31.0	95419.0	-0.009099864959716797	29067221.0	32251081.0	254775.0
18	5.832	32.0	95756.0	-0.009132003784179688	30075910.0	33291620.0	262812.0
18	5.832	33.0	96483.0	-0.009201335906982421	31083817.0	34332015.0	270993.0
18	5.832	34.0	96144.0	-0.00916900634765625	32091934.0	35372490.0	279094.0
18	5.832	35.0	95563.0	-0.009113597869873046	33100292.0	36413025.0	287135.0
18	5.832	36.0	95892.0	-0.009144973754882813	34108815.0	37453466.0	295270.0
18	5.832	37.0	95780.0	-0.009134292602539062	35117023.0	38493940.0	303372.0
18	5.832	38.0	96255.0	-0.00917959213256836	36124996.0	39534417.0	311471.0
18	5.832	39.0	96324.0	-0.009186172485351562	37133162.0	40574672.0	319792.0
18	5.832	40.0	95434.0	-0.009101295471191406	38141289.0	41615108.0	327932.0
18	5.832	41.0	95714.0	-0.009127998352050781	39149723.0	42655484.0	336132.0
18	5.832	42.0	95970.0	-0.009152412414550781	40157408.0	43695786.0	344406.0
18	5.832	43.0	96123.0	-0.009167003631591796	41165328.0	44736234.0	352534.0
18	5.832	44.0	95925.0	-0.009148120880126953	42173881.0	45776659.0	360685.0
18	5.832	45.0	95485.0	-0.009106159210205078	43181800.0	46816833.0	369087.0
18	5.832	46.0	95887.0	-0.00914449691772461	44189991.0	47857236.0	377260.0
18	5.832	47.0	96091.0	-0.009163951873779297	45197955.0	48897587.0	385485.0
18	5.832	48.0	95683.0	-0.009125041961669921	46206068.0	49938037.0	393611.0
18	5.832	49.0	95860.0	-0.009141921997070312	47214329.0	50978420.0	401804.0
18	5.832	50.0	95529.0	-0.009110355377197265	48222249.0	52018829.0	409971.0
18	5.832	51.0	95557.0	-0.009113025665283204	49230484.0	53059259.0	418117.0
18	5.832	52.0	96095.0	-0.00916433334350586	50238446.0	54099667.0	426285.0
18	5.832	53.0	95755.0	-0.009131908416748047	51246378.0	55139971.0	434557.0
18	5.832	54.0	95749.0	-0.009131336212158203	52254356.0	56180332.0	442772.0
18	5.832	55.0	95683.0	-0.009125041961669921	53262722.0	57220823.0	450857.0
18	5.832	56.0	95972.0	-0.009152603149414063	54271284.0	58261279.0	458977.0
18	5.832	57.0	95869.0	-0.009142780303955078	55279295.0	59301691.0	467141.0
18	5.832	58.0	95588.0	-0.009115982055664062	56287431.0	60342258.0	475150.0
18	5.832	59.0	95598.0	-0.009116935729980468	57295447.0	61382626.0	483358.0
18	5.832	60.0	95733.0	-0.009129810333251952	58303570.0	62422825.0	491735.0
18	5.832	61.0	96021.0	-0.009157276153564453	59311648.0	63463245.0	499891.0
18	5.832	62.0	96002.0	-0.009155464172363282	60319870.0	64503593.0	508119.0
18	5.832	63.0	95571.0	-0.009114360809326172	61327852.0	65544093.0	516195.0
18	5.832	64.0	95796.0	-0.009135818481445313	62336351.0	66584605.0	524259.0
18	5.832	65.0	96230.0	-0.009177207946777344	63344110.0	67625173.0	532267.0
18	5.832	66.0	96185.0	-0.009172916412353516	64352463.0	68665506.0	540510.0
18	5.832	67.0	95483.0	-0.009105968475341796	65360597.0	69705840.0	548752.0
18	5.832	68.0	95740.0	-0.009130477905273438	66368741.0	70746316.0	556852.0
18	5.832	69.0	96171.0	-0.009171581268310547	67376732.0	71786737.0	565007.0
18	5.832	70.0	95918.0	-0.009147453308105468	68384683.0	72827161.0	573159.0
18	5.832	71.0	95931.0	-0.009148693084716797	69392553.0	73867623.0	581273.0
18	5.832	72.0	96466.0	-0.009199714660644532	70400441.0	74907969.0	589503.0
18	5.832	73.0	95836.0	-0.009139633178710938	71408637.0	75948320.0	597728.0
18	5.832	74.0	96145.0	-0.00916910171508789	72417003.0	76988738.0	605886.0
18	5.832	75.0	95870.0	-0.009142875671386719	73425137.0	78029103.0	614097.0
18	5.832	76.0	96358.0	-0.009189414978027343	74433344.0	79069518.0	622258.0
18	5.832	77.0	96083.0	-0.009163188934326171	75441375.0	80110036.0	630316.0
18	5.832	78.0	95843.0	-0.009140300750732421	76449176.0	81150317.0	638611.0
18	5.832	79.0	95992.0	-0.009154510498046876	77457014.0	82190881.0	646623.0
18	5.832	80.0	95770.0	-0.009133338928222656	78464867.0	83231146.0	654934.0
18	5.832	81.0	95820.0	-0.009138107299804688	79472901.0	84271535.0	663121.0
18	5.832	82.0	95985.0	-0.00915384292602539	80481151.0	85312004.0	671228.0
18	5.832	83.0	96217.0	-0.009175968170166016	81488812.0	86352289.0	679519.0
18	5.832	84.0	96288.0	-0.0091827392578125	82496744.0	87392684.0	687700.0
18	5.832	85.0	95977.0	-0.009153079986572266	83505041.0	88432991.0	695969.0
18	5.832	86.0	95663.0	-0.009123134613037109	84513088.0	89473412.0	704124.0
18	5.832	87.0	96660.0	-0.009218215942382812	85520908.0	90513925.0	712187.0
18	5.832	88.0	95391.0	-0.00909719467163086	86528954.0	91554296.0	720392.0
18	5.832	89.0	96211.0	-0.009175395965576172	87536992.0	92594645.0	728619.0
18	5.832	90.0	95668.0	-0.009123611450195312	88545186.0	93635098.0	736742.0
18	5.832	91.0	95602.0	-0.009117317199707032	89553558.0	94675438.0	744978.0
18	5.832	92.0	95755.0	-0.009131908416748047	90561406.0	95715750.0	753242.0
18	5.832	93.0	95580.0	-0.009115219116210938	91569570.0	96756231.0	761337.0
18	5.832	94.0	95557.0	-0.009113025665283204	92578098.0	97796700.0	769444.0
18	5.832	95.0	95814.0	-0.009137535095214843	93586359.0	98837185.0	777535.0
18	5.832	96.0	96042.0	-0.009159278869628907	94594561.0	99877591.0	785705.0
18	5.832	97.0	96082.0	-0.009163093566894532	95602784.0	100918038.0	793834.0
18	5.832	98.0	96277.0	-0.009181690216064454	96610473.0	101958465.0	801983.0
18	5.832	99.0	96020.0	-0.009157180786132812	97618747.0	102998877.0	810147.0
18	5.832	100.0	96110.0	-0.009165763854980469	98627068.0	104039305.0	818295.0
19	5.706	1.0	3312181.0	-0.31587419509887693	163189.0	1040317.0	8259.0
19	5.706	2.0	2117665.0	-0.20195627212524414	506925.0	2080730.0	16422.0
19	5.706	3.0	1130949.0	-0.1078557014465332	1079677.0	3121066.0	24662.0
19	5.706	4.0	500143.0	-0.04769735336303711	1861349.0	4161448.0	32856.0
19	5.706	5.0	205479.0	-0.019596004486083986	2781514.0	5201861.0	41019.0
19	5.706	6.0	115254.0	-0.010991477966308593	3766616.0	6242195.0	49261.0
19	5.706	7.0	98037.0	-0.009349536895751954	4770355.0	7282596.0	57436.0
19	5.706	8.0	96764.0	-0.009228134155273437	5776802.0	8322827.0	65781.0
19	5.706	9.0	96158.0	-0.009170341491699218	6784061.0	9363171.0	74013.0
19	5.706	10.0	96300.0	-0.009183883666992188	7791387.0	10403407.0	82353.0
19	5.706	11.0	96198.0	-0.009174156188964843	8798828.0	11443881.0	90455.0
19	5.706	12.0	96145.0	-0.00916910171508789	9806159.0	12484151.0	98761.0
19	5.706	13.0	96322.0	-0.009185981750488282	10813281.0	13524401.0	107087.0
19	5.706	14.0	95951.0	-0.00915060043334961	11820864.0	14564803.0	115261.0
19	5.706	15.0	96431.0	-0.00919637680053711	12828203.0	15605121.0	123519.0
19	5.706	16.0	96421.0	-0.009195423126220703	13835865.0	16645662.0	131554.0
19	5.706	17.0	96382.0	-0.00919170379638672	14843292.0	17686077.0	139715.0
19	5.706	18.0	95851.0	-0.009141063690185547	15850365.0	18726438.0	147930.0
19	5.706	19.0	96752.0	-0.00922698974609375	16857871.0	19766895.0	156049.0
19	5.706	20.0	95889.0	-0.00914468765258789	17865361.0	20807308.0	164212.0
19	5.706	21.0	96522.0	-0.009205055236816407	18872604.0	21847539.0	172557.0
19	5.706	22.0	96479.0	-0.009200954437255859	19880013.0	22887838.0	180834.0
19	5.706	23.0	96334.0	-0.009187126159667968	20887225.0	23928115.0	189133.0
19	5.706	24.0	96126.0	-0.009167289733886719	21894444.0	24968564.0	197260.0
19	5.706	25.0	96328.0	-0.009186553955078124	22901552.0	26008958.0	205442.0
19	5.706	26.0	96536.0	-0.009206390380859375	23908835.0	27049366.0	213610.0
19	5.706	27.0	96661.0	-0.009218311309814453	24915826.0	28089779.0	221773.0
19	5.706	28.0	96838.0	-0.009235191345214843	25923005.0	29130183.0	229945.0
19	5.706	29.0	96272.0	-0.00918121337890625	26930400.0	30170540.0	238164.0
19	5.706	30.0	96543.0	-0.009207057952880859	27937496.0	31210931.0	246349.0
19	5.706	31.0	97018.0	-0.009252357482910156	28944472.0	32251263.0	254593.0
19	5.706	32.0	96541.0	-0.009206867218017578	29951726.0	33291588.0	262844.0
19	5.706	33.0	96135.0	-0.009168148040771484	30959137.0	34331995.0	271013.0
19	5.706	34.0	95728.0	-0.00912933349609375	31966558.0	35372407.0	279177.0
19	5.706	35.0	96292.0	-0.009183120727539063	32973737.0	36412649.0	287511.0
19	5.706	36.0	95931.0	-0.009148693084716797	33981261.0	37453208.0	295528.0
19	5.706	37.0	96390.0	-0.009192466735839844	34988727.0	38493531.0	303781.0
19	5.706	38.0	96216.0	-0.009175872802734375	35996194.0	39533758.0	312130.0
19	5.706	39.0	96287.0	-0.00918264389038086	37003639.0	40574091.0	320373.0
19	5.706	40.0	96050.0	-0.009160041809082031	38011117.0	41614641.0	328399.0
19	5.706	41.0	96268.0	-0.009180831909179687	39018331.0	42655039.0	336577.0
19	5.706	42.0	96693.0	-0.009221363067626952	40025815.0	43695395.0	344797.0
19	5.706	43.0	96204.0	-0.009174728393554687	41033044.0	44735820.0	352948.0
19	5.706	44.0	96090.0	-0.009163856506347656	42040382.0	45776051.0	361293.0
19	5.706	45.0	96225.0	-0.00917673110961914	43047650.0	46816315.0	369605.0
19	5.706	46.0	95584.0	-0.0091156005859375	44055182.0	47856732.0	377764.0
19	5.706	47.0	96757.0	-0.009227466583251954	45062741.0	48897191.0	385881.0
19	5.706	48.0	95715.0	-0.009128093719482422	46070149.0	49937494.0	394154.0
19	5.706	49.0	96004.0	-0.009155654907226562	47077347.0	50977850.0	402374.0
19	5.706	50.0	96872.0	-0.009238433837890626	48084637.0	52018233.0	410567.0
19	5.706	51.0	96261.0	-0.009180164337158203	49091726.0	53058544.0	418832.0
19	5.706	52.0	96162.0	-0.009170722961425782	50099035.0	54098917.0	427035.0
19	5.706	53.0	96227.0	-0.009176921844482423	51106583.0	55139314.0	435214.0
19	5.706	54.0	96752.0	-0.00922698974609375	52113895.0	56179731.0	443373.0
19	5.706	55.0	96106.0	-0.009165382385253907	53121209.0	57220066.0	451614.0
19	5.706	56.0	95722.0	-0.009128761291503907	54128487.0	58260293.0	459963.0
19	5.706	57.0	96168.0	-0.009171295166015624	55135899.0	59300644.0	468188.0
19	5.706	58.0	96108.0	-0.009165573120117187	56143431.0	60341132.0	476276.0
19	5.706	59.0	96483.0	-0.009201335906982421	57151037.0	61381434.0	484550.0
19	5.706	60.0	96361.0	-0.009189701080322266	58158246.0	62421776.0	492784.0
19	5.706	61.0	96083.0	-0.009163188934326171	59165869.0	63462349.0	500787.0
19	5.706	62.0	96580.0	-0.009210586547851562	60172995.0	64502736.0	508976.0
19	5.706	63.0	96099.0	-0.009164714813232422	61180092.0	65543228.0	517060.0
19	5.706	64.0	96899.0	-0.009241008758544922	62187557.0	66583597.0	525267.0
19	5.706	65.0	96159.0	-0.009170436859130859	63195041.0	67624068.0	533372.0
19	5.706	66.0	96505.0	-0.009203433990478516	64202358.0	68664386.0	541630.0
19	5.706	67.0	96110.0	-0.009165763854980469	65209415.0	69704644.0	549948.0
19	5.706	68.0	96289.0	-0.00918283462524414	66216869.0	70745079.0	558089.0
19	5.706	69.0	96273.0	-0.00918130874633789	67224226.0	71785499.0	566245.0
19	5.706	70.0	96064.0	-0.009161376953125	68231491.0	72825721.0	574599.0
19	5.706	71.0	96388.0	-0.009192276000976562	69238811.0	73866148.0	582748.0
19	5.706	72.0	96269.0	-0.009180927276611328	70246145.0	74906471.0	591001.0
19	5.706	73.0	95734.0	-0.009129905700683593	71253043.0	75946926.0	599122.0
19	5.706	74.0	96082.0	-0.009163093566894532	72260570.0	76987251.0	607373.0
19	5.706	75.0	96326.0	-0.009186363220214844	73267628.0	78027705.0	615495.0
19	5.706	76.0	96536.0	-0.009206390380859375	74274932.0	79068033.0	623743.0
19	5.706	77.0	96481.0	-0.009201145172119141	75282446.0	80108513.0	631839.0
19	5.706	78.0	96459.0	-0.009199047088623047	76289517.0	81148799.0	640129.0
19	5.706	79.0	95905.0	-0.00914621353149414	77296896.0	82189253.0	648251.0
19	5.706	80.0	96157.0	-0.009170246124267579	78304480.0	83229638.0	656442.0
19	5.706	81.0	96201.0	-0.009174442291259766	79311755.0	84270018.0	664638.0
19	5.706	82.0	96040.0	-0.009159088134765625	80319102.0	85310371.0	672861.0
19	5.706	83.0	96328.0	-0.009186553955078124	81326529.0	86350798.0	681010.0
19	5.706	84.0	95796.0	-0.009135818481445313	82334330.0	87391347.0	689037.0
19	5.706	85.0	96106.0	-0.009165382385253907	83341535.0	88431557.0	697403.0
19	5.706	86.0	96302.0	-0.00918407440185547	84349061.0	89471982.0	705554.0
19	5.706	87.0	96476.0	-0.009200668334960938	85356324.0	90512352.0	713760.0
19	5.706	88.0	96260.0	-0.009180068969726562	86363887.0	91552742.0	721946.0
19	5.706	89.0	96297.0	-0.009183597564697266	87371146.0	92593176.0	730088.0
19	5.706	90.0	96591.0	-0.00921163558959961	88378429.0	93633566.0	738274.0
19	5.706	91.0	95932.0	-0.009148788452148438	89385764.0	94674108.0	746308.0
19	5.706	92.0	96219.0	-0.009176158905029297	90393322.0	95714622.0	754370.0
19	5.706	93.0	95961.0	-0.009151554107666016	91401145.0	96755206.0	762362.0
19	5.706	94.0	95601.0	-0.009117221832275391	92408643.0	97795608.0	770536.0
19	5.706	95.0	96266.0	-0.009180641174316407	93415653.0	98835998.0	778722.0
19	5.706	96.0	96076.0	-0.009162521362304688	94422942.0	99876361.0	786935.0
19	5.706	97.0	96428.0	-0.009196090698242187	95430529.0	100916866.0	795006.0
19	5.706	98.0	96183.0	-0.009172725677490234	96437834.0	101957272.0	803176.0
19	5.706	99.0	95828.0	-0.009138870239257812	97445395.0	102997648.0	811376.0
19	5.706	100.0	96149.0	-0.009169483184814453	98452920.0	104037994.0	819606.0
20	5.58	1.0	3371424.0	-0.3215240478515625	155442.0	1040267.0	8309.0
20	5.58	2.0	2223577.0	-0.21205682754516603	481312.0	2080723.0	16429.0
20	5.58	3.0	1251424.0	-0.1193450927734375	1023293.0	3121093.0	24635.0
20	5.58	4.0	584885.0	-0.05577898025512695	1773107.0	4161551.0	32753.0
20	5.58	5.0	243089.0	-0.023182773590087892	2672290.0	5201781.0	41099.0
20	5.58	6.0	125637.0	-0.011981678009033204	3647959.0	6242303.0	49153.0
20	5.58	7.0	100009.0	-0.009537601470947265	4649254.0	7282822.0	57210.0
20	5.58	8.0	97273.0	-0.009276676177978515	5655197.0	8323114.0	65494.0
20	5.58	9.0	96508.0	-0.009203720092773437	6661767.0	9363502.0	73682.0
20	5.58	10.0	96189.0	-0.009173297882080078	7668372.0	10403865.0	81895.0
20	5.58	11.0	96577.0	-0.009210300445556641	8675015.0	11444176.0	90160.0
20	5.58	12.0	96607.0	-0.00921316146850586	9681877.0	12484684.0	98228.0
20	5.58	13.0	96110.0	-0.009165763854980469	10688361.0	13524990.0	106498.0
20	5.58	14.0	96649.0	-0.009217166900634765	11694838.0	14565408.0	114656.0
20	5.58	15.0	96226.0	-0.009176826477050782	12701039.0	15605701.0	122939.0
20	5.58	16.0	96504.0	-0.009203338623046875	13707709.0	16646090.0	131126.0
20	5.58	17.0	96925.0	-0.009243488311767578	14714213.0	17686455.0	139337.0
20	5.58	18.0	96730.0	-0.009224891662597656	15720618.0	18726754.0	147614.0
20	5.58	19.0	96421.0	-0.009195423126220703	16727014.0	19767137.0	155807.0
20	5.58	20.0	96589.0	-0.009211444854736328	17733734.0	20807501.0	164019.0
20	5.58	21.0	96615.0	-0.009213924407958984	18740487.0	21848000.0	172096.0
20	5.58	22.0	96367.0	-0.00919027328491211	19747132.0	22888310.0	180362.0
20	5.58	23.0	97031.0	-0.009253597259521485	20753492.0	23928555.0	188693.0
20	5.58	24.0	96585.0	-0.009211063385009766	21760014.0	24969004.0	196820.0
20	5.58	25.0	96615.0	-0.009213924407958984	22766645.0	26009527.0	204873.0
20	5.58	26.0	96756.0	-0.009227371215820313	23773289.0	27049912.0	213064.0
20	5.58	27.0	96578.0	-0.00921039581298828	24779713.0	28090190.0	221362.0
20	5.58	28.0	96396.0	-0.009193038940429688	25785968.0	29130375.0	229753.0
20	5.58	29.0	96438.0	-0.009197044372558593	26792142.0	30170802.0	237902.0
20	5.58	30.0	96155.0	-0.009170055389404297	27798761.0	31211137.0	246143.0
20	5.58	31.0	96663.0	-0.009218502044677734	28805094.0	32251550.0	254306.0
20	5.58	32.0	96790.0	-0.009230613708496094	29811857.0	33291991.0	262441.0
20	5.58	33.0	97224.0	-0.009272003173828125	30818748.0	34332396.0	270612.0
20	5.58	34.0	96707.0	-0.009222698211669923	31825192.0	35372800.0	278784.0
20	5.58	35.0	96580.0	-0.009210586547851562	32831963.0	36413158.0	287002.0
20	5.58	36.0	96805.0	-0.009232044219970703	33838540.0	37453586.0	295150.0
20	5.58	37.0	97055.0	-0.00925588607788086	34844927.0	38494070.0	303242.0
20	5.58	38.0	96232.0	-0.009177398681640626	35851344.0	39534498.0	311390.0
20	5.58	39.0	97007.0	-0.00925130844116211	36858117.0	40574884.0	319580.0
20	5.58	40.0	96987.0	-0.009249401092529298	37864307.0	41615253.0	327787.0
20	5.58	41.0	96113.0	-0.00916604995727539	38870661.0	42655624.0	335992.0
20	5.58	42.0	96587.0	-0.009211254119873048	39877478.0	43695994.0	344198.0
20	5.58	43.0	96625.0	-0.00921487808227539	40883803.0	44736242.0	352526.0
20	5.58	44.0	97348.0	-0.009283828735351562	41890390.0	45776749.0	360595.0
20	5.58	45.0	97008.0	-0.00925140380859375	42896975.0	46817132.0	368788.0
20	5.58	46.0	96309.0	-0.009184741973876953	43903237.0	47857602.0	376894.0
20	5.58	47.0	96943.0	-0.009245204925537109	44909662.0	48897984.0	385088.0
20	5.58	48.0	96632.0	-0.009215545654296876	45916362.0	49938309.0	393339.0
20	5.58	49.0	96600.0	-0.009212493896484375	46922972.0	50978756.0	401468.0
20	5.58	50.0	96303.0	-0.009184169769287109	47929709.0	52019186.0	409614.0
20	5.58	51.0	96224.0	-0.0091766357421875	48936498.0	53059634.0	417742.0
20	5.58	52.0	96171.0	-0.009171581268310547	49943224.0	54099964.0	425988.0
20	5.58	53.0	96924.0	-0.009243392944335937	50949607.0	55140209.0	434319.0
20	5.58	54.0	96620.0	-0.009214401245117188	51956802.0	56180830.0	442274.0
20	5.58	55.0	96235.0	-0.009177684783935547	52963332.0	57221107.0	450573.0
20	5.58	56.0	96748.0	-0.009226608276367187	53969753.0	58261497.0	458759.0
20	5.58	57.0	96711.0	-0.009223079681396485	54976050.0	59301810.0	467022.0
20	5.58	58.0	96900.0	-0.009241104125976562	55982984.0	60342307.0	475101.0
20	5.58	59.0	96908.0	-0.009241867065429687	56989433.0	61382739.0	483245.0
20	5.58	60.0	96091.0	-0.009163951873779297	57995941.0	62423388.0	491172.0
20	5.58	61.0	96472.0	-0.009200286865234376	59002645.0	63463813.0	499323.0
20	5.58	62.0	96881.0	-0.009239292144775391	60009199.0	64504170.0	507542.0
20	5.58	63.0	96028.0	-0.009157943725585937	61016067.0	65544451.0	515837.0
20	5.58	64.0	96234.0	-0.009177589416503906	62023151.0	66584894.0	523970.0
20	5.58	65.0	96705.0	-0.00922250747680664	63029817.0	67625292.0	532148.0
20	5.58	66.0	96607.0	-0.00921316146850586	64036321.0	68665638.0	540378.0
20	5.58	67.0	96660.0	-0.009218215942382812	65043065.0	69706035.0	548557.0
20	5.58	68.0	96089.0	-0.009163761138916015	66049579.0	70746424.0	556744.0
20	5.58	69.0	96836.0	-0.009235000610351563	67056197.0	71786805.0	564939.0
20	5.58	70.0	96607.0	-0.00921316146850586	68062811.0	72827190.0	573130.0
20	5.58	71.0	96507.0	-0.009203624725341798	69069212.0	73867563.0	581333.0
20	5.58	72.0	96283.0	-0.009182262420654296	70075679.0	74908048.0	589424.0
20	5.58	73.0	96521.0	-0.009204959869384766	71082351.0	75948318.0	597730.0
20	5.58	74.0	97069.0	-0.009257221221923828	72088707.0	76988532.0	606092.0
20	5.58	75.0	96645.0	-0.009216785430908203	73095193.0	78029008.0	614192.0
20	5.58	76.0	96620.0	-0.009214401245117188	74101689.0	79069283.0	622493.0
20	5.58	77.0	96437.0	-0.009196949005126954	75108188.0	80109714.0	630638.0
20	5.58	78.0	96858.0	-0.009237098693847656	76114411.0	81150028.0	638900.0
20	5.58	79.0	96451.0	-0.009198284149169922	77121361.0	82190612.0	646892.0
20	5.58	80.0	97032.0	-0.009253692626953126	78127801.0	83231009.0	655071.0
20	5.58	81.0	96759.0	-0.009227657318115234	79134588.0	84271419.0	663237.0
20	5.58	82.0	96821.0	-0.009233570098876953	80141553.0	85311864.0	671368.0
20	5.58	83.0	95972.0	-0.009152603149414063	81148428.0	86352327.0	679481.0
20	5.58	84.0	96566.0	-0.009209251403808594	82155320.0	87392782.0	687602.0
20	5.58	85.0	96303.0	-0.009184169769287109	83161927.0	88433162.0	695798.0
20	5.58	86.0	97561.0	-0.009304141998291016	84168229.0	89473525.0	704011.0
20	5.58	87.0	97069.0	-0.009257221221923828	85174523.0	90513843.0	712269.0
20	5.58	88.0	96467.0	-0.009199810028076173	86180914.0	91554279.0	720409.0
20	5.58	89.0	96808.0	-0.009232330322265624	87187462.0	92594827.0	728437.0
20	5.58	90.0	96283.0	-0.009182262420654296	88193777.0	93635283.0	736557.0
20	5.58	91.0	96590.0	-0.009211540222167969	89200416.0	94675725.0	744691.0
20	5.58	92.0	96555.0	-0.009208202362060547	90206776.0	95716132.0	752860.0
20	5.58	93.0	96922.0	-0.009243202209472657	91213312.0	96756635.0	760933.0
20	5.58	94.0	96377.0	-0.009191226959228516	92219556.0	97796993.0	769151.0
20	5.58	95.0	96778.0	-0.009229469299316406	93225742.0	98837357.0	777363.0
20	5.58	96.0	96906.0	-0.009241676330566407	94232056.0	99877719.0	785577.0
20	5.58	97.0	96575.0	-0.00921010971069336	95238365.0	100918154.0	793718.0
20	5.58	98.0	96370.0	-0.009190559387207031	96245172.0	101958506.0	801942.0
20	5.58	99.0	96832.0	-0.009234619140625	97251845.0	102998789.0	810235.0
20	5.58	100.0	96791.0	-0.009230709075927735	98258611.0	104039267.0	818333.0
21	5.454	1.0	3426608.0	-0.32678680419921874	148113.0	1040472.0	8104.0
21	5.454	2.0	2324790.0	-0.2217092514038086	456558.0	2080875.0	16277.0
21	5.454	3.0	1367174.0	-0.13038387298583984	971868.0	3121232.0	24496.0
21	5.454	4.0	680575.0	-0.06490468978881836	1690717.0	4161776.0	32528.0
21	5.454	5.0	297713.0	-0.02839212417602539	2564623.0	5202171.0	40709.0
21	5.454	6.0	143122.0	-0.013649177551269532	3526690.0	6242420.0	49036.0
21	5.454	7.0	103415.0	-0.009862422943115234	4523431.0	7282701.0	57331.0
21	5.454	8.0	97526.0	-0.009300804138183594	5527647.0	8323153.0	65455.0
21	5.454	9.0	97355.0	-0.009284496307373047	6533513.0	9363564.0	73620.0
21	5.454	10.0	97564.0	-0.009304428100585937	7539461.0	10403965.0	81795.0
21	5.454	11.0	96679.0	-0.009220027923583984	8545226.0	11444384.0	89952.0
21	5.454	12.0	96666.0	-0.009218788146972657	9550960.0	12484741.0	98171.0
21	5.454	13.0	97573.0	-0.009305286407470702	10556835.0	13525060.0	106428.0
21	5.454	14.0	96557.0	-0.009208393096923829	11562749.0	14565469.0	114595.0
21	5.454	15.0	97028.0	-0.009253311157226562	12568709.0	15605849.0	122791.0
21	5.454	16.0	97167.0	-0.00926656723022461	13574571.0	16646141.0	131075.0
21	5.454	17.0	96520.0	-0.009204864501953125	14580321.0	17686514.0	139278.0
21	5.454	18.0	96596.0	-0.009212112426757813	15586269.0	18726869.0	147499.0
21	5.454	19.0	97198.0	-0.009269523620605468	16592102.0	19767320.0	155624.0
21	5.454	20.0	97085.0	-0.009258747100830078	17597933.0	20807682.0	163838.0
21	5.454	21.0	97277.0	-0.009277057647705079	18603721.0	21848103.0	171993.0
21	5.454	22.0	96931.0	-0.009244060516357422	19609394.0	22888525.0	180147.0
21	5.454	23.0	97249.0	-0.00927438735961914	20615306.0	23928996.0	188252.0
21	5.454	24.0	96819.0	-0.009233379364013672	21621152.0	24969457.0	196367.0
21	5.454	25.0	96997.0	-0.009250354766845704	22626773.0	26009806.0	204594.0
21	5.454	26.0	96976.0	-0.00924835205078125	23632972.0	27050172.0	212804.0
21	5.454	27.0	96338.0	-0.00918750762939453	24638587.0	28090527.0	221025.0
21	5.454	28.0	97150.0	-0.009264945983886719	25644504.0	29130952.0	229176.0
21	5.454	29.0	97433.0	-0.009291934967041015	26650320.0	30171382.0	237322.0
21	5.454	30.0	96592.0	-0.00921173095703125	27656067.0	31211719.0	245561.0
21	5.454	31.0	97320.0	-0.009281158447265625	28662074.0	32252090.0	253766.0
21	5.454	32.0	97690.0	-0.009316444396972656	29667536.0	33292362.0	262070.0
21	5.454	33.0	97406.0	-0.009289360046386719	30672849.0	34332689.0	270319.0
21	5.454	34.0	96557.0	-0.009208393096923829	31679219.0	35373209.0	278375.0
21	5.454	35.0	97105.0	-0.00926065444946289	32685245.0	36413704.0	286456.0
21	5.454	36.0	96904.0	-0.009241485595703125	33690910.0	37454066.0	294670.0
21	5.454	37.0	96905.0	-0.009241580963134766	34696671.0	38494361.0	302951.0
21	5.454	38.0	97198.0	-0.009269523620605468	35702636.0	39534735.0	311153.0
21	5.454	39.0	96770.0	-0.009228706359863281	36707944.0	40575170.0	319294.0
21	5.454	40.0	96791.0	-0.009230709075927735	37713842.0	41615676.0	327364.0
21	5.454	41.0	97024.0	-0.0092529296875	38719556.0	42656024.0	335592.0
21	5.454	42.0	96417.0	-0.009195041656494141	39725488.0	43696335.0	343857.0
21	5.454	43.0	97608.0	-0.009308624267578124	40731045.0	44736747.0	352021.0
21	5.454	44.0	96761.0	-0.009227848052978516	41736667.0	45777217.0	360127.0
21	5.454	45.0	97208.0	-0.009270477294921874	42742458.0	46817882.0	368038.0
21	5.454	46.0	97102.0	-0.00926036834716797	43747921.0	47858208.0	376288.0
21	5.454	47.0	97140.0	-0.009263992309570312	44753488.0	48898501.0	384571.0
21	5.454	48.0	96871.0	-0.009238338470458985	45759426.0	49938815.0	392833.0
21	5.454	49.0	96517.0	-0.009204578399658204	46765233.0	50979261.0	400963.0
21	5.454	50.0	96823.0	-0.009233760833740234	47771104.0	52019698.0	409102.0
21	5.454	51.0	96779.0	-0.009229564666748047	48776861.0	53060175.0	417201.0
21	5.454	52.0	97534.0	-0.009301567077636718	49782985.0	54100545.0	425407.0
21	5.454	53.0	96136.0	-0.009168243408203125	50788933.0	55140987.0	433541.0
21	5.454	54.0	97299.0	-0.009279155731201172	51794811.0	56181215.0	441889.0
21	5.454	55.0	96904.0	-0.009241485595703125	52800483.0	57221619.0	450061.0
21	5.454	56.0	96719.0	-0.009223842620849609	53806105.0	58261967.0	458289.0
21	5.454	57.0	97107.0	-0.009260845184326173	54811894.0	59302468.0	466364.0
21	5.454	58.0	97021.0	-0.009252643585205078	55817568.0	60342841.0	474567.0
21	5.454	59.0	96880.0	-0.00923919677734375	56823654.0	61383235.0	482749.0
21	5.454	60.0	97392.0	-0.00928802490234375	57829198.0	62423473.0	491087.0
21	5.454	61.0	96777.0	-0.009229373931884766	58835127.0	63463981.0	499155.0
21	5.454	62.0	97110.0	-0.009261131286621094	59840581.0	64504177.0	507535.0
21	5.454	63.0	96965.0	-0.009247303009033203	60846373.0	65544458.0	515830.0
21	5.454	64.0	96923.0	-0.009243297576904296	61852249.0	66584875.0	523989.0
21	5.454	65.0	96940.0	-0.009244918823242188	62858085.0	67625242.0	532198.0
21	5.454	66.0	96833.0	-0.00923471450805664	63863808.0	68665535.0	540481.0
21	5.454	67.0	97455.0	-0.00929403305053711	64869990.0	69706183.0	548409.0
21	5.454	68.0	96754.0	-0.009227180480957031	65875824.0	70746598.0	556570.0
21	5.454	69.0	96741.0	-0.009225940704345703	66881658.0	71786844.0	564900.0
21	5.454	70.0	96759.0	-0.009227657318115234	67887393.0	72827269.0	573051.0
21	5.454	71.0	97024.0	-0.0092529296875	68893106.0	73867735.0	581161.0
21	5.454	72.0	96780.0	-0.009229660034179688	69898739.0	74908101.0	589371.0
21	5.454	73.0	96844.0	-0.009235763549804687	70904177.0	75948502.0	597546.0
21	5.454	74.0	97015.0	-0.009252071380615234	71909921.0	76988826.0	605798.0
21	5.454	75.0	97212.0	-0.009270858764648438	72915615.0	78029094.0	614106.0
21	5.454	76.0	97346.0	-0.009283638000488282	73921209.0	79069553.0	622223.0
21	5.454	77.0	97324.0	-0.009281539916992187	74926454.0	80109906.0	630446.0
21	5.454	78.0	96673.0	-0.00921945571899414	75932422.0	81150215.0	638713.0
21	5.454	79.0	97334.0	-0.009282493591308593	76938180.0	82190559.0	646945.0
21	5.454	80.0	97179.0	-0.009267711639404297	77943666.0	83230869.0	655211.0
21	5.454	81.0	96588.0	-0.009211349487304687	78949482.0	84271316.0	663340.0
21	5.454	82.0	96934.0	-0.009244346618652343	79955509.0	85311714.0	671518.0
21	5.454	83.0	97057.0	-0.009256076812744141	80961139.0	86352040.0	679768.0
21	5.454	84.0	96500.0	-0.009202957153320312	81966851.0	87392264.0	688120.0
21	5.454	85.0	96962.0	-0.009247016906738282	82972925.0	88432699.0	696261.0
21	5.454	86.0	97213.0	-0.009270954132080077	83978867.0	89473137.0	704399.0
21	5.454	87.0	97042.0	-0.009254646301269532	84984542.0	90513509.0	712603.0
21	5.454	88.0	96473.0	-0.009200382232666015	85990341.0	91553755.0	720933.0
21	5.454	89.0	96852.0	-0.009236526489257813	86995995.0	92594114.0	729150.0
21	5.454	90.0	96742.0	-0.009226036071777344	88001982.0	93634693.0	737147.0
21	5.454	91.0	97007.0	-0.00925130844116211	89007567.0	94675069.0	745347.0
21	5.454	92.0	97053.0	-0.009255695343017577	90013413.0	95715492.0	753500.0
21	5.454	93.0	96921.0	-0.009243106842041016	91019015.0	96755880.0	761688.0
21	5.454	94.0	96589.0	-0.009211444854736328	92024954.0	97796281.0	769863.0
21	5.454	95.0	96927.0	-0.00924367904663086	93031113.0	98836798.0	777922.0
21	5.454	96.0	96497.0	-0.009202671051025391	94037240.0	99877089.0	786207.0
21	5.454	97.0	96916.0	-0.009242630004882813	95042968.0	100917450.0	794422.0
21	5.454	98.0	96619.0	-0.009214305877685547	96048627.0	101957781.0	802667.0
21	5.454	99.0	97105.0	-0.00926065444946289	97054168.0	102998094.0	810930.0
21	5.454	100.0	96991.0	-0.00924978256225586	98059974.0	104038607.0	818993.0
22	5.327999999999999	1.0	3479575.0	-0.33183813095092773	140537.0	1040489.0	8087.0
22	5.327999999999999	2.0	2422595.0	-0.23103666305541992	432512.0	2080834.0	16318.0
22	5.327999999999999	3.0	1479282.0	-0.14107532501220704	922376.0	3121211.0	24517.0
22	5.327999999999999	4.0	781603.0	-0.07453947067260742	1609765.0	4161568.0	32736.0
22	5.327999999999999	5.0	362300.0	-0.03455162048339844	2456732.0	5201979.0	40901.0
22	5.327999999999999	6.0	168938.0	-0.016111183166503906	3402057.0	6242395.0	49061.0
22	5.327999999999999	7.0	109744.0	-0.01046600341796875	4391382.0	7282660.0	57372.0
22	5.327999999999999	8.0	98421.0	-0.009386157989501953	5394141.0	8322905.0	65703.0
22	5.327999999999999	9.0	98009.0	-0.009346866607666015	6398449.0	9363397.0	73787.0
22	5.327999999999999	10.0	97401.0	-0.009288883209228516	7403286.0	10403797.0	81963.0
22	5.327999999999999	11.0	96694.0	-0.009221458435058593	8408448.0	11444142.0	90194.0
22	5.327999999999999	12.0	97980.0	-0.009344100952148438	9413318.0	12484458.0	98454.0
22	5.327999999999999	13.0	97353.0	-0.009284305572509765	10417711.0	13524765.0	106723.0
22	5.327999999999999	14.0	97846.0	-0.009331321716308594	11422251.0	14565133.0	114931.0
22	5.327999999999999	15.0	97183.0	-0.009268093109130859	12427118.0	15605670.0	122970.0
22	5.327999999999999	16.0	97795.0	-0.009326457977294922	13431944.0	16646116.0	131100.0
22	5.327999999999999	17.0	97466.0	-0.009295082092285157	14436705.0	17686511.0	139281.0
22	5.327999999999999	18.0	97838.0	-0.009330558776855468	15441661.0	18727006.0	147362.0
22	5.327999999999999	19.0	97122.0	-0.009262275695800782	16446740.0	19767542.0	155402.0
22	5.327999999999999	20.0	97193.0	-0.009269046783447265	17451741.0	20807848.0	163672.0
22	5.327999999999999	21.0	97309.0	-0.009280109405517578	18456581.0	21848101.0	171995.0
22	5.327999999999999	22.0	97752.0	-0.009322357177734376	19461438.0	22888412.0	180260.0
22	5.327999999999999	23.0	97086.0	-0.009258842468261719	20466092.0	23928742.0	188506.0
22	5.327999999999999	24.0	97625.0	-0.009310245513916016	21470790.0	24969017.0	196807.0
22	5.327999999999999	25.0	97294.0	-0.009278678894042968	22475519.0	26009282.0	205118.0
22	5.327999999999999	26.0	96685.0	-0.009220600128173828	23480641.0	27049741.0	213235.0
22	5.327999999999999	27.0	96559.0	-0.009208583831787109	24485960.0	28090097.0	221455.0
22	5.327999999999999	28.0	96850.0	-0.009236335754394531	25490565.0	29130227.0	229901.0
22	5.327999999999999	29.0	97003.0	-0.009250926971435546	26495287.0	30170441.0	238263.0
22	5.327999999999999	30.0	97321.0	-0.009281253814697266	27500303.0	31210925.0	246355.0
22	5.327999999999999	31.0	97495.0	-0.009297847747802734	28505547.0	32251424.0	254432.0
22	5.327999999999999	32.0	97398.0	-0.009288597106933593	29510597.0	33291886.0	262546.0
22	5.327999999999999	33.0	97402.0	-0.009288978576660157	30515047.0	34332224.0	270784.0
22	5.327999999999999	34.0	97780.0	-0.009325027465820312	31519798.0	35372536.0	279048.0
22	5.327999999999999	35.0	96965.0	-0.009247303009033203	32524912.0	36413040.0	287120.0
22	5.327999999999999	36.0	97614.0	-0.009309196472167968	33530001.0	37453498.0	295238.0
22	5.327999999999999	37.0	96637.0	-0.009216022491455079	34534929.0	38493921.0	303391.0
22	5.327999999999999	38.0	97169.0	-0.00926675796508789	35539695.0	39534192.0	311696.0
22	5.327999999999999	39.0	97476.0	-0.009296035766601563	36544619.0	40574669.0	319795.0
22	5.327999999999999	40.0	97369.0	-0.009285831451416015	37549647.0	41615125.0	327915.0
22	5.327999999999999	41.0	97398.0	-0.009288597106933593	38554663.0	42655410.0	336206.0
22	5.327999999999999	42.0	97184.0	-0.0092681884765625	39559667.0	43695955.0	344237.0
22	5.327999999999999	43.0	97801.0	-0.009327030181884766	40564354.0	44736309.0	352459.0
22	5.327999999999999	44.0	97125.0	-0.009262561798095703	41569648.0	45776666.0	360678.0
22	5.327999999999999	45.0	97433.0	-0.009291934967041015	42574392.0	46816989.0	368931.0
22	5.327999999999999	46.0	97602.0	-0.009308052062988282	43579516.0	47857447.0	377049.0
22	5.327999999999999	47.0	97106.0	-0.009260749816894532	44584284.0	48897933.0	385139.0
22	5.327999999999999	48.0	97424.0	-0.00929107666015625	45588904.0	49938167.0	393481.0
22	5.327999999999999	49.0	97483.0	-0.009296703338623046	46593990.0	50978499.0	401725.0
22	5.327999999999999	50.0	97938.0	-0.00934009552001953	47599079.0	52018854.0	409946.0
22	5.327999999999999	51.0	97794.0	-0.009326362609863281	48603807.0	53059315.0	418061.0
22	5.327999999999999	52.0	96973.0	-0.009248065948486327	49608662.0	54099723.0	426229.0
22	5.327999999999999	53.0	97576.0	-0.009305572509765625	50613560.0	55139998.0	434530.0
22	5.327999999999999	54.0	97357.0	-0.009284687042236329	51618303.0	56180293.0	442811.0
22	5.327999999999999	55.0	97848.0	-0.009331512451171874	52623188.0	57220745.0	450935.0
22	5.327999999999999	56.0	97661.0	-0.009313678741455078	53627776.0	58261241.0	459015.0
22	5.327999999999999	57.0	97351.0	-0.009284114837646485	54633149.0	59301695.0	467137.0
22	5.327999999999999	58.0	98090.0	-0.009354591369628906	55637880.0	60342140.0	475268.0
22	5.327999999999999	59.0	97526.0	-0.009300804138183594	56642772.0	61382497.0	483487.0
22	5.327999999999999	60.0	96931.0	-0.009244060516357422	57647922.0	62423011.0	491549.0
22	5.327999999999999	61.0	97285.0	-0.009277820587158203	58653018.0	63463442.0	499694.0
22	5.327999999999999	62.0	97567.0	-0.00930471420288086	59657927.0	64503838.0	507874.0
22	5.327999999999999	63.0	97612.0	-0.009309005737304688	60662917.0	65544143.0	516145.0
22	5.327999999999999	64.0	97657.0	-0.009313297271728516	61667817.0	66584472.0	524392.0
22	5.327999999999999	65.0	97184.0	-0.0092681884765625	62672476.0	67624783.0	532657.0
22	5.327999999999999	66.0	97317.0	-0.009280872344970704	63677326.0	68665040.0	540976.0
22	5.327999999999999	67.0	97592.0	-0.009307098388671876	64682205.0	69705348.0	549244.0
22	5.327999999999999	68.0	97236.0	-0.009273147583007813	65687017.0	70745704.0	557464.0
22	5.327999999999999	69.0	97640.0	-0.009311676025390625	66692039.0	71786079.0	565665.0
22	5.327999999999999	70.0	97356.0	-0.009284591674804688	67697085.0	72826449.0	573871.0
22	5.327999999999999	71.0	97389.0	-0.009287738800048828	68701902.0	73866720.0	582176.0
22	5.327999999999999	72.0	97357.0	-0.009284687042236329	69706460.0	74907031.0	590441.0
22	5.327999999999999	73.0	97343.0	-0.009283351898193359	70710987.0	75947203.0	598845.0
22	5.327999999999999	74.0	97531.0	-0.009301280975341797	71715748.0	76987463.0	607161.0
22	5.327999999999999	75.0	97290.0	-0.009278297424316406	72720772.0	78027813.0	615387.0
22	5.327999999999999	76.0	97330.0	-0.009282112121582031	73725372.0	79067985.0	623791.0
22	5.327999999999999	77.0	96531.0	-0.009205913543701172	74730200.0	80108309.0	632043.0
22	5.327999999999999	78.0	97479.0	-0.009296321868896484	75735132.0	81148696.0	640232.0
22	5.327999999999999	79.0	97360.0	-0.00928497314453125	76740102.0	82189181.0	648323.0
22	5.327999999999999	80.0	97918.0	-0.009338188171386718	77745171.0	83229606.0	656474.0
22	5.327999999999999	81.0	97870.0	-0.009333610534667969	78749780.0	84270056.0	664600.0
22	5.327999999999999	82.0	97546.0	-0.009302711486816407	79754917.0	85310346.0	672886.0
22	5.327999999999999	83.0	97048.0	-0.009255218505859374	80759762.0	86350635.0	681173.0
22	5.327999999999999	84.0	97156.0	-0.009265518188476563	81764947.0	87390967.0	689417.0
22	5.327999999999999	85.0	96908.0	-0.009241867065429687	82769936.0	88431350.0	697610.0
22	5.327999999999999	86.0	97089.0	-0.00925912857055664	83774825.0	89471686.0	705850.0
22	5.327999999999999	87.0	97020.0	-0.009252548217773438	84779549.0	90512013.0	714099.0
22	5.327999999999999	88.0	97176.0	-0.009267425537109375	85784832.0	91552456.0	722232.0
22	5.327999999999999	89.0	96524.0	-0.009205245971679687	86789781.0	92592855.0	730409.0
22	5.327999999999999	90.0	97133.0	-0.009263324737548827	87794824.0	93633194.0	738646.0
22	5.327999999999999	91.0	97274.0	-0.009276771545410156	88799747.0	94673663.0	746753.0
22	5.327999999999999	92.0	97864.0	-0.009333038330078125	89804573.0	95714023.0	754969.0
22	5.327999999999999	93.0	97831.0	-0.009329891204833985	90809273.0	96754441.0	763127.0
22	5.327999999999999	94.0	97783.0	-0.009325313568115234	91814307.0	97794737.0	771407.0
22	5.327999999999999	95.0	97639.0	-0.009311580657958984	92818945.0	98835095.0	779625.0
22	5.327999999999999	96.0	96953.0	-0.009246158599853515	93823895.0	99875373.0	787923.0
22	5.327999999999999	97.0	97255.0	-0.009274959564208984	94829056.0	100915840.0	796032.0
22	5.327999999999999	98.0	97420.0	-0.009290695190429688	95834051.0	101956229.0	804219.0
22	5.327999999999999	99.0	97255.0	-0.009274959564208984	96838784.0	102996649.0	812375.0
22	5.327999999999999	100.0	97079.0	-0.009258174896240234	97843650.0	104037130.0	820470.0
23	5.202	1.0	3537135.0	-0.3373274803161621	132499.0	1040413.0	8163.0
23	5.202	2.0	2529508.0	-0.24123268127441405	406055.0	2080665.0	16487.0
23	5.202	3.0	1612529.0	-0.15378274917602539	866841.0	3120972.0	24756.0
23	5.202	4.0	902525.0	-0.08607149124145508	1520208.0	4161402.0	32902.0
23	5.202	5.0	448679.0	-0.042789363861083986	2333621.0	5201669.0	41211.0
23	5.202	6.0	210650.0	-0.020089149475097656	3255617.0	6242194.0	49262.0
23	5.202	7.0	123713.0	-0.01179819107055664	4233841.0	7282578.0	57454.0
23	5.202	8.0	101593.0	-0.009688663482666015	5232817.0	8322912.0	65696.0
23	5.202	9.0	97707.0	-0.009318065643310548	6235923.0	9363189.0	73995.0
23	5.202	10.0	97661.0	-0.009313678741455078	7239857.0	10403476.0	82284.0
23	5.202	11.0	97236.0	-0.009273147583007813	8243770.0	11443745.0	90591.0
23	5.202	12.0	97523.0	-0.009300518035888671	9248234.0	12484201.0	98711.0
23	5.202	13.0	97910.0	-0.009337425231933594	10252001.0	13524598.0	106890.0
23	5.202	14.0	98308.0	-0.009375381469726562	11255779.0	14564966.0	115098.0
23	5.202	15.0	98169.0	-0.009362125396728515	12259621.0	15605119.0	123521.0
23	5.202	16.0	97650.0	-0.009312629699707031	13263935.0	16645560.0	131656.0
23	5.202	17.0	97667.0	-0.009314250946044923	14267840.0	17685752.0	140040.0
23	5.202	18.0	97576.0	-0.009305572509765625	15271785.0	18726220.0	148148.0
23	5.202	19.0	97487.0	-0.00929708480834961	16275872.0	19766623.0	156321.0
23	5.202	20.0	97727.0	-0.00931997299194336	17279804.0	20807001.0	164519.0
23	5.202	21.0	97603.0	-0.009308147430419921	18283930.0	21847378.0	172718.0
23	5.202	22.0	97666.0	-0.009314155578613282	19288227.0	22887878.0	180794.0
23	5.202	23.0	97519.0	-0.009300136566162109	20292391.0	23928324.0	188924.0
23	5.202	24.0	97704.0	-0.009317779541015625	21296314.0	24968709.0	197115.0
23	5.202	25.0	97510.0	-0.009299278259277344	22300771.0	26009275.0	205125.0
23	5.202	26.0	97646.0	-0.009312248229980469	23304639.0	27049499.0	213477.0
23	5.202	27.0	98112.0	-0.009356689453125	24308550.0	28089928.0	221624.0
23	5.202	28.0	98267.0	-0.009371471405029298	25312420.0	29130364.0	229764.0
23	5.202	29.0	98116.0	-0.009357070922851563	26316334.0	30170827.0	237877.0
23	5.202	30.0	97941.0	-0.009340381622314453	27319921.0	31211147.0	246133.0
23	5.202	31.0	97762.0	-0.009323310852050782	28323959.0	32251572.0	254284.0
23	5.202	32.0	97467.0	-0.009295177459716798	29328027.0	33291909.0	262523.0
23	5.202	33.0	97716.0	-0.009318923950195313	30332098.0	34332228.0	270780.0
23	5.202	34.0	98091.0	-0.009354686737060547	31335679.0	35372396.0	279188.0
23	5.202	35.0	97432.0	-0.009291839599609376	32339440.0	36412645.0	287515.0
23	5.202	36.0	97805.0	-0.009327411651611328	33343334.0	37453025.0	295711.0
23	5.202	37.0	97770.0	-0.009324073791503906	34347229.0	38493305.0	304007.0
23	5.202	38.0	97634.0	-0.009311103820800781	35350927.0	39533712.0	312176.0
23	5.202	39.0	97836.0	-0.009330368041992188	36354853.0	40573951.0	320513.0
23	5.202	40.0	97792.0	-0.009326171875	37358807.0	41614465.0	328575.0
23	5.202	41.0	97725.0	-0.009319782257080078	38362858.0	42654873.0	336743.0
23	5.202	42.0	97370.0	-0.009285926818847656	39366911.0	43695289.0	344903.0
23	5.202	43.0	98061.0	-0.009351825714111328	40370990.0	44735738.0	353030.0
23	5.202	44.0	97687.0	-0.009316158294677735	41374769.0	45776063.0	361281.0
23	5.202	45.0	97342.0	-0.00928325653076172	42379063.0	46816504.0	369416.0
23	5.202	46.0	97882.0	-0.009334754943847657	43382921.0	47856803.0	377693.0
23	5.202	47.0	97342.0	-0.00928325653076172	44387164.0	48897195.0	385877.0
23	5.202	48.0	97820.0	-0.009328842163085938	45391690.0	49937689.0	393959.0
23	5.202	49.0	97633.0	-0.00931100845336914	46395515.0	50978144.0	402080.0
23	5.202	50.0	97414.0	-0.009290122985839843	47399451.0	52018665.0	410135.0
23	5.202	51.0	97544.0	-0.009302520751953125	48403669.0	53059124.0	418252.0
23	5.202	52.0	97889.0	-0.00933542251586914	49407671.0	54099587.0	426365.0
23	5.202	53.0	97680.0	-0.00931549072265625	50411760.0	55139869.0	434659.0
23	5.202	54.0	98040.0	-0.009349822998046875	51415548.0	56180193.0	442911.0
23	5.202	55.0	97505.0	-0.00929880142211914	52420027.0	57220712.0	450968.0
23	5.202	56.0	98043.0	-0.009350109100341796	53423843.0	58261000.0	459256.0
23	5.202	57.0	97313.0	-0.00928049087524414	54427709.0	59301281.0	467551.0
23	5.202	58.0	97052.0	-0.009255599975585938	55431749.0	60341639.0	475769.0
23	5.202	59.0	97665.0	-0.00931406021118164	56435861.0	61382061.0	483923.0
23	5.202	60.0	98063.0	-0.009352016448974609	57439754.0	62422431.0	492129.0
23	5.202	61.0	97621.0	-0.009309864044189453	58443218.0	63462743.0	500393.0
23	5.202	62.0	97875.0	-0.009334087371826172	59446861.0	64503136.0	508576.0
23	5.202	63.0	97421.0	-0.009290790557861328	60450875.0	65543596.0	516692.0
23	5.202	64.0	98538.0	-0.009397315979003906	61454228.0	66583995.0	524869.0
23	5.202	65.0	98101.0	-0.009355640411376953	62458185.0	67624430.0	533010.0
23	5.202	66.0	97354.0	-0.009284400939941406	63462498.0	68664860.0	541156.0
23	5.202	67.0	97360.0	-0.00928497314453125	64466611.0	69705165.0	549427.0
23	5.202	68.0	98342.0	-0.009378623962402344	65470533.0	70745621.0	557547.0
23	5.202	69.0	97553.0	-0.00930337905883789	66474308.0	71785937.0	565807.0
23	5.202	70.0	97507.0	-0.009298992156982423	67478207.0	72826245.0	574075.0
23	5.202	71.0	97476.0	-0.009296035766601563	68482366.0	73866753.0	582143.0
23	5.202	72.0	97937.0	-0.009340000152587891	69486367.0	74907143.0	590329.0
23	5.202	73.0	97615.0	-0.00930929183959961	70490034.0	75947495.0	598553.0
23	5.202	74.0	97744.0	-0.00932159423828125	71494241.0	76987976.0	606648.0
23	5.202	75.0	98117.0	-0.009357166290283204	72498092.0	78028425.0	614775.0
23	5.202	76.0	97707.0	-0.009318065643310548	73502092.0	79068934.0	622842.0
23	5.202	77.0	97569.0	-0.00930490493774414	74506248.0	80109558.0	630794.0
23	5.202	78.0	97309.0	-0.009280109405517578	75510058.0	81149895.0	639033.0
23	5.202	79.0	97527.0	-0.009300899505615235	76513777.0	82190188.0	647316.0
23	5.202	80.0	97817.0	-0.009328556060791016	77517759.0	83230547.0	655533.0
23	5.202	81.0	97452.0	-0.009293746948242188	78521777.0	84270849.0	663807.0
23	5.202	82.0	97365.0	-0.009285449981689453	79525819.0	85311358.0	671874.0
23	5.202	83.0	98100.0	-0.009355545043945312	80530002.0	86351802.0	680006.0
23	5.202	84.0	97313.0	-0.00928049087524414	81534194.0	87392179.0	688205.0
23	5.202	85.0	97082.0	-0.009258460998535157	82538188.0	88432623.0	696337.0
23	5.202	86.0	97698.0	-0.00931720733642578	83542290.0	89472980.0	704556.0
23	5.202	87.0	97727.0	-0.00931997299194336	84546540.0	90513458.0	712654.0
23	5.202	88.0	98391.0	-0.009383296966552735	85550499.0	91553872.0	720816.0
23	5.202	89.0	98058.0	-0.009351539611816406	86554655.0	92594234.0	729030.0
23	5.202	90.0	97641.0	-0.009311771392822266	87558420.0	93634684.0	737156.0
23	5.202	91.0	97356.0	-0.009284591674804688	88562253.0	94674950.0	745466.0
23	5.202	92.0	97920.0	-0.00933837890625	89566413.0	95715451.0	753541.0
23	5.202	93.0	97635.0	-0.009311199188232422	90570524.0	96755946.0	761622.0
23	5.202	94.0	97983.0	-0.009344387054443359	91574638.0	97796323.0	769821.0
23	5.202	95.0	97846.0	-0.009331321716308594	92578960.0	98836769.0	777951.0
23	5.202	96.0	97984.0	-0.009344482421875	93583284.0	99877348.0	785948.0
23	5.202	97.0	97430.0	-0.009291648864746094	94587369.0	100917816.0	794056.0
23	5.202	98.0	96857.0	-0.009237003326416016	95591002.0	101957983.0	802465.0
23	5.202	99.0	97849.0	-0.009331607818603515	96594850.0	102998390.0	810634.0
23	5.202	100.0	97986.0	-0.009344673156738282	97598404.0	104038783.0	818817.0
24	5.076	1.0	3587189.0	-0.342101001739502	126062.0	1040385.0	8191.0
24	5.076	2.0	2630218.0	-0.2508371353149414	383699.0	2080847.0	16305.0
24	5.076	3.0	1743551.0	-0.16627798080444336	816250.0	3121250.0	24478.0
24	5.076	4.0	1031223.0	-0.09834508895874024	1434308.0	4161655.0	32649.0
24	5.076	5.0	543858.0	-0.051866340637207034	2213460.0	5202149.0	40731.0
24	5.076	6.0	264119.0	-0.025188350677490236	3109686.0	6242564.0	48892.0
24	5.076	7.0	142517.0	-0.013591480255126954	4073263.0	7283000.0	57032.0
24	5.076	8.0	106366.0	-0.010143852233886719	5066453.0	8323454.0	65154.0
24	5.076	9.0	99159.0	-0.009456539154052734	6067353.0	9363756.0	73428.0
24	5.076	10.0	98395.0	-0.009383678436279297	7070005.0	10403983.0	81777.0
24	5.076	11.0	97978.0	-0.009343910217285156	8073043.0	11444395.0	89941.0
24	5.076	12.0	97994.0	-0.009345436096191406	9076360.0	12484825.0	98087.0
24	5.076	13.0	98364.0	-0.009380722045898437	10079392.0	13525214.0	106274.0
24	5.076	14.0	98376.0	-0.009381866455078125	11081945.0	14565455.0	114609.0
24	5.076	15.0	97867.0	-0.009333324432373048	12084623.0	15605690.0	122950.0
24	5.076	16.0	97630.0	-0.009310722351074219	13087905.0	16646130.0	131086.0
24	5.076	17.0	98226.0	-0.009367561340332032	14091043.0	17686532.0	139260.0
24	5.076	18.0	98325.0	-0.009377002716064453	15094229.0	18726844.0	147524.0
24	5.076	19.0	97877.0	-0.009334278106689454	16096853.0	19767159.0	155785.0
24	5.076	20.0	98389.0	-0.009383106231689453	17099824.0	20807599.0	163921.0
24	5.076	21.0	98892.0	-0.009431076049804688	18102696.0	21847966.0	172130.0
24	5.076	22.0	98391.0	-0.009383296966552735	19105409.0	22888193.0	180479.0
24	5.076	23.0	97674.0	-0.009314918518066406	20108579.0	23928579.0	188669.0
24	5.076	24.0	98370.0	-0.009381294250488281	21111302.0	24968884.0	196940.0
24	5.076	25.0	98526.0	-0.009396171569824219	22113892.0	26009132.0	205268.0
24	5.076	26.0	98331.0	-0.009377574920654297	23116903.0	27049558.0	213418.0
24	5.076	27.0	98008.0	-0.009346771240234374	24119777.0	28089875.0	221677.0
24	5.076	28.0	98109.0	-0.009356403350830078	25122775.0	29130291.0	229837.0
24	5.076	29.0	97904.0	-0.00933685302734375	26126045.0	30170666.0	238038.0
24	5.076	30.0	98229.0	-0.009367847442626953	27129418.0	31210998.0	246282.0
24	5.076	31.0	98057.0	-0.009351444244384766	28132573.0	32251433.0	254423.0
24	5.076	32.0	98420.0	-0.009386062622070312	29135791.0	33291820.0	262612.0
24	5.076	33.0	98592.0	-0.0094024658203125	30139057.0	34332043.0	270965.0
24	5.076	34.0	98060.0	-0.009351730346679688	31142028.0	35372319.0	279265.0
24	5.076	35.0	98844.0	-0.009426498413085937	32144968.0	36412624.0	287536.0
24	5.076	36.0	98139.0	-0.009359264373779297	33148131.0	37453072.0	295664.0
24	5.076	37.0	98481.0	-0.009391880035400391	34151104.0	38493441.0	303871.0
24	5.076	38.0	98176.0	-0.00936279296875	35154008.0	39533825.0	312063.0
24	5.076	39.0	98123.0	-0.009357738494873046	36157137.0	40574301.0	320163.0
24	5.076	40.0	98002.0	-0.009346199035644532	37160249.0	41614790.0	328250.0
24	5.076	41.0	98074.0	-0.009353065490722656	38163199.0	42654947.0	336669.0
24	5.076	42.0	98401.0	-0.009384250640869141	39166010.0	43695324.0	344868.0
24	5.076	43.0	98343.0	-0.009378719329833984	40169264.0	44735712.0	353056.0
24	5.076	44.0	98342.0	-0.009378623962402344	41172216.0	45776023.0	361321.0
24	5.076	45.0	98288.0	-0.00937347412109375	42175188.0	46816410.0	369510.0
24	5.076	46.0	97991.0	-0.009345149993896485	43178324.0	47856830.0	377666.0
24	5.076	47.0	98531.0	-0.009396648406982422	44181416.0	48897162.0	385910.0
24	5.076	48.0	98117.0	-0.009357166290283204	45184449.0	49937592.0	394056.0
24	5.076	49.0	98214.0	-0.009366416931152343	46187472.0	50977997.0	402227.0
24	5.076	50.0	98410.0	-0.009385108947753906	47190625.0	52018294.0	410506.0
24	5.076	51.0	97732.0	-0.009320449829101563	48193553.0	53058647.0	418729.0
24	5.076	52.0	97849.0	-0.009331607818603515	49196708.0	54098828.0	427124.0
24	5.076	53.0	98241.0	-0.009368991851806641	50199457.0	55139090.0	435438.0
24	5.076	54.0	98525.0	-0.009396076202392578	51202213.0	56179516.0	443588.0
24	5.076	55.0	97724.0	-0.009319686889648437	52204941.0	57219688.0	451992.0
24	5.076	56.0	98083.0	-0.009353923797607421	53207838.0	58260160.0	460096.0
24	5.076	57.0	97676.0	-0.009315109252929688	54210937.0	59300371.0	468461.0
24	5.076	58.0	98356.0	-0.009379959106445313	55213963.0	60340992.0	476416.0
24	5.076	59.0	97803.0	-0.009327220916748046	56216982.0	61381315.0	484669.0
24	5.076	60.0	98613.0	-0.009404468536376952	57219876.0	62421728.0	492832.0
24	5.076	61.0	97937.0	-0.009340000152587891	58222777.0	63461898.0	501238.0
24	5.076	62.0	97641.0	-0.009311771392822266	59226097.0	64502332.0	509380.0
24	5.076	63.0	98312.0	-0.009375762939453126	60229320.0	65542650.0	517638.0
24	5.076	64.0	98236.0	-0.009368515014648438	61232468.0	66582990.0	525874.0
24	5.076	65.0	98683.0	-0.009411144256591796	62235348.0	67623413.0	534027.0
24	5.076	66.0	97977.0	-0.009343814849853516	63238427.0	68663873.0	542143.0
24	5.076	67.0	97772.0	-0.009324264526367188	64241852.0	69704329.0	550263.0
24	5.076	68.0	98411.0	-0.009385204315185547	65244854.0	70744650.0	558518.0
24	5.076	69.0	97949.0	-0.009341144561767578	66247889.0	71785008.0	566736.0
24	5.076	70.0	98144.0	-0.0093597412109375	67250887.0	72825359.0	574961.0
24	5.076	71.0	98221.0	-0.009367084503173828	68253809.0	73865728.0	583168.0
24	5.076	72.0	98150.0	-0.009360313415527344	69256798.0	74906233.0	591239.0
24	5.076	73.0	98329.0	-0.009377384185791015	70259577.0	75946643.0	599405.0
24	5.076	74.0	97947.0	-0.009340953826904298	71262272.0	76987050.0	607574.0
24	5.076	75.0	98479.0	-0.009391689300537109	72265431.0	78027324.0	615876.0
24	5.076	76.0	97977.0	-0.009343814849853516	73268325.0	79067648.0	624128.0
24	5.076	77.0	97821.0	-0.009328937530517578	74271073.0	80107909.0	632443.0
24	5.076	78.0	98117.0	-0.009357166290283204	75273915.0	81148305.0	640623.0
24	5.076	79.0	98178.0	-0.00936298370361328	76277211.0	82188695.0	648809.0
24	5.076	80.0	98178.0	-0.00936298370361328	77280273.0	83229192.0	656888.0
24	5.076	81.0	97998.0	-0.009345817565917968	78283345.0	84269725.0	664931.0
24	5.076	82.0	98439.0	-0.009387874603271484	79286747.0	85310206.0	673026.0
24	5.076	83.0	97787.0	-0.009325695037841798	80289601.0	86350453.0	681355.0
24	5.076	84.0	97745.0	-0.00932168960571289	81292739.0	87390851.0	689533.0
24	5.076	85.0	98430.0	-0.009387016296386719	82296031.0	88431169.0	697791.0
24	5.076	86.0	98485.0	-0.009392261505126953	83298962.0	89471543.0	705993.0
24	5.076	87.0	98078.0	-0.009353446960449218	84302136.0	90511997.0	714115.0
24	5.076	88.0	98067.0	-0.009352397918701173	85304853.0	91552288.0	722400.0
24	5.076	89.0	98064.0	-0.00935211181640625	86307949.0	92592641.0	730623.0
24	5.076	90.0	98212.0	-0.009366226196289063	87310880.0	93632872.0	738968.0
24	5.076	91.0	98135.0	-0.009358882904052734	88313928.0	94673351.0	747065.0
24	5.076	92.0	98452.0	-0.009389114379882813	89316400.0	95713625.0	755367.0
24	5.076	93.0	97972.0	-0.009343338012695313	90319445.0	96753968.0	763600.0
24	5.076	94.0	97971.0	-0.009343242645263672	91322576.0	97794362.0	771782.0
24	5.076	95.0	98306.0	-0.009375190734863282	92325381.0	98834709.0	780011.0
24	5.076	96.0	98259.0	-0.009370708465576172	93328287.0	99874931.0	788365.0
24	5.076	97.0	97673.0	-0.009314823150634765	94331422.0	100915431.0	796441.0
24	5.076	98.0	98146.0	-0.009359931945800782	95334394.0	101955859.0	804589.0
24	5.076	99.0	98179.0	-0.009363079071044922	96337186.0	102996159.0	812865.0
24	5.076	100.0	97605.0	-0.009308338165283203	97339979.0	104036505.0	821095.0
25	4.95	1.0	3637584.0	-0.34690704345703127	119234.0	1040506.0	8070.0
25	4.95	2.0	2735301.0	-0.2608586311340332	360148.0	2080766.0	16386.0
25	4.95	3.0	1870816.0	-0.1784149169921875	766783.0	3121112.0	24616.0
25	4.95	4.0	1161649.0	-0.11078348159790039	1350478.0	4161649.0	32655.0
25	4.95	5.0	650546.0	-0.06204090118408203	2094559.0	5202116.0	40764.0
25	4.95	6.0	331971.0	-0.03165922164916992	2961469.0	6242374.0	49082.0
25	4.95	7.0	173974.0	-0.016591453552246095	3906099.0	7282729.0	57303.0
25	4.95	8.0	115616.0	-0.0110260009765625	4890224.0	8323002.0	65606.0
25	4.95	9.0	100552.0	-0.009589385986328126	5888706.0	9363291.0	73893.0
25	4.95	10.0	99208.0	-0.009461212158203124	6890292.0	10403524.0	82236.0
25	4.95	11.0	98598.0	-0.009403038024902343	7892781.0	11443961.0	90375.0
25	4.95	12.0	98178.0	-0.00936298370361328	8894774.0	12484312.0	98600.0
25	4.95	13.0	98712.0	-0.009413909912109376	9896796.0	13524574.0	106914.0
25	4.95	14.0	98215.0	-0.009366512298583984	10898724.0	14564928.0	115136.0
25	4.95	15.0	98109.0	-0.009356403350830078	11900683.0	15605279.0	123361.0
25	4.95	16.0	98593.0	-0.00940256118774414	12902678.0	16645727.0	131489.0
25	4.95	17.0	98524.0	-0.009395980834960937	13904931.0	17686077.0	139715.0
25	4.95	18.0	98480.0	-0.00939178466796875	14907113.0	18726383.0	147985.0
25	4.95	19.0	98541.0	-0.009397602081298828	15909596.0	19766874.0	156070.0
25	4.95	20.0	99021.0	-0.009443378448486328	16911697.0	20807274.0	164246.0
25	4.95	21.0	98538.0	-0.009397315979003906	17913489.0	21847532.0	172564.0
25	4.95	22.0	98665.0	-0.009409427642822266	18915338.0	22887752.0	180920.0
25	4.95	23.0	98646.0	-0.009407615661621094	19917191.0	23928149.0	189099.0
25	4.95	24.0	98892.0	-0.009431076049804688	20919429.0	24968671.0	197153.0
25	4.95	25.0	99024.0	-0.00944366455078125	21921920.0	26009147.0	205253.0
25	4.95	26.0	97995.0	-0.009345531463623047	22924055.0	27049556.0	213420.0
25	4.95	27.0	98331.0	-0.009377574920654297	23926056.0	28089959.0	221593.0
25	4.95	28.0	98258.0	-0.00937061309814453	24928394.0	29130460.0	229668.0
25	4.95	29.0	98459.0	-0.009389781951904297	25930549.0	30170925.0	237779.0
25	4.95	30.0	98250.0	-0.009369850158691406	26932676.0	31211325.0	245955.0
25	4.95	31.0	98625.0	-0.00940561294555664	27934560.0	32251721.0	254135.0
25	4.95	32.0	98741.0	-0.009416675567626953	28936828.0	33292284.0	262148.0
25	4.95	33.0	98174.0	-0.009362602233886718	29939319.0	34332673.0	270335.0
25	4.95	34.0	98699.0	-0.009412670135498047	30941937.0	35373063.0	278521.0
25	4.95	35.0	98932.0	-0.009434890747070313	31943694.0	36413439.0	286721.0
25	4.95	36.0	98913.0	-0.00943307876586914	32945692.0	37453941.0	294795.0
25	4.95	37.0	98999.0	-0.009441280364990234	33947647.0	38494226.0	303086.0
25	4.95	38.0	98197.0	-0.009364795684814454	34949306.0	39534457.0	311431.0
25	4.95	39.0	98956.0	-0.009437179565429688	35951040.0	40574841.0	319623.0
25	4.95	40.0	98606.0	-0.009403800964355469	36952857.0	41615291.0	327749.0
25	4.95	41.0	98742.0	-0.009416770935058594	37955281.0	42655846.0	335770.0
25	4.95	42.0	98721.0	-0.009414768218994141	38957424.0	43696073.0	344119.0
25	4.95	43.0	98146.0	-0.009359931945800782	39959549.0	44736366.0	352402.0
25	4.95	44.0	98352.0	-0.00937957763671875	40961669.0	45776641.0	360703.0
25	4.95	45.0	98757.0	-0.009418201446533204	41963483.0	46816978.0	368942.0
25	4.95	46.0	98499.0	-0.009393596649169922	42965518.0	47857359.0	377137.0
25	4.95	47.0	98932.0	-0.009434890747070313	43967563.0	48897771.0	385301.0
25	4.95	48.0	98941.0	-0.009435749053955078	44969245.0	49938069.0	393579.0
25	4.95	49.0	98998.0	-0.009441184997558593	45971322.0	50978462.0	401762.0
25	4.95	50.0	98785.0	-0.00942087173461914	46973045.0	52018758.0	410042.0
25	4.95	51.0	99143.0	-0.009455013275146484	47974994.0	53059027.0	418349.0
25	4.95	52.0	99059.0	-0.009447002410888672	48976776.0	54099490.0	426462.0
25	4.95	53.0	98919.0	-0.009433650970458984	49978718.0	55139892.0	434636.0
25	4.95	54.0	99027.0	-0.009443950653076173	50980263.0	56180302.0	442802.0
25	4.95	55.0	99073.0	-0.00944833755493164	51982112.0	57220593.0	451087.0
25	4.95	56.0	98723.0	-0.009414958953857421	52984198.0	58261064.0	459192.0
25	4.95	57.0	98647.0	-0.009407711029052735	53985920.0	59301413.0	467419.0
25	4.95	58.0	98141.0	-0.009359455108642578	54987830.0	60341652.0	475756.0
25	4.95	59.0	98627.0	-0.009405803680419923	55989520.0	61381903.0	484081.0
25	4.95	60.0	98231.0	-0.009368038177490235	56991554.0	62422366.0	492194.0
25	4.95	61.0	98751.0	-0.00941762924194336	57993399.0	63462668.0	500468.0
25	4.95	62.0	98707.0	-0.009413433074951173	58995698.0	64503116.0	508596.0
25	4.95	63.0	98689.0	-0.00941171646118164	59998013.0	65543593.0	516695.0
25	4.95	64.0	99049.0	-0.009446048736572265	61000193.0	66583946.0	524918.0
25	4.95	65.0	98827.0	-0.009424877166748048	62002125.0	67624442.0	532998.0
25	4.95	66.0	98453.0	-0.009389209747314452	63004025.0	68664909.0	541107.0
25	4.95	67.0	98502.0	-0.009393882751464844	64006372.0	69705405.0	549187.0
25	4.95	68.0	98616.0	-0.009404754638671875	65008619.0	70745787.0	557381.0
25	4.95	69.0	98547.0	-0.009398174285888673	66010540.0	71786147.0	565597.0
25	4.95	70.0	98099.0	-0.009355449676513672	67012988.0	72826464.0	573856.0
25	4.95	71.0	99066.0	-0.009447669982910157	68014703.0	73866786.0	582110.0
25	4.95	72.0	98522.0	-0.009395790100097657	69016834.0	74907224.0	590248.0
25	4.95	73.0	98715.0	-0.009414196014404297	70018901.0	75947651.0	598397.0
25	4.95	74.0	98046.0	-0.009350395202636719	71020822.0	76987958.0	606666.0
25	4.95	75.0	98305.0	-0.00937509536743164	72023244.0	78028241.0	614959.0
25	4.95	76.0	98868.0	-0.009428787231445312	73025230.0	79068626.0	623150.0
25	4.95	77.0	98925.0	-0.009434223175048828	74027253.0	80109031.0	631321.0
25	4.95	78.0	98894.0	-0.009431266784667968	75029004.0	81149337.0	639591.0
25	4.95	79.0	98776.0	-0.009420013427734375	76031587.0	82189852.0	647652.0
25	4.95	80.0	98436.0	-0.009387588500976563	77033594.0	83230103.0	655977.0
25	4.95	81.0	98680.0	-0.009410858154296875	78035574.0	84270308.0	664348.0
25	4.95	82.0	98436.0	-0.009387588500976563	79037307.0	85310635.0	672597.0
25	4.95	83.0	98122.0	-0.009357643127441407	80039073.0	86350918.0	680890.0
25	4.95	84.0	98445.0	-0.009388446807861328	81040763.0	87391321.0	689063.0
25	4.95	85.0	98829.0	-0.009425067901611328	82042858.0	88431754.0	697206.0
25	4.95	86.0	98633.0	-0.009406375885009765	83045012.0	89472234.0	705302.0
25	4.95	87.0	98142.0	-0.00935955047607422	84047527.0	90512663.0	713449.0
25	4.95	88.0	99208.0	-0.009461212158203124	85049806.0	91552989.0	721699.0
25	4.95	89.0	98527.0	-0.00939626693725586	86051498.0	92593315.0	729949.0
25	4.95	90.0	98390.0	-0.009383201599121094	87053276.0	93633617.0	738223.0
25	4.95	91.0	98892.0	-0.009431076049804688	88055198.0	94673855.0	746561.0
25	4.95	92.0	98837.0	-0.009425830841064454	89056931.0	95714327.0	754665.0
25	4.95	93.0	98323.0	-0.009376811981201171	90059063.0	96754765.0	762803.0
25	4.95	94.0	98777.0	-0.009420108795166016	91061418.0	97795122.0	771022.0
25	4.95	95.0	98312.0	-0.009375762939453126	92063352.0	98835624.0	779096.0
25	4.95	96.0	98322.0	-0.009376716613769532	93065337.0	99876061.0	787235.0
25	4.95	97.0	98813.0	-0.009423542022705077	94067696.0	100916539.0	795333.0
25	4.95	98.0	98588.0	-0.009402084350585937	95069800.0	101956995.0	803453.0
25	4.95	99.0	97776.0	-0.00932464599609375	96071857.0	102997355.0	811669.0
25	4.95	100.0	98587.0	-0.009401988983154298	97073821.0	104037631.0	819969.0
26	4.824	1.0	3690526.0	-0.3519559860229492	112274.0	1040512.0	8064.0
26	4.824	2.0	2830584.0	-0.2699455261230469	338123.0	2080771.0	16381.0
26	4.824	3.0	2005633.0	-0.19127206802368163	716647.0	3121080.0	24648.0
26	4.824	4.0	1308013.0	-0.12474184036254883	1265276.0	4161518.0	32786.0
26	4.824	5.0	778270.0	-0.07422161102294922	1969364.0	5201853.0	41027.0
26	4.824	6.0	422723.0	-0.040314006805419925	2800158.0	6242223.0	49233.0
26	4.824	7.0	221123.0	-0.02108793258666992	3720096.0	7282640.0	57392.0
26	4.824	8.0	133016.0	-0.012685394287109375	4691058.0	8323051.0	65557.0
26	4.824	9.0	105328.0	-0.01004486083984375	5684540.0	9363594.0	73590.0
26	4.824	10.0	99957.0	-0.009532642364501954	6684167.0	10404038.0	81722.0
26	4.824	11.0	98981.0	-0.009439563751220703	7684899.0	11444398.0	89938.0
26	4.824	12.0	98756.0	-0.009418106079101563	8685779.0	12484853.0	98059.0
26	4.824	13.0	99123.0	-0.009453105926513671	9686879.0	13525454.0	106034.0
26	4.824	14.0	98787.0	-0.009421062469482423	10687722.0	14565721.0	114343.0
26	4.824	15.0	99037.0	-0.009444904327392579	11688827.0	15606145.0	122495.0
26	4.824	16.0	99237.0	-0.009463977813720704	12689628.0	16646361.0	130855.0
26	4.824	17.0	99167.0	-0.00945730209350586	13690540.0	17686796.0	138996.0
26	4.824	18.0	99356.0	-0.009475326538085938	14691487.0	18727189.0	147179.0
26	4.824	19.0	99323.0	-0.009472179412841796	15692489.0	19767532.0	155412.0
26	4.824	20.0	99579.0	-0.009496593475341797	16693260.0	20807811.0	163709.0
26	4.824	21.0	99852.0	-0.009522628784179688	17693990.0	21848302.0	171794.0
26	4.824	22.0	99587.0	-0.009497356414794923	18694487.0	22888529.0	180143.0
26	4.824	23.0	99681.0	-0.009506320953369141	19695299.0	23929168.0	188080.0
26	4.824	24.0	98778.0	-0.009420204162597656	20696419.0	24969665.0	196159.0
26	4.824	25.0	98851.0	-0.009427165985107422	21697670.0	26009987.0	204413.0
26	4.824	26.0	99081.0	-0.009449100494384766	22698725.0	27050349.0	212627.0
26	4.824	27.0	98946.0	-0.009436225891113282	23699493.0	28090705.0	220847.0
26	4.824	28.0	98918.0	-0.009433555603027343	24700753.0	29131030.0	229098.0
26	4.824	29.0	99402.0	-0.009479713439941407	25702036.0	30171533.0	237171.0
26	4.824	30.0	98909.0	-0.009432697296142578	26703468.0	31211846.0	245434.0
26	4.824	31.0	99663.0	-0.009504604339599609	27704090.0	32252081.0	253775.0
26	4.824	32.0	98978.0	-0.00943927764892578	28704959.0	33292393.0	262039.0
26	4.824	33.0	99711.0	-0.00950918197631836	29705527.0	34332614.0	270394.0
26	4.824	34.0	99159.0	-0.009456539154052734	30706487.0	35372989.0	278595.0
26	4.824	35.0	99309.0	-0.009470844268798828	31706849.0	36413263.0	286897.0
26	4.824	36.0	99116.0	-0.009452438354492188	32707854.0	37453780.0	294956.0
26	4.824	37.0	99171.0	-0.009457683563232422	33708556.0	38494064.0	303248.0
26	4.824	38.0	98861.0	-0.009428119659423828	34709466.0	39534447.0	311441.0
26	4.824	39.0	98946.0	-0.009436225891113282	35710393.0	40574819.0	319645.0
26	4.824	40.0	99206.0	-0.009461021423339844	36711694.0	41615226.0	327814.0
26	4.824	41.0	98937.0	-0.009435367584228516	37712499.0	42655532.0	336084.0
26	4.824	42.0	99046.0	-0.009445762634277344	38713411.0	43695917.0	344275.0
26	4.824	43.0	99106.0	-0.009451484680175782	39714441.0	44736234.0	352534.0
26	4.824	44.0	99472.0	-0.00948638916015625	40715190.0	45776528.0	360816.0
26	4.824	45.0	99102.0	-0.00945110321044922	41716504.0	46817033.0	368887.0
26	4.824	46.0	99154.0	-0.009456062316894531	42717610.0	47857496.0	377000.0
26	4.824	47.0	98832.0	-0.00942535400390625	43718923.0	48897900.0	385172.0
26	4.824	48.0	98372.0	-0.009381484985351563	44719998.0	49938230.0	393418.0
26	4.824	49.0	99107.0	-0.009451580047607423	45721144.0	50978716.0	401508.0
26	4.824	50.0	98257.0	-0.009370517730712891	46722016.0	52019068.0	409732.0
26	4.824	51.0	98474.0	-0.009391212463378906	47723341.0	53059525.0	417851.0
26	4.824	52.0	98995.0	-0.009440898895263672	48724294.0	54099986.0	425966.0
26	4.824	53.0	98986.0	-0.009440040588378907	49725169.0	55140419.0	434109.0
26	4.824	54.0	98725.0	-0.009415149688720703	50726513.0	56180948.0	442156.0
26	4.824	55.0	99022.0	-0.00944347381591797	51727161.0	57221344.0	450336.0
26	4.824	56.0	99528.0	-0.009491729736328124	52728397.0	58261717.0	458539.0
26	4.824	57.0	99181.0	-0.009458637237548828	53729390.0	59302111.0	466721.0
26	4.824	58.0	99101.0	-0.009451007843017578	54730230.0	60342442.0	474966.0
26	4.824	59.0	98855.0	-0.009427547454833984	55731611.0	61382984.0	483000.0
26	4.824	60.0	99207.0	-0.009461116790771485	56732407.0	62423433.0	491127.0
26	4.824	61.0	98993.0	-0.00944070816040039	57733904.0	63464003.0	499133.0
26	4.824	62.0	99123.0	-0.009453105926513671	58734913.0	64504391.0	507321.0
26	4.824	63.0	98967.0	-0.009438228607177735	59735904.0	65544879.0	515409.0
26	4.824	64.0	99253.0	-0.009465503692626952	60736454.0	66585151.0	523713.0
26	4.824	65.0	99213.0	-0.009461688995361327	61737362.0	67625419.0	532021.0
26	4.824	66.0	98446.0	-0.009388542175292969	62738504.0	68665681.0	540335.0
26	4.824	67.0	98536.0	-0.009397125244140625	63739505.0	69706009.0	548583.0
26	4.824	68.0	99231.0	-0.00946340560913086	64740294.0	70746411.0	556757.0
26	4.824	69.0	99238.0	-0.009464073181152343	65741232.0	71786908.0	564836.0
26	4.824	70.0	99151.0	-0.00945577621459961	66741652.0	72827215.0	573105.0
26	4.824	71.0	99413.0	-0.009480762481689452	67742840.0	73867753.0	581143.0
26	4.824	72.0	98756.0	-0.009418106079101563	68743549.0	74908112.0	589360.0
26	4.824	73.0	98797.0	-0.009422016143798829	69744526.0	75948458.0	597590.0
26	4.824	74.0	99031.0	-0.009444332122802735	70745309.0	76988763.0	605861.0
26	4.824	75.0	98690.0	-0.009411811828613281	71746318.0	78029196.0	614004.0
26	4.824	76.0	98866.0	-0.009428596496582032	72747207.0	79069536.0	622240.0
26	4.824	77.0	99098.0	-0.009450721740722656	73748207.0	80109887.0	630465.0
26	4.824	78.0	99296.0	-0.0094696044921875	74748613.0	81150109.0	638819.0
26	4.824	79.0	98862.0	-0.00942821502685547	75749884.0	82190496.0	647008.0
26	4.824	80.0	99579.0	-0.009496593475341797	76750830.0	83230827.0	655253.0
26	4.824	81.0	98800.0	-0.00942230224609375	77751897.0	84271454.0	663202.0
26	4.824	82.0	99279.0	-0.009467983245849609	78753003.0	85311815.0	671417.0
26	4.824	83.0	99133.0	-0.009454059600830077	79753919.0	86352097.0	679711.0
26	4.824	84.0	99135.0	-0.00945425033569336	80754845.0	87392408.0	687976.0
26	4.824	85.0	98780.0	-0.009420394897460938	81755213.0	88432719.0	696241.0
26	4.824	86.0	99088.0	-0.00944976806640625	82756375.0	89473169.0	704367.0
26	4.824	87.0	99441.0	-0.009483432769775391	83757136.0	90513644.0	712468.0
26	4.824	88.0	99287.0	-0.009468746185302735	84758335.0	91553927.0	720761.0
26	4.824	89.0	99465.0	-0.009485721588134766	85758975.0	92594187.0	729077.0
26	4.824	90.0	99353.0	-0.009475040435791015	86760056.0	93634751.0	737089.0
26	4.824	91.0	99222.0	-0.009462547302246094	87761247.0	94675231.0	745185.0
26	4.824	92.0	98719.0	-0.009414577484130859	88762192.0	95715628.0	753364.0
26	4.824	93.0	99225.0	-0.009462833404541016	89763223.0	96756104.0	761464.0
26	4.824	94.0	99408.0	-0.00948028564453125	90764039.0	97796378.0	769766.0
26	4.824	95.0	98713.0	-0.009414005279541015	91764858.0	98836774.0	777946.0
26	4.824	96.0	99025.0	-0.00944375991821289	92765892.0	99876943.0	786353.0
26	4.824	97.0	99569.0	-0.00949563980102539	93766809.0	100917241.0	794631.0
26	4.824	98.0	98826.0	-0.009424781799316407	94767384.0	101957583.0	802865.0
26	4.824	99.0	98992.0	-0.00944061279296875	95768500.0	102997677.0	811347.0
26	4.824	100.0	99256.0	-0.009465789794921875	96769320.0	104038153.0	819447.0
27	4.698	1.0	3741602.0	-0.3568269729614258	105436.0	1040404.0	8172.0
27	4.698	2.0	2936046.0	-0.28000316619873045	315109.0	2080927.0	16225.0
27	4.698	3.0	2143209.0	-0.20439233779907226	668229.0	3121270.0	24458.0
27	4.698	4.0	1459193.0	-0.1391594886779785	1180379.0	4161800.0	32504.0
27	4.698	5.0	919482.0	-0.08768863677978515	1846508.0	5202168.0	40712.0
27	4.698	6.0	538335.0	-0.05133962631225586	2639000.0	6242493.0	48963.0
27	4.698	7.0	294403.0	-0.02807645797729492	3526045.0	7282751.0	57281.0
27	4.698	8.0	167982.0	-0.01602001190185547	4476174.0	8323224.0	65384.0
27	4.698	9.0	116826.0	-0.011141395568847657	5458982.0	9363527.0	73657.0
27	4.698	10.0	102732.0	-0.009797286987304688	6454817.0	10403908.0	81852.0
27	4.698	11.0	99760.0	-0.00951385498046875	7454186.0	11444275.0	90061.0
27	4.698	12.0	99689.0	-0.009507083892822265	8453887.0	12484546.0	98366.0
27	4.698	13.0	99367.0	-0.009476375579833985	9454203.0	13524778.0	106710.0
27	4.698	14.0	99800.0	-0.009517669677734375	10454574.0	14565162.0	114902.0
27	4.698	15.0	99452.0	-0.009484481811523438	11454605.0	15605540.0	123100.0
27	4.698	16.0	99426.0	-0.009482002258300782	12454096.0	16645812.0	131404.0
27	4.698	17.0	99582.0	-0.00949687957763672	13453653.0	17686198.0	139594.0
27	4.698	18.0	99090.0	-0.009449958801269531	14453916.0	18726456.0	147912.0
27	4.698	19.0	99577.0	-0.009496402740478516	15453788.0	19766838.0	156106.0
27	4.698	20.0	99648.0	-0.009503173828125	16453712.0	20807281.0	164239.0
27	4.698	21.0	99036.0	-0.009444808959960938	17453455.0	21847679.0	172417.0
27	4.698	22.0	99540.0	-0.009492874145507812	18453556.0	22888234.0	180438.0
27	4.698	23.0	99316.0	-0.009471511840820313	19453582.0	23928807.0	188441.0
27	4.698	24.0	99567.0	-0.00949544906616211	20453536.0	24969311.0	196513.0
27	4.698	25.0	99312.0	-0.00947113037109375	21453311.0	26009703.0	204697.0
27	4.698	26.0	100137.0	-0.009549808502197266	22452937.0	27050156.0	212820.0
27	4.698	27.0	99712.0	-0.00950927734375	23452204.0	28090514.0	221038.0
27	4.698	28.0	99801.0	-0.009517765045166016	24451869.0	29130903.0	229225.0
27	4.698	29.0	99730.0	-0.009510993957519531	25452470.0	30171375.0	237329.0
27	4.698	30.0	99881.0	-0.009525394439697266	26452536.0	31211757.0	245523.0
27	4.698	31.0	99618.0	-0.00950031280517578	27452194.0	32252207.0	253649.0
27	4.698	32.0	99535.0	-0.00949239730834961	28452515.0	33292699.0	261733.0
27	4.698	33.0	99435.0	-0.009482860565185547	29452521.0	34333116.0	269892.0
27	4.698	34.0	99245.0	-0.009464740753173828	30452650.0	35373486.0	278098.0
27	4.698	35.0	99637.0	-0.009502124786376954	31452546.0	36413840.0	286320.0
27	4.698	36.0	99357.0	-0.009475421905517579	32452767.0	37454168.0	294568.0
27	4.698	37.0	99961.0	-0.009533023834228516	33452580.0	38494552.0	302760.0
27	4.698	38.0	99879.0	-0.009525203704833984	34452101.0	39534941.0	310947.0
27	4.698	39.0	99607.0	-0.009499263763427735	35451944.0	40575440.0	319024.0
27	4.698	40.0	99792.0	-0.00951690673828125	36451735.0	41615871.0	327169.0
27	4.698	41.0	99758.0	-0.009513664245605468	37451729.0	42656238.0	335378.0
27	4.698	42.0	99198.0	-0.009460258483886718	38451534.0	43696624.0	343568.0
27	4.698	43.0	99670.0	-0.009505271911621094	39451301.0	44737030.0	351738.0
27	4.698	44.0	99467.0	-0.009485912322998048	40450942.0	45777328.0	360016.0
27	4.698	45.0	99829.0	-0.009520435333251953	41451105.0	46817707.0	368213.0
27	4.698	46.0	99416.0	-0.009481048583984375	42451055.0	47858271.0	376225.0
27	4.698	47.0	99527.0	-0.009491634368896485	43451132.0	48898750.0	384322.0
27	4.698	48.0	99206.0	-0.009461021423339844	44450966.0	49938977.0	392671.0
27	4.698	49.0	100125.0	-0.009548664093017578	45450591.0	50979259.0	400965.0
27	4.698	50.0	99518.0	-0.009490776062011718	46450493.0	52019875.0	408925.0
27	4.698	51.0	99178.0	-0.009458351135253906	47450353.0	53060181.0	417195.0
27	4.698	52.0	99024.0	-0.00944366455078125	48449810.0	54100452.0	425500.0
27	4.698	53.0	99775.0	-0.00951528549194336	49450316.0	55140935.0	433593.0
27	4.698	54.0	99512.0	-0.009490203857421876	50450364.0	56181342.0	441762.0
27	4.698	55.0	100003.0	-0.009537029266357421	51450005.0	57221594.0	450086.0
27	4.698	56.0	100262.0	-0.009561729431152344	52449919.0	58262006.0	458250.0
27	4.698	57.0	99604.0	-0.009498977661132812	53449568.0	59302504.0	466328.0
27	4.698	58.0	99905.0	-0.00952768325805664	54449617.0	60342960.0	474448.0
27	4.698	59.0	99210.0	-0.009461402893066406	55449505.0	61383384.0	482600.0
27	4.698	60.0	99273.0	-0.009467411041259765	56449031.0	62423857.0	490703.0
27	4.698	61.0	99155.0	-0.009456157684326172	57449095.0	63464273.0	498863.0
27	4.698	62.0	99789.0	-0.009516620635986328	58449299.0	64504688.0	507024.0
27	4.698	63.0	99123.0	-0.009453105926513671	59448829.0	65544988.0	515300.0
27	4.698	64.0	99944.0	-0.009531402587890625	60448420.0	66585362.0	523502.0
27	4.698	65.0	99861.0	-0.009523487091064453	61448156.0	67625738.0	531702.0
27	4.698	66.0	99583.0	-0.009496974945068359	62447540.0	68666084.0	539932.0
27	4.698	67.0	99569.0	-0.00949563980102539	63447389.0	69706574.0	548018.0
27	4.698	68.0	99689.0	-0.009507083892822265	64447416.0	70747007.0	556161.0
27	4.698	69.0	99892.0	-0.009526443481445313	65447376.0	71787405.0	564339.0
27	4.698	70.0	100389.0	-0.009573841094970703	66447109.0	72827894.0	572426.0
27	4.698	71.0	100029.0	-0.009539508819580078	67446732.0	73868156.0	580740.0
27	4.698	72.0	99616.0	-0.0095001220703125	68445987.0	74908352.0	589120.0
27	4.698	73.0	99230.0	-0.009463310241699219	69446430.0	75948881.0	597167.0
27	4.698	74.0	99490.0	-0.009488105773925781	70445904.0	76989067.0	605557.0
27	4.698	75.0	99625.0	-0.009500980377197266	71445853.0	78029350.0	613850.0
27	4.698	76.0	100167.0	-0.009552669525146485	72445477.0	79069594.0	622182.0
27	4.698	77.0	99846.0	-0.009522056579589844	73445311.0	80110077.0	630275.0
27	4.698	78.0	99573.0	-0.009496021270751952	74445339.0	81150485.0	638443.0
27	4.698	79.0	99453.0	-0.009484577178955077	75445046.0	82190867.0	646637.0
27	4.698	80.0	99378.0	-0.00947742462158203	76445100.0	83231318.0	654762.0
27	4.698	81.0	99924.0	-0.009529495239257812	77444676.0	84271681.0	662975.0
27	4.698	82.0	99794.0	-0.009517097473144531	78444362.0	85312114.0	671118.0
27	4.698	83.0	99432.0	-0.009482574462890626	79444370.0	86352506.0	679302.0
27	4.698	84.0	99571.0	-0.009495830535888672	80444242.0	87392998.0	687386.0
27	4.698	85.0	99841.0	-0.009521579742431641	81444147.0	88433450.0	695510.0
27	4.698	86.0	99152.0	-0.00945587158203125	82444203.0	89473915.0	703621.0
27	4.698	87.0	99801.0	-0.009517765045166016	83444540.0	90514560.0	711552.0
27	4.698	88.0	99251.0	-0.009465312957763672	84444168.0	91554938.0	719750.0
27	4.698	89.0	99325.0	-0.009472370147705078	85444257.0	92595341.0	727923.0
27	4.698	90.0	100445.0	-0.009579181671142578	86444354.0	93635701.0	736139.0
27	4.698	91.0	99657.0	-0.009504032135009766	87444218.0	94676081.0	744335.0
27	4.698	92.0	100133.0	-0.009549427032470702	88444416.0	95716539.0	752453.0
27	4.698	93.0	99553.0	-0.00949411392211914	89444178.0	96756956.0	760612.0
27	4.698	94.0	99416.0	-0.009481048583984375	90444142.0	97797270.0	768874.0
27	4.698	95.0	99116.0	-0.009452438354492188	91443980.0	98837624.0	777096.0
27	4.698	96.0	99576.0	-0.009496307373046875	92443978.0	99877957.0	785339.0
27	4.698	97.0	99602.0	-0.009498786926269532	93444089.0	100918457.0	793415.0
27	4.698	98.0	99648.0	-0.009503173828125	94443873.0	101958771.0	801677.0
27	4.698	99.0	99880.0	-0.009525299072265625	95444153.0	102999353.0	809671.0
27	4.698	100.0	98914.0	-0.009433174133300781	96444424.0	104039734.0	817866.0
28	4.572	1.0	3795901.0	-0.36200532913208006	98420.0	1040353.0	8223.0
28	4.572	2.0	3041564.0	-0.29006614685058596	292771.0	2080859.0	16293.0
28	4.572	3.0	2292962.0	-0.2186738967895508	618675.0	3121224.0	24504.0
28	4.572	4.0	1625397.0	-0.15500993728637696	1094591.0	4161615.0	32689.0
28	4.572	5.0	1078573.0	-0.10286073684692383	1716498.0	5202099.0	40781.0
28	4.572	6.0	664637.0	-0.06338472366333008	2466434.0	6242610.0	48846.0
28	4.572	7.0	386546.0	-0.03686389923095703	3318781.0	7283013.0	57019.0
28	4.572	8.0	219548.0	-0.020937728881835937	4243143.0	8323495.0	65113.0
28	4.572	9.0	138695.0	-0.013226985931396484	5210808.0	9363843.0	73341.0
28	4.572	10.0	109333.0	-0.010426807403564452	6199719.0	10404193.0	81567.0
28	4.572	11.0	101148.0	-0.009646224975585937	7196739.0	11444591.0	89745.0
28	4.572	12.0	100449.0	-0.00957956314086914	8195457.0	12485116.0	97796.0
28	4.572	13.0	100421.0	-0.009576892852783203	9194308.0	13525665.0	105823.0
28	4.572	14.0	99948.0	-0.009531784057617187	10193102.0	14566130.0	113934.0
28	4.572	15.0	100528.0	-0.00958709716796875	11191554.0	15606501.0	122139.0
28	4.572	16.0	100310.0	-0.009566307067871094	12189835.0	16646816.0	130400.0
28	4.572	17.0	99807.0	-0.00951833724975586	13188443.0	17687122.0	138670.0
28	4.572	18.0	100607.0	-0.00959463119506836	14187232.0	18727601.0	146767.0
28	4.572	19.0	100442.0	-0.009578895568847657	15185910.0	19768040.0	154904.0
28	4.572	20.0	99528.0	-0.009491729736328124	16184528.0	20808367.0	163153.0
28	4.572	21.0	99983.0	-0.009535121917724609	17183406.0	21848718.0	171378.0
28	4.572	22.0	99756.0	-0.009513473510742188	18181906.0	22888973.0	179699.0
28	4.572	23.0	99806.0	-0.009518241882324219	19180981.0	23929393.0	187855.0
28	4.572	24.0	99888.0	-0.00952606201171875	20179771.0	24969724.0	196100.0
28	4.572	25.0	99819.0	-0.009519481658935547	21178131.0	26010203.0	204197.0
28	4.572	26.0	100341.0	-0.009569263458251953	22177433.0	27050712.0	212264.0
28	4.572	27.0	100013.0	-0.009537982940673827	23176481.0	28091081.0	220471.0
28	4.572	28.0	99986.0	-0.009535408020019532	24175236.0	29131393.0	228735.0
28	4.572	29.0	100315.0	-0.009566783905029297	25173720.0	30171740.0	236964.0
28	4.572	30.0	100415.0	-0.00957632064819336	26171983.0	31212005.0	245275.0
28	4.572	31.0	100218.0	-0.009557533264160156	27170573.0	32252299.0	253557.0
28	4.572	32.0	99827.0	-0.009520244598388673	28169109.0	33292622.0	261810.0
28	4.572	33.0	100552.0	-0.009589385986328126	29167377.0	34332823.0	270185.0
28	4.572	34.0	100085.0	-0.009544849395751953	30166007.0	35373118.0	278466.0
28	4.572	35.0	100053.0	-0.009541797637939452	31164504.0	36413346.0	286814.0
28	4.572	36.0	99920.0	-0.00952911376953125	32163007.0	37453640.0	295096.0
28	4.572	37.0	100312.0	-0.009566497802734376	33161494.0	38494100.0	303212.0
28	4.572	38.0	100118.0	-0.009547996520996093	34160314.0	39534575.0	311313.0
28	4.572	39.0	99536.0	-0.00949249267578125	35159318.0	40574974.0	319490.0
28	4.572	40.0	99934.0	-0.009530448913574218	36157966.0	41615170.0	327870.0
28	4.572	41.0	100038.0	-0.009540367126464843	37156715.0	42655545.0	336071.0
28	4.572	42.0	99964.0	-0.009533309936523437	38155335.0	43695953.0	344239.0
28	4.572	43.0	100471.0	-0.009581661224365235	39154009.0	44736293.0	352475.0
28	4.572	44.0	100052.0	-0.009541702270507813	40152849.0	45776598.0	360746.0
28	4.572	45.0	100137.0	-0.009549808502197266	41151418.0	46816996.0	368924.0
28	4.572	46.0	99727.0	-0.00951070785522461	42149822.0	47857334.0	377162.0
28	4.572	47.0	99505.0	-0.00948953628540039	43148475.0	48897601.0	385471.0
28	4.572	48.0	100201.0	-0.009555912017822266	44147642.0	49938095.0	393553.0
28	4.572	49.0	100513.0	-0.00958566665649414	45146521.0	50978473.0	401751.0
28	4.572	50.0	99880.0	-0.009525299072265625	46145247.0	52019021.0	409779.0
28	4.572	51.0	100063.0	-0.009542751312255859	47143976.0	53059332.0	418044.0
28	4.572	52.0	100400.0	-0.00957489013671875	48143060.0	54099710.0	426242.0
28	4.572	53.0	99906.0	-0.009527778625488282	49141619.0	55140093.0	434435.0
28	4.572	54.0	99625.0	-0.009500980377197266	50140330.0	56180470.0	442634.0
28	4.572	55.0	100094.0	-0.009545707702636718	51138935.0	57220856.0	450824.0
28	4.572	56.0	100840.0	-0.009616851806640625	52137238.0	58261200.0	459056.0
28	4.572	57.0	101524.0	-0.009682083129882812	53135684.0	59301540.0	467292.0
28	4.572	58.0	100265.0	-0.009562015533447266	54134196.0	60341919.0	475489.0
28	4.572	59.0	99531.0	-0.009492015838623047	55132472.0	61382188.0	483796.0
28	4.572	60.0	100039.0	-0.009540462493896484	56130956.0	62422481.0	492079.0
28	4.572	61.0	100092.0	-0.009545516967773438	57129569.0	63462909.0	500227.0
28	4.572	62.0	100250.0	-0.009560585021972656	58128297.0	64503343.0	508369.0
28	4.572	63.0	100269.0	-0.009562397003173828	59126430.0	65543588.0	516700.0
28	4.572	64.0	99870.0	-0.009524345397949219	60125421.0	66583903.0	524961.0
28	4.572	65.0	100670.0	-0.009600639343261719	61124056.0	67624243.0	533197.0
28	4.572	66.0	100040.0	-0.009540557861328125	62122270.0	68664552.0	541464.0
28	4.572	67.0	100000.0	-0.0095367431640625	63121261.0	69704846.0	549746.0
28	4.572	68.0	100116.0	-0.009547805786132813	64119990.0	70745152.0	558016.0
28	4.572	69.0	99904.0	-0.009527587890625	65118365.0	71785399.0	566345.0
28	4.572	70.0	100146.0	-0.009550666809082032	66117060.0	72825706.0	574614.0
28	4.572	71.0	100095.0	-0.00954580307006836	67115564.0	73866133.0	582763.0
28	4.572	72.0	99906.0	-0.009527778625488282	68113875.0	74906582.0	590890.0
28	4.572	73.0	100330.0	-0.009568214416503906	69112664.0	75946992.0	599056.0
28	4.572	74.0	100297.0	-0.009565067291259766	70111330.0	76987450.0	607174.0
28	4.572	75.0	99870.0	-0.009524345397949219	71110011.0	78027778.0	615422.0
28	4.572	76.0	100336.0	-0.00956878662109375	72108515.0	79068174.0	623602.0
28	4.572	77.0	100176.0	-0.00955352783203125	73106861.0	80108596.0	631756.0
28	4.572	78.0	100195.0	-0.009555339813232422	74105564.0	81148952.0	639976.0
28	4.572	79.0	100137.0	-0.009549808502197266	75103885.0	82189356.0	648148.0
28	4.572	80.0	100178.0	-0.00955371856689453	76102542.0	83229716.0	656364.0
28	4.572	81.0	100342.0	-0.009569358825683594	77101076.0	84270098.0	664558.0
28	4.572	82.0	99637.0	-0.009502124786376954	78099740.0	85310481.0	672751.0
28	4.572	83.0	100107.0	-0.009546947479248048	79098280.0	86350718.0	681090.0
28	4.572	84.0	100057.0	-0.009542179107666016	80096965.0	87391009.0	689375.0
28	4.572	85.0	99696.0	-0.00950775146484375	81095785.0	88431422.0	697538.0
28	4.572	86.0	100373.0	-0.009572315216064452	82094564.0	89471853.0	705683.0
28	4.572	87.0	99556.0	-0.009494400024414063	83093115.0	90512255.0	713857.0
28	4.572	88.0	100225.0	-0.00955820083618164	84091627.0	91552750.0	721938.0
28	4.572	89.0	99808.0	-0.0095184326171875	85090122.0	92593072.0	730192.0
28	4.572	90.0	99436.0	-0.009482955932617188	86088656.0	93633459.0	738381.0
28	4.572	91.0	100258.0	-0.00956134796142578	87087411.0	94673792.0	746624.0
28	4.572	92.0	99963.0	-0.009533214569091796	88085908.0	95714088.0	754904.0
28	4.572	93.0	99789.0	-0.009516620635986328	89085137.0	96754617.0	762951.0
28	4.572	94.0	100054.0	-0.009541893005371093	90084012.0	97795000.0	771144.0
28	4.572	95.0	100177.0	-0.009553623199462891	91082561.0	98835303.0	779417.0
28	4.572	96.0	100358.0	-0.009570884704589843	92081195.0	99875775.0	787521.0
28	4.572	97.0	100312.0	-0.009566497802734376	93079681.0	100916161.0	795711.0
28	4.572	98.0	100041.0	-0.009540653228759766	94078207.0	101956653.0	803795.0
28	4.572	99.0	100214.0	-0.009557151794433593	95076808.0	102996906.0	812118.0
28	4.572	100.0	99775.0	-0.00951528549194336	96075840.0	104037303.0	820297.0
29	4.446	1.0	3835871.0	-0.36581716537475584	93034.0	1040549.0	8027.0
29	4.446	2.0	3133800.0	-0.2988624572753906	274535.0	2080951.0	16201.0
29	4.446	3.0	2426333.0	-0.23139314651489257	577144.0	3121326.0	24402.0
29	4.446	4.0	1786565.0	-0.1703801155090332	1018850.0	4161656.0	32648.0
29	4.446	5.0	1246067.0	-0.11883420944213867	1598400.0	5201997.0	40883.0
29	4.446	6.0	821852.0	-0.07837791442871093	2303083.0	6242359.0	49097.0
29	4.446	7.0	508789.0	-0.048521900177001955	3112257.0	7282738.0	57294.0
29	4.446	8.0	300689.0	-0.028675937652587892	4001426.0	8323121.0	65487.0
29	4.446	9.0	182231.0	-0.017378902435302733	4945062.0	9363500.0	73684.0
29	4.446	10.0	125467.0	-0.011965465545654298	5920888.0	10403957.0	81803.0
29	4.446	11.0	106328.0	-0.010140228271484374	6911749.0	11444329.0	90007.0
29	4.446	12.0	101777.0	-0.009706211090087891	7908034.0	12484871.0	98041.0
29	4.446	13.0	100431.0	-0.00957784652709961	8905269.0	13525276.0	106212.0
29	4.446	14.0	100953.0	-0.009627628326416015	9902306.0	14565496.0	114568.0
29	4.446	15.0	100569.0	-0.009591007232666015	10899564.0	15605842.0	122798.0
29	4.446	16.0	100776.0	-0.009610748291015625	11896862.0	16646116.0	131100.0
29	4.446	17.0	100885.0	-0.009621143341064453	12894648.0	17686505.0	139287.0
29	4.446	18.0	100955.0	-0.009627819061279297	13891910.0	18726761.0	147607.0
29	4.446	19.0	100871.0	-0.009619808197021485	14889014.0	19767259.0	155685.0
29	4.446	20.0	100411.0	-0.009575939178466797	15886340.0	20807689.0	163831.0
29	4.446	21.0	100507.0	-0.009585094451904298	16884357.0	21848070.0	172026.0
29	4.446	22.0	100761.0	-0.009609317779541016	17881843.0	22888546.0	180126.0
29	4.446	23.0	100689.0	-0.00960245132446289	18879752.0	23929000.0	188248.0
29	4.446	24.0	101014.0	-0.009633445739746093	19876927.0	24969465.0	196359.0
29	4.446	25.0	100771.0	-0.009610271453857422	20874387.0	26010005.0	204395.0
29	4.446	26.0	101128.0	-0.009644317626953124	21872013.0	27050318.0	212658.0
29	4.446	27.0	100706.0	-0.009604072570800782	22869426.0	28090741.0	220811.0
29	4.446	28.0	100933.0	-0.009625720977783202	23867054.0	29131228.0	228900.0
29	4.446	29.0	101016.0	-0.009633636474609375	24864281.0	30171456.0	237248.0
29	4.446	30.0	100915.0	-0.009624004364013672	25861837.0	31211792.0	245488.0
29	4.446	31.0	100981.0	-0.009630298614501953	26859481.0	32252207.0	253649.0
29	4.446	32.0	100803.0	-0.009613323211669921	27856540.0	33292529.0	261903.0
29	4.446	33.0	100671.0	-0.00960073471069336	28853945.0	34332862.0	270146.0
29	4.446	34.0	101067.0	-0.009638500213623048	29851286.0	35373336.0	278248.0
29	4.446	35.0	100473.0	-0.009581851959228515	30848780.0	36413774.0	286386.0
29	4.446	36.0	100641.0	-0.009597873687744141	31846456.0	37454240.0	294496.0
29	4.446	37.0	101058.0	-0.00963764190673828	32843536.0	38494629.0	302683.0
29	4.446	38.0	100834.0	-0.009616279602050781	33840754.0	39535052.0	310836.0
29	4.446	39.0	100700.0	-0.009603500366210938	34838013.0	40575481.0	318983.0
29	4.446	40.0	100256.0	-0.0095611572265625	35835251.0	41615820.0	327220.0
29	4.446	41.0	101167.0	-0.00964803695678711	36832694.0	42656214.0	335402.0
29	4.446	42.0	100501.0	-0.009584522247314453	37829814.0	43696616.0	343576.0
29	4.446	43.0	100780.0	-0.009611129760742188	38827151.0	44736860.0	351908.0
29	4.446	44.0	101134.0	-0.009644889831542968	39824284.0	45777308.0	360036.0
29	4.446	45.0	100750.0	-0.009608268737792969	40821775.0	46817784.0	368136.0
29	4.446	46.0	100996.0	-0.009631729125976563	41818481.0	47857924.0	376572.0
29	4.446	47.0	101093.0	-0.009640979766845702	42815632.0	48898254.0	384818.0
29	4.446	48.0	100696.0	-0.009603118896484375	43813031.0	49938544.0	393104.0
29	4.446	49.0	100957.0	-0.009628009796142579	44810170.0	50978891.0	401333.0
29	4.446	50.0	100202.0	-0.009556007385253907	45807625.0	52019285.0	409515.0
29	4.446	51.0	100870.0	-0.009619712829589844	46805225.0	53059672.0	417704.0
29	4.446	52.0	100475.0	-0.009582042694091797	47802829.0	54099926.0	426026.0
29	4.446	53.0	101036.0	-0.009635543823242188	48800263.0	55140326.0	434202.0
29	4.446	54.0	100804.0	-0.009613418579101562	49797459.0	56180632.0	442472.0
29	4.446	55.0	100491.0	-0.009583568572998047	50794953.0	57221052.0	450628.0
29	4.446	56.0	100763.0	-0.009609508514404296	51792300.0	58261398.0	458858.0
29	4.446	57.0	100635.0	-0.009597301483154297	52789759.0	59301842.0	466990.0
29	4.446	58.0	100651.0	-0.009598827362060547	53787605.0	60342226.0	475182.0
29	4.446	59.0	100897.0	-0.009622287750244141	54785217.0	61382668.0	483316.0
29	4.446	60.0	100950.0	-0.009627342224121094	55782833.0	62423098.0	491462.0
29	4.446	61.0	100959.0	-0.009628200531005859	56780377.0	63463676.0	499460.0
29	4.446	62.0	100469.0	-0.009581470489501953	57777081.0	64504014.0	507698.0
29	4.446	63.0	100910.0	-0.009623527526855469	58774422.0	65544341.0	515947.0
29	4.446	64.0	100392.0	-0.009574127197265626	59771347.0	66584724.0	524140.0
29	4.446	65.0	100925.0	-0.009624958038330078	60768907.0	67625216.0	532224.0
29	4.446	66.0	100587.0	-0.009592723846435548	61766404.0	68665582.0	540434.0
29	4.446	67.0	100943.0	-0.009626674652099609	62763897.0	69706190.0	548402.0
29	4.446	68.0	100592.0	-0.00959320068359375	63761317.0	70746511.0	556657.0
29	4.446	69.0	100928.0	-0.009625244140625	64758434.0	71787004.0	564740.0
29	4.446	70.0	100431.0	-0.00957784652709961	65756274.0	72827534.0	572786.0
29	4.446	71.0	100722.0	-0.009605598449707032	66754207.0	73868001.0	580895.0
29	4.446	72.0	101001.0	-0.009632205963134766	67751572.0	74908425.0	589047.0
29	4.446	73.0	100964.0	-0.009628677368164062	68749242.0	75948818.0	597230.0
29	4.446	74.0	100524.0	-0.009586715698242187	69746748.0	76989238.0	605386.0
29	4.446	75.0	101110.0	-0.009642601013183594	70743928.0	78029687.0	613513.0
29	4.446	76.0	100840.0	-0.009616851806640625	71741335.0	79070113.0	621663.0
29	4.446	77.0	100912.0	-0.00962371826171875	72738730.0	80110442.0	629910.0
29	4.446	78.0	100828.0	-0.009615707397460937	73735964.0	81150695.0	638233.0
29	4.446	79.0	100731.0	-0.009606456756591797	74733432.0	82191087.0	646417.0
29	4.446	80.0	100656.0	-0.00959930419921875	75730588.0	83231518.0	654562.0
29	4.446	81.0	100258.0	-0.00956134796142578	76728345.0	84271900.0	662756.0
29	4.446	82.0	100909.0	-0.009623432159423828	77725673.0	85312182.0	671050.0
29	4.446	83.0	100570.0	-0.009591102600097656	78723578.0	86352626.0	679182.0
29	4.446	84.0	100115.0	-0.009547710418701172	79721391.0	87393034.0	687350.0
29	4.446	85.0	101115.0	-0.009643077850341797	80718943.0	88433394.0	695566.0
29	4.446	86.0	100843.0	-0.009617137908935546	81715978.0	89473792.0	703744.0
29	4.446	87.0	100556.0	-0.009589767456054688	82713437.0	90514198.0	711914.0
29	4.446	88.0	100645.0	-0.009598255157470703	83710952.0	91554564.0	720124.0
29	4.446	89.0	100919.0	-0.009624385833740234	84708230.0	92594955.0	728309.0
29	4.446	90.0	100391.0	-0.009574031829833985	85705705.0	93635548.0	736292.0
29	4.446	91.0	100855.0	-0.009618282318115234	86703000.0	94675887.0	744529.0
29	4.446	92.0	100449.0	-0.00957956314086914	87700517.0	95716367.0	752625.0
29	4.446	93.0	100684.0	-0.009601974487304687	88697898.0	96756508.0	761060.0
29	4.446	94.0	101025.0	-0.00963449478149414	89695404.0	97796834.0	769310.0
29	4.446	95.0	100072.0	-0.009543609619140626	90693100.0	98837204.0	777516.0
29	4.446	96.0	100720.0	-0.00960540771484375	91690878.0	99877547.0	785749.0
29	4.446	97.0	100668.0	-0.009600448608398437	92688095.0	100917976.0	793896.0
29	4.446	98.0	100965.0	-0.009628772735595703	93685557.0	101958370.0	802078.0
29	4.446	99.0	100787.0	-0.009611797332763673	94682488.0	102998679.0	810345.0
29	4.446	100.0	100004.0	-0.009537124633789062	95679829.0	104039105.0	818495.0
30	4.32	1.0	3887013.0	-0.3706944465637207	86276.0	1040615.0	7961.0
30	4.32	2.0	3237827.0	-0.30878324508666993	252798.0	2081113.0	16039.0
30	4.32	3.0	2571253.0	-0.24521379470825194	528964.0	3121397.0	24331.0
30	4.32	4.0	1953897.0	-0.18633813858032228	934391.0	4161873.0	32431.0
30	4.32	5.0	1422235.0	-0.1356348991394043	1470275.0	5202328.0	40552.0
30	4.32	6.0	985639.0	-0.09399785995483398	2128322.0	6242667.0	48789.0
30	4.32	7.0	649025.0	-0.06189584732055664	2891933.0	7283026.0	57006.0
30	4.32	8.0	406246.0	-0.03874263763427734	3739714.0	8323282.0	65326.0
30	4.32	9.0	249925.0	-0.023834705352783203	4652001.0	9363678.0	73506.0
30	4.32	10.0	160935.0	-0.015347957611083984	5606332.0	10403947.0	81813.0
30	4.32	11.0	118811.0	-0.011330699920654297	6585876.0	11444319.0	90017.0
30	4.32	12.0	104805.0	-0.009994983673095703	7576952.0	12484527.0	98385.0
30	4.32	13.0	101584.0	-0.00968780517578125	8572038.0	13524839.0	106649.0
30	4.32	14.0	101596.0	-0.009688949584960938	9567876.0	14565084.0	114980.0
30	4.32	15.0	101203.0	-0.009651470184326171	10564157.0	15605556.0	123084.0
30	4.32	16.0	100943.0	-0.009626674652099609	11560430.0	16645988.0	131228.0
30	4.32	17.0	101238.0	-0.009654808044433593	12556801.0	17686444.0	139348.0
30	4.32	18.0	101737.0	-0.009702396392822266	13553151.0	18726985.0	147383.0
30	4.32	19.0	101013.0	-0.009633350372314452	14549582.0	19767420.0	155524.0
30	4.32	20.0	101305.0	-0.009661197662353516	15545671.0	20807825.0	163695.0
30	4.32	21.0	101399.0	-0.009670162200927734	16541496.0	21848290.0	171806.0
30	4.32	22.0	101176.0	-0.009648895263671875	17537477.0	22888687.0	179985.0
30	4.32	23.0	100927.0	-0.00962514877319336	18533845.0	23929062.0	188186.0
30	4.32	24.0	101546.0	-0.009684181213378907	19530011.0	24969349.0	196475.0
30	4.32	25.0	101330.0	-0.009663581848144531	20526119.0	26009822.0	204578.0
30	4.32	26.0	101483.0	-0.009678173065185546	21522349.0	27050165.0	212811.0
30	4.32	27.0	100971.0	-0.009629344940185547	22518209.0	28090638.0	220914.0
30	4.32	28.0	100970.0	-0.009629249572753906	23514744.0	29131024.0	229104.0
30	4.32	29.0	101786.0	-0.009707069396972657	24510423.0	30171268.0	237436.0
30	4.32	30.0	101406.0	-0.009670829772949219	25506319.0	31211597.0	245683.0
30	4.32	31.0	100790.0	-0.009612083435058594	26502313.0	32251946.0	253910.0
30	4.32	32.0	101207.0	-0.009651851654052735	27498295.0	33292315.0	262117.0
30	4.32	33.0	101622.0	-0.009691429138183594	28494220.0	34332745.0	270263.0
30	4.32	34.0	101162.0	-0.009647560119628907	29490390.0	35373204.0	278380.0
30	4.32	35.0	101154.0	-0.009646797180175781	30486387.0	36413639.0	286521.0
30	4.32	36.0	101305.0	-0.009661197662353516	31482552.0	37454013.0	294723.0
30	4.32	37.0	101198.0	-0.009650993347167968	32478300.0	38494316.0	302996.0
30	4.32	38.0	101878.0	-0.009715843200683593	33474464.0	39534720.0	311168.0
30	4.32	39.0	101272.0	-0.009658050537109376	34470374.0	40575228.0	319236.0
30	4.32	40.0	101796.0	-0.009708023071289063	35466936.0	41615654.0	327386.0
30	4.32	41.0	101351.0	-0.009665584564208985	36462872.0	42655982.0	335634.0
30	4.32	42.0	100673.0	-0.00960092544555664	37459366.0	43696441.0	343751.0
30	4.32	43.0	101116.0	-0.009643173217773438	38455093.0	44736836.0	351932.0
30	4.32	44.0	101312.0	-0.009661865234375	39451382.0	45777148.0	360196.0
30	4.32	45.0	101393.0	-0.00966958999633789	40447376.0	46817652.0	368268.0
30	4.32	46.0	101697.0	-0.009698581695556641	41443219.0	47858008.0	376488.0
30	4.32	47.0	100753.0	-0.00960855484008789	42439575.0	48898376.0	384696.0
30	4.32	48.0	101356.0	-0.009666061401367188	43435672.0	49938811.0	392837.0
30	4.32	49.0	101565.0	-0.009685993194580078	44431985.0	50979219.0	401005.0
30	4.32	50.0	101401.0	-0.009670352935791016	45427984.0	52019609.0	409191.0
30	4.32	51.0	101687.0	-0.009697628021240235	46423789.0	53059957.0	417419.0
30	4.32	52.0	100944.0	-0.00962677001953125	47419808.0	54100413.0	425539.0
30	4.32	53.0	101035.0	-0.009635448455810547	48415901.0	55140795.0	433733.0
30	4.32	54.0	101476.0	-0.009677505493164063	49411625.0	56181100.0	442004.0
30	4.32	55.0	101541.0	-0.009683704376220703	50407494.0	57221574.0	450106.0
30	4.32	56.0	101572.0	-0.009686660766601563	51403882.0	58262044.0	458212.0
30	4.32	57.0	101363.0	-0.009666728973388671	52399901.0	59302573.0	466259.0
30	4.32	58.0	101796.0	-0.009708023071289063	53395906.0	60343064.0	474344.0
30	4.32	59.0	100502.0	-0.009584617614746094	54392069.0	61383488.0	482496.0
30	4.32	60.0	101316.0	-0.009662246704101563	55388294.0	62423756.0	490804.0
30	4.32	61.0	101523.0	-0.009681987762451171	56384303.0	63464205.0	498931.0
30	4.32	62.0	101711.0	-0.00969991683959961	57380355.0	64504463.0	507249.0
30	4.32	63.0	101346.0	-0.009665107727050782	58376421.0	65544965.0	515323.0
30	4.32	64.0	101206.0	-0.009651756286621094	59372950.0	66585427.0	523437.0
30	4.32	65.0	101578.0	-0.009687232971191406	60369054.0	67625851.0	531589.0
30	4.32	66.0	101289.0	-0.009659671783447265	61365200.0	68666456.0	539560.0
30	4.32	67.0	100810.0	-0.009613990783691406	62361504.0	69706843.0	547749.0
30	4.32	68.0	101511.0	-0.009680843353271485	63357316.0	70747275.0	555893.0
30	4.32	69.0	101443.0	-0.009674358367919921	64353236.0	71787645.0	564099.0
30	4.32	70.0	101466.0	-0.009676551818847657	65349273.0	72828037.0	572283.0
30	4.32	71.0	101701.0	-0.009698963165283203	66345324.0	73868379.0	580517.0
30	4.32	72.0	101466.0	-0.009676551818847657	67341381.0	74908731.0	588741.0
30	4.32	73.0	101403.0	-0.009670543670654296	68337640.0	75949162.0	596886.0
30	4.32	74.0	101574.0	-0.009686851501464843	69334104.0	76989684.0	604940.0
30	4.32	75.0	101386.0	-0.009668922424316407	70329834.0	78029946.0	613254.0
30	4.32	76.0	101275.0	-0.009658336639404297	71325669.0	79070426.0	621350.0
30	4.32	77.0	101234.0	-0.009654426574707031	72321746.0	80110954.0	629398.0
30	4.32	78.0	101630.0	-0.009692192077636719	73317922.0	81151362.0	637566.0
30	4.32	79.0	100977.0	-0.009629917144775391	74313799.0	82191666.0	645838.0
30	4.32	80.0	100856.0	-0.009618377685546875	75310000.0	83231998.0	654082.0
30	4.32	81.0	101094.0	-0.009641075134277343	76306297.0	84272436.0	662220.0
30	4.32	82.0	101247.0	-0.00965566635131836	77302309.0	85312714.0	670518.0
30	4.32	83.0	101339.0	-0.009664440155029297	78298408.0	86353015.0	678793.0
30	4.32	84.0	101685.0	-0.009697437286376953	79294819.0	87393476.0	686908.0
30	4.32	85.0	101750.0	-0.009703636169433594	80290833.0	88433889.0	695071.0
30	4.32	86.0	101345.0	-0.00966501235961914	81287065.0	89474334.0	703202.0
30	4.32	87.0	101554.0	-0.009684944152832031	82283242.0	90514777.0	711335.0
30	4.32	88.0	100978.0	-0.00963001251220703	83279677.0	91555313.0	719375.0
30	4.32	89.0	101399.0	-0.009670162200927734	84275723.0	92595677.0	727587.0
30	4.32	90.0	101166.0	-0.009647941589355469	85271800.0	93636034.0	735806.0
30	4.32	91.0	101412.0	-0.009671401977539063	86267665.0	94676311.0	744105.0
30	4.32	92.0	101444.0	-0.009674453735351562	87264256.0	95716764.0	752228.0
30	4.32	93.0	100822.0	-0.009615135192871094	88260362.0	96757024.0	760544.0
30	4.32	94.0	101247.0	-0.00965566635131836	89256729.0	97797538.0	768606.0
30	4.32	95.0	100598.0	-0.009593772888183593	90252933.0	98837903.0	776817.0
30	4.32	96.0	101314.0	-0.009662055969238281	91249302.0	99878265.0	785031.0
30	4.32	97.0	101061.0	-0.009637928009033203	92245802.0	100918789.0	793083.0
30	4.32	98.0	101610.0	-0.009690284729003906	93241666.0	101959229.0	801219.0
30	4.32	99.0	101859.0	-0.009714031219482422	94237809.0	102999709.0	809315.0
30	4.32	100.0	100918.0	-0.009624290466308593	95233916.0	104040186.0	817414.0
31	4.194	1.0	3926173.0	-0.37442903518676757	80923.0	1040318.0	8258.0
31	4.194	2.0	3315478.0	-0.3161886215209961	235847.0	2080665.0	16487.0
31	4.194	3.0	2691737.0	-0.256704044342041	491395.0	3121075.0	24653.0
31	4.194	4.0	2105042.0	-0.20075244903564454	866577.0	4161522.0	32782.0
31	4.194	5.0	1583593.0	-0.15102319717407225	1364588.0	5201864.0	41016.0
31	4.194	6.0	1146828.0	-0.10937004089355469	1980941.0	6242290.0	49166.0
31	4.194	7.0	798260.0	-0.07612800598144531	2701721.0	7282562.0	57470.0
31	4.194	8.0	532076.0	-0.050742721557617186	3509861.0	8322916.0	65692.0
31	4.194	9.0	344104.0	-0.032816314697265626	4385652.0	9363133.0	74051.0
31	4.194	10.0	221115.0	-0.021087169647216797	5312200.0	10403567.0	82193.0
31	4.194	11.0	149901.0	-0.014295673370361328	6273082.0	11444021.0	90315.0
31	4.194	12.0	116851.0	-0.011143779754638672	7254409.0	12484449.0	98463.0
31	4.194	13.0	105573.0	-0.010068225860595702	8244920.0	13524700.0	106788.0
31	4.194	14.0	102506.0	-0.009775733947753907	9238646.0	14565016.0	115048.0
31	4.194	15.0	102123.0	-0.009739208221435546	10232901.0	15605253.0	123387.0
31	4.194	16.0	100894.0	-0.009622001647949218	11227609.0	16645494.0	131722.0
31	4.194	17.0	102167.0	-0.009743404388427735	12222759.0	17685892.0	139900.0
31	4.194	18.0	102228.0	-0.009749221801757812	13217371.0	18726176.0	148192.0
31	4.194	19.0	102104.0	-0.009737396240234375	14211973.0	19766700.0	156244.0
31	4.194	20.0	101536.0	-0.0096832275390625	15206809.0	20807118.0	164402.0
31	4.194	21.0	101620.0	-0.009691238403320312	16201770.0	21847495.0	172601.0
31	4.194	22.0	102979.0	-0.009820842742919922	17196175.0	22887836.0	180836.0
31	4.194	23.0	101823.0	-0.009710597991943359	18190476.0	23928105.0	189143.0
31	4.194	24.0	101952.0	-0.009722900390625	19185248.0	24968520.0	197304.0
31	4.194	25.0	101966.0	-0.009724235534667969	20180370.0	26009051.0	205349.0
31	4.194	26.0	101793.0	-0.00970773696899414	21174761.0	27049363.0	213613.0
31	4.194	27.0	101963.0	-0.009723949432373046	22169263.0	28089654.0	221898.0
31	4.194	28.0	101874.0	-0.009715461730957031	23164023.0	29130164.0	229964.0
31	4.194	29.0	102371.0	-0.009762859344482422	24158662.0	30170564.0	238140.0
31	4.194	30.0	102006.0	-0.009728050231933594	25153486.0	31210921.0	246359.0
31	4.194	31.0	101561.0	-0.009685611724853516	26148253.0	32251363.0	254493.0
31	4.194	32.0	102097.0	-0.009736728668212891	27142931.0	33291786.0	262646.0
31	4.194	33.0	101843.0	-0.009712505340576171	28137827.0	34332162.0	270846.0
31	4.194	34.0	101417.0	-0.009671878814697266	29132386.0	35372505.0	279079.0
31	4.194	35.0	102105.0	-0.009737491607666016	30126975.0	36412843.0	287317.0
31	4.194	36.0	102179.0	-0.009744548797607422	31121783.0	37453327.0	295409.0
31	4.194	37.0	101817.0	-0.009710025787353516	32116325.0	38493655.0	303657.0
31	4.194	38.0	101927.0	-0.009720516204833985	33110911.0	39533937.0	311951.0
31	4.194	39.0	102327.0	-0.009758663177490235	34106164.0	40574446.0	320018.0
31	4.194	40.0	102042.0	-0.009731483459472657	35100639.0	41614894.0	328146.0
31	4.194	41.0	102066.0	-0.009733772277832032	36095446.0	42655441.0	336175.0
31	4.194	42.0	102897.0	-0.009813022613525391	37089812.0	43695724.0	344468.0
31	4.194	43.0	102022.0	-0.009729576110839844	38084537.0	44736157.0	352611.0
31	4.194	44.0	102447.0	-0.00977010726928711	39079181.0	45776494.0	360850.0
31	4.194	45.0	102133.0	-0.009740161895751952	40073473.0	46816934.0	368986.0
31	4.194	46.0	102060.0	-0.009733200073242188	41068015.0	47857360.0	377136.0
31	4.194	47.0	101523.0	-0.009681987762451171	42062601.0	48897847.0	385225.0
31	4.194	48.0	102441.0	-0.009769535064697266	43056855.0	49938153.0	393495.0
31	4.194	49.0	101574.0	-0.009686851501464843	44051153.0	50978618.0	401606.0
31	4.194	50.0	101553.0	-0.00968484878540039	45046224.0	52019034.0	409766.0
31	4.194	51.0	101912.0	-0.009719085693359376	46040813.0	53059516.0	417860.0
31	4.194	52.0	101872.0	-0.00971527099609375	47035370.0	54100007.0	425945.0
31	4.194	53.0	101982.0	-0.00972576141357422	48030053.0	55140403.0	434125.0
31	4.194	54.0	101742.0	-0.00970287322998047	49024650.0	56180823.0	442281.0
31	4.194	55.0	102138.0	-0.009740638732910156	50019347.0	57221171.0	450509.0
31	4.194	56.0	101538.0	-0.00968341827392578	51013949.0	58261592.0	458664.0
31	4.194	57.0	102013.0	-0.009728717803955077	52008651.0	59302012.0	466820.0
31	4.194	58.0	102567.0	-0.009781551361083985	53003627.0	60342522.0	474886.0
31	4.194	59.0	102236.0	-0.009749984741210938	53998659.0	61383157.0	482827.0
31	4.194	60.0	102402.0	-0.009765815734863282	54993294.0	62423615.0	490945.0
31	4.194	61.0	101477.0	-0.009677600860595704	55988117.0	63463993.0	499143.0
31	4.194	62.0	102093.0	-0.009736347198486327	56983242.0	64504618.0	507094.0
31	4.194	63.0	101426.0	-0.009672737121582032	57978065.0	65544988.0	515300.0
31	4.194	64.0	102035.0	-0.009730815887451172	58973340.0	66585457.0	523407.0
31	4.194	65.0	102166.0	-0.009743309020996094	59968352.0	67625989.0	531451.0
31	4.194	66.0	102216.0	-0.009748077392578125	60963096.0	68666431.0	539585.0
31	4.194	67.0	101792.0	-0.0097076416015625	61957761.0	69706825.0	547767.0
31	4.194	68.0	101702.0	-0.009699058532714844	62952809.0	70747261.0	555907.0
31	4.194	69.0	101998.0	-0.009727287292480468	63947713.0	71787689.0	564055.0
31	4.194	70.0	101582.0	-0.00968761444091797	64942546.0	72828186.0	572134.0
31	4.194	71.0	101951.0	-0.00972280502319336	65936793.0	73868482.0	580414.0
31	4.194	72.0	102008.0	-0.009728240966796874	66931366.0	74908791.0	588681.0
31	4.194	73.0	102317.0	-0.009757709503173829	67925777.0	75949055.0	596993.0
31	4.194	74.0	102085.0	-0.009735584259033203	68920779.0	76989591.0	605033.0
31	4.194	75.0	101753.0	-0.009703922271728515	69915517.0	78029968.0	613232.0
31	4.194	76.0	102602.0	-0.009784889221191407	70909951.0	79070412.0	621364.0
31	4.194	77.0	101617.0	-0.009690952301025391	71904503.0	80110705.0	629647.0
31	4.194	78.0	101643.0	-0.009693431854248046	72899057.0	81151127.0	637801.0
31	4.194	79.0	101802.0	-0.009708595275878907	73893700.0	82191492.0	646012.0
31	4.194	80.0	102083.0	-0.009735393524169921	74888436.0	83231890.0	654190.0
31	4.194	81.0	101956.0	-0.009723281860351563	75883016.0	84272141.0	662515.0
31	4.194	82.0	101919.0	-0.009719753265380859	76877809.0	85312546.0	670686.0
31	4.194	83.0	101794.0	-0.009707832336425781	77872874.0	86353189.0	678619.0
31	4.194	84.0	101887.0	-0.00971670150756836	78867371.0	87393572.0	686812.0
31	4.194	85.0	102043.0	-0.009731578826904296	79861810.0	88433744.0	695216.0
31	4.194	86.0	102415.0	-0.00976705551147461	80856369.0	89474041.0	703495.0
31	4.194	87.0	102165.0	-0.009743213653564453	81851060.0	90514347.0	711765.0
31	4.194	88.0	102393.0	-0.009764957427978515	82845309.0	91554532.0	720156.0
31	4.194	89.0	102114.0	-0.009738349914550781	83840054.0	92595090.0	728174.0
31	4.194	90.0	102163.0	-0.009743022918701171	84834603.0	93635425.0	736415.0
31	4.194	91.0	102287.0	-0.00975484848022461	85828955.0	94675822.0	744594.0
31	4.194	92.0	102282.0	-0.009754371643066407	86823171.0	95716122.0	752870.0
31	4.194	93.0	101780.0	-0.009706497192382812	87817921.0	96756581.0	760987.0
31	4.194	94.0	101904.0	-0.00971832275390625	88812739.0	97797070.0	769074.0
31	4.194	95.0	101809.0	-0.00970926284790039	89807487.0	98837494.0	777226.0
31	4.194	96.0	101595.0	-0.009688854217529297	90801830.0	99877877.0	785419.0
31	4.194	97.0	101663.0	-0.009695339202880859	91796869.0	100918236.0	793636.0
31	4.194	98.0	101599.0	-0.009689235687255859	92791728.0	101958696.0	801752.0
31	4.194	99.0	101809.0	-0.00970926284790039	93786852.0	102999271.0	809753.0
31	4.194	100.0	101953.0	-0.00972299575805664	94781891.0	104039778.0	817822.0
32	4.0680000000000005	1.0	3977696.0	-0.3793426513671875	73959.0	1040346.0	8230.0
32	4.0680000000000005	2.0	3419753.0	-0.32613306045532225	213911.0	2080651.0	16501.0
32	4.0680000000000005	3.0	2839015.0	-0.270749568939209	445086.0	3121143.0	24585.0
32	4.0680000000000005	4.0	2284105.0	-0.21782922744750977	785541.0	4161579.0	32725.0
32	4.0680000000000005	5.0	1783715.0	-0.17010831832885742	1239945.0	5202069.0	40811.0
32	4.0680000000000005	6.0	1355444.0	-0.1292652130126953	1806842.0	6242447.0	49009.0
32	4.0680000000000005	7.0	995450.0	-0.09493350982666016	2473409.0	7282833.0	57199.0
32	4.0680000000000005	8.0	705848.0	-0.06731491088867188	3228579.0	8323078.0	65530.0
32	4.0680000000000005	9.0	484742.0	-0.04622859954833984	4056845.0	9363499.0	73685.0
32	4.0680000000000005	10.0	325890.0	-0.03107929229736328	4942667.0	10403924.0	81836.0
32	4.0680000000000005	11.0	218328.0	-0.020821380615234374	5871803.0	11444563.0	89773.0
32	4.0680000000000005	12.0	154000.0	-0.01468658447265625	6831353.0	12484981.0	97931.0
32	4.0680000000000005	13.0	121242.0	-0.011562538146972657	7809097.0	13525328.0	106160.0
32	4.0680000000000005	14.0	107577.0	-0.010259342193603516	8797347.0	14565846.0	114218.0
32	4.0680000000000005	15.0	103778.0	-0.00989704132080078	9789252.0	15606409.0	122231.0
32	4.0680000000000005	16.0	102512.0	-0.00977630615234375	10782095.0	16646664.0	130552.0
32	4.0680000000000005	17.0	102573.0	-0.009782123565673827	11775001.0	17687053.0	138739.0
32	4.0680000000000005	18.0	102935.0	-0.009816646575927734	12767866.0	18727383.0	146985.0
32	4.0680000000000005	19.0	102778.0	-0.009801673889160156	13761162.0	19767856.0	155088.0
32	4.0680000000000005	20.0	102403.0	-0.009765911102294921	14753803.0	20808201.0	163319.0
32	4.0680000000000005	21.0	102923.0	-0.009815502166748046	15747028.0	21848690.0	171406.0
32	4.0680000000000005	22.0	102510.0	-0.009776115417480469	16739992.0	22889074.0	179598.0
32	4.0680000000000005	23.0	102645.0	-0.009788990020751953	17733314.0	23929561.0	187687.0
32	4.0680000000000005	24.0	102031.0	-0.00973043441772461	18726799.0	24969928.0	195896.0
32	4.0680000000000005	25.0	101874.0	-0.009715461730957031	19719876.0	26010186.0	204214.0
32	4.0680000000000005	26.0	102149.0	-0.009741687774658203	20713107.0	27050491.0	212485.0
32	4.0680000000000005	27.0	102679.0	-0.009792232513427734	21706222.0	28090762.0	220790.0
32	4.0680000000000005	28.0	102871.0	-0.009810543060302735	22698807.0	29131056.0	229072.0
32	4.0680000000000005	29.0	102553.0	-0.009780216217041015	23691934.0	30171550.0	237154.0
32	4.0680000000000005	30.0	103035.0	-0.009826183319091797	24684794.0	31211915.0	245365.0
32	4.0680000000000005	31.0	103258.0	-0.009847450256347656	25677453.0	32252272.0	253584.0
32	4.0680000000000005	32.0	102954.0	-0.009818458557128906	26670132.0	33292601.0	261831.0
32	4.0680000000000005	33.0	102229.0	-0.009749317169189453	27663195.0	34333022.0	269986.0
32	4.0680000000000005	34.0	102582.0	-0.009782981872558594	28656061.0	35373424.0	278160.0
32	4.0680000000000005	35.0	102350.0	-0.009760856628417969	29649100.0	36413677.0	286483.0
32	4.0680000000000005	36.0	102993.0	-0.00982217788696289	30642149.0	37454131.0	294605.0
32	4.0680000000000005	37.0	103210.0	-0.009842872619628906	31634568.0	38494366.0	302946.0
32	4.0680000000000005	38.0	102265.0	-0.009752750396728516	32627631.0	39534708.0	311180.0
32	4.0680000000000005	39.0	102443.0	-0.009769725799560546	33621472.0	40575204.0	319260.0
32	4.0680000000000005	40.0	102142.0	-0.00974102020263672	34614323.0	41615447.0	327593.0
32	4.0680000000000005	41.0	101850.0	-0.009713172912597656	35607646.0	42655604.0	336012.0
32	4.0680000000000005	42.0	102249.0	-0.009751224517822265	36600956.0	43695983.0	344209.0
32	4.0680000000000005	43.0	102503.0	-0.009775447845458984	37594329.0	44736462.0	352306.0
32	4.0680000000000005	44.0	102843.0	-0.009807872772216796	38586976.0	45776832.0	360512.0
32	4.0680000000000005	45.0	102267.0	-0.009752941131591798	39580316.0	46817177.0	368743.0
32	4.0680000000000005	46.0	102667.0	-0.009791088104248048	40573286.0	47857410.0	377086.0
32	4.0680000000000005	47.0	102633.0	-0.009787845611572265	41566219.0	48897790.0	385282.0
32	4.0680000000000005	48.0	102493.0	-0.009774494171142577	42559014.0	49938049.0	393599.0
32	4.0680000000000005	49.0	102373.0	-0.009763050079345702	43552200.0	50978524.0	401700.0
32	4.0680000000000005	50.0	102930.0	-0.009816169738769531	44545471.0	52018880.0	409920.0
32	4.0680000000000005	51.0	103167.0	-0.00983877182006836	45538678.0	53059297.0	418079.0
32	4.0680000000000005	52.0	102549.0	-0.009779834747314453	46531791.0	54099660.0	426292.0
32	4.0680000000000005	53.0	102510.0	-0.009776115417480469	47525203.0	55139998.0	434530.0
32	4.0680000000000005	54.0	102757.0	-0.009799671173095704	48518638.0	56180319.0	442785.0
32	4.0680000000000005	55.0	102501.0	-0.009775257110595703	49511856.0	57220672.0	451008.0
32	4.0680000000000005	56.0	102944.0	-0.0098175048828125	50504657.0	58260837.0	459419.0
32	4.0680000000000005	57.0	102808.0	-0.009804534912109374	51497937.0	59301385.0	467447.0
32	4.0680000000000005	58.0	102847.0	-0.00980825424194336	52490876.0	60341804.0	475604.0
32	4.0680000000000005	59.0	102594.0	-0.009784126281738281	53483637.0	61382102.0	483882.0
32	4.0680000000000005	60.0	102880.0	-0.0098114013671875	54476988.0	62422531.0	492029.0
32	4.0680000000000005	61.0	102840.0	-0.009807586669921875	55469827.0	63462980.0	500156.0
32	4.0680000000000005	62.0	102846.0	-0.009808158874511719	56462745.0	64503259.0	508453.0
32	4.0680000000000005	63.0	103201.0	-0.009842014312744141	57456042.0	65543688.0	516600.0
32	4.0680000000000005	64.0	103061.0	-0.009828662872314453	58449133.0	66584086.0	524778.0
32	4.0680000000000005	65.0	102884.0	-0.009811782836914062	59441997.0	67624513.0	532927.0
32	4.0680000000000005	66.0	102833.0	-0.00980691909790039	60435287.0	68665013.0	541003.0
32	4.0680000000000005	67.0	102748.0	-0.009798812866210937	61428277.0	69705465.0	549127.0
32	4.0680000000000005	68.0	102897.0	-0.009813022613525391	62421521.0	70745979.0	557189.0
32	4.0680000000000005	69.0	102956.0	-0.009818649291992188	63414861.0	71786481.0	565263.0
32	4.0680000000000005	70.0	103061.0	-0.009828662872314453	64408168.0	72827064.0	573256.0
32	4.0680000000000005	71.0	102506.0	-0.009775733947753907	65401052.0	73867478.0	581418.0
32	4.0680000000000005	72.0	102775.0	-0.009801387786865234	66393957.0	74907936.0	589536.0
32	4.0680000000000005	73.0	102417.0	-0.009767246246337891	67386842.0	75948305.0	597743.0
32	4.0680000000000005	74.0	102246.0	-0.009750938415527344	68380128.0	76988617.0	606007.0
32	4.0680000000000005	75.0	103080.0	-0.009830474853515625	69373625.0	78029196.0	614004.0
32	4.0680000000000005	76.0	102618.0	-0.009786415100097656	70367167.0	79069732.0	622044.0
32	4.0680000000000005	77.0	102385.0	-0.00976419448852539	71360310.0	80110328.0	630024.0
32	4.0680000000000005	78.0	102536.0	-0.009778594970703125	72353310.0	81150718.0	638210.0
32	4.0680000000000005	79.0	103357.0	-0.009856891632080079	73346520.0	82190916.0	646588.0
32	4.0680000000000005	80.0	102176.0	-0.0097442626953125	74339557.0	83231297.0	654783.0
32	4.0680000000000005	81.0	102772.0	-0.009801101684570313	75332477.0	84271670.0	662986.0
32	4.0680000000000005	82.0	103036.0	-0.009826278686523438	76325689.0	85311998.0	671234.0
32	4.0680000000000005	83.0	102745.0	-0.009798526763916016	77318992.0	86352329.0	679479.0
32	4.0680000000000005	84.0	102752.0	-0.0097991943359375	78312347.0	87392793.0	687591.0
32	4.0680000000000005	85.0	102958.0	-0.009818840026855468	79305109.0	88433199.0	695761.0
32	4.0680000000000005	86.0	102054.0	-0.009732627868652343	80298092.0	89473592.0	703944.0
32	4.0680000000000005	87.0	103005.0	-0.009823322296142578	81291247.0	90513934.0	712178.0
32	4.0680000000000005	88.0	103179.0	-0.009839916229248047	82284328.0	91554437.0	720251.0
32	4.0680000000000005	89.0	102994.0	-0.009822273254394531	83277253.0	92594915.0	728349.0
32	4.0680000000000005	90.0	102638.0	-0.009788322448730468	84270473.0	93635187.0	736653.0
32	4.0680000000000005	91.0	102729.0	-0.009797000885009765	85263611.0	94675535.0	744881.0
32	4.0680000000000005	92.0	102294.0	-0.009755516052246093	86256690.0	95716016.0	752976.0
32	4.0680000000000005	93.0	102778.0	-0.009801673889160156	87250109.0	96756734.0	760834.0
32	4.0680000000000005	94.0	102916.0	-0.009814834594726563	88242977.0	97797052.0	769092.0
32	4.0680000000000005	95.0	102876.0	-0.009811019897460938	89236249.0	98837524.0	777196.0
32	4.0680000000000005	96.0	102789.0	-0.009802722930908203	90229438.0	99877976.0	785320.0
32	4.0680000000000005	97.0	102545.0	-0.00977945327758789	91222635.0	100918364.0	793508.0
32	4.0680000000000005	98.0	102317.0	-0.009757709503173829	92215648.0	101958812.0	801636.0
32	4.0680000000000005	99.0	102326.0	-0.009758567810058594	93208635.0	102999176.0	809848.0
32	4.0680000000000005	100.0	103301.0	-0.009851551055908203	94201777.0	104039651.0	817949.0
33	3.942	1.0	4014396.0	-0.3828426361083984	69334.0	1040347.0	8229.0
33	3.942	2.0	3501346.0	-0.33391437530517576	197971.0	2080706.0	16446.0
33	3.942	3.0	2962717.0	-0.2825467109680176	409150.0	3121121.0	24607.0
33	3.942	4.0	2444646.0	-0.23313961029052735	719673.0	4161518.0	32786.0
33	3.942	5.0	1964459.0	-0.18734540939331054	1136140.0	5201774.0	41106.0
33	3.942	6.0	1541158.0	-0.14697628021240233	1657162.0	6242235.0	49221.0
33	3.942	7.0	1179808.0	-0.1125152587890625	2273874.0	7282701.0	57331.0
33	3.942	8.0	879674.0	-0.08389225006103515	2978768.0	8323041.0	65567.0
33	3.942	9.0	636590.0	-0.06070995330810547	3759129.0	9363412.0	73772.0
33	3.942	10.0	448209.0	-0.04274454116821289	4602200.0	10403749.0	82011.0
33	3.942	11.0	309067.0	-0.029474925994873048	5494808.0	11444146.0	90190.0
33	3.942	12.0	213968.0	-0.02040557861328125	6426411.0	12484658.0	98254.0
33	3.942	13.0	156581.0	-0.014932727813720703	7384618.0	13524985.0	106503.0
33	3.942	14.0	123981.0	-0.011823749542236328	8359899.0	14565357.0	114707.0
33	3.942	15.0	109701.0	-0.010461902618408203	9345110.0	15605705.0	122935.0
33	3.942	16.0	104954.0	-0.010009193420410156	10334609.0	16645954.0	131262.0
33	3.942	17.0	103705.0	-0.009890079498291016	11325625.0	17686241.0	139551.0
33	3.942	18.0	103763.0	-0.009895610809326171	12316663.0	18726688.0	147680.0
33	3.942	19.0	103894.0	-0.009908103942871093	13308039.0	19767117.0	155827.0
33	3.942	20.0	103204.0	-0.009842300415039062	14298987.0	20807375.0	164145.0
33	3.942	21.0	103392.0	-0.0098602294921875	15290757.0	21847881.0	172215.0
33	3.942	22.0	103092.0	-0.009831619262695313	16281896.0	22888336.0	180336.0
33	3.942	23.0	103321.0	-0.009853458404541016	17273999.0	23928724.0	188524.0
33	3.942	24.0	103766.0	-0.009895896911621094	18265908.0	24969085.0	196739.0
33	3.942	25.0	103364.0	-0.009857559204101562	19257420.0	26009534.0	204866.0
33	3.942	26.0	103002.0	-0.009823036193847657	20248836.0	27049967.0	213009.0
33	3.942	27.0	103209.0	-0.009842777252197265	21240459.0	28090426.0	221126.0
33	3.942	28.0	103826.0	-0.009901618957519532	22232162.0	29130770.0	229358.0
33	3.942	29.0	103765.0	-0.009895801544189453	23223763.0	30171275.0	237429.0
33	3.942	30.0	103719.0	-0.009891414642333984	24215163.0	31211518.0	245762.0
33	3.942	31.0	103645.0	-0.009884357452392578	25206578.0	32252011.0	253845.0
33	3.942	32.0	103087.0	-0.00983114242553711	26198373.0	33292419.0	262013.0
33	3.942	33.0	103920.0	-0.00991058349609375	27189883.0	34332788.0	270220.0
33	3.942	34.0	102975.0	-0.00982046127319336	28181599.0	35373148.0	278436.0
33	3.942	35.0	103437.0	-0.009864521026611329	29173152.0	36413531.0	286629.0
33	3.942	36.0	103623.0	-0.009882259368896484	30164412.0	37453789.0	294947.0
33	3.942	37.0	103538.0	-0.00987415313720703	31155908.0	38494182.0	303130.0
33	3.942	38.0	103979.0	-0.009916210174560547	32147091.0	39534545.0	311343.0
33	3.942	39.0	103379.0	-0.009858989715576172	33138907.0	40575109.0	319355.0
33	3.942	40.0	103428.0	-0.009863662719726562	34130319.0	41615451.0	327589.0
33	3.942	41.0	103542.0	-0.009874534606933594	35121600.0	42655858.0	335758.0
33	3.942	42.0	103446.0	-0.009865379333496094	36113680.0	43696411.0	343781.0
33	3.942	43.0	102647.0	-0.009789180755615235	37105325.0	44736678.0	352090.0
33	3.942	44.0	102739.0	-0.009797954559326172	38097347.0	45777067.0	360277.0
33	3.942	45.0	103639.0	-0.009883785247802734	39088899.0	46817583.0	368337.0
33	3.942	46.0	103162.0	-0.009838294982910157	40080777.0	47858027.0	376469.0
33	3.942	47.0	103631.0	-0.00988302230834961	41072380.0	48898418.0	384654.0
33	3.942	48.0	103610.0	-0.009881019592285156	42063952.0	49938709.0	392939.0
33	3.942	49.0	103327.0	-0.00985403060913086	43055702.0	50979057.0	401167.0
33	3.942	50.0	103543.0	-0.009874629974365234	44047436.0	52019508.0	409292.0
33	3.942	51.0	103827.0	-0.009901714324951173	45038466.0	53059868.0	417508.0
33	3.942	52.0	103125.0	-0.009834766387939453	46029979.0	54100362.0	425590.0
33	3.942	53.0	103446.0	-0.009865379333496094	47021479.0	55140636.0	433892.0
33	3.942	54.0	102951.0	-0.009818172454833985	48013440.0	56181089.0	442015.0
33	3.942	55.0	102992.0	-0.00982208251953125	49004997.0	57221401.0	450279.0
33	3.942	56.0	103364.0	-0.009857559204101562	49996106.0	58261638.0	458618.0
33	3.942	57.0	103569.0	-0.00987710952758789	50987468.0	59302187.0	466645.0
33	3.942	58.0	103665.0	-0.00988626480102539	51978717.0	60342402.0	475006.0
33	3.942	59.0	103385.0	-0.009859561920166016	52970563.0	61382811.0	483173.0
33	3.942	60.0	103789.0	-0.009898090362548828	53962018.0	62423085.0	491475.0
33	3.942	61.0	103048.0	-0.009827423095703124	54953458.0	63463497.0	499639.0
33	3.942	62.0	103668.0	-0.009886550903320312	55944770.0	64503850.0	507862.0
33	3.942	63.0	103667.0	-0.009886455535888673	56936485.0	65544373.0	515915.0
33	3.942	64.0	103590.0	-0.009879112243652344	57927816.0	66584829.0	524035.0
33	3.942	65.0	103964.0	-0.009914779663085937	58919017.0	67625251.0	532189.0
33	3.942	66.0	103285.0	-0.009850025177001953	59910675.0	68665737.0	540279.0
33	3.942	67.0	103329.0	-0.00985422134399414	60902207.0	69706258.0	548334.0
33	3.942	68.0	103562.0	-0.009876441955566407	61893623.0	70746642.0	556526.0
33	3.942	69.0	103288.0	-0.009850311279296874	62884940.0	71786914.0	564830.0
33	3.942	70.0	102983.0	-0.009821224212646484	63876644.0	72827432.0	572888.0
33	3.942	71.0	103325.0	-0.009853839874267578	64868577.0	73867900.0	580996.0
33	3.942	72.0	104146.0	-0.009932136535644532	65859531.0	74908235.0	589237.0
33	3.942	73.0	103561.0	-0.009876346588134766	66850963.0	75948590.0	597458.0
33	3.942	74.0	102717.0	-0.009795856475830079	67842564.0	76988922.0	605702.0
33	3.942	75.0	103482.0	-0.009868812561035157	68833703.0	78029357.0	613843.0
33	3.942	76.0	102848.0	-0.009808349609375	69825099.0	79069730.0	622046.0
33	3.942	77.0	103830.0	-0.009902000427246094	70817100.0	80110203.0	630149.0
33	3.942	78.0	103586.0	-0.009878730773925782	71808658.0	81150577.0	638351.0
33	3.942	79.0	103334.0	-0.009854698181152343	72800343.0	82191032.0	646472.0
33	3.942	80.0	103367.0	-0.009857845306396485	73792148.0	83231449.0	654631.0
33	3.942	81.0	103137.0	-0.009835910797119141	74783637.0	84271932.0	662724.0
33	3.942	82.0	102711.0	-0.009795284271240235	75775463.0	85312323.0	670909.0
33	3.942	83.0	103834.0	-0.009902381896972656	76767143.0	86352735.0	679073.0
33	3.942	84.0	103170.0	-0.009839057922363281	77758730.0	87392903.0	687481.0
33	3.942	85.0	103638.0	-0.009883689880371093	78750199.0	88433199.0	695761.0
33	3.942	86.0	102933.0	-0.009816455841064452	79741643.0	89473552.0	703984.0
33	3.942	87.0	103432.0	-0.009864044189453126	80733444.0	90514034.0	712078.0
33	3.942	88.0	103365.0	-0.009857654571533203	81725177.0	91554430.0	720258.0
33	3.942	89.0	103535.0	-0.00987386703491211	82716796.0	92594756.0	728508.0
33	3.942	90.0	103381.0	-0.009859180450439453	83708016.0	93635227.0	736613.0
33	3.942	91.0	103805.0	-0.009899616241455078	84699334.0	94675517.0	744899.0
33	3.942	92.0	103547.0	-0.009875011444091798	85690608.0	95715825.0	753167.0
33	3.942	93.0	103232.0	-0.009844970703125	86682080.0	96756145.0	761423.0
33	3.942	94.0	103372.0	-0.009858322143554688	87673737.0	97796575.0	769569.0
33	3.942	95.0	102848.0	-0.009808349609375	88665411.0	98836955.0	777765.0
33	3.942	96.0	103083.0	-0.009830760955810546	89657487.0	99877364.0	785932.0
33	3.942	97.0	103779.0	-0.009897136688232422	90649306.0	100917714.0	794158.0
33	3.942	98.0	103597.0	-0.009879779815673829	91640704.0	101958235.0	802213.0
33	3.942	99.0	103533.0	-0.009873676300048827	92632292.0	102998686.0	810338.0
33	3.942	100.0	103566.0	-0.009876823425292969	93624053.0	104039075.0	818525.0
34	3.816	1.0	4050511.0	-0.3862868309020996	64085.0	1040288.0	8288.0
34	3.816	2.0	3583518.0	-0.3417509078979492	181110.0	2080646.0	16506.0
34	3.816	3.0	3088710.0	-0.29456233978271484	372404.0	3121051.0	24677.0
34	3.816	4.0	2601741.0	-0.24812135696411133	653611.0	4161487.0	32817.0
34	3.816	5.0	2145119.0	-0.20457448959350585	1031601.0	5201745.0	41135.0
34	3.816	6.0	1739567.0	-0.16589803695678712	1506853.0	6242377.0	49079.0
34	3.816	7.0	1383242.0	-0.13191623687744142	2074717.0	7282697.0	57335.0
34	3.816	8.0	1079295.0	-0.10292959213256836	2726350.0	8322981.0	65627.0
34	3.816	9.0	823997.0	-0.07858247756958008	3452329.0	9363192.0	73992.0
34	3.816	10.0	617446.0	-0.05888423919677734	4243157.0	10403647.0	82113.0
34	3.816	11.0	448688.0	-0.04279022216796875	5088624.0	11444134.0	90202.0
34	3.816	12.0	322247.0	-0.030731868743896485	5978449.0	12484654.0	98258.0
34	3.816	13.0	232212.0	-0.022145462036132813	6903596.0	13525162.0	106326.0
34	3.816	14.0	171544.0	-0.016359710693359376	7853903.0	14565445.0	114619.0
34	3.816	15.0	133838.0	-0.012763786315917968	8822457.0	15605807.0	122833.0
34	3.816	16.0	115845.0	-0.011047840118408203	9802788.0	16646201.0	131015.0
34	3.816	17.0	107206.0	-0.010223960876464844	10788789.0	17686677.0	139115.0
34	3.816	18.0	104334.0	-0.009950065612792968	11777769.0	18727074.0	147294.0
34	3.816	19.0	104671.0	-0.00998220443725586	12767304.0	19767453.0	155491.0
34	3.816	20.0	104148.0	-0.009932327270507812	13756867.0	20807877.0	163643.0
34	3.816	21.0	104376.0	-0.009954071044921875	14746460.0	21848314.0	171782.0
34	3.816	22.0	104235.0	-0.009940624237060547	15736504.0	22888843.0	179829.0
34	3.816	23.0	103812.0	-0.009900283813476563	16726471.0	23929219.0	188029.0
34	3.816	24.0	104050.0	-0.009922981262207031	17716403.0	24969855.0	195969.0
34	3.816	25.0	104165.0	-0.009933948516845703	18705708.0	26010239.0	204161.0
34	3.816	26.0	104952.0	-0.010009002685546876	19695476.0	27050610.0	212366.0
34	3.816	27.0	103852.0	-0.009904098510742188	20685167.0	28091008.0	220544.0
34	3.816	28.0	104117.0	-0.009929370880126954	21675232.0	29131494.0	228634.0
34	3.816	29.0	104683.0	-0.009983348846435546	22665066.0	30171858.0	236846.0
34	3.816	30.0	104446.0	-0.009960746765136719	23654667.0	31212320.0	244960.0
34	3.816	31.0	103895.0	-0.009908199310302734	24644484.0	32252685.0	253171.0
34	3.816	32.0	103870.0	-0.009905815124511719	25634197.0	33293042.0	261390.0
34	3.816	33.0	104445.0	-0.009960651397705078	26624070.0	34333367.0	269641.0
34	3.816	34.0	104599.0	-0.009975337982177734	27613617.0	35373735.0	277849.0
34	3.816	35.0	104139.0	-0.009931468963623047	28603502.0	36414188.0	285972.0
34	3.816	36.0	104381.0	-0.009954547882080078	29593340.0	37454691.0	294045.0
34	3.816	37.0	104175.0	-0.00993490219116211	30583110.0	38495070.0	302242.0
34	3.816	38.0	104062.0	-0.00992412567138672	31572926.0	39535527.0	310361.0
34	3.816	39.0	104224.0	-0.0099395751953125	32562796.0	40575926.0	318538.0
34	3.816	40.0	104678.0	-0.009982872009277343	33552449.0	41616437.0	326603.0
34	3.816	41.0	104300.0	-0.009946823120117188	34542099.0	42656927.0	334689.0
34	3.816	42.0	103864.0	-0.009905242919921875	35531767.0	43697497.0	342695.0
34	3.816	43.0	104265.0	-0.009943485260009766	36521517.0	44737817.0	350951.0
34	3.816	44.0	104082.0	-0.009926033020019532	37511347.0	45778296.0	359048.0
34	3.816	45.0	104024.0	-0.009920501708984375	38501220.0	46818564.0	367356.0
34	3.816	46.0	103953.0	-0.00991373062133789	39490738.0	47858858.0	375638.0
34	3.816	47.0	104423.0	-0.009958553314208984	40480646.0	48899264.0	383808.0
34	3.816	48.0	104400.0	-0.00995635986328125	41470207.0	49939676.0	391972.0
34	3.816	49.0	104063.0	-0.009924221038818359	42459917.0	50980040.0	400184.0
34	3.816	50.0	104261.0	-0.009943103790283203	43449863.0	52020514.0	408286.0
34	3.816	51.0	104487.0	-0.009964656829833985	44439731.0	53060902.0	416474.0
34	3.816	52.0	103822.0	-0.00990123748779297	45429322.0	54101198.0	424754.0
34	3.816	53.0	104541.0	-0.009969806671142578	46418974.0	55141606.0	432922.0
34	3.816	54.0	103928.0	-0.009911346435546874	47408583.0	56181986.0	441118.0
34	3.816	55.0	104223.0	-0.009939479827880859	48398405.0	57222412.0	449268.0
34	3.816	56.0	104473.0	-0.009963321685791015	49387774.0	58262690.0	457566.0
34	3.816	57.0	104425.0	-0.009958744049072266	50377680.0	59302942.0	465890.0
34	3.816	58.0	104238.0	-0.009940910339355468	51367523.0	60343367.0	474041.0
34	3.816	59.0	104270.0	-0.009943962097167969	52357523.0	61383764.0	482220.0
34	3.816	60.0	104441.0	-0.009960269927978516	53347258.0	62424112.0	490448.0
34	3.816	61.0	104411.0	-0.009957408905029297	54336907.0	63464476.0	498660.0
34	3.816	62.0	104325.0	-0.009949207305908203	55326887.0	64504835.0	506877.0
34	3.816	63.0	104553.0	-0.009970951080322265	56316692.0	65545261.0	515027.0
34	3.816	64.0	104622.0	-0.00997753143310547	57305910.0	66585456.0	523408.0
34	3.816	65.0	104417.0	-0.009957981109619141	58295873.0	67625848.0	531592.0
34	3.816	66.0	104330.0	-0.009949684143066406	59285871.0	68666345.0	539671.0
34	3.816	67.0	104472.0	-0.009963226318359376	60275923.0	69706863.0	547729.0
34	3.816	68.0	104503.0	-0.009966182708740234	61265654.0	70747253.0	555915.0
34	3.816	69.0	104472.0	-0.009963226318359376	62255406.0	71787753.0	563991.0
34	3.816	70.0	104103.0	-0.009928035736083984	63245597.0	72828261.0	572059.0
34	3.816	71.0	104139.0	-0.009931468963623047	64235624.0	73868698.0	580198.0
34	3.816	72.0	104149.0	-0.009932422637939453	65225432.0	74909087.0	588385.0
34	3.816	73.0	104504.0	-0.009966278076171875	66214637.0	75949364.0	596684.0
34	3.816	74.0	104382.0	-0.00995464324951172	67204279.0	76989729.0	604895.0
34	3.816	75.0	103971.0	-0.009915447235107422	68193945.0	78030050.0	613150.0
34	3.816	76.0	103883.0	-0.009907054901123046	69183673.0	79070492.0	621284.0
34	3.816	77.0	103882.0	-0.009906959533691407	70173485.0	80110821.0	629531.0
34	3.816	78.0	103772.0	-0.009896469116210938	71163245.0	81151071.0	637857.0
34	3.816	79.0	104192.0	-0.0099365234375	72153367.0	82191576.0	645928.0
34	3.816	80.0	104187.0	-0.009936046600341798	73143100.0	83231727.0	654353.0
34	3.816	81.0	104199.0	-0.009937191009521484	74132960.0	84271974.0	662682.0
34	3.816	82.0	104108.0	-0.009928512573242187	75122854.0	85312328.0	670904.0
34	3.816	83.0	103839.0	-0.009902858734130859	76113115.0	86352766.0	679042.0
34	3.816	84.0	104085.0	-0.009926319122314453	77103532.0	87393265.0	687119.0
34	3.816	85.0	104281.0	-0.009945011138916016	78093472.0	88433686.0	695274.0
34	3.816	86.0	104101.0	-0.009927845001220703	79082952.0	89474117.0	703419.0
34	3.816	87.0	104164.0	-0.009933853149414062	80072780.0	90514457.0	711655.0
34	3.816	88.0	104072.0	-0.009925079345703126	81062052.0	91554881.0	719807.0
34	3.816	89.0	104219.0	-0.009939098358154297	82051824.0	92595198.0	728066.0
34	3.816	90.0	104484.0	-0.009964370727539062	83041603.0	93635561.0	736279.0
34	3.816	91.0	103906.0	-0.009909248352050782	84031683.0	94675972.0	744444.0
34	3.816	92.0	104494.0	-0.009965324401855468	85021653.0	95716385.0	752607.0
34	3.816	93.0	103903.0	-0.009908962249755859	86011527.0	96756707.0	760861.0
34	3.816	94.0	104064.0	-0.00992431640625	87001424.0	97797081.0	769063.0
34	3.816	95.0	104206.0	-0.009937858581542969	87991289.0	98837425.0	777295.0
34	3.816	96.0	104162.0	-0.009933662414550782	88980986.0	99877668.0	785628.0
34	3.816	97.0	104069.0	-0.009924793243408203	89970847.0	100917969.0	793903.0
34	3.816	98.0	103811.0	-0.009900188446044922	90960605.0	101958450.0	801998.0
34	3.816	99.0	104281.0	-0.009945011138916016	91950567.0	102998849.0	810175.0
34	3.816	100.0	104050.0	-0.009922981262207031	92940057.0	104039124.0	818476.0
35	3.69	1.0	4093825.0	-0.39041757583618164	57822.0	1040328.0	8248.0
35	3.69	2.0	3673497.0	-0.350331974029541	162191.0	2080683.0	16469.0
35	3.69	3.0	3223327.0	-0.30740041732788087	332712.0	3121030.0	24698.0
35	3.69	4.0	2774553.0	-0.264601993560791	582292.0	4161525.0	32779.0
35	3.69	5.0	2351732.0	-0.22427864074707032	920632.0	5201887.0	40993.0
35	3.69	6.0	1960512.0	-0.186968994140625	1347904.0	6242182.0	49274.0
35	3.69	7.0	1612522.0	-0.15378208160400392	1862527.0	7282444.0	57588.0
35	3.69	8.0	1308581.0	-0.12479600906372071	2457467.0	8322810.0	65798.0
35	3.69	9.0	1045285.0	-0.0996861457824707	3125217.0	9363140.0	74044.0
35	3.69	10.0	823007.0	-0.07848806381225586	3858259.0	10403450.0	82310.0
35	3.69	11.0	636811.0	-0.060731029510498045	4647174.0	11443859.0	90477.0
35	3.69	12.0	485829.0	-0.046332263946533205	5484653.0	12484192.0	98720.0
35	3.69	13.0	363603.0	-0.034675884246826175	6362364.0	13524462.0	107026.0
35	3.69	14.0	272279.0	-0.025966548919677736	7272635.0	14564702.0	115362.0
35	3.69	15.0	206181.0	-0.019662952423095702	8209374.0	15605139.0	123501.0
35	3.69	16.0	159956.0	-0.015254592895507813	9165419.0	16645547.0	131669.0
35	3.69	17.0	131384.0	-0.012529754638671875	10135609.0	17685923.0	139869.0
35	3.69	18.0	114536.0	-0.010923004150390625	11115451.0	18726470.0	147898.0
35	3.69	19.0	107987.0	-0.010298442840576173	12100615.0	19766913.0	156031.0
35	3.69	20.0	106009.0	-0.010109806060791015	13087930.0	20807370.0	164150.0
35	3.69	21.0	104967.0	-0.010010433197021485	14075762.0	21847756.0	172340.0
35	3.69	22.0	104793.0	-0.009993839263916015	15063237.0	22888123.0	180549.0
35	3.69	23.0	105282.0	-0.010040473937988282	16050820.0	23928281.0	188967.0
35	3.69	24.0	104997.0	-0.010013294219970704	17038886.0	24968550.0	197274.0
35	3.69	25.0	105163.0	-0.010029125213623046	18027056.0	26008834.0	205566.0
35	3.69	26.0	104923.0	-0.010006237030029296	19015138.0	27049333.0	213643.0
35	3.69	27.0	105402.0	-0.010051918029785157	20002785.0	28089668.0	221884.0
35	3.69	28.0	104445.0	-0.009960651397705078	20990007.0	29129882.0	230246.0
35	3.69	29.0	105082.0	-0.010021400451660157	21977661.0	30170322.0	238382.0
35	3.69	30.0	104824.0	-0.009996795654296875	22966011.0	31210687.0	246593.0
35	3.69	31.0	105345.0	-0.01004648208618164	23953836.0	32251094.0	254762.0
35	3.69	32.0	104359.0	-0.009952449798583984	24941840.0	33291468.0	262964.0
35	3.69	33.0	105583.0	-0.010069179534912109	25930138.0	34331970.0	271038.0
35	3.69	34.0	104854.0	-0.009999656677246093	26917842.0	35372297.0	279287.0
35	3.69	35.0	105385.0	-0.010050296783447266	27906220.0	36412807.0	287353.0
35	3.69	36.0	105004.0	-0.010013961791992187	28894289.0	37453174.0	295562.0
35	3.69	37.0	105643.0	-0.010074901580810546	29882340.0	38493479.0	303833.0
35	3.69	38.0	105117.0	-0.010024738311767579	30870362.0	39533915.0	311973.0
35	3.69	39.0	105326.0	-0.010044670104980469	31857886.0	40574249.0	320215.0
35	3.69	40.0	104674.0	-0.009982490539550781	32846313.0	41614670.0	328370.0
35	3.69	41.0	104960.0	-0.010009765625	33835111.0	42655163.0	336453.0
35	3.69	42.0	105526.0	-0.010063743591308594	34823380.0	43695649.0	344543.0
35	3.69	43.0	105397.0	-0.010051441192626954	35811320.0	44736048.0	352720.0
35	3.69	44.0	105170.0	-0.010029792785644531	36799014.0	45776493.0	360851.0
35	3.69	45.0	105111.0	-0.010024166107177735	37786880.0	46816742.0	369178.0
35	3.69	46.0	105073.0	-0.01002054214477539	38774721.0	47857250.0	377246.0
35	3.69	47.0	104823.0	-0.009996700286865234	39762568.0	48897681.0	385391.0
35	3.69	48.0	105179.0	-0.010030651092529297	40750705.0	49938173.0	393475.0
35	3.69	49.0	104723.0	-0.009987163543701171	41738198.0	50978576.0	401648.0
35	3.69	50.0	105486.0	-0.010059928894042969	42726199.0	52018893.0	409907.0
35	3.69	51.0	104937.0	-0.010007572174072266	43714590.0	53059389.0	417987.0
35	3.69	52.0	104837.0	-0.009998035430908204	44702586.0	54099896.0	426056.0
35	3.69	53.0	104893.0	-0.010003376007080077	45690673.0	55140233.0	434295.0
35	3.69	54.0	105564.0	-0.010067367553710937	46678697.0	56180624.0	442480.0
35	3.69	55.0	104978.0	-0.01001148223876953	47666783.0	57221143.0	450537.0
35	3.69	56.0	104918.0	-0.010005760192871093	48654257.0	58261627.0	458629.0
35	3.69	57.0	104830.0	-0.009997367858886719	49642011.0	59301969.0	466863.0
35	3.69	58.0	105432.0	-0.010054779052734376	50629641.0	60342219.0	475189.0
35	3.69	59.0	104893.0	-0.010003376007080077	51617847.0	61382611.0	483373.0
35	3.69	60.0	105097.0	-0.010022830963134766	52605695.0	62423107.0	491453.0
35	3.69	61.0	104636.0	-0.009978866577148438	53593663.0	63463450.0	499686.0
35	3.69	62.0	105257.0	-0.010038089752197266	54581390.0	64503791.0	507921.0
35	3.69	63.0	105428.0	-0.010054397583007812	55569267.0	65544172.0	516116.0
35	3.69	64.0	105092.0	-0.010022354125976563	56557212.0	66584613.0	524251.0
35	3.69	65.0	104867.0	-0.010000896453857423	57545253.0	67624974.0	532466.0
35	3.69	66.0	104831.0	-0.00999746322631836	58532936.0	68665276.0	540740.0
35	3.69	67.0	105056.0	-0.0100189208984375	59521043.0	69705805.0	548787.0
35	3.69	68.0	105250.0	-0.010037422180175781	60508891.0	70746152.0	557016.0
35	3.69	69.0	105314.0	-0.010043525695800781	61496861.0	71786566.0	565178.0
35	3.69	70.0	105473.0	-0.01005868911743164	62484693.0	72827023.0	573297.0
35	3.69	71.0	105917.0	-0.010101032257080079	63472603.0	73867344.0	581552.0
35	3.69	72.0	105603.0	-0.010071086883544921	64460124.0	74907633.0	589839.0
35	3.69	73.0	105286.0	-0.010040855407714844	65447915.0	75948265.0	597783.0
35	3.69	74.0	105579.0	-0.010068798065185547	66435348.0	76988576.0	606048.0
35	3.69	75.0	104737.0	-0.009988498687744141	67423311.0	78029059.0	614141.0
35	3.69	76.0	105022.0	-0.01001567840576172	68411749.0	79069510.0	622266.0
35	3.69	77.0	105261.0	-0.010038471221923828	69399723.0	80110034.0	630318.0
35	3.69	78.0	105216.0	-0.0100341796875	70387757.0	81150595.0	638333.0
35	3.69	79.0	104842.0	-0.009998512268066407	71375259.0	82190890.0	646614.0
35	3.69	80.0	105263.0	-0.010038661956787109	72363332.0	83231420.0	654660.0
35	3.69	81.0	104810.0	-0.009995460510253906	73351804.0	84271778.0	662878.0
35	3.69	82.0	105777.0	-0.010087680816650391	74339966.0	85312147.0	671085.0
35	3.69	83.0	105519.0	-0.010063076019287109	75327901.0	86352625.0	679183.0
35	3.69	84.0	104891.0	-0.010003185272216797	76315437.0	87393060.0	687324.0
35	3.69	85.0	105191.0	-0.010031795501708985	77303595.0	88433501.0	695459.0
35	3.69	86.0	105015.0	-0.010015010833740234	78291546.0	89473832.0	703704.0
35	3.69	87.0	104733.0	-0.009988117218017577	79279858.0	90514228.0	711884.0
35	3.69	88.0	104455.0	-0.009961605072021484	80267535.0	91554426.0	720262.0
35	3.69	89.0	105131.0	-0.010026073455810547	81255579.0	92594713.0	728551.0
35	3.69	90.0	104839.0	-0.009998226165771484	82243079.0	93634995.0	736845.0
35	3.69	91.0	104512.0	-0.009967041015625	83231033.0	94675222.0	745194.0
35	3.69	92.0	105092.0	-0.010022354125976563	84219008.0	95715642.0	753350.0
35	3.69	93.0	105405.0	-0.010052204132080078	85207099.0	96756119.0	761449.0
35	3.69	94.0	105428.0	-0.010054397583007812	86194524.0	97796424.0	769720.0
35	3.69	95.0	105659.0	-0.010076427459716797	87181793.0	98836941.0	777779.0
35	3.69	96.0	105130.0	-0.010025978088378906	88170175.0	99877320.0	785976.0
35	3.69	97.0	105100.0	-0.010023117065429688	89158591.0	100917815.0	794057.0
35	3.69	98.0	105349.0	-0.010046863555908203	90146438.0	101958198.0	802250.0
35	3.69	99.0	105104.0	-0.01002349853515625	91134104.0	102998590.0	810434.0
35	3.69	100.0	104689.0	-0.00998392105102539	92121933.0	104039012.0	818588.0
36	3.564	1.0	4125788.0	-0.3934658050537109	53653.0	1040429.0	8147.0
36	3.564	2.0	3741774.0	-0.356843376159668	149684.0	2080599.0	16553.0
36	3.564	3.0	3329903.0	-0.3175642967224121	304498.0	3121063.0	24665.0
36	3.564	4.0	2919153.0	-0.2783921241760254	529875.0	4161384.0	32920.0
36	3.564	5.0	2522845.0	-0.24059724807739258	835922.0	5201665.0	41215.0
36	3.564	6.0	2153386.0	-0.2053628921508789	1224393.0	6242057.0	49399.0
36	3.564	7.0	1823043.0	-0.1738589286804199	1691653.0	7282247.0	57785.0
36	3.564	8.0	1525363.0	-0.14546995162963866	2233769.0	8322518.0	66090.0
36	3.564	9.0	1263915.0	-0.12053632736206055	2846069.0	9362879.0	74305.0
36	3.564	10.0	1036034.0	-0.09880390167236328	3522158.0	10403336.0	82424.0
36	3.564	11.0	840176.0	-0.08012542724609376	4254274.0	11443793.0	90543.0
36	3.564	12.0	672154.0	-0.06410160064697265	5036409.0	12484179.0	98733.0
36	3.564	13.0	529981.0	-0.05054292678833008	5861680.0	13524477.0	107011.0
36	3.564	14.0	412217.0	-0.03931207656860351	6726011.0	14564882.0	115182.0
36	3.564	15.0	323538.0	-0.03085498809814453	7620434.0	15605190.0	123450.0
36	3.564	16.0	251466.0	-0.023981666564941405	8540210.0	16645642.0	131574.0
36	3.564	17.0	197101.0	-0.018797016143798827	9481147.0	17686110.0	139682.0
36	3.564	18.0	158574.0	-0.015122795104980468	10437552.0	18726512.0	147856.0
36	3.564	19.0	132538.0	-0.012639808654785156	11406152.0	19767091.0	155853.0
36	3.564	20.0	117115.0	-0.011168956756591797	12382929.0	20807305.0	164215.0
36	3.564	21.0	109249.0	-0.01041879653930664	13365410.0	21847625.0	172471.0
36	3.564	22.0	106592.0	-0.0101654052734375	14350451.0	22888114.0	180558.0
36	3.564	23.0	106011.0	-0.010109996795654297	15336265.0	23928610.0	188638.0
36	3.564	24.0	105644.0	-0.010074996948242187	16322011.0	24968765.0	197059.0
36	3.564	25.0	105448.0	-0.010056304931640624	17308017.0	26009071.0	205329.0
36	3.564	26.0	105293.0	-0.010041522979736327	18294186.0	27049443.0	213533.0
36	3.564	27.0	105637.0	-0.010074329376220704	19280158.0	28089857.0	221695.0
36	3.564	28.0	105584.0	-0.01006927490234375	20266251.0	29130314.0	229814.0
36	3.564	29.0	106107.0	-0.010119152069091798	21252060.0	30170637.0	238067.0
36	3.564	30.0	105914.0	-0.010100746154785156	22237882.0	31211113.0	246167.0
36	3.564	31.0	105648.0	-0.01007537841796875	23223716.0	32251289.0	254567.0
36	3.564	32.0	105811.0	-0.010090923309326172	24209454.0	33291716.0	262716.0
36	3.564	33.0	106419.0	-0.010148906707763672	25195293.0	34332031.0	270977.0
36	3.564	34.0	106115.0	-0.010119915008544922	26181672.0	35372444.0	279140.0
36	3.564	35.0	105780.0	-0.010087966918945312	27168304.0	36412929.0	287231.0
36	3.564	36.0	106090.0	-0.010117530822753906	28154415.0	37453308.0	295428.0
36	3.564	37.0	106121.0	-0.010120487213134766	29140271.0	38493802.0	303510.0
36	3.564	38.0	105742.0	-0.01008434295654297	30126388.0	39534309.0	311579.0
36	3.564	39.0	106257.0	-0.010133457183837891	31112203.0	40574544.0	319920.0
36	3.564	40.0	105888.0	-0.0100982666015625	32098068.0	41615076.0	327964.0
36	3.564	41.0	106014.0	-0.010110282897949218	33084613.0	42655558.0	336058.0
36	3.564	42.0	105809.0	-0.01009073257446289	34070615.0	43696002.0	344190.0
36	3.564	43.0	105775.0	-0.01008749008178711	35056586.0	44736357.0	352411.0
36	3.564	44.0	106238.0	-0.010131645202636718	36042373.0	45776765.0	360579.0
36	3.564	45.0	105809.0	-0.01009073257446289	37028415.0	46817092.0	368828.0
36	3.564	46.0	105846.0	-0.010094261169433594	38014344.0	47857276.0	377220.0
36	3.564	47.0	106508.0	-0.010157394409179687	38999759.0	48897509.0	385563.0
36	3.564	48.0	106182.0	-0.010126304626464844	39986047.0	49937826.0	393822.0
36	3.564	49.0	106215.0	-0.010129451751708984	40972148.0	50978462.0	401762.0
36	3.564	50.0	106079.0	-0.010116481781005859	41958160.0	52018787.0	410013.0
36	3.564	51.0	105569.0	-0.01006784439086914	42944426.0	53059155.0	418221.0
36	3.564	52.0	106044.0	-0.010113143920898437	43930495.0	54099611.0	426341.0
36	3.564	53.0	105077.0	-0.010020923614501954	44917047.0	55139956.0	434572.0
36	3.564	54.0	105791.0	-0.01008901596069336	45903158.0	56180238.0	442866.0
36	3.564	55.0	105977.0	-0.010106754302978516	46889444.0	57220498.0	451182.0
36	3.564	56.0	105910.0	-0.010100364685058594	47875621.0	58260879.0	459377.0
36	3.564	57.0	105711.0	-0.01008138656616211	48861750.0	59301231.0	467601.0
36	3.564	58.0	106289.0	-0.01013650894165039	49847826.0	60341527.0	475881.0
36	3.564	59.0	106067.0	-0.010115337371826173	50833955.0	61381953.0	484031.0
36	3.564	60.0	105594.0	-0.010070228576660156	51819752.0	62422089.0	492471.0
36	3.564	61.0	105689.0	-0.010079288482666015	52805994.0	63462444.0	500692.0
36	3.564	62.0	105720.0	-0.010082244873046875	53791786.0	64502707.0	509005.0
36	3.564	63.0	105653.0	-0.010075855255126952	54778259.0	65543149.0	517139.0
36	3.564	64.0	106430.0	-0.010149955749511719	55764082.0	66583571.0	525293.0
36	3.564	65.0	106310.0	-0.010138511657714844	56750143.0	67623916.0	533524.0
36	3.564	66.0	106246.0	-0.010132408142089844	57735745.0	68664224.0	541792.0
36	3.564	67.0	106058.0	-0.010114479064941406	58721501.0	69704596.0	549996.0
36	3.564	68.0	105813.0	-0.010091114044189452	59707289.0	70744976.0	558192.0
36	3.564	69.0	106475.0	-0.010154247283935547	60693252.0	71785410.0	566334.0
36	3.564	70.0	105653.0	-0.010075855255126952	61678882.0	72825791.0	574529.0
36	3.564	71.0	105745.0	-0.01008462905883789	62665093.0	73866112.0	582784.0
36	3.564	72.0	106104.0	-0.010118865966796875	63651237.0	74906421.0	591051.0
36	3.564	73.0	105685.0	-0.010078907012939453	64637427.0	75946701.0	599347.0
36	3.564	74.0	105763.0	-0.010086345672607421	65622989.0	76986976.0	607648.0
36	3.564	75.0	106648.0	-0.010170745849609374	66608945.0	78027384.0	615816.0
36	3.564	76.0	105960.0	-0.010105133056640625	67594030.0	79067672.0	624104.0
36	3.564	77.0	105845.0	-0.010094165802001953	68579712.0	80108044.0	632308.0
36	3.564	78.0	106181.0	-0.010126209259033203	69565530.0	81148401.0	640527.0
36	3.564	79.0	106287.0	-0.01013631820678711	70551006.0	82188679.0	648825.0
36	3.564	80.0	105992.0	-0.010108184814453126	71537065.0	83229131.0	656949.0
36	3.564	81.0	106113.0	-0.01011972427368164	72523027.0	84269681.0	664975.0
36	3.564	82.0	106594.0	-0.010165596008300781	73508931.0	85310189.0	673043.0
36	3.564	83.0	106573.0	-0.010163593292236327	74494939.0	86350596.0	681212.0
36	3.564	84.0	105874.0	-0.010096931457519531	75481109.0	87391047.0	689337.0
36	3.564	85.0	106056.0	-0.010114288330078125	76467051.0	88431397.0	697563.0
36	3.564	86.0	106108.0	-0.010119247436523437	77453153.0	89471812.0	705724.0
36	3.564	87.0	105736.0	-0.010083770751953125	78438760.0	90512186.0	713926.0
36	3.564	88.0	105472.0	-0.01005859375	79425327.0	91552594.0	722094.0
36	3.564	89.0	105855.0	-0.01009511947631836	80411645.0	92592871.0	730393.0
36	3.564	90.0	105558.0	-0.010066795349121093	81397685.0	93633113.0	738727.0
36	3.564	91.0	106031.0	-0.01011190414428711	82383702.0	94673567.0	746849.0
36	3.564	92.0	105646.0	-0.010075187683105469	83369923.0	95714005.0	754987.0
36	3.564	93.0	105672.0	-0.010077667236328126	84356029.0	96754299.0	763269.0
36	3.564	94.0	106504.0	-0.010157012939453125	85341680.0	97794661.0	771483.0
36	3.564	95.0	106687.0	-0.01017446517944336	86327083.0	98834962.0	779758.0
36	3.564	96.0	106323.0	-0.010139751434326171	87312846.0	99875400.0	787896.0
36	3.564	97.0	106114.0	-0.010119819641113281	88299197.0	100915789.0	796083.0
36	3.564	98.0	106061.0	-0.010114765167236328	89285520.0	101956231.0	804217.0
36	3.564	99.0	106133.0	-0.010121631622314452	90271949.0	102996708.0	812316.0
36	3.564	100.0	106159.0	-0.010124111175537109	91257613.0	104037209.0	820391.0
37	3.438	1.0	4160302.0	-0.3967573165893555	48834.0	1040367.0	8209.0
37	3.438	2.0	3819349.0	-0.3642415046691895	134060.0	2080682.0	16470.0
37	3.438	3.0	3448444.0	-0.32886924743652346	271416.0	3121161.0	24567.0
37	3.438	4.0	3071506.0	-0.2929216384887695	471916.0	4161439.0	32865.0
37	3.438	5.0	2704628.0	-0.2579334259033203	743023.0	5201706.0	41174.0
37	3.438	6.0	2366172.0	-0.22565574645996095	1088351.0	6242170.0	49286.0
37	3.438	7.0	2053075.0	-0.19579648971557617	1506788.0	7282508.0	57524.0
37	3.438	8.0	1769318.0	-0.16873531341552733	1992408.0	8322861.0	65747.0
37	3.438	9.0	1514111.0	-0.14439687728881836	2545328.0	9363208.0	73976.0
37	3.438	10.0	1284704.0	-0.1225189208984375	3158422.0	10403603.0	82157.0
37	3.438	11.0	1082744.0	-0.10325851440429687	3826661.0	11444105.0	90231.0
37	3.438	12.0	902541.0	-0.08607301712036133	4546014.0	12484359.0	98553.0
37	3.438	13.0	747034.0	-0.07124271392822265	5308970.0	13524829.0	106659.0
37	3.438	14.0	610866.0	-0.05825672149658203	6112482.0	14565182.0	114882.0
37	3.438	15.0	495023.0	-0.04720907211303711	6951997.0	15605612.0	123028.0
37	3.438	16.0	395555.0	-0.03772306442260742	7822146.0	16645977.0	131239.0
37	3.438	17.0	315972.0	-0.030133438110351563	8719684.0	17686231.0	139561.0
37	3.438	18.0	252656.0	-0.02409515380859375	9639201.0	18726688.0	147680.0
37	3.438	19.0	204018.0	-0.01945667266845703	10576996.0	19767016.0	155928.0
37	3.438	20.0	168696.0	-0.016088104248046874	11529044.0	20807432.0	164088.0
37	3.438	21.0	141930.0	-0.013535499572753906	12491236.0	21847860.0	172236.0
37	3.438	22.0	124430.0	-0.011866569519042969	13462805.0	22888280.0	180392.0
37	3.438	23.0	113256.0	-0.010800933837890625	14440430.0	23928650.0	188598.0
37	3.438	24.0	108877.0	-0.010383319854736329	15421641.0	24969012.0	196812.0
37	3.438	25.0	107790.0	-0.010279655456542969	16404434.0	26009433.0	204967.0
37	3.438	26.0	106925.0	-0.010197162628173828	17388104.0	27049765.0	213211.0
37	3.438	27.0	106862.0	-0.01019115447998047	18372275.0	28090296.0	221256.0
37	3.438	28.0	106840.0	-0.010189056396484375	19355782.0	29130621.0	229507.0
37	3.438	29.0	107333.0	-0.010236072540283202	20339406.0	30171122.0	237582.0
37	3.438	30.0	106470.0	-0.010153770446777344	21323371.0	31211337.0	245943.0
37	3.438	31.0	106982.0	-0.010202598571777344	22306794.0	32251518.0	254338.0
37	3.438	32.0	106833.0	-0.01018838882446289	23290729.0	33291933.0	262499.0
37	3.438	33.0	107136.0	-0.01021728515625	24274707.0	34332554.0	270454.0
37	3.438	34.0	107334.0	-0.010236167907714843	25258538.0	35373036.0	278548.0
37	3.438	35.0	107056.0	-0.01020965576171875	26242462.0	36413651.0	286509.0
37	3.438	36.0	107076.0	-0.010211563110351563	27226224.0	37454035.0	294701.0
37	3.438	37.0	107099.0	-0.010213756561279297	28210207.0	38494461.0	302851.0
37	3.438	38.0	106661.0	-0.010171985626220703	29193713.0	39534876.0	311012.0
37	3.438	39.0	106237.0	-0.010131549835205079	30177891.0	40575388.0	319076.0
37	3.438	40.0	106829.0	-0.010188007354736328	31161955.0	41615717.0	327323.0
37	3.438	41.0	106853.0	-0.010190296173095702	32145361.0	42656097.0	335519.0
37	3.438	42.0	107460.0	-0.010248184204101562	33128924.0	43696373.0	343819.0
37	3.438	43.0	107119.0	-0.010215663909912109	34112719.0	44736772.0	351996.0
37	3.438	44.0	106896.0	-0.01019439697265625	35095974.0	45777002.0	360342.0
37	3.438	45.0	107001.0	-0.010204410552978516	36079927.0	46817356.0	368564.0
37	3.438	46.0	107202.0	-0.010223579406738282	37063946.0	47857612.0	376884.0
37	3.438	47.0	106602.0	-0.010166358947753907	38047784.0	48897963.0	385109.0
37	3.438	48.0	107142.0	-0.010217857360839844	39031784.0	49938459.0	393189.0
37	3.438	49.0	106897.0	-0.010194492340087891	40015485.0	50978766.0	401458.0
37	3.438	50.0	106637.0	-0.010169696807861329	40999392.0	52019082.0	409718.0
37	3.438	51.0	106650.0	-0.010170936584472656	41983429.0	53059480.0	417896.0
37	3.438	52.0	106516.0	-0.010158157348632813	42967263.0	54099849.0	426103.0
37	3.438	53.0	107060.0	-0.010210037231445312	43951371.0	55140365.0	434163.0
37	3.438	54.0	107000.0	-0.010204315185546875	44935248.0	56180932.0	442172.0
37	3.438	55.0	107176.0	-0.010221099853515625	45919478.0	57221339.0	450341.0
37	3.438	56.0	107219.0	-0.010225200653076172	46902920.0	58261848.0	458408.0
37	3.438	57.0	106915.0	-0.010196208953857422	47886471.0	59302191.0	466641.0
37	3.438	58.0	107291.0	-0.010232067108154297	48870062.0	60342562.0	474846.0
37	3.438	59.0	107066.0	-0.010210609436035157	49853513.0	61383012.0	482972.0
37	3.438	60.0	106693.0	-0.010175037384033202	50837177.0	62423421.0	491139.0
37	3.438	61.0	107094.0	-0.010213279724121093	51821277.0	63463925.0	499211.0
37	3.438	62.0	107188.0	-0.010222244262695312	52804929.0	64504151.0	507561.0
37	3.438	63.0	106936.0	-0.010198211669921875	53788768.0	65544689.0	515599.0
37	3.438	64.0	107264.0	-0.0102294921875	54772121.0	66585013.0	523851.0
37	3.438	65.0	107053.0	-0.010209369659423827	55755620.0	67625421.0	532019.0
37	3.438	66.0	106956.0	-0.010200119018554688	56739408.0	68665982.0	540034.0
37	3.438	67.0	106964.0	-0.010200881958007812	57723218.0	69706273.0	548319.0
37	3.438	68.0	106784.0	-0.0101837158203125	58707717.0	70746665.0	556503.0
37	3.438	69.0	107086.0	-0.010212516784667969	59691580.0	71787026.0	564718.0
37	3.438	70.0	107110.0	-0.010214805603027344	60675054.0	72827431.0	572889.0
37	3.438	71.0	106792.0	-0.010184478759765626	61659431.0	73867929.0	580967.0
37	3.438	72.0	107555.0	-0.010257244110107422	62643212.0	74908294.0	589178.0
37	3.438	73.0	106752.0	-0.0101806640625	63627088.0	75948700.0	597348.0
37	3.438	74.0	106956.0	-0.010200119018554688	64610660.0	76989159.0	605465.0
37	3.438	75.0	107557.0	-0.010257434844970704	65593883.0	78029529.0	613671.0
37	3.438	76.0	107403.0	-0.010242748260498046	66577504.0	79069883.0	621893.0
37	3.438	77.0	107020.0	-0.010206222534179688	67561192.0	80110256.0	630096.0
37	3.438	78.0	107116.0	-0.010215377807617188	68545535.0	81150708.0	638220.0
37	3.438	79.0	107165.0	-0.010220050811767578	69529140.0	82191179.0	646325.0
37	3.438	80.0	107241.0	-0.010227298736572266	70512709.0	83231529.0	654551.0
37	3.438	81.0	106670.0	-0.010172843933105469	71496152.0	84271892.0	662764.0
37	3.438	82.0	106762.0	-0.010181617736816407	72480270.0	85312298.0	670934.0
37	3.438	83.0	106936.0	-0.010198211669921875	73464302.0	86352814.0	678994.0
37	3.438	84.0	106872.0	-0.010192108154296876	74448285.0	87393280.0	687104.0
37	3.438	85.0	107285.0	-0.010231494903564453	75432329.0	88433801.0	695159.0
37	3.438	86.0	106590.0	-0.010165214538574219	76416105.0	89474239.0	703297.0
37	3.438	87.0	107335.0	-0.010236263275146484	77399734.0	90514525.0	711587.0
37	3.438	88.0	107248.0	-0.01022796630859375	78383042.0	91554808.0	719880.0
37	3.438	89.0	107314.0	-0.010234260559082031	79366677.0	92595178.0	728086.0
37	3.438	90.0	107540.0	-0.010255813598632812	80350342.0	93635595.0	736245.0
37	3.438	91.0	106836.0	-0.010188674926757813	81334577.0	94675943.0	744473.0
37	3.438	92.0	107071.0	-0.01021108627319336	82318446.0	95716290.0	752702.0
37	3.438	93.0	106965.0	-0.010200977325439453	83302418.0	96756613.0	760955.0
37	3.438	94.0	107023.0	-0.010206508636474609	84286190.0	97796917.0	769227.0
37	3.438	95.0	107387.0	-0.010241222381591798	85270021.0	98837358.0	777362.0
37	3.438	96.0	106940.0	-0.010198593139648438	86253701.0	99877788.0	785508.0
37	3.438	97.0	106823.0	-0.010187435150146484	87237235.0	100918138.0	793734.0
37	3.438	98.0	107340.0	-0.010236740112304688	88220908.0	101958562.0	801886.0
37	3.438	99.0	107175.0	-0.010221004486083984	89204650.0	102998930.0	810094.0
37	3.438	100.0	107108.0	-0.010214614868164062	90188080.0	104039410.0	818190.0
38	3.312	1.0	4189530.0	-0.39954471588134766	44834.0	1040509.0	8067.0
38	3.312	2.0	3882172.0	-0.37023277282714845	122157.0	2080903.0	16249.0
38	3.312	3.0	3547719.0	-0.3383368492126465	244008.0	3121413.0	24315.0
38	3.312	4.0	3208525.0	-0.30598878860473633	421326.0	4161718.0	32586.0
38	3.312	5.0	2875837.0	-0.2742611885070801	662139.0	5202189.0	40691.0
38	3.312	6.0	2561673.0	-0.24430017471313475	969310.0	6242705.0	48751.0
38	3.312	7.0	2266299.0	-0.2161311149597168	1342214.0	7283038.0	56994.0
38	3.312	8.0	1997464.0	-0.19049301147460937	1779752.0	8323487.0	65121.0
38	3.312	9.0	1751935.0	-0.16707754135131836	2279281.0	9363963.0	73221.0
38	3.312	10.0	1529306.0	-0.14584598541259766	2834461.0	10404343.0	81417.0
38	3.312	11.0	1327089.0	-0.12656106948852539	3442505.0	11444667.0	89669.0
38	3.312	12.0	1145215.0	-0.10921621322631836	4099659.0	12485090.0	97822.0
38	3.312	13.0	982017.0	-0.09365243911743164	4801033.0	13525367.0	106121.0
38	3.312	14.0	835072.0	-0.079638671875	5543203.0	14565681.0	114383.0
38	3.312	15.0	704690.0	-0.06720447540283203	6322685.0	15606036.0	122604.0
38	3.312	16.0	591140.0	-0.05637550354003906	7135658.0	16646481.0	130735.0
38	3.312	17.0	492566.0	-0.04697475433349609	7978455.0	17687101.0	138691.0
38	3.312	18.0	408957.0	-0.039001178741455075	8846654.0	18727405.0	146963.0
38	3.312	19.0	339227.0	-0.032351207733154294	9738155.0	19767749.0	155195.0
38	3.312	20.0	280404.0	-0.026741409301757814	10649224.0	20808091.0	163429.0
38	3.312	21.0	233480.0	-0.022266387939453125	11576623.0	21848491.0	171605.0
38	3.312	22.0	196317.0	-0.01872224807739258	12517731.0	22888800.0	179872.0
38	3.312	23.0	165937.0	-0.01582498550415039	13470555.0	23929497.0	187751.0
38	3.312	24.0	143385.0	-0.013674259185791016	14431323.0	24969830.0	195994.0
38	3.312	25.0	127115.0	-0.012122631072998047	15399696.0	26010073.0	204327.0
38	3.312	26.0	116230.0	-0.011084556579589844	16374021.0	27050437.0	212539.0
38	3.312	27.0	111108.0	-0.010596084594726562	17352554.0	28090855.0	220697.0
38	3.312	28.0	108724.0	-0.010368728637695312	18332882.0	29131133.0	228995.0
38	3.312	29.0	108733.0	-0.010369586944580077	19314117.0	30171546.0	237158.0
38	3.312	30.0	108014.0	-0.010301017761230468	20295372.0	31211746.0	245534.0
38	3.312	31.0	108262.0	-0.010324668884277344	21276526.0	32251998.0	253858.0
38	3.312	32.0	108114.0	-0.010310554504394531	22258554.0	33292395.0	262037.0
38	3.312	33.0	107893.0	-0.010289478302001952	23240225.0	34332830.0	270178.0
38	3.312	34.0	108162.0	-0.010315132141113282	24221606.0	35373207.0	278377.0
38	3.312	35.0	108086.0	-0.010307884216308594	25203221.0	36413516.0	286644.0
38	3.312	36.0	107803.0	-0.010280895233154296	26184541.0	37453880.0	294856.0
38	3.312	37.0	107437.0	-0.010245990753173829	27166368.0	38494165.0	303147.0
38	3.312	38.0	108140.0	-0.010313034057617188	28147797.0	39534592.0	311296.0
38	3.312	39.0	108083.0	-0.010307598114013671	29129232.0	40574931.0	319533.0
38	3.312	40.0	108191.0	-0.01031789779663086	30110503.0	41615387.0	327653.0
38	3.312	41.0	107810.0	-0.010281562805175781	31091948.0	42655829.0	335787.0
38	3.312	42.0	107706.0	-0.010271644592285157	32073819.0	43696310.0	343882.0
38	3.312	43.0	107317.0	-0.010234546661376954	33055588.0	44736807.0	351961.0
38	3.312	44.0	107796.0	-0.010280227661132813	34037262.0	45777285.0	360059.0
38	3.312	45.0	108145.0	-0.01031351089477539	35018759.0	46817680.0	368240.0
38	3.312	46.0	107710.0	-0.010272026062011719	36000200.0	47858229.0	376267.0
38	3.312	47.0	108386.0	-0.010336494445800782	36981611.0	48898720.0	384352.0
38	3.312	48.0	107701.0	-0.010271167755126953	37963005.0	49939097.0	392551.0
38	3.312	49.0	108094.0	-0.010308647155761718	38944638.0	50979577.0	400647.0
38	3.312	50.0	107748.0	-0.010275650024414062	39926570.0	52020057.0	408743.0
38	3.312	51.0	107889.0	-0.01028909683227539	40908313.0	53060348.0	417028.0
38	3.312	52.0	107989.0	-0.010298633575439453	41889967.0	54100877.0	425075.0
38	3.312	53.0	107927.0	-0.010292720794677735	42871286.0	55141201.0	433327.0
38	3.312	54.0	107979.0	-0.010297679901123047	43852722.0	56181704.0	441400.0
38	3.312	55.0	108283.0	-0.010326671600341796	44833835.0	57222056.0	449624.0
38	3.312	56.0	107825.0	-0.01028299331665039	45815321.0	58262294.0	457962.0
38	3.312	57.0	107955.0	-0.010295391082763672	46797110.0	59302622.0	466210.0
38	3.312	58.0	107521.0	-0.010254001617431641	47778585.0	60343101.0	474307.0
38	3.312	59.0	108213.0	-0.010319995880126952	48760304.0	61383549.0	482435.0
38	3.312	60.0	108173.0	-0.010316181182861327	49741612.0	62423890.0	490670.0
38	3.312	61.0	107964.0	-0.010296249389648437	50722966.0	63464321.0	498815.0
38	3.312	62.0	108341.0	-0.010332202911376953	51704564.0	64504838.0	506874.0
38	3.312	63.0	108111.0	-0.01031026840209961	52686162.0	65545306.0	514982.0
38	3.312	64.0	107774.0	-0.010278129577636718	53667632.0	66585734.0	523130.0
38	3.312	65.0	108339.0	-0.010332012176513672	54649234.0	67626130.0	531310.0
38	3.312	66.0	107997.0	-0.010299396514892579	55630419.0	68666517.0	539499.0
38	3.312	67.0	108094.0	-0.010308647155761718	56612048.0	69706886.0	547706.0
38	3.312	68.0	108399.0	-0.010337734222412109	57593359.0	70747391.0	555777.0
38	3.312	69.0	108110.0	-0.010310173034667969	58574707.0	71787872.0	563872.0
38	3.312	70.0	107874.0	-0.010287666320800781	59556167.0	72828211.0	572109.0
38	3.312	71.0	108931.0	-0.010388469696044922	60537177.0	73868549.0	580347.0
38	3.312	72.0	108326.0	-0.010330772399902344	61518461.0	74908910.0	588562.0
38	3.312	73.0	108079.0	-0.010307216644287109	62499687.0	75949196.0	596852.0
38	3.312	74.0	107863.0	-0.010286617279052734	63480993.0	76989625.0	604999.0
38	3.312	75.0	107197.0	-0.010223102569580079	64462493.0	78030131.0	613069.0
38	3.312	76.0	108603.0	-0.010357189178466796	65443296.0	79070529.0	621247.0
38	3.312	77.0	108088.0	-0.010308074951171874	66424550.0	80110893.0	629459.0
38	3.312	78.0	107820.0	-0.010282516479492188	67405685.0	81151313.0	637615.0
38	3.312	79.0	107993.0	-0.010299015045166015	68386736.0	82191654.0	645850.0
38	3.312	80.0	108038.0	-0.010303306579589843	69368095.0	83232086.0	653994.0
38	3.312	81.0	107930.0	-0.010293006896972656	70349260.0	84272452.0	662204.0
38	3.312	82.0	107904.0	-0.01029052734375	71330377.0	85312983.0	670249.0
38	3.312	83.0	108468.0	-0.010344314575195312	72311737.0	86353304.0	678504.0
38	3.312	84.0	108157.0	-0.010314655303955079	73293129.0	87393780.0	686604.0
38	3.312	85.0	108213.0	-0.010319995880126952	74274650.0	88434110.0	694850.0
38	3.312	86.0	108528.0	-0.01035003662109375	75256054.0	89474571.0	702965.0
38	3.312	87.0	108280.0	-0.010326385498046875	76237212.0	90514811.0	711301.0
38	3.312	88.0	108281.0	-0.010326480865478516	77218716.0	91555291.0	719397.0
38	3.312	89.0	108365.0	-0.010334491729736328	78200255.0	92595673.0	727591.0
38	3.312	90.0	107940.0	-0.010293960571289062	79181458.0	93636017.0	735823.0
38	3.312	91.0	108381.0	-0.010336017608642578	80162660.0	94676437.0	743979.0
38	3.312	92.0	108156.0	-0.010314559936523438	81143690.0	95716665.0	752327.0
38	3.312	93.0	107584.0	-0.010260009765625	82125073.0	96757010.0	760558.0
38	3.312	94.0	108120.0	-0.010311126708984375	83107005.0	97797397.0	768747.0
38	3.312	95.0	107816.0	-0.010282135009765625	84088721.0	98837879.0	776841.0
38	3.312	96.0	108024.0	-0.010301971435546875	85070140.0	99878130.0	785166.0
38	3.312	97.0	107857.0	-0.010286045074462891	86051912.0	100918328.0	793544.0
38	3.312	98.0	107895.0	-0.010289669036865234	87033700.0	101958784.0	801664.0
38	3.312	99.0	108308.0	-0.010329055786132812	88014944.0	102999153.0	809871.0
38	3.312	100.0	107986.0	-0.010298347473144532	88996488.0	104039460.0	818140.0
39	3.186	1.0	4218852.0	-0.4023410797119141	40681.0	1040219.0	8357.0
39	3.186	2.0	3943676.0	-0.3760982513427734	109987.0	2080713.0	16439.0
39	3.186	3.0	3647013.0	-0.3478062629699707	218265.0	3120949.0	24779.0
39	3.186	4.0	3340976.0	-0.31862030029296873	375705.0	4161204.0	33100.0
39	3.186	5.0	3038459.0	-0.2897700309753418	587600.0	5201442.0	41438.0
39	3.186	6.0	2749541.0	-0.2622166633605957	857518.0	6241748.0	49708.0
39	3.186	7.0	2478190.0	-0.23633861541748047	1188186.0	7282188.0	57844.0
39	3.186	8.0	2226609.0	-0.21234598159790039	1577597.0	8322439.0	66169.0
39	3.186	9.0	1994520.0	-0.19021224975585938	2022674.0	9362792.0	74392.0
39	3.186	10.0	1779464.0	-0.16970291137695312	2520192.0	10403215.0	82545.0
39	3.186	11.0	1582824.0	-0.15094985961914062	3068235.0	11443623.0	90713.0
39	3.186	12.0	1400908.0	-0.13360099792480468	3662718.0	12483867.0	99045.0
39	3.186	13.0	1238821.0	-0.11814317703247071	4301510.0	13524319.0	107169.0
39	3.186	14.0	1087685.0	-0.1037297248840332	4979337.0	14564694.0	115370.0
39	3.186	15.0	953454.0	-0.09092845916748046	5694805.0	15604993.0	123647.0
39	3.186	16.0	831219.0	-0.07927122116088867	6443092.0	16645342.0	131874.0
39	3.186	17.0	722184.0	-0.06887283325195312	7221876.0	17685662.0	140130.0
39	3.186	18.0	624429.0	-0.05955018997192383	8029070.0	18725998.0	148370.0
39	3.186	19.0	539445.0	-0.05144548416137695	8861648.0	19766198.0	156746.0
39	3.186	20.0	461743.0	-0.04403524398803711	9716413.0	20806640.0	164880.0
39	3.186	21.0	395830.0	-0.037749290466308594	10592559.0	21846983.0	173113.0
39	3.186	22.0	338008.0	-0.03223495483398438	11486296.0	22887401.0	181271.0
39	3.186	23.0	290500.0	-0.027704238891601562	12395683.0	23927787.0	189461.0
39	3.186	24.0	250564.0	-0.023895645141601564	13318655.0	24968133.0	197691.0
39	3.186	25.0	218598.0	-0.020847129821777343	14253153.0	26008611.0	205789.0
39	3.186	26.0	191290.0	-0.018242835998535156	15195716.0	27048992.0	213984.0
39	3.186	27.0	167984.0	-0.01602020263671875	16146435.0	28089430.0	222122.0
39	3.186	28.0	146728.0	-0.013993072509765624	17105053.0	29129934.0	230194.0
39	3.186	29.0	130504.0	-0.012445831298828125	18069948.0	30170227.0	238477.0
39	3.186	30.0	119679.0	-0.011413478851318359	19040967.0	31210651.0	246629.0
39	3.186	31.0	113414.0	-0.010816001892089843	20016412.0	32251124.0	254732.0
39	3.186	32.0	109948.0	-0.010485458374023437	20993879.0	33291575.0	262857.0
39	3.186	33.0	109179.0	-0.010412120819091797	21972774.0	34331877.0	271131.0
39	3.186	34.0	109331.0	-0.010426616668701172	22951481.0	35372396.0	279188.0
39	3.186	35.0	109399.0	-0.010433101654052734	23930493.0	36412814.0	287346.0
39	3.186	36.0	109335.0	-0.010426998138427734	24909559.0	37453259.0	295477.0
39	3.186	37.0	109443.0	-0.010437297821044921	25888505.0	38493703.0	303609.0
39	3.186	38.0	109434.0	-0.010436439514160156	26867204.0	39534192.0	311696.0
39	3.186	39.0	109518.0	-0.010444450378417968	27846241.0	40574761.0	319703.0
39	3.186	40.0	109157.0	-0.010410022735595704	28825110.0	41615084.0	327956.0
39	3.186	41.0	109157.0	-0.010410022735595704	29804276.0	42655586.0	336030.0
39	3.186	42.0	108829.0	-0.010378742218017578	30783159.0	43696029.0	344163.0
39	3.186	43.0	108785.0	-0.01037454605102539	31762325.0	44736323.0	352445.0
39	3.186	44.0	109781.0	-0.010469532012939453	32741438.0	45776772.0	360572.0
39	3.186	45.0	109366.0	-0.010429954528808594	33720268.0	46817207.0	368713.0
39	3.186	46.0	108883.0	-0.010383892059326171	34698802.0	47857542.0	376954.0
39	3.186	47.0	108899.0	-0.010385417938232422	35677829.0	48897962.0	385110.0
39	3.186	48.0	109206.0	-0.010414695739746094	36656981.0	49938402.0	393246.0
39	3.186	49.0	109658.0	-0.010457801818847656	37635983.0	50978758.0	401466.0
39	3.186	50.0	109592.0	-0.010451507568359376	38614521.0	52019016.0	409784.0
39	3.186	51.0	109045.0	-0.010399341583251953	39593384.0	53059409.0	417967.0
39	3.186	52.0	108815.0	-0.01037740707397461	40572089.0	54099800.0	426152.0
39	3.186	53.0	109182.0	-0.01041240692138672	41550962.0	55140156.0	434372.0
39	3.186	54.0	109757.0	-0.010467243194580079	42529373.0	56180471.0	442633.0
39	3.186	55.0	109534.0	-0.010445976257324218	43507902.0	57220829.0	450851.0
39	3.186	56.0	109841.0	-0.010475254058837891	44486875.0	58261206.0	459050.0
39	3.186	57.0	109305.0	-0.010424137115478516	45466172.0	59301668.0	467164.0
39	3.186	58.0	109190.0	-0.010413169860839844	46444508.0	60341950.0	475458.0
39	3.186	59.0	109261.0	-0.010419940948486328	47423515.0	61382518.0	483466.0
39	3.186	60.0	109095.0	-0.010404109954833984	48402013.0	62422851.0	491709.0
39	3.186	61.0	108704.0	-0.0103668212890625	49380822.0	63463131.0	500005.0
39	3.186	62.0	108729.0	-0.010369205474853515	50360007.0	64503514.0	508198.0
39	3.186	63.0	109397.0	-0.010432910919189454	51339037.0	65543792.0	516496.0
39	3.186	64.0	109957.0	-0.010486316680908204	52318080.0	66584091.0	524773.0
39	3.186	65.0	109683.0	-0.010460186004638671	53296756.0	67624462.0	532978.0
39	3.186	66.0	108675.0	-0.010364055633544922	54275408.0	68664714.0	541302.0
39	3.186	67.0	108760.0	-0.010372161865234375	55254544.0	69705084.0	549508.0
39	3.186	68.0	109058.0	-0.01040058135986328	56233839.0	70745545.0	557623.0
39	3.186	69.0	109141.0	-0.010408496856689453	57212980.0	71785902.0	565842.0
39	3.186	70.0	109014.0	-0.010396385192871093	58192412.0	72826314.0	574006.0
39	3.186	71.0	109129.0	-0.010407352447509765	59172015.0	73866837.0	582059.0
39	3.186	72.0	109244.0	-0.010418319702148437	60151537.0	74907173.0	590299.0
39	3.186	73.0	109597.0	-0.010451984405517579	61129883.0	75947635.0	598413.0
39	3.186	74.0	108945.0	-0.01038980484008789	62108292.0	76988007.0	606617.0
39	3.186	75.0	108915.0	-0.010386943817138672	63087722.0	78028446.0	614754.0
39	3.186	76.0	109394.0	-0.010432624816894531	64067376.0	79068875.0	622901.0
39	3.186	77.0	109201.0	-0.010414218902587891	65046589.0	80109339.0	631013.0
39	3.186	78.0	109003.0	-0.010395336151123046	66025631.0	81149722.0	639206.0
39	3.186	79.0	109451.0	-0.010438060760498047	67004764.0	82190062.0	647442.0
39	3.186	80.0	109687.0	-0.010460567474365235	67983423.0	83230672.0	655408.0
39	3.186	81.0	109732.0	-0.010464859008789063	68962222.0	84271118.0	663538.0
39	3.186	82.0	109800.0	-0.010471343994140625	69941163.0	85311666.0	671566.0
39	3.186	83.0	109768.0	-0.010468292236328124	70919763.0	86351988.0	679820.0
39	3.186	84.0	109308.0	-0.010424423217773437	71898521.0	87392421.0	687963.0
39	3.186	85.0	109429.0	-0.010435962677001953	72877149.0	88432787.0	696173.0
39	3.186	86.0	109152.0	-0.0104095458984375	73855794.0	89473139.0	704397.0
39	3.186	87.0	109541.0	-0.010446643829345703	74834641.0	90513529.0	712583.0
39	3.186	88.0	109484.0	-0.010441207885742187	75813554.0	91553845.0	720843.0
39	3.186	89.0	109545.0	-0.010447025299072266	76792322.0	92594106.0	729158.0
39	3.186	90.0	109439.0	-0.010436916351318359	77771088.0	93634645.0	737195.0
39	3.186	91.0	109809.0	-0.01047220230102539	78749774.0	94674924.0	745492.0
39	3.186	92.0	109292.0	-0.010422897338867188	79728819.0	95715108.0	753884.0
39	3.186	93.0	109125.0	-0.010406970977783203	80707445.0	96755455.0	762113.0
39	3.186	94.0	109094.0	-0.010404014587402343	81686629.0	97795966.0	770178.0
39	3.186	95.0	109322.0	-0.010425758361816407	82665435.0	98836423.0	778297.0
39	3.186	96.0	108749.0	-0.010371112823486328	83644336.0	99876743.0	786553.0
39	3.186	97.0	108982.0	-0.010393333435058594	84623664.0	100917206.0	794666.0
39	3.186	98.0	108859.0	-0.010381603240966797	85602790.0	101957506.0	802942.0
39	3.186	99.0	109048.0	-0.010399627685546874	86582124.0	102997894.0	811130.0
39	3.186	100.0	110162.0	-0.010505867004394532	87560993.0	104038266.0	819334.0
40	3.06	1.0	4245568.0	-0.404888916015625	36775.0	1040493.0	8083.0
40	3.06	2.0	4005253.0	-0.3819706916809082	97885.0	2080830.0	16322.0
40	3.06	3.0	3742831.0	-0.3569441795349121	193368.0	3121295.0	24433.0
40	3.06	4.0	3469048.0	-0.33083419799804686	331179.0	4161705.0	32599.0
40	3.06	5.0	3197701.0	-0.3049565315246582	516255.0	5202078.0	40802.0
40	3.06	6.0	2935189.0	-0.2799214363098145	753079.0	6242515.0	48941.0
40	3.06	7.0	2685315.0	-0.2560915946960449	1043438.0	7283046.0	56986.0
40	3.06	8.0	2450495.0	-0.23369741439819336	1385442.0	8323449.0	65159.0
40	3.06	9.0	2231804.0	-0.21284141540527343	1778724.0	9363905.0	73279.0
40	3.06	10.0	2029549.0	-0.19355287551879882	2220437.0	10404138.0	81622.0
40	3.06	11.0	1845078.0	-0.17596035003662108	2709085.0	11444613.0	89723.0
40	3.06	12.0	1671297.0	-0.15938730239868165	3241039.0	12485088.0	97824.0
40	3.06	13.0	1511601.0	-0.1441575050354004	3813658.0	13525453.0	106035.0
40	3.06	14.0	1368342.0	-0.1304952621459961	4424555.0	14565950.0	114114.0
40	3.06	15.0	1233741.0	-0.11765871047973633	5069766.0	15606283.0	122357.0
40	3.06	16.0	1107179.0	-0.10558881759643554	5748175.0	16646621.0	130595.0
40	3.06	17.0	992212.0	-0.09462471008300781	6456901.0	17687090.0	138702.0
40	3.06	18.0	886924.0	-0.08458366394042968	7194493.0	18727327.0	147041.0
40	3.06	19.0	790102.0	-0.07534999847412109	7958654.0	19767851.0	155093.0
40	3.06	20.0	702333.0	-0.06697969436645508	8747232.0	20808287.0	163233.0
40	3.06	21.0	621226.0	-0.059244728088378905	9557809.0	21848644.0	171452.0
40	3.06	22.0	548786.0	-0.05233631134033203	10389143.0	22889018.0	179654.0
40	3.06	23.0	485726.0	-0.04632244110107422	11239933.0	23929229.0	188019.0
40	3.06	24.0	430745.0	-0.041079044342041016	12107567.0	24969644.0	196180.0
40	3.06	25.0	381272.0	-0.03636093139648437	12989033.0	26010048.0	204352.0
40	3.06	26.0	335168.0	-0.031964111328125	13884627.0	27050437.0	212539.0
40	3.06	27.0	294733.0	-0.028107929229736327	14792732.0	28090943.0	220609.0
40	3.06	28.0	260326.0	-0.024826622009277342	15712038.0	29131530.0	228598.0
40	3.06	29.0	231477.0	-0.022075366973876954	16641378.0	30172002.0	236702.0
40	3.06	30.0	206795.0	-0.019721508026123047	17578160.0	31212308.0	244972.0
40	3.06	31.0	185733.0	-0.017712879180908202	18521956.0	32252737.0	253119.0
40	3.06	32.0	166436.0	-0.01587257385253906	19471038.0	33293046.0	261386.0
40	3.06	33.0	148028.0	-0.014117050170898437	20427186.0	34333496.0	269512.0
40	3.06	34.0	134531.0	-0.012829875946044922	21389219.0	35373850.0	277734.0
40	3.06	35.0	123276.0	-0.011756515502929688	22356290.0	36414350.0	285810.0
40	3.06	36.0	116340.0	-0.011095046997070312	23327945.0	37454700.0	294036.0
40	3.06	37.0	112340.0	-0.010713577270507812	24302476.0	38495055.0	302257.0
40	3.06	38.0	111071.0	-0.01059255599975586	25278510.0	39535530.0	310358.0
40	3.06	39.0	110476.0	-0.010535812377929688	26254431.0	40575982.0	318482.0
40	3.06	40.0	110821.0	-0.010568714141845703	27230434.0	41616268.0	326772.0
40	3.06	41.0	111160.0	-0.010601043701171875	28206402.0	42656575.0	335041.0
40	3.06	42.0	110578.0	-0.01054553985595703	29182585.0	43696867.0	343325.0
40	3.06	43.0	110759.0	-0.010562801361083984	30158597.0	44737193.0	351575.0
40	3.06	44.0	110568.0	-0.010544586181640624	31135332.0	45777693.0	359651.0
40	3.06	45.0	110525.0	-0.010540485382080078	32111170.0	46817961.0	367959.0
40	3.06	46.0	110200.0	-0.010509490966796875	33087418.0	47858236.0	376260.0
40	3.06	47.0	110399.0	-0.010528469085693359	34063844.0	48898675.0	384397.0
40	3.06	48.0	111384.0	-0.010622406005859375	35040136.0	49939224.0	392424.0
40	3.06	49.0	110432.0	-0.0105316162109375	36016104.0	50979708.0	400516.0
40	3.06	50.0	110440.0	-0.010532379150390625	36992451.0	52020168.0	408632.0
40	3.06	51.0	110210.0	-0.010510444641113281	37968878.0	53060740.0	416636.0
40	3.06	52.0	110763.0	-0.010563182830810546	38944356.0	54101043.0	424909.0
40	3.06	53.0	110951.0	-0.010581111907958985	39920450.0	55141496.0	433032.0
40	3.06	54.0	110693.0	-0.010556507110595702	40896226.0	56181970.0	441134.0
40	3.06	55.0	110839.0	-0.010570430755615234	41872966.0	57222415.0	449265.0
40	3.06	56.0	110535.0	-0.010541439056396484	42849038.0	58262753.0	457503.0
40	3.06	57.0	110680.0	-0.010555267333984375	43824992.0	59303200.0	465632.0
40	3.06	58.0	110580.0	-0.010545730590820312	44801051.0	60343555.0	473853.0
40	3.06	59.0	110062.0	-0.01049633026123047	45777506.0	61384091.0	481893.0
40	3.06	60.0	110232.0	-0.010512542724609376	46753859.0	62424478.0	490082.0
40	3.06	61.0	110212.0	-0.010510635375976563	47730155.0	63464919.0	498217.0
40	3.06	62.0	110433.0	-0.01053171157836914	48706103.0	64505054.0	506658.0
40	3.06	63.0	111075.0	-0.010592937469482422	49681478.0	65545388.0	514900.0
40	3.06	64.0	110664.0	-0.010553741455078125	50657171.0	66585826.0	523038.0
40	3.06	65.0	110354.0	-0.010524177551269531	51633342.0	67626260.0	531180.0
40	3.06	66.0	110848.0	-0.0105712890625	52609489.0	68666481.0	539535.0
40	3.06	67.0	110726.0	-0.010559654235839844	53585218.0	69706788.0	547804.0
40	3.06	68.0	109920.0	-0.0104827880859375	54561606.0	70747111.0	556057.0
40	3.06	69.0	110299.0	-0.010518932342529297	55538114.0	71787498.0	564246.0
40	3.06	70.0	110950.0	-0.010581016540527344	56513804.0	72827730.0	572590.0
40	3.06	71.0	110827.0	-0.010569286346435548	57490189.0	73868107.0	580789.0
40	3.06	72.0	110974.0	-0.010583305358886718	58466380.0	74908271.0	589201.0
40	3.06	73.0	110739.0	-0.010560894012451172	59442783.0	75948672.0	597376.0
40	3.06	74.0	110746.0	-0.010561561584472657	60418992.0	76989027.0	605597.0
40	3.06	75.0	110411.0	-0.010529613494873047	61394704.0	78029400.0	613800.0
40	3.06	76.0	110642.0	-0.010551643371582032	62370960.0	79069678.0	622098.0
40	3.06	77.0	110686.0	-0.010555839538574219	63346606.0	80110099.0	630253.0
40	3.06	78.0	110915.0	-0.010577678680419922	64322869.0	81150519.0	638409.0
40	3.06	79.0	110738.0	-0.01056079864501953	65298644.0	82190832.0	646672.0
40	3.06	80.0	110792.0	-0.010565948486328126	66275126.0	83231400.0	654680.0
40	3.06	81.0	110939.0	-0.010579967498779297	67250920.0	84271651.0	663005.0
40	3.06	82.0	110806.0	-0.010567283630371094	68227185.0	85312061.0	671171.0
40	3.06	83.0	110972.0	-0.010583114624023438	69202314.0	86352364.0	679444.0
40	3.06	84.0	110351.0	-0.01052389144897461	70178252.0	87392628.0	687756.0
40	3.06	85.0	110167.0	-0.010506343841552735	71154979.0	88432957.0	696003.0
40	3.06	86.0	110620.0	-0.010549545288085938	72131555.0	89473494.0	704042.0
40	3.06	87.0	110507.0	-0.010538768768310548	73107660.0	90513867.0	712245.0
40	3.06	88.0	110561.0	-0.010543918609619141	74083861.0	91554185.0	720503.0
40	3.06	89.0	110953.0	-0.010581302642822265	75060253.0	92594564.0	728700.0
40	3.06	90.0	110132.0	-0.010503005981445313	76036602.0	93634966.0	736874.0
40	3.06	91.0	110622.0	-0.01054973602294922	77012820.0	94675271.0	745145.0
40	3.06	92.0	110037.0	-0.010493946075439454	77989298.0	95715754.0	753238.0
40	3.06	93.0	110769.0	-0.01056375503540039	78965440.0	96756111.0	761457.0
40	3.06	94.0	109915.0	-0.010482311248779297	79941892.0	97796481.0	769663.0
40	3.06	95.0	110527.0	-0.01054067611694336	80918122.0	98837060.0	777660.0
40	3.06	96.0	110542.0	-0.01054210662841797	81893669.0	99877301.0	785995.0
40	3.06	97.0	110781.0	-0.010564899444580078	82869935.0	100917619.0	794253.0
40	3.06	98.0	110391.0	-0.010527706146240235	83845848.0	101958063.0	802385.0
40	3.06	99.0	110481.0	-0.010536289215087891	84822033.0	102998442.0	810582.0
40	3.06	100.0	110395.0	-0.010528087615966797	85798307.0	104038711.0	818889.0
41	2.934	1.0	4275068.0	-0.4077022552490234	32563.0	1040453.0	8123.0
41	2.934	2.0	4064635.0	-0.3876338005065918	86176.0	2080855.0	16297.0
41	2.934	3.0	3833818.0	-0.36562137603759765	168691.0	3121232.0	24496.0
41	2.934	4.0	3590779.0	-0.3424433708190918	287397.0	4161582.0	32722.0
41	2.934	5.0	3350687.0	-0.31954641342163087	447026.0	5201998.0	40882.0
41	2.934	6.0	3114938.0	-0.29706363677978515	651941.0	6242374.0	49082.0
41	2.934	7.0	2890080.0	-0.2756195068359375	902465.0	7282659.0	57373.0
41	2.934	8.0	2677618.0	-0.255357551574707	1199567.0	8322984.0	65624.0
41	2.934	9.0	2476352.0	-0.236163330078125	1543165.0	9363385.0	73799.0
41	2.934	10.0	2287846.0	-0.21818599700927735	1930318.0	10403852.0	81908.0
41	2.934	11.0	2113006.0	-0.20151195526123047	2359014.0	11444338.0	89998.0
41	2.934	12.0	1948438.0	-0.18581752777099608	2829032.0	12484773.0	98139.0
41	2.934	13.0	1793509.0	-0.1710423469543457	3336557.0	13525068.0	106420.0
41	2.934	14.0	1649045.0	-0.15726518630981445	3879812.0	14565464.0	114600.0
41	2.934	15.0	1513930.0	-0.1443796157836914	4457757.0	15605951.0	122689.0
41	2.934	16.0	1390662.0	-0.13262386322021485	5068377.0	16646376.0	130840.0
41	2.934	17.0	1273314.0	-0.12143268585205078	5707429.0	17686689.0	139103.0
41	2.934	18.0	1164667.0	-0.1110713005065918	6375618.0	18727094.0	147274.0
41	2.934	19.0	1066078.0	-0.10166912078857422	7070916.0	19767522.0	155422.0
41	2.934	20.0	973995.0	-0.09288740158081055	7791521.0	20807785.0	163735.0
41	2.934	21.0	888561.0	-0.0847397804260254	8534402.0	21848040.0	172056.0
41	2.934	22.0	809638.0	-0.07721309661865235	9298372.0	22888551.0	180121.0
41	2.934	23.0	738081.0	-0.07038888931274415	10082964.0	23929030.0	188218.0
41	2.934	24.0	672826.0	-0.06416568756103516	10884564.0	24969502.0	196322.0
41	2.934	25.0	611119.0	-0.05828084945678711	11702194.0	26009870.0	204530.0
41	2.934	26.0	553013.0	-0.052739429473876956	12536811.0	27050282.0	212694.0
41	2.934	27.0	501893.0	-0.047864246368408206	13384921.0	28090754.0	220798.0
41	2.934	28.0	456182.0	-0.04350490570068359	14247223.0	29131038.0	229090.0
41	2.934	29.0	413301.0	-0.03941545486450195	15120415.0	30171503.0	237201.0
41	2.934	30.0	373309.0	-0.03560152053833008	16004794.0	31211970.0	245310.0
41	2.934	31.0	334566.0	-0.03190670013427734	16899702.0	32252413.0	253443.0
41	2.934	32.0	301106.0	-0.02871570587158203	17805523.0	33292647.0	261785.0
41	2.934	33.0	273596.0	-0.026092147827148436	18721094.0	34332956.0	270052.0
41	2.934	34.0	250883.0	-0.02392606735229492	19644316.0	35373294.0	278290.0
41	2.934	35.0	230003.0	-0.02193479537963867	20574140.0	36413853.0	286307.0
41	2.934	36.0	211583.0	-0.02017812728881836	21509298.0	37454287.0	294449.0
41	2.934	37.0	192278.0	-0.018337059020996093	22449614.0	38494693.0	302619.0
41	2.934	38.0	175489.0	-0.016735935211181642	23394295.0	39534888.0	311000.0
41	2.934	39.0	158375.0	-0.015103816986083984	24344049.0	40575232.0	319232.0
41	2.934	40.0	144461.0	-0.013776874542236328	25299731.0	41615649.0	327391.0
41	2.934	41.0	133163.0	-0.012699413299560546	26259798.0	42655957.0	335659.0
41	2.934	42.0	123903.0	-0.011816310882568359	27224324.0	43696347.0	343845.0
41	2.934	43.0	117646.0	-0.011219596862792969	28192407.0	44736813.0	351955.0
41	2.934	44.0	114079.0	-0.010879421234130859	29163403.0	45777227.0	360117.0
41	2.934	45.0	113197.0	-0.010795307159423829	30135601.0	46817636.0	368284.0
41	2.934	46.0	111704.0	-0.010652923583984375	31108278.0	47858155.0	376341.0
41	2.934	47.0	111885.0	-0.010670185089111328	32081415.0	48898640.0	384432.0
41	2.934	48.0	112127.0	-0.01069326400756836	33054654.0	49939119.0	392529.0
41	2.934	49.0	111415.0	-0.010625362396240234	34027753.0	50979561.0	400663.0
41	2.934	50.0	111590.0	-0.010642051696777344	35000929.0	52020011.0	408789.0
41	2.934	51.0	111911.0	-0.010672664642333985	35974132.0	53060445.0	416931.0
41	2.934	52.0	111987.0	-0.010679912567138673	36947529.0	54100681.0	425271.0
41	2.934	53.0	111852.0	-0.010667037963867188	37920659.0	55141069.0	433459.0
41	2.934	54.0	112098.0	-0.01069049835205078	38893344.0	56181293.0	441811.0
41	2.934	55.0	112374.0	-0.010716819763183593	39866197.0	57221889.0	449791.0
41	2.934	56.0	112225.0	-0.01070261001586914	40839518.0	58262173.0	458083.0
41	2.934	57.0	112684.0	-0.010746383666992187	41812154.0	59302382.0	466450.0
41	2.934	58.0	112220.0	-0.010702133178710938	42785370.0	60342754.0	474654.0
41	2.934	59.0	111690.0	-0.010651588439941406	43758718.0	61383326.0	482658.0
41	2.934	60.0	112454.0	-0.010724449157714843	44732422.0	62423698.0	490862.0
41	2.934	61.0	111535.0	-0.01063680648803711	45705281.0	63464054.0	499082.0
41	2.934	62.0	112190.0	-0.010699272155761719	46678473.0	64504399.0	507313.0
41	2.934	63.0	112669.0	-0.010744953155517578	47651581.0	65544811.0	515477.0
41	2.934	64.0	111885.0	-0.010670185089111328	48625210.0	66585275.0	523589.0
41	2.934	65.0	111938.0	-0.01067523956298828	49598895.0	67625677.0	531763.0
41	2.934	66.0	111788.0	-0.010660934448242187	50572106.0	68666090.0	539926.0
41	2.934	67.0	112240.0	-0.01070404052734375	51545303.0	69706349.0	548243.0
41	2.934	68.0	111798.0	-0.010661888122558593	52519097.0	70746713.0	556455.0
41	2.934	69.0	112128.0	-0.010693359375	53492384.0	71787097.0	564647.0
41	2.934	70.0	111922.0	-0.010673713684082032	54465966.0	72827371.0	572949.0
41	2.934	71.0	112286.0	-0.010708427429199219	55439593.0	73867954.0	580942.0
41	2.934	72.0	111618.0	-0.01064472198486328	56412825.0	74908348.0	589124.0
41	2.934	73.0	111963.0	-0.010677623748779296	57385889.0	75948589.0	597459.0
41	2.934	74.0	111815.0	-0.010663509368896484	58358860.0	76988851.0	605773.0
41	2.934	75.0	112248.0	-0.010704803466796874	59331321.0	78029172.0	614028.0
41	2.934	76.0	111608.0	-0.010643768310546874	60304282.0	79069597.0	622179.0
41	2.934	77.0	112371.0	-0.010716533660888672	61277701.0	80110090.0	630262.0
41	2.934	78.0	111709.0	-0.010653400421142578	62250509.0	81150440.0	638488.0
41	2.934	79.0	112253.0	-0.010705280303955077	63224245.0	82190822.0	646682.0
41	2.934	80.0	112419.0	-0.010721111297607422	64196690.0	83231128.0	654952.0
41	2.934	81.0	112070.0	-0.010687828063964844	65169932.0	84271546.0	663110.0
41	2.934	82.0	111541.0	-0.010637378692626953	66143395.0	85311866.0	671366.0
41	2.934	83.0	112134.0	-0.010693931579589843	67116918.0	86352312.0	679496.0
41	2.934	84.0	111770.0	-0.010659217834472656	68089853.0	87392658.0	687726.0
41	2.934	85.0	112291.0	-0.010708904266357422	69062658.0	88433109.0	695851.0
41	2.934	86.0	111609.0	-0.010643863677978515	70035900.0	89473401.0	704135.0
41	2.934	87.0	111593.0	-0.010642337799072265	71009052.0	90513810.0	712302.0
41	2.934	88.0	111969.0	-0.01067819595336914	71982865.0	91554223.0	720465.0
41	2.934	89.0	111979.0	-0.010679149627685547	72955905.0	92594456.0	728808.0
41	2.934	90.0	111764.0	-0.010658645629882812	73928747.0	93634766.0	737074.0
41	2.934	91.0	112094.0	-0.010690116882324218	74902065.0	94675163.0	745253.0
41	2.934	92.0	112040.0	-0.010684967041015625	75875294.0	95715572.0	753420.0
41	2.934	93.0	112098.0	-0.01069049835205078	76848387.0	96755848.0	761720.0
41	2.934	94.0	112223.0	-0.010702419281005859	77821448.0	97796242.0	769902.0
41	2.934	95.0	112242.0	-0.010704231262207032	78795333.0	98836889.0	777831.0
41	2.934	96.0	112333.0	-0.010712909698486327	79767975.0	99877178.0	786118.0
41	2.934	97.0	112067.0	-0.010687541961669923	80740686.0	100917422.0	794450.0
41	2.934	98.0	112038.0	-0.010684776306152343	81713700.0	101957569.0	802879.0
41	2.934	99.0	112084.0	-0.010689163208007812	82686638.0	102997986.0	811038.0
41	2.934	100.0	112015.0	-0.01068258285522461	83660082.0	104038514.0	819086.0
42	2.808	1.0	4297411.0	-0.4098330497741699	29052.0	1040382.0	8194.0
42	2.808	2.0	4114081.0	-0.3923493385314941	76607.0	2080673.0	16479.0
42	2.808	3.0	3911750.0	-0.37305355072021484	148019.0	3121007.0	24721.0
42	2.808	4.0	3701218.0	-0.35297565460205077	250170.0	4161492.0	32812.0
42	2.808	5.0	3488890.0	-0.33272647857666016	387685.0	5201725.0	41155.0
42	2.808	6.0	3281613.0	-0.3129590034484863	563664.0	6242160.0	49296.0
42	2.808	7.0	3077831.0	-0.29352483749389646	780122.0	7282543.0	57489.0
42	2.808	8.0	2885613.0	-0.2751935005187988	1037070.0	8322900.0	65708.0
42	2.808	9.0	2702628.0	-0.25774269104003905	1334873.0	9363155.0	74029.0
42	2.808	10.0	2528184.0	-0.24110641479492187	1672081.0	10403334.0	82426.0
42	2.808	11.0	2367059.0	-0.22574033737182617	2046582.0	11443886.0	90450.0
42	2.808	12.0	2212408.0	-0.21099166870117186	2458631.0	12484272.0	98640.0
42	2.808	13.0	2070411.0	-0.19744977951049805	2904293.0	13524688.0	106800.0
42	2.808	14.0	1934155.0	-0.18445539474487305	3382619.0	14565008.0	115056.0
42	2.808	15.0	1807655.0	-0.17239141464233398	3893312.0	15605456.0	123184.0
42	2.808	16.0	1687238.0	-0.16090755462646483	4433936.0	16645899.0	131317.0
42	2.808	17.0	1575347.0	-0.15023679733276368	5003298.0	17686348.0	139444.0
42	2.808	18.0	1470198.0	-0.14020900726318358	5598526.0	18726608.0	147760.0
42	2.808	19.0	1370638.0	-0.13071422576904296	6219291.0	19767099.0	155845.0
42	2.808	20.0	1276021.0	-0.12169084548950196	6863907.0	20807418.0	164102.0
42	2.808	21.0	1188825.0	-0.11337518692016602	7530964.0	21847758.0	172338.0
42	2.808	22.0	1106711.0	-0.10554418563842774	8219898.0	22888069.0	180603.0
42	2.808	23.0	1027229.0	-0.09796419143676757	8929551.0	23928335.0	188913.0
42	2.808	24.0	953630.0	-0.09094524383544922	9658215.0	24968823.0	197001.0
42	2.808	25.0	884025.0	-0.08430719375610352	10404684.0	26009165.0	205235.0
42	2.808	26.0	817974.0	-0.07800807952880859	11169159.0	27049557.0	213419.0
42	2.808	27.0	757953.0	-0.07228403091430664	11949810.0	28089928.0	221624.0
42	2.808	28.0	702011.0	-0.0669489860534668	12745089.0	29130299.0	229829.0
42	2.808	29.0	648330.0	-0.061829566955566406	13553777.0	30170651.0	238053.0
42	2.808	30.0	599010.0	-0.05712604522705078	14375875.0	31211076.0	246204.0
42	2.808	31.0	551209.0	-0.05256738662719727	15211541.0	32251633.0	254223.0
42	2.808	32.0	510307.0	-0.04866666793823242	16059504.0	33291962.0	262470.0
42	2.808	33.0	473275.0	-0.0451350212097168	16918058.0	34332409.0	270599.0
42	2.808	34.0	437878.0	-0.041759300231933597	17785585.0	35372754.0	278830.0
42	2.808	35.0	403739.0	-0.0385035514831543	18662082.0	36413162.0	286998.0
42	2.808	36.0	372315.0	-0.0355067253112793	19548104.0	37453609.0	295127.0
42	2.808	37.0	343051.0	-0.032715892791748045	20442047.0	38494089.0	303223.0
42	2.808	38.0	316501.0	-0.030183887481689452	21344759.0	39534451.0	311437.0
42	2.808	39.0	296875.0	-0.028312206268310547	22254779.0	40574827.0	319637.0
42	2.808	40.0	278432.0	-0.0265533447265625	23170559.0	41615135.0	327905.0
42	2.808	41.0	262429.0	-0.02502717971801758	24091500.0	42655633.0	335983.0
42	2.808	42.0	247075.0	-0.023562908172607422	25015992.0	43696006.0	344186.0
42	2.808	43.0	231488.0	-0.022076416015625	25943888.0	44736265.0	352503.0
42	2.808	44.0	216771.0	-0.02067289352416992	26875749.0	45776660.0	360684.0
42	2.808	45.0	203365.0	-0.019394397735595703	27811159.0	46817114.0	368806.0
42	2.808	46.0	188292.0	-0.017956924438476563	28750138.0	47857482.0	377014.0
42	2.808	47.0	174197.0	-0.016612720489501954	29692825.0	48897792.0	385280.0
42	2.808	48.0	160807.0	-0.015335750579833985	30640231.0	49938024.0	393624.0
42	2.808	49.0	148943.0	-0.014204311370849609	31591939.0	50978449.0	401775.0
42	2.808	50.0	138598.0	-0.013217735290527343	32547790.0	52018857.0	409943.0
42	2.808	51.0	129261.0	-0.012327289581298828	33507894.0	53059231.0	418145.0
42	2.808	52.0	122367.0	-0.01166982650756836	34471457.0	54099619.0	426333.0
42	2.808	53.0	117707.0	-0.011225414276123048	35437394.0	55140035.0	434493.0
42	2.808	54.0	115262.0	-0.01099224090576172	36405627.0	56180394.0	442710.0
42	2.808	55.0	114815.0	-0.01094961166381836	37374730.0	57220788.0	450892.0
42	2.808	56.0	114064.0	-0.01087799072265625	38344245.0	58261268.0	458988.0
42	2.808	57.0	113630.0	-0.010836601257324219	39313624.0	59301702.0	467130.0
42	2.808	58.0	113684.0	-0.010841751098632812	40283597.0	60342166.0	475242.0
42	2.808	59.0	113226.0	-0.010798072814941407	41253196.0	61382604.0	483380.0
42	2.808	60.0	113391.0	-0.01081380844116211	42223357.0	62423143.0	491417.0
42	2.808	61.0	113588.0	-0.010832595825195312	43193132.0	63463430.0	499706.0
42	2.808	62.0	113427.0	-0.010817241668701173	44163040.0	64503882.0	507830.0
42	2.808	63.0	114315.0	-0.010901927947998047	45132413.0	65544271.0	516017.0
42	2.808	64.0	113211.0	-0.010796642303466797	46102349.0	66584780.0	524084.0
42	2.808	65.0	113552.0	-0.01082916259765625	47072494.0	67625106.0	532334.0
42	2.808	66.0	113496.0	-0.010823822021484375	48042241.0	68665384.0	540632.0
42	2.808	67.0	113868.0	-0.010859298706054687	49011690.0	69705750.0	548842.0
42	2.808	68.0	113688.0	-0.010842132568359374	49981023.0	70746163.0	557005.0
42	2.808	69.0	114339.0	-0.010904216766357422	50950768.0	71786673.0	565071.0
42	2.808	70.0	113941.0	-0.010866260528564453	51920013.0	72827209.0	573111.0
42	2.808	71.0	113474.0	-0.010821723937988281	52890452.0	73867771.0	581125.0
42	2.808	72.0	113878.0	-0.010860252380371093	53860754.0	74908309.0	589163.0
42	2.808	73.0	113679.0	-0.010841274261474609	54830647.0	75948629.0	597419.0
42	2.808	74.0	113835.0	-0.010856151580810547	55800718.0	76988988.0	605636.0
42	2.808	75.0	113612.0	-0.010834884643554688	56770719.0	78029359.0	613841.0
42	2.808	76.0	113568.0	-0.0108306884765625	57740577.0	79069779.0	621997.0
42	2.808	77.0	113597.0	-0.010833454132080079	58710808.0	80110267.0	630085.0
42	2.808	78.0	113794.0	-0.010852241516113281	59681201.0	81150766.0	638162.0
42	2.808	79.0	113331.0	-0.010808086395263672	60651402.0	82191090.0	646414.0
42	2.808	80.0	113983.0	-0.010870265960693359	61620920.0	83231601.0	654479.0
42	2.808	81.0	112944.0	-0.01077117919921875	62590497.0	84271885.0	662771.0
42	2.808	82.0	114006.0	-0.010872459411621094	63560580.0	85312242.0	670990.0
42	2.808	83.0	113703.0	-0.010843563079833984	64529655.0	86352531.0	679277.0
42	2.808	84.0	113276.0	-0.010802841186523438	65499357.0	87392910.0	687474.0
42	2.808	85.0	113740.0	-0.010847091674804688	66469279.0	88433314.0	695646.0
42	2.808	86.0	113585.0	-0.01083230972290039	67439087.0	89473788.0	703748.0
42	2.808	87.0	113425.0	-0.01081705093383789	68409248.0	90514331.0	711781.0
42	2.808	88.0	112724.0	-0.010750198364257812	69379340.0	91554805.0	719883.0
42	2.808	89.0	113733.0	-0.010846424102783202	70349321.0	92595195.0	728069.0
42	2.808	90.0	113496.0	-0.010823822021484375	71319489.0	93635704.0	736136.0
42	2.808	91.0	112771.0	-0.010754680633544922	72290198.0	94676244.0	744172.0
42	2.808	92.0	114001.0	-0.010871982574462891	73260088.0	95716643.0	752349.0
42	2.808	93.0	113505.0	-0.01082468032836914	74229911.0	96756872.0	760696.0
42	2.808	94.0	113100.0	-0.010786056518554688	75200062.0	97797233.0	768911.0
42	2.808	95.0	113300.0	-0.010805130004882812	76170186.0	98837597.0	777123.0
42	2.808	96.0	113216.0	-0.010797119140625	77140204.0	99877872.0	785424.0
42	2.808	97.0	113300.0	-0.010805130004882812	78110283.0	100918223.0	793649.0
42	2.808	98.0	113180.0	-0.010793685913085938	79080179.0	101958488.0	801960.0
42	2.808	99.0	114238.0	-0.010894584655761718	80049799.0	102998880.0	810144.0
42	2.808	100.0	113377.0	-0.010812473297119141	81020188.0	104039341.0	818259.0
43	2.682	1.0	4318463.0	-0.41184072494506835	25819.0	1040395.0	8181.0
43	2.682	2.0	4160787.0	-0.3968035697937012	66960.0	2080720.0	16432.0
43	2.682	3.0	3986728.0	-0.3802040100097656	128132.0	3121250.0	24478.0
43	2.682	4.0	3804327.0	-0.362808895111084	215198.0	4161458.0	32846.0
43	2.682	5.0	3617385.0	-0.34498071670532227	331982.0	5201839.0	41041.0
43	2.682	6.0	3433164.0	-0.3274120330810547	481413.0	6242234.0	49222.0
43	2.682	7.0	3251261.0	-0.31006441116333006	666473.0	7282548.0	57484.0
43	2.682	8.0	3078708.0	-0.2936084747314453	886980.0	8322825.0	65783.0
43	2.682	9.0	2914035.0	-0.27790403366088867	1143088.0	9363309.0	73875.0
43	2.682	10.0	2756026.0	-0.26283512115478513	1434538.0	10403584.0	82176.0
43	2.682	11.0	2606752.0	-0.2485992431640625	1759809.0	11443803.0	90533.0
43	2.682	12.0	2466273.0	-0.23520212173461913	2117847.0	12484276.0	98636.0
43	2.682	13.0	2332451.0	-0.22243986129760743	2506920.0	13524672.0	106816.0
43	2.682	14.0	2206098.0	-0.21038990020751952	2926767.0	14565216.0	114848.0
43	2.682	15.0	2087597.0	-0.19908876419067384	3374650.0	15605696.0	122944.0
43	2.682	16.0	1973054.0	-0.1881650924682617	3850611.0	16646053.0	131163.0
43	2.682	17.0	1867809.0	-0.17812814712524414	4352741.0	17686557.0	139235.0
43	2.682	18.0	1766984.0	-0.16851272583007812	4880548.0	18726897.0	147471.0
43	2.682	19.0	1670701.0	-0.15933046340942383	5432852.0	19767205.0	155739.0
43	2.682	20.0	1579876.0	-0.15066871643066407	6007021.0	20807452.0	164068.0
43	2.682	21.0	1494137.0	-0.14249200820922853	6603112.0	21847679.0	172417.0
43	2.682	22.0	1413462.0	-0.1347982406616211	7220035.0	22888041.0	180631.0
43	2.682	23.0	1335117.0	-0.12732667922973634	7856345.0	23928409.0	188839.0
43	2.682	24.0	1261395.0	-0.12029600143432617	8511967.0	24968741.0	197083.0
43	2.682	25.0	1190857.0	-0.11356897354125976	9185276.0	26009062.0	205338.0
43	2.682	26.0	1124715.0	-0.10726118087768555	9875524.0	27049434.0	213542.0
43	2.682	27.0	1063977.0	-0.10146875381469726	10581570.0	28089872.0	221680.0
43	2.682	28.0	1004662.0	-0.09581203460693359	11302557.0	29130292.0	229836.0
43	2.682	29.0	948356.0	-0.09044227600097657	12037488.0	30170634.0	238070.0
43	2.682	30.0	894410.0	-0.0852975845336914	12786138.0	31211012.0	246268.0
43	2.682	31.0	843918.0	-0.08048229217529297	13549694.0	32251347.0	254509.0
43	2.682	32.0	797050.0	-0.07601261138916016	14324683.0	33291805.0	262627.0
43	2.682	33.0	752057.0	-0.07172174453735351	15111395.0	34332308.0	270700.0
43	2.682	34.0	708394.0	-0.0675577163696289	15909087.0	35372719.0	278865.0
43	2.682	35.0	666187.0	-0.06353254318237304	16717530.0	36412938.0	287222.0
43	2.682	36.0	627083.0	-0.05980329513549805	17536801.0	37453426.0	295310.0
43	2.682	37.0	591438.0	-0.05640392303466797	18365948.0	38493905.0	303407.0
43	2.682	38.0	557994.0	-0.05321445465087891	19204828.0	39534309.0	311579.0
43	2.682	39.0	529452.0	-0.050492477416992185	20051371.0	40574804.0	319660.0
43	2.682	40.0	500032.0	-0.047686767578125	20904815.0	41615385.0	327655.0
43	2.682	41.0	474429.0	-0.04524507522583008	21763895.0	42655625.0	335991.0
43	2.682	42.0	446725.0	-0.0426030158996582	22629670.0	43696042.0	344150.0
43	2.682	43.0	418449.0	-0.03990640640258789	23502314.0	44736420.0	352348.0
43	2.682	44.0	393536.0	-0.037530517578125	24382224.0	45776877.0	360467.0
43	2.682	45.0	369753.0	-0.03526239395141602	25268834.0	46817295.0	368625.0
43	2.682	46.0	347349.0	-0.033125782012939455	26162326.0	47857503.0	376993.0
43	2.682	47.0	327409.0	-0.031224155426025392	27063181.0	48897852.0	385220.0
43	2.682	48.0	310872.0	-0.029647064208984376	27969696.0	49938321.0	393327.0
43	2.682	49.0	298306.0	-0.02844867706298828	28879696.0	50978614.0	401610.0
43	2.682	50.0	286274.0	-0.027301216125488283	29793767.0	52018869.0	409931.0
43	2.682	51.0	274620.0	-0.026189804077148438	30710335.0	53059275.0	418101.0
43	2.682	52.0	263318.0	-0.025111961364746093	31630220.0	54099771.0	426181.0
43	2.682	53.0	251846.0	-0.024017906188964842	32551814.0	55140188.0	434340.0
43	2.682	54.0	240642.0	-0.022949409484863282	33475616.0	56180484.0	442620.0
43	2.682	55.0	228279.0	-0.021770381927490236	34401686.0	57220782.0	450898.0
43	2.682	56.0	216838.0	-0.020679283142089843	35331053.0	58261122.0	459134.0
43	2.682	57.0	204853.0	-0.019536304473876952	36262182.0	59301471.0	467361.0
43	2.682	58.0	192156.0	-0.018325424194335936	37196990.0	60341888.0	475520.0
43	2.682	59.0	180933.0	-0.017255115509033202	38135814.0	61382320.0	483664.0
43	2.682	60.0	170054.0	-0.016217613220214845	39077407.0	62422751.0	491809.0
43	2.682	61.0	159356.0	-0.015197372436523438	40022626.0	63463138.0	499998.0
43	2.682	62.0	149119.0	-0.014221096038818359	40971294.0	64503493.0	508219.0
43	2.682	63.0	139992.0	-0.013350677490234376	41923544.0	65543796.0	516492.0
43	2.682	64.0	131742.0	-0.01256389617919922	42879864.0	66583972.0	524892.0
43	2.682	65.0	125648.0	-0.01198272705078125	43838995.0	67624438.0	533002.0
43	2.682	66.0	120580.0	-0.011499404907226562	44800846.0	68664859.0	541157.0
43	2.682	67.0	118190.0	-0.011271476745605469	45765062.0	69705159.0	549433.0
43	2.682	68.0	116915.0	-0.011149883270263672	46729850.0	70745488.0	557680.0
43	2.682	69.0	115325.0	-0.010998249053955078	47695586.0	71785791.0	565953.0
43	2.682	70.0	115569.0	-0.01102151870727539	48661546.0	72826200.0	574120.0
43	2.682	71.0	114962.0	-0.010963630676269532	49627648.0	73866643.0	582253.0
43	2.682	72.0	115234.0	-0.010989570617675781	50594139.0	74906985.0	590487.0
43	2.682	73.0	115640.0	-0.011028289794921875	51560802.0	75947424.0	598624.0
43	2.682	74.0	115593.0	-0.011023807525634765	52526989.0	76987755.0	606869.0
43	2.682	75.0	115703.0	-0.011034297943115234	53493272.0	78028105.0	615095.0
43	2.682	76.0	115613.0	-0.011025714874267577	54460117.0	79068626.0	623150.0
43	2.682	77.0	114875.0	-0.010955333709716797	55426363.0	80108961.0	631391.0
43	2.682	78.0	115119.0	-0.010978603363037109	56392421.0	81149411.0	639517.0
43	2.682	79.0	115458.0	-0.01101093292236328	57358518.0	82189778.0	647726.0
43	2.682	80.0	114648.0	-0.010933685302734374	58325088.0	83230084.0	655996.0
43	2.682	81.0	115459.0	-0.011011028289794922	59291271.0	84270441.0	664215.0
43	2.682	82.0	115330.0	-0.010998725891113281	60257461.0	85310945.0	672287.0
43	2.682	83.0	115397.0	-0.011005115509033204	61223399.0	86351353.0	680455.0
43	2.682	84.0	115411.0	-0.011006450653076172	62189602.0	87391698.0	688686.0
43	2.682	85.0	115262.0	-0.01099224090576172	63156215.0	88432092.0	696868.0
43	2.682	86.0	115261.0	-0.010992145538330078	64123056.0	89472465.0	705071.0
43	2.682	87.0	115018.0	-0.010968971252441406	65089409.0	90512846.0	713266.0
43	2.682	88.0	115269.0	-0.010992908477783203	66055230.0	91553226.0	721462.0
43	2.682	89.0	115397.0	-0.011005115509033204	67021532.0	92593732.0	729532.0
43	2.682	90.0	115615.0	-0.01102590560913086	67987418.0	93634053.0	737787.0
43	2.682	91.0	115355.0	-0.011001110076904297	68953452.0	94674427.0	745989.0
43	2.682	92.0	115564.0	-0.011021041870117187	69919809.0	95714763.0	754229.0
43	2.682	93.0	115546.0	-0.011019325256347657	70885673.0	96755233.0	762335.0
43	2.682	94.0	114993.0	-0.01096658706665039	71851828.0	97795400.0	770744.0
43	2.682	95.0	115499.0	-0.011014842987060547	72818234.0	98835682.0	779038.0
43	2.682	96.0	115587.0	-0.011023235321044923	73783942.0	99875994.0	787302.0
43	2.682	97.0	116185.0	-0.011080265045166016	74749808.0	100916383.0	795489.0
43	2.682	98.0	115595.0	-0.011023998260498047	75715718.0	101956792.0	803656.0
43	2.682	99.0	115325.0	-0.010998249053955078	76681431.0	102997311.0	811713.0
43	2.682	100.0	115137.0	-0.010980319976806641	77647474.0	104037512.0	820088.0
44	2.5559999999999996	1.0	4335784.0	-0.41349258422851565	23273.0	1040356.0	8220.0
44	2.5559999999999996	2.0	4201816.0	-0.40071640014648435	58835.0	2080779.0	16373.0
44	2.5559999999999996	3.0	4055322.0	-0.38674564361572267	111736.0	3121134.0	24594.0
44	2.5559999999999996	4.0	3900008.0	-0.3719337463378906	185309.0	4161526.0	32778.0
44	2.5559999999999996	5.0	3740219.0	-0.3566950798034668	283924.0	5202040.0	40840.0
44	2.5559999999999996	6.0	3579060.0	-0.3413257598876953	410446.0	6242359.0	49097.0
44	2.5559999999999996	7.0	3421168.0	-0.32626800537109374	566511.0	7282902.0	57130.0
44	2.5559999999999996	8.0	3268846.0	-0.31174144744873045	752367.0	8323058.0	65550.0
44	2.5559999999999996	9.0	3123487.0	-0.29787893295288087	969571.0	9363571.0	73613.0
44	2.5559999999999996	10.0	2984214.0	-0.2845968246459961	1216841.0	10403990.0	81770.0
44	2.5559999999999996	11.0	2850231.0	-0.2718192100524902	1493659.0	11444304.0	90032.0
44	2.5559999999999996	12.0	2725745.0	-0.2599472999572754	1798941.0	12484637.0	98275.0
44	2.5559999999999996	13.0	2606199.0	-0.24854650497436523	2131314.0	13524889.0	106599.0
44	2.5559999999999996	14.0	2492938.0	-0.2377450942993164	2490375.0	14565243.0	114821.0
44	2.5559999999999996	15.0	2383777.0	-0.22733469009399415	2874445.0	15605869.0	122771.0
44	2.5559999999999996	16.0	2279340.0	-0.2173748016357422	3284269.0	16646267.0	130949.0
44	2.5559999999999996	17.0	2179124.0	-0.2078174591064453	3717523.0	17686803.0	138989.0
44	2.5559999999999996	18.0	2083078.0	-0.19865779876708983	4174108.0	18727173.0	147195.0
44	2.5559999999999996	19.0	1993201.0	-0.1900864601135254	4652611.0	19767597.0	155347.0
44	2.5559999999999996	20.0	1908453.0	-0.1820042610168457	5151296.0	20807922.0	163598.0
44	2.5559999999999996	21.0	1826880.0	-0.174224853515625	5671745.0	21848469.0	171627.0
44	2.5559999999999996	22.0	1748072.0	-0.16670913696289064	6210802.0	22888689.0	179983.0
44	2.5559999999999996	23.0	1672716.0	-0.1595226287841797	6768104.0	23929073.0	188175.0
44	2.5559999999999996	24.0	1601142.0	-0.1526968002319336	7343065.0	24969443.0	196381.0
44	2.5559999999999996	25.0	1532083.0	-0.14611082077026366	7935339.0	26009814.0	204586.0
44	2.5559999999999996	26.0	1466981.0	-0.1399022102355957	8543386.0	27050227.0	212749.0
44	2.5559999999999996	27.0	1403348.0	-0.1338336944580078	9167389.0	28090515.0	221037.0
44	2.5559999999999996	28.0	1341748.0	-0.1279590606689453	9807075.0	29130883.0	229245.0
44	2.5559999999999996	29.0	1283543.0	-0.12240819931030274	10461106.0	30171198.0	237506.0
44	2.5559999999999996	30.0	1227756.0	-0.11708793640136719	11128893.0	31211703.0	245577.0
44	2.5559999999999996	31.0	1175555.0	-0.11210966110229492	11811586.0	32252208.0	253648.0
44	2.5559999999999996	32.0	1126220.0	-0.10740470886230469	12506497.0	33292600.0	261832.0
44	2.5559999999999996	33.0	1076903.0	-0.10270147323608399	13212412.0	34333080.0	269928.0
44	2.5559999999999996	34.0	1029439.0	-0.09817495346069335	13931239.0	35373502.0	278082.0
44	2.5559999999999996	35.0	983463.0	-0.09379034042358399	14661038.0	36413736.0	286424.0
44	2.5559999999999996	36.0	941055.0	-0.08974599838256836	15403161.0	37454182.0	294554.0
44	2.5559999999999996	37.0	901806.0	-0.08600292205810547	16155258.0	38494511.0	302801.0
44	2.5559999999999996	38.0	864817.0	-0.08247537612915039	16916860.0	39534944.0	310944.0
44	2.5559999999999996	39.0	829538.0	-0.07911090850830078	17687118.0	40575500.0	318964.0
44	2.5559999999999996	40.0	794605.0	-0.07577943801879883	18465406.0	41615931.0	327109.0
44	2.5559999999999996	41.0	760198.0	-0.07249813079833985	19252293.0	42656297.0	335319.0
44	2.5559999999999996	42.0	725786.0	-0.06921634674072266	20046509.0	43696595.0	343597.0
44	2.5559999999999996	43.0	692154.0	-0.06600894927978515	20849262.0	44736889.0	351879.0
44	2.5559999999999996	44.0	660873.0	-0.06302576065063477	21661603.0	45777304.0	360040.0
44	2.5559999999999996	45.0	632239.0	-0.06029500961303711	22482130.0	46817652.0	368268.0
44	2.5559999999999996	46.0	606966.0	-0.05788478851318359	23310380.0	47857956.0	376540.0
44	2.5559999999999996	47.0	582947.0	-0.05559415817260742	24144662.0	48898435.0	384637.0
44	2.5559999999999996	48.0	562471.0	-0.05364141464233398	24984642.0	49938882.0	392766.0
44	2.5559999999999996	49.0	542067.0	-0.05169553756713867	25828612.0	50979286.0	400938.0
44	2.5559999999999996	50.0	521026.0	-0.04968891143798828	26677018.0	52019757.0	409043.0
44	2.5559999999999996	51.0	498854.0	-0.047574424743652345	27529743.0	53060214.0	417162.0
44	2.5559999999999996	52.0	478171.0	-0.045601940155029295	28387485.0	54100662.0	425290.0
44	2.5559999999999996	53.0	457164.0	-0.04359855651855469	29250135.0	55140990.0	433538.0
44	2.5559999999999996	54.0	434931.0	-0.04147825241088867	30118218.0	56181482.0	441622.0
44	2.5559999999999996	55.0	413755.0	-0.0394587516784668	30991884.0	57221770.0	449910.0
44	2.5559999999999996	56.0	393181.0	-0.03749666213989258	31871973.0	58262269.0	457987.0
44	2.5559999999999996	57.0	375478.0	-0.035808372497558597	32758998.0	59302801.0	466031.0
44	2.5559999999999996	58.0	360320.0	-0.03436279296875	33650799.0	60343269.0	474139.0
44	2.5559999999999996	59.0	346950.0	-0.033087730407714844	34546549.0	61383550.0	482434.0
44	2.5559999999999996	60.0	336516.0	-0.03209266662597656	35446810.0	62423950.0	490610.0
44	2.5559999999999996	61.0	328175.0	-0.03129720687866211	36349285.0	63464404.0	498732.0
44	2.5559999999999996	62.0	319933.0	-0.030511188507080077	37254134.0	64504902.0	506810.0
44	2.5559999999999996	63.0	312462.0	-0.02979869842529297	38161081.0	65545344.0	514944.0
44	2.5559999999999996	64.0	304705.0	-0.02905893325805664	39068943.0	66585705.0	523159.0
44	2.5559999999999996	65.0	297287.0	-0.028351497650146485	39978256.0	67626112.0	531328.0
44	2.5559999999999996	66.0	289377.0	-0.02759714126586914	40888834.0	68666321.0	539695.0
44	2.5559999999999996	67.0	280386.0	-0.02673969268798828	41801479.0	69706819.0	547773.0
44	2.5559999999999996	68.0	273871.0	-0.026118373870849608	42716049.0	70747196.0	555972.0
44	2.5559999999999996	69.0	266160.0	-0.02538299560546875	43631630.0	71787450.0	564294.0
44	2.5559999999999996	70.0	257522.0	-0.024559211730957032	44548866.0	72827880.0	572440.0
44	2.5559999999999996	71.0	249455.0	-0.02378988265991211	45468284.0	73868326.0	580570.0
44	2.5559999999999996	72.0	241487.0	-0.02302999496459961	46389086.0	74908772.0	588700.0
44	2.5559999999999996	73.0	232873.0	-0.022208499908447265	47311692.0	75949189.0	596859.0
44	2.5559999999999996	74.0	225168.0	-0.02147369384765625	48235906.0	76989643.0	604981.0
44	2.5559999999999996	75.0	217720.0	-0.020763397216796875	49162386.0	78029943.0	613257.0
44	2.5559999999999996	76.0	209859.0	-0.020013713836669923	50090441.0	79070282.0	621494.0
44	2.5559999999999996	77.0	201257.0	-0.019193363189697266	51020966.0	80110678.0	629674.0
44	2.5559999999999996	78.0	193239.0	-0.018428707122802736	51954685.0	81151050.0	637878.0
44	2.5559999999999996	79.0	184413.0	-0.017586994171142577	52890171.0	82191328.0	646176.0
44	2.5559999999999996	80.0	176086.0	-0.016792869567871092	53828457.0	83231870.0	654210.0
44	2.5559999999999996	81.0	168331.0	-0.016053295135498045	54768623.0	84272321.0	662335.0
44	2.5559999999999996	82.0	160279.0	-0.015285396575927734	55711166.0	85312637.0	670595.0
44	2.5559999999999996	83.0	152537.0	-0.014547061920166016	56657018.0	86353199.0	678609.0
44	2.5559999999999996	84.0	144738.0	-0.01380329132080078	57606086.0	87393504.0	686880.0
44	2.5559999999999996	85.0	138699.0	-0.013227367401123047	58557249.0	88433900.0	695060.0
44	2.5559999999999996	86.0	133787.0	-0.012758922576904298	59510470.0	89474231.0	703305.0
44	2.5559999999999996	87.0	128642.0	-0.012268257141113282	60466108.0	90514615.0	711497.0
44	2.5559999999999996	88.0	124653.0	-0.011887836456298827	61423095.0	91554964.0	719724.0
44	2.5559999999999996	89.0	121993.0	-0.011634159088134765	62382010.0	92595293.0	727971.0
44	2.5559999999999996	90.0	119461.0	-0.011392688751220703	63342042.0	93635663.0	736177.0
44	2.5559999999999996	91.0	118066.0	-0.011259651184082032	64303633.0	94676053.0	744363.0
44	2.5559999999999996	92.0	117813.0	-0.011235523223876952	65265975.0	95716566.0	752426.0
44	2.5559999999999996	93.0	117255.0	-0.011182308197021484	66227962.0	96756807.0	760761.0
44	2.5559999999999996	94.0	118085.0	-0.011261463165283203	67189997.0	97797077.0	769067.0
44	2.5559999999999996	95.0	117320.0	-0.011188507080078125	68151776.0	98837599.0	777121.0
44	2.5559999999999996	96.0	117393.0	-0.01119546890258789	69114026.0	99878019.0	785277.0
44	2.5559999999999996	97.0	117073.0	-0.01116495132446289	70076406.0	100918486.0	793386.0
44	2.5559999999999996	98.0	117093.0	-0.011166858673095702	71038700.0	101958641.0	801807.0
44	2.5559999999999996	99.0	116733.0	-0.011132526397705077	72000674.0	102999066.0	809958.0
44	2.5559999999999996	100.0	117756.0	-0.011230087280273438	72962608.0	104039418.0	818182.0
45	2.43	1.0	4355448.0	-0.41536788940429686	20185.0	1040423.0	8153.0
45	2.43	2.0	4241683.0	-0.40451841354370116	50807.0	2080761.0	16391.0
45	2.43	3.0	4115549.0	-0.3924893379211426	95342.0	3121026.0	24702.0
45	2.43	4.0	3981392.0	-0.37969512939453126	157447.0	4161493.0	32811.0
45	2.43	5.0	3842584.0	-0.3664573669433594	239850.0	5201863.0	41017.0
45	2.43	6.0	3703656.0	-0.3532081604003906	345698.0	6242341.0	49115.0
45	2.43	7.0	3566779.0	-0.3401545524597168	476275.0	7282782.0	57250.0
45	2.43	8.0	3433071.0	-0.3274031639099121	632553.0	8323044.0	65564.0
45	2.43	9.0	3301380.0	-0.31484413146972656	816434.0	9363299.0	73885.0
45	2.43	10.0	3176246.0	-0.30291042327880857	1025672.0	10403638.0	82122.0
45	2.43	11.0	3057291.0	-0.291565990447998	1260874.0	11444112.0	90224.0
45	2.43	12.0	2944013.0	-0.2807629585266113	1521734.0	12484454.0	98458.0
45	2.43	13.0	2835371.0	-0.2704020500183105	1806618.0	13524835.0	106653.0
45	2.43	14.0	2732576.0	-0.2605987548828125	2115701.0	14565212.0	114852.0
45	2.43	15.0	2633207.0	-0.25112218856811525	2448658.0	15605521.0	123119.0
45	2.43	16.0	2540085.0	-0.24224138259887695	2802406.0	16646108.0	131108.0
45	2.43	17.0	2450460.0	-0.23369407653808594	3177527.0	17686459.0	139333.0
45	2.43	18.0	2364162.0	-0.2254640579223633	3572637.0	18726748.0	147620.0
45	2.43	19.0	2282445.0	-0.21767091751098633	3987909.0	19767177.0	155767.0
45	2.43	20.0	2203467.0	-0.21013898849487306	4422056.0	20807531.0	163989.0
45	2.43	21.0	2125923.0	-0.2027438163757324	4874430.0	21847945.0	172151.0
45	2.43	22.0	2053220.0	-0.19581031799316406	5345453.0	22888337.0	180335.0
45	2.43	23.0	1984325.0	-0.1892399787902832	5833614.0	23928766.0	188482.0
45	2.43	24.0	1917758.0	-0.1828916549682617	6336950.0	24969225.0	196599.0
45	2.43	25.0	1854238.0	-0.1768339157104492	6857009.0	26009598.0	204802.0
45	2.43	26.0	1790729.0	-0.17077722549438476	7391536.0	27049951.0	213025.0
45	2.43	27.0	1730165.0	-0.16500139236450195	7941194.0	28090366.0	221186.0
45	2.43	28.0	1672607.0	-0.15951223373413087	8505360.0	29130761.0	229367.0
45	2.43	29.0	1617566.0	-0.15426311492919922	9083103.0	30171102.0	237602.0
45	2.43	30.0	1566543.0	-0.1493971824645996	9673944.0	31211546.0	245734.0
45	2.43	31.0	1515354.0	-0.14451541900634765	10276471.0	32251915.0	253941.0
45	2.43	32.0	1465621.0	-0.13977251052856446	10891285.0	33292218.0	262214.0
45	2.43	33.0	1415764.0	-0.1350177764892578	11517897.0	34332647.0	270361.0
45	2.43	34.0	1369707.0	-0.13062543869018556	12156854.0	35372968.0	278616.0
45	2.43	35.0	1325038.0	-0.12636547088623046	12807169.0	36413315.0	286845.0
45	2.43	36.0	1282929.0	-0.12234964370727539	13468891.0	37453792.0	294944.0
45	2.43	37.0	1243180.0	-0.11855888366699219	14139915.0	38494085.0	303227.0
45	2.43	38.0	1204033.0	-0.11482553482055664	14821142.0	39534449.0	311439.0
45	2.43	39.0	1164976.0	-0.11110076904296876	15510228.0	40574794.0	319670.0
45	2.43	40.0	1127340.0	-0.10751152038574219	16208209.0	41615218.0	327822.0
45	2.43	41.0	1090582.0	-0.10400600433349609	16914647.0	42655771.0	335845.0
45	2.43	42.0	1053081.0	-0.10042963027954102	17631722.0	43696219.0	343973.0
45	2.43	43.0	1018352.0	-0.09711761474609375	18357523.0	44736630.0	352138.0
45	2.43	44.0	985844.0	-0.09401741027832031	19092078.0	45777016.0	360328.0
45	2.43	45.0	954894.0	-0.09106578826904296	19834898.0	46817452.0	368468.0
45	2.43	46.0	927874.0	-0.08848896026611328	20585142.0	47857912.0	376584.0
45	2.43	47.0	900281.0	-0.08585748672485352	21340573.0	48898274.0	384798.0
45	2.43	48.0	873700.0	-0.08332252502441406	22101848.0	49938799.0	392849.0
45	2.43	49.0	845267.0	-0.08061094284057617	22869809.0	50979151.0	401073.0
45	2.43	50.0	818543.0	-0.07806234359741211	23644257.0	52019522.0	409278.0
45	2.43	51.0	791141.0	-0.07544908523559571	24424179.0	53060089.0	417287.0
45	2.43	52.0	764134.0	-0.07287349700927734	25211064.0	54100545.0	425407.0
45	2.43	53.0	737660.0	-0.07034873962402344	26004988.0	55141056.0	433472.0
45	2.43	54.0	712383.0	-0.06793813705444336	26806293.0	56181589.0	441515.0
45	2.43	55.0	690137.0	-0.06581659317016601	27614754.0	57222002.0	449678.0
45	2.43	56.0	669326.0	-0.06383190155029297	28428529.0	58262528.0	457728.0
45	2.43	57.0	650786.0	-0.06206378936767578	29248528.0	59302999.0	465833.0
45	2.43	58.0	634112.0	-0.0604736328125	30072815.0	60343306.0	474102.0
45	2.43	59.0	619564.0	-0.05908622741699219	30900409.0	61383632.0	482352.0
45	2.43	60.0	605717.0	-0.05776567459106445	31730898.0	62423895.0	490665.0
45	2.43	61.0	592350.0	-0.05649089813232422	32564804.0	63464284.0	498852.0
45	2.43	62.0	576901.0	-0.0550175666809082	33400898.0	64504809.0	506903.0
45	2.43	63.0	561600.0	-0.053558349609375	34239129.0	65545200.0	515088.0
45	2.43	64.0	545410.0	-0.05201435089111328	35082102.0	66585487.0	523377.0
45	2.43	65.0	529893.0	-0.050534534454345706	35927741.0	67625872.0	531568.0
45	2.43	66.0	513784.0	-0.048998260498046876	36777307.0	68666288.0	539728.0
45	2.43	67.0	497248.0	-0.0474212646484375	37630244.0	69706755.0	547837.0
45	2.43	68.0	481055.0	-0.04587697982788086	38486586.0	70747323.0	555845.0
45	2.43	69.0	464855.0	-0.044332027435302734	39347716.0	71787937.0	563807.0
45	2.43	70.0	449203.0	-0.042839336395263675	40212829.0	72828392.0	571928.0
45	2.43	71.0	432990.0	-0.04129314422607422	41083096.0	73868927.0	579969.0
45	2.43	72.0	418015.0	-0.03986501693725586	41957627.0	74909309.0	588163.0
45	2.43	73.0	404740.0	-0.03859901428222656	42837160.0	75949697.0	596351.0
45	2.43	74.0	392611.0	-0.03744230270385742	43720915.0	76989949.0	604675.0
45	2.43	75.0	382971.0	-0.036522960662841795	44607377.0	78030318.0	612882.0
45	2.43	76.0	373545.0	-0.035624027252197266	45497561.0	79070578.0	621198.0
45	2.43	77.0	366452.0	-0.03494758605957031	46390338.0	80111110.0	629242.0
45	2.43	78.0	361536.0	-0.034478759765625	47284569.0	81151527.0	637401.0
45	2.43	79.0	355671.0	-0.03391942977905273	48180347.0	82191888.0	645616.0
45	2.43	80.0	350379.0	-0.03341474533081055	49078232.0	83232294.0	653786.0
45	2.43	81.0	345703.0	-0.03296880722045899	49976583.0	84272745.0	661911.0
45	2.43	82.0	342116.0	-0.03262672424316406	50875655.0	85313293.0	669939.0
45	2.43	83.0	338006.0	-0.03223476409912109	51775300.0	86353514.0	678294.0
45	2.43	84.0	334335.0	-0.03188467025756836	52675775.0	87394026.0	686358.0
45	2.43	85.0	329423.0	-0.03141622543334961	53576529.0	88434448.0	694512.0
45	2.43	86.0	324877.0	-0.03098268508911133	54479344.0	89474827.0	702709.0
45	2.43	87.0	320708.0	-0.030585098266601562	55382462.0	90515426.0	710686.0
45	2.43	88.0	317387.0	-0.030268383026123048	56286723.0	91556029.0	718659.0
45	2.43	89.0	313089.0	-0.029858493804931642	57190831.0	92596355.0	726909.0
45	2.43	90.0	308052.0	-0.029378128051757813	58095688.0	93636842.0	734998.0
45	2.43	91.0	303875.0	-0.028979778289794922	59000794.0	94677244.0	743172.0
45	2.43	92.0	299111.0	-0.028525447845458983	59907970.0	95717492.0	751500.0
45	2.43	93.0	294621.0	-0.028097248077392577	60815701.0	96757948.0	759620.0
45	2.43	94.0	289955.0	-0.027652263641357422	61724308.0	97798236.0	767908.0
45	2.43	95.0	284749.0	-0.02715578079223633	62633308.0	98838603.0	776117.0
45	2.43	96.0	280316.0	-0.026733016967773436	63543436.0	99879115.0	784181.0
45	2.43	97.0	274652.0	-0.026192855834960938	64454564.0	100919519.0	792353.0
45	2.43	98.0	270098.0	-0.02575855255126953	65366563.0	101959959.0	800489.0
45	2.43	99.0	265752.0	-0.025344085693359376	66278991.0	103000225.0	808799.0
45	2.43	100.0	261000.0	-0.024890899658203125	67192563.0	104040699.0	816901.0
46	2.3040000000000003	1.0	4371659.0	-0.41691389083862307	17341.0	1040396.0	8180.0
46	2.3040000000000003	2.0	4276689.0	-0.4078568458557129	43321.0	2080908.0	16244.0
46	2.3040000000000003	3.0	4171207.0	-0.3977972984313965	80633.0	3121233.0	24495.0
46	2.3040000000000003	4.0	4058827.0	-0.38707990646362306	132394.0	4161519.0	32785.0
46	2.3040000000000003	5.0	3941932.0	-0.3759319305419922	201261.0	5201978.0	40902.0
46	2.3040000000000003	6.0	3823531.0	-0.3646403312683105	289319.0	6242331.0	49125.0
46	2.3040000000000003	7.0	3706771.0	-0.35350522994995115	397554.0	7282747.0	57285.0
46	2.3040000000000003	8.0	3590677.0	-0.34243364334106446	526783.0	8323094.0	65514.0
46	2.3040000000000003	9.0	3478822.0	-0.33176631927490235	678495.0	9363461.0	73723.0
46	2.3040000000000003	10.0	3371643.0	-0.3215449333190918	851470.0	10403758.0	82002.0
46	2.3040000000000003	11.0	3268759.0	-0.31173315048217776	1046671.0	11444192.0	90144.0
46	2.3040000000000003	12.0	3168161.0	-0.3021393775939941	1264276.0	12484661.0	98251.0
46	2.3040000000000003	13.0	3071829.0	-0.2929524421691895	1502521.0	13525073.0	106415.0
46	2.3040000000000003	14.0	2981371.0	-0.2843256950378418	1761203.0	14565402.0	114662.0
46	2.3040000000000003	15.0	2893466.0	-0.27594242095947263	2040908.0	15605730.0	122910.0
46	2.3040000000000003	16.0	2810628.0	-0.26804237365722655	2339270.0	16646206.0	131010.0
46	2.3040000000000003	17.0	2729275.0	-0.2602839469909668	2656297.0	17686650.0	139142.0
46	2.3040000000000003	18.0	2652156.0	-0.2529293060302734	2991865.0	18726908.0	147460.0
46	2.3040000000000003	19.0	2578692.0	-0.24592323303222657	3344443.0	19767369.0	155575.0
46	2.3040000000000003	20.0	2507017.0	-0.23908777236938478	3713910.0	20807668.0	163852.0
46	2.3040000000000003	21.0	2439057.0	-0.2326066017150879	4098810.0	21848031.0	172065.0
46	2.3040000000000003	22.0	2373349.0	-0.2263401985168457	4500207.0	22888364.0	180308.0
46	2.3040000000000003	23.0	2310041.0	-0.22030267715454102	4916715.0	23928752.0	188496.0
46	2.3040000000000003	24.0	2249430.0	-0.2145223617553711	5347972.0	24969032.0	196792.0
46	2.3040000000000003	25.0	2190201.0	-0.20887384414672852	5793712.0	26009515.0	204885.0
46	2.3040000000000003	26.0	2132922.0	-0.20341129302978517	6252928.0	27049849.0	213127.0
46	2.3040000000000003	27.0	2077126.0	-0.19809017181396485	6726392.0	28090064.0	221488.0
46	2.3040000000000003	28.0	2024117.0	-0.19303483963012696	7212297.0	29130486.0	229642.0
46	2.3040000000000003	29.0	1972889.0	-0.188149356842041	7710198.0	30170867.0	237837.0
46	2.3040000000000003	30.0	1922877.0	-0.1833798408508301	8219823.0	31211134.0	246146.0
46	2.3040000000000003	31.0	1874663.0	-0.17878179550170897	8741249.0	32251537.0	254319.0
46	2.3040000000000003	32.0	1828525.0	-0.17438173294067383	9272986.0	33292004.0	262428.0
46	2.3040000000000003	33.0	1782712.0	-0.17001266479492189	9817095.0	34332313.0	270695.0
46	2.3040000000000003	34.0	1738551.0	-0.16580114364624024	10372286.0	35372561.0	279023.0
46	2.3040000000000003	35.0	1695580.0	-0.16170310974121094	10937992.0	36412984.0	287176.0
46	2.3040000000000003	36.0	1655226.0	-0.15785465240478516	11513884.0	37453402.0	295334.0
46	2.3040000000000003	37.0	1615063.0	-0.15402441024780272	12098473.0	38493879.0	303433.0
46	2.3040000000000003	38.0	1575538.0	-0.15025501251220702	12693317.0	39534294.0	311594.0
46	2.3040000000000003	39.0	1536761.0	-0.14655694961547852	13297142.0	40574711.0	319753.0
46	2.3040000000000003	40.0	1498238.0	-0.1428831100463867	13909429.0	41615180.0	327860.0
46	2.3040000000000003	41.0	1462260.0	-0.1394519805908203	14530664.0	42655536.0	336080.0
46	2.3040000000000003	42.0	1426744.0	-0.13606491088867187	15161104.0	43695887.0	344305.0
46	2.3040000000000003	43.0	1392994.0	-0.13284626007080078	15800498.0	44736316.0	352452.0
46	2.3040000000000003	44.0	1361399.0	-0.12983312606811523	16449123.0	45776743.0	360601.0
46	2.3040000000000003	45.0	1329730.0	-0.12681293487548828	17104229.0	46817010.0	368910.0
46	2.3040000000000003	46.0	1300535.0	-0.12402868270874023	17766553.0	47857331.0	377165.0
46	2.3040000000000003	47.0	1272085.0	-0.12131547927856445	18435454.0	48897740.0	385332.0
46	2.3040000000000003	48.0	1243486.0	-0.11858806610107422	19110795.0	49938018.0	393630.0
46	2.3040000000000003	49.0	1212880.0	-0.11566925048828125	19792685.0	50978409.0	401815.0
46	2.3040000000000003	50.0	1183345.0	-0.11285257339477539	20480860.0	52018763.0	410037.0
46	2.3040000000000003	51.0	1153522.0	-0.11000843048095703	21176541.0	53059052.0	418324.0
46	2.3040000000000003	52.0	1124565.0	-0.10724687576293945	21879969.0	54099369.0	426583.0
46	2.3040000000000003	53.0	1097120.0	-0.1046295166015625	22590586.0	55139775.0	434753.0
46	2.3040000000000003	54.0	1071019.0	-0.10214033126831054	23308356.0	56180217.0	442887.0
46	2.3040000000000003	55.0	1046667.0	-0.09981794357299804	24032588.0	57220570.0	451110.0
46	2.3040000000000003	56.0	1024969.0	-0.09774866104125976	24764042.0	58260863.0	459393.0
46	2.3040000000000003	57.0	1005061.0	-0.09585008621215821	25501137.0	59301290.0	467542.0
46	2.3040000000000003	58.0	985842.0	-0.09401721954345703	26241307.0	60341765.0	475643.0
46	2.3040000000000003	59.0	966385.0	-0.09216165542602539	26986340.0	61382021.0	483963.0
46	2.3040000000000003	60.0	948497.0	-0.09045572280883789	27734669.0	62422404.0	492156.0
46	2.3040000000000003	61.0	929327.0	-0.0886275291442871	28487034.0	63462860.0	500276.0
46	2.3040000000000003	62.0	909302.0	-0.08671779632568359	29242124.0	64503201.0	508511.0
46	2.3040000000000003	63.0	889110.0	-0.0847921371459961	30001796.0	65543515.0	516773.0
46	2.3040000000000003	64.0	867170.0	-0.08269977569580078	30766039.0	66583931.0	524933.0
46	2.3040000000000003	65.0	846424.0	-0.08072128295898437	31534829.0	67624259.0	533181.0
46	2.3040000000000003	66.0	824967.0	-0.07867498397827148	32309456.0	68664486.0	541530.0
46	2.3040000000000003	67.0	803789.0	-0.07665529251098632	33089677.0	69705074.0	549518.0
46	2.3040000000000003	68.0	783770.0	-0.07474613189697266	33874344.0	70745503.0	557665.0
46	2.3040000000000003	69.0	764703.0	-0.07292776107788086	34665030.0	71785853.0	565891.0
46	2.3040000000000003	70.0	747104.0	-0.0712493896484375	35461818.0	72826105.0	574215.0
46	2.3040000000000003	71.0	730541.0	-0.06966981887817383	36262756.0	73866468.0	582428.0
46	2.3040000000000003	72.0	716278.0	-0.0683095932006836	37068593.0	74906943.0	590529.0
46	2.3040000000000003	73.0	703114.0	-0.0670541763305664	37878961.0	75947478.0	598570.0
46	2.3040000000000003	74.0	691237.0	-0.0659214973449707	38692571.0	76987946.0	606678.0
46	2.3040000000000003	75.0	680785.0	-0.06492471694946289	39509078.0	78028248.0	614952.0
46	2.3040000000000003	76.0	672244.0	-0.06411018371582031	40326624.0	79068730.0	623046.0
46	2.3040000000000003	77.0	663289.0	-0.06325616836547851	41146382.0	80108989.0	631363.0
46	2.3040000000000003	78.0	653574.0	-0.062329673767089845	41967009.0	81149453.0	639475.0
46	2.3040000000000003	79.0	643578.0	-0.06137638092041016	42789024.0	82189858.0	647646.0
46	2.3040000000000003	80.0	633777.0	-0.06044168472290039	43614647.0	83230317.0	655763.0
46	2.3040000000000003	81.0	623575.0	-0.059468746185302734	44440770.0	84270666.0	663990.0
46	2.3040000000000003	82.0	613725.0	-0.05852937698364258	45268974.0	85311093.0	672139.0
46	2.3040000000000003	83.0	603635.0	-0.05756711959838867	46098111.0	86351343.0	680465.0
46	2.3040000000000003	84.0	592591.0	-0.05651388168334961	46930578.0	87391913.0	688471.0
46	2.3040000000000003	85.0	581954.0	-0.05549945831298828	47763896.0	88432198.0	696762.0
46	2.3040000000000003	86.0	570622.0	-0.054418754577636716	48600323.0	89472608.0	704928.0
46	2.3040000000000003	87.0	558705.0	-0.05328226089477539	49438286.0	90513165.0	712947.0
46	2.3040000000000003	88.0	546672.0	-0.05213470458984375	50278860.0	91553701.0	720987.0
46	2.3040000000000003	89.0	534840.0	-0.051006317138671875	51122983.0	92594243.0	729021.0
46	2.3040000000000003	90.0	523942.0	-0.04996700286865234	51969190.0	93634651.0	737189.0
46	2.3040000000000003	91.0	511143.0	-0.04874639511108399	52818758.0	94675161.0	745255.0
46	2.3040000000000003	92.0	500873.0	-0.04776697158813477	53671192.0	95715508.0	753484.0
46	2.3040000000000003	93.0	488721.0	-0.04660806655883789	54526873.0	96755923.0	761645.0
46	2.3040000000000003	94.0	477140.0	-0.04550361633300781	55385180.0	97796209.0	769935.0
46	2.3040000000000003	95.0	465344.0	-0.044378662109375	56246879.0	98836503.0	778217.0
46	2.3040000000000003	96.0	455190.0	-0.043410301208496094	57111918.0	99876892.0	786404.0
46	2.3040000000000003	97.0	443872.0	-0.0423309326171875	57980796.0	100917389.0	794483.0
46	2.3040000000000003	98.0	433798.0	-0.041370201110839847	58851697.0	101957731.0	802717.0
46	2.3040000000000003	99.0	424052.0	-0.04044075012207031	59726145.0	102998109.0	810915.0
46	2.3040000000000003	100.0	416777.0	-0.03974695205688476	60603145.0	104038468.0	819132.0
47	2.178	1.0	4386423.0	-0.4183218955993652	14918.0	1040319.0	8257.0
47	2.178	2.0	4307299.0	-0.41077604293823244	36933.0	2080716.0	16436.0
47	2.178	3.0	4221667.0	-0.40260953903198243	67705.0	3121077.0	24651.0
47	2.178	4.0	4128602.0	-0.39373416900634767	110076.0	4161330.0	32974.0
47	2.178	5.0	4031734.0	-0.3844961166381836	165627.0	5201632.0	41248.0
47	2.178	6.0	3932756.0	-0.3750568389892578	236546.0	6241958.0	49498.0
47	2.178	7.0	3834236.0	-0.3656612396240234	324050.0	7282247.0	57785.0
47	2.178	8.0	3735883.0	-0.35628156661987304	428877.0	8322583.0	66025.0
47	2.178	9.0	3640425.0	-0.34717798233032227	551741.0	9363036.0	74148.0
47	2.178	10.0	3546896.0	-0.33825836181640623	693797.0	10403407.0	82353.0
47	2.178	11.0	3454990.0	-0.32949352264404297	854446.0	11443777.0	90559.0
47	2.178	12.0	3368769.0	-0.32127084732055666	1033262.0	12484000.0	98912.0
47	2.178	13.0	3285888.0	-0.31336669921875	1230682.0	13524526.0	106962.0
47	2.178	14.0	3203491.0	-0.3055087089538574	1444807.0	14564688.0	115376.0
47	2.178	15.0	3126108.0	-0.2981288909912109	1676820.0	15605136.0	123504.0
47	2.178	16.0	3051430.0	-0.29100704193115234	1925436.0	16645526.0	131690.0
47	2.178	17.0	2978604.0	-0.2840618133544922	2190910.0	17685913.0	139879.0
47	2.178	18.0	2909723.0	-0.2774928092956543	2472121.0	18726318.0	148050.0
47	2.178	19.0	2843145.0	-0.27114343643188477	2768972.0	19766709.0	156235.0
47	2.178	20.0	2779129.0	-0.26503839492797854	3081249.0	20807116.0	164404.0
47	2.178	21.0	2717944.0	-0.2592033386230469	3406912.0	21847635.0	172461.0
47	2.178	22.0	2658909.0	-0.2535733222961426	3746706.0	22888131.0	180541.0
47	2.178	23.0	2602091.0	-0.24815473556518555	4100164.0	23928423.0	188825.0
47	2.178	24.0	2545935.0	-0.2427992820739746	4465896.0	24968765.0	197059.0
47	2.178	25.0	2492109.0	-0.23766603469848632	4844119.0	26009285.0	205115.0
47	2.178	26.0	2439064.0	-0.23260726928710937	5235598.0	27049888.0	213088.0
47	2.178	27.0	2387439.0	-0.2276839256286621	5639185.0	28090326.0	221226.0
47	2.178	28.0	2337736.0	-0.22294387817382813	6054659.0	29130802.0	229326.0
47	2.178	29.0	2289267.0	-0.21832151412963868	6481770.0	30171178.0	237526.0
47	2.178	30.0	2241453.0	-0.21376161575317382	6919381.0	31211769.0	245511.0
47	2.178	31.0	2194989.0	-0.20933046340942382	7367955.0	32252248.0	253608.0
47	2.178	32.0	2149972.0	-0.20503730773925782	7828146.0	33292765.0	261667.0
47	2.178	33.0	2107269.0	-0.2009648323059082	8298586.0	34333297.0	269711.0
47	2.178	34.0	2066514.0	-0.19707813262939453	8779607.0	35373638.0	277946.0
47	2.178	35.0	2027028.0	-0.1933124542236328	9270987.0	36414008.0	286152.0
47	2.178	36.0	1988061.0	-0.18959627151489258	9770741.0	37454456.0	294280.0
47	2.178	37.0	1949648.0	-0.18593292236328124	10279989.0	38494746.0	302566.0
47	2.178	38.0	1913237.0	-0.18246049880981446	10798432.0	39535126.0	310762.0
47	2.178	39.0	1876605.0	-0.17896699905395508	11324966.0	40575640.0	318824.0
47	2.178	40.0	1841146.0	-0.17558536529541016	11860690.0	41616035.0	327005.0
47	2.178	41.0	1805502.0	-0.17218608856201173	12404919.0	42656436.0	335180.0
47	2.178	42.0	1772750.0	-0.16906261444091797	12958355.0	43696879.0	343313.0
47	2.178	43.0	1741699.0	-0.16610136032104492	13519201.0	44737321.0	351447.0
47	2.178	44.0	1711723.0	-0.16324262619018554	14087213.0	45777607.0	359737.0
47	2.178	45.0	1681830.0	-0.16039180755615234	14662177.0	46818084.0	367836.0
47	2.178	46.0	1653309.0	-0.15767183303833007	15243645.0	47858298.0	376198.0
47	2.178	47.0	1624162.0	-0.1548921585083008	15832224.0	48898751.0	384321.0
47	2.178	48.0	1594430.0	-0.15205669403076172	16426593.0	49939116.0	392532.0
47	2.178	49.0	1565531.0	-0.1493006706237793	17027512.0	50979491.0	400733.0
47	2.178	50.0	1536517.0	-0.14653367996215821	17635939.0	52019834.0	408966.0
47	2.178	51.0	1508039.0	-0.14381780624389648	18251676.0	53060105.0	417271.0
47	2.178	52.0	1482308.0	-0.14136390686035155	18875358.0	54100356.0	425596.0
47	2.178	53.0	1457085.0	-0.13895845413208008	19506091.0	55140628.0	433900.0
47	2.178	54.0	1433859.0	-0.13674345016479492	20143074.0	56181116.0	441988.0
47	2.178	55.0	1411644.0	-0.13462486267089843	20786445.0	57221467.0	450213.0
47	2.178	56.0	1391381.0	-0.13269243240356446	21433572.0	58261748.0	458508.0
47	2.178	57.0	1370707.0	-0.13072080612182618	22085201.0	59302205.0	466627.0
47	2.178	58.0	1349251.0	-0.12867460250854493	22740002.0	60342618.0	474790.0
47	2.178	59.0	1327079.0	-0.12656011581420898	23399184.0	61383113.0	482871.0
47	2.178	60.0	1305926.0	-0.12454280853271485	24063293.0	62423511.0	491049.0
47	2.178	61.0	1282925.0	-0.12234926223754883	24731252.0	63463803.0	499333.0
47	2.178	62.0	1260689.0	-0.12022867202758789	25405786.0	64504131.0	507581.0
47	2.178	63.0	1238717.0	-0.11813325881958008	26085294.0	65544571.0	515717.0
47	2.178	64.0	1215941.0	-0.11596117019653321	26769999.0	66584995.0	523869.0
47	2.178	65.0	1193935.0	-0.11386251449584961	27460677.0	67625490.0	531950.0
47	2.178	66.0	1171236.0	-0.11169776916503907	28156685.0	68665901.0	540115.0
47	2.178	67.0	1150003.0	-0.10967283248901367	28859329.0	69706358.0	548234.0
47	2.178	68.0	1130844.0	-0.10784568786621093	29567024.0	70746595.0	556573.0
47	2.178	69.0	1113640.0	-0.10620498657226562	30281323.0	71786909.0	564835.0
47	2.178	70.0	1097340.0	-0.10465049743652344	30999904.0	72827306.0	573014.0
47	2.178	71.0	1082385.0	-0.10322427749633789	31723048.0	73867642.0	581254.0
47	2.178	72.0	1068778.0	-0.10192661285400391	32448232.0	74907939.0	589533.0
47	2.178	73.0	1055485.0	-0.10065889358520508	33177004.0	75948372.0	597676.0
47	2.178	74.0	1043035.0	-0.0994715690612793	33908264.0	76988748.0	605876.0
47	2.178	75.0	1030817.0	-0.09830636978149414	34641325.0	78029043.0	614157.0
47	2.178	76.0	1017814.0	-0.09706630706787109	35376966.0	79069449.0	622327.0
47	2.178	77.0	1005170.0	-0.09586048126220703	36115014.0	80109866.0	630486.0
47	2.178	78.0	992512.0	-0.0946533203125	36855973.0	81150306.0	638622.0
47	2.178	79.0	978829.0	-0.09334840774536132	37599299.0	82190859.0	646645.0
47	2.178	80.0	964692.0	-0.09200019836425781	38344005.0	83231177.0	654903.0
47	2.178	81.0	949913.0	-0.09059076309204102	39092369.0	84271543.0	663113.0
47	2.178	82.0	934584.0	-0.08912887573242187	39843376.0	85311905.0	671327.0
47	2.178	83.0	918457.0	-0.08759088516235351	40598160.0	86352292.0	679516.0
47	2.178	84.0	904038.0	-0.08621578216552735	41356068.0	87392616.0	687768.0
47	2.178	85.0	889484.0	-0.08482780456542968	42117815.0	88433049.0	695911.0
47	2.178	86.0	874027.0	-0.08335371017456054	42882325.0	89473414.0	704122.0
47	2.178	87.0	859144.0	-0.08193435668945312	43650531.0	90513858.0	712254.0
47	2.178	88.0	844255.0	-0.08051443099975586	44422554.0	91554306.0	720382.0
47	2.178	89.0	829277.0	-0.07908601760864258	45198806.0	92594751.0	728513.0
47	2.178	90.0	814509.0	-0.07767763137817382	45980277.0	93635131.0	736709.0
47	2.178	91.0	800118.0	-0.0763051986694336	46765568.0	94675597.0	744819.0
47	2.178	92.0	787380.0	-0.07509040832519531	47555239.0	95715988.0	753004.0
47	2.178	93.0	776610.0	-0.07406330108642578	48348118.0	96756321.0	761247.0
47	2.178	94.0	766101.0	-0.07306108474731446	49143692.0	97796770.0	769374.0
47	2.178	95.0	756682.0	-0.0721628189086914	49942305.0	98837141.0	777579.0
47	2.178	96.0	749002.0	-0.0714303970336914	50743584.0	99877486.0	785810.0
47	2.178	97.0	741479.0	-0.07071294784545898	51546851.0	100917931.0	793941.0
47	2.178	98.0	735608.0	-0.07015304565429688	52351730.0	101958247.0	802201.0
47	2.178	99.0	730653.0	-0.06968050003051758	53159116.0	102998562.0	810462.0
47	2.178	100.0	724779.0	-0.06912031173706054	53966784.0	104038979.0	818621.0
48	2.052	1.0	4399805.0	-0.4195981025695801	12596.0	1040392.0	8184.0
48	2.052	2.0	4334781.0	-0.41339693069458006	30817.0	2080758.0	16394.0
48	2.052	3.0	4263496.0	-0.4065986633300781	56411.0	3121140.0	24588.0
48	2.052	4.0	4187292.0	-0.39933128356933595	91007.0	4161545.0	32759.0
48	2.052	5.0	4108690.0	-0.39183521270751953	135818.0	5201806.0	41074.0
48	2.052	6.0	4026282.0	-0.3839761734008789	192613.0	6242215.0	49241.0
48	2.052	7.0	3943359.0	-0.3760680198669434	263196.0	7282686.0	57346.0
48	2.052	8.0	3860844.0	-0.3681987762451172	347250.0	8323260.0	65348.0
48	2.052	9.0	3779831.0	-0.3604727745056152	446357.0	9363566.0	73618.0
48	2.052	10.0	3699688.0	-0.3528297424316406	560928.0	10404110.0	81650.0
48	2.052	11.0	3622360.0	-0.3454551696777344	690834.0	11444494.0	89842.0
48	2.052	12.0	3547152.0	-0.33828277587890626	835615.0	12484798.0	98114.0
48	2.052	13.0	3474849.0	-0.33138742446899416	996352.0	13525068.0	106420.0
48	2.052	14.0	3405293.0	-0.3247540473937988	1171673.0	14565474.0	114590.0
48	2.052	15.0	3336894.0	-0.31823101043701174	1362240.0	15605923.0	122717.0
48	2.052	16.0	3272643.0	-0.3121035575866699	1567433.0	16646346.0	130870.0
48	2.052	17.0	3210081.0	-0.3061371803283691	1785696.0	17686621.0	139171.0
48	2.052	18.0	3150669.0	-0.30047121047973635	2017588.0	18726864.0	147504.0
48	2.052	19.0	3092406.0	-0.29491481781005857	2262947.0	19767119.0	155825.0
48	2.052	20.0	3036333.0	-0.2895672798156738	2521231.0	20807628.0	163892.0
48	2.052	21.0	2981632.0	-0.2843505859375	2791898.0	21847994.0	172102.0
48	2.052	22.0	2929684.0	-0.27939643859863283	3075158.0	22888416.0	180256.0
48	2.052	23.0	2878759.0	-0.274539852142334	3369610.0	23928746.0	188502.0
48	2.052	24.0	2830214.0	-0.26991024017333987	3674696.0	24969142.0	196682.0
48	2.052	25.0	2781224.0	-0.26523818969726565	3992727.0	26009464.0	204936.0
48	2.052	26.0	2734997.0	-0.26082963943481446	4321621.0	27049970.0	213006.0
48	2.052	27.0	2689769.0	-0.2565163612365723	4660425.0	28090391.0	221161.0
48	2.052	28.0	2645828.0	-0.25232582092285155	5010055.0	29130839.0	229289.0
48	2.052	29.0	2603084.0	-0.24824943542480468	5369940.0	30171120.0	237584.0
48	2.052	30.0	2560904.0	-0.24422683715820312	5740210.0	31211486.0	245794.0
48	2.052	31.0	2520008.0	-0.24032669067382811	6118845.0	32251907.0	253949.0
48	2.052	32.0	2480401.0	-0.2365494728088379	6507693.0	33292202.0	262230.0
48	2.052	33.0	2442994.0	-0.23298206329345703	6904522.0	34332678.0	270330.0
48	2.052	34.0	2406255.0	-0.2294783592224121	7310834.0	35373077.0	278507.0
48	2.052	35.0	2370821.0	-0.2260991096496582	7725149.0	36413447.0	286713.0
48	2.052	36.0	2335103.0	-0.22269277572631835	8147938.0	37453901.0	294835.0
48	2.052	37.0	2301812.0	-0.21951789855957032	8579089.0	38494229.0	303083.0
48	2.052	38.0	2268138.0	-0.2163064956665039	9017156.0	39534585.0	311303.0
48	2.052	39.0	2235336.0	-0.21317825317382813	9465019.0	40574883.0	319581.0
48	2.052	40.0	2203170.0	-0.21011066436767578	9920592.0	41615411.0	327629.0
48	2.052	41.0	2171798.0	-0.20711879730224608	10383682.0	42655719.0	335897.0
48	2.052	42.0	2142340.0	-0.20430946350097656	10852816.0	43696080.0	344112.0
48	2.052	43.0	2113675.0	-0.20157575607299805	11329603.0	44736638.0	352130.0
48	2.052	44.0	2084518.0	-0.19879512786865233	11812676.0	45777014.0	360330.0
48	2.052	45.0	2056072.0	-0.19608230590820314	12302848.0	46817391.0	368529.0
48	2.052	46.0	2027812.0	-0.19338722229003907	12798970.0	47857797.0	376699.0
48	2.052	47.0	1999218.0	-0.19066028594970702	13301310.0	48898220.0	384852.0
48	2.052	48.0	1971231.0	-0.18799123764038086	13811101.0	49938668.0	392980.0
48	2.052	49.0	1943512.0	-0.18534774780273439	14326272.0	50979063.0	401161.0
48	2.052	50.0	1916270.0	-0.18274974822998047	14849359.0	52019474.0	409326.0
48	2.052	51.0	1889547.0	-0.18020124435424806	15379041.0	53059735.0	417641.0
48	2.052	52.0	1864424.0	-0.17780532836914062	15916394.0	54100217.0	425735.0
48	2.052	53.0	1841384.0	-0.17560806274414062	16459232.0	55140654.0	433874.0
48	2.052	54.0	1818070.0	-0.1733846664428711	17007906.0	56181047.0	442057.0
48	2.052	55.0	1797315.0	-0.17140531539916992	17561491.0	57221389.0	450291.0
48	2.052	56.0	1776796.0	-0.16944847106933594	18120870.0	58261808.0	458448.0
48	2.052	57.0	1756615.0	-0.16752386093139648	18683575.0	59302116.0	466716.0
48	2.052	58.0	1735572.0	-0.16551704406738282	19250448.0	60342515.0	474893.0
48	2.052	59.0	1714763.0	-0.16353254318237304	19821566.0	61382886.0	483098.0
48	2.052	60.0	1693638.0	-0.16151790618896483	20397620.0	62423153.0	491407.0
48	2.052	61.0	1671798.0	-0.15943508148193358	20978642.0	63463483.0	499653.0
48	2.052	62.0	1649657.0	-0.15732355117797853	21564548.0	64503872.0	507840.0
48	2.052	63.0	1627836.0	-0.15524253845214844	22155824.0	65544164.0	516124.0
48	2.052	64.0	1605483.0	-0.15311079025268554	22752273.0	66584540.0	524324.0
48	2.052	65.0	1584119.0	-0.15107336044311523	23353318.0	67624988.0	532452.0
48	2.052	66.0	1563233.0	-0.14908151626586913	23961671.0	68665318.0	540698.0
48	2.052	67.0	1544094.0	-0.1472562789916992	24574724.0	69705820.0	548772.0
48	2.052	68.0	1526022.0	-0.14553279876708985	25192580.0	70746183.0	556985.0
48	2.052	69.0	1508814.0	-0.14389171600341796	25815561.0	71786565.0	565179.0
48	2.052	70.0	1493211.0	-0.1424036979675293	26442972.0	72826942.0	573378.0
48	2.052	71.0	1477513.0	-0.14090662002563475	27074560.0	73867330.0	581566.0
48	2.052	72.0	1463890.0	-0.13960742950439453	27708542.0	74907644.0	589828.0
48	2.052	73.0	1450086.0	-0.13829097747802735	28346362.0	75948077.0	597971.0
48	2.052	74.0	1436266.0	-0.1369729995727539	28986071.0	76988360.0	606264.0
48	2.052	75.0	1421804.0	-0.13559379577636718	29629718.0	78028900.0	614300.0
48	2.052	76.0	1407557.0	-0.13423509597778321	30276313.0	79069503.0	622273.0
48	2.052	77.0	1392788.0	-0.1328266143798828	30924648.0	80109693.0	630659.0
48	2.052	78.0	1377901.0	-0.13140687942504883	31575321.0	81150112.0	638816.0
48	2.052	79.0	1363293.0	-0.13001375198364257	32229358.0	82190443.0	647061.0
48	2.052	80.0	1347838.0	-0.1285398483276367	32886069.0	83230823.0	655257.0
48	2.052	81.0	1331788.0	-0.12700920104980468	33546953.0	84271083.0	663573.0
48	2.052	82.0	1315061.0	-0.12541399002075196	34211737.0	85311524.0	671708.0
48	2.052	83.0	1298776.0	-0.12386093139648438	34879938.0	86351868.0	679940.0
48	2.052	84.0	1281884.0	-0.12224998474121093	35551205.0	87392250.0	688134.0
48	2.052	85.0	1266057.0	-0.12074060440063476	36227023.0	88432631.0	696329.0
48	2.052	86.0	1249998.0	-0.11920909881591797	36906314.0	89472945.0	704591.0
48	2.052	87.0	1233292.0	-0.11761589050292968	37591871.0	90513380.0	712732.0
48	2.052	88.0	1217494.0	-0.11610927581787109	38280924.0	91553754.0	720934.0
48	2.052	89.0	1202294.0	-0.11465969085693359	38975635.0	92594060.0	729204.0
48	2.052	90.0	1188206.0	-0.11331615447998047	39673593.0	93634527.0	737313.0
48	2.052	91.0	1174820.0	-0.11203956604003906	40375682.0	94675045.0	745371.0
48	2.052	92.0	1163009.0	-0.11091318130493164	41081624.0	95715387.0	753605.0
48	2.052	93.0	1152460.0	-0.10990715026855469	41790261.0	96755669.0	761899.0
48	2.052	94.0	1142751.0	-0.10898122787475586	42501567.0	97796010.0	770134.0
48	2.052	95.0	1133630.0	-0.10811138153076172	43215942.0	98836618.0	778102.0
48	2.052	96.0	1125919.0	-0.10737600326538085	43932300.0	99877144.0	786152.0
48	2.052	97.0	1117888.0	-0.106610107421875	44649875.0	100917423.0	794449.0
48	2.052	98.0	1109838.0	-0.10584239959716797	45369698.0	101957904.0	802544.0
48	2.052	99.0	1102502.0	-0.10514278411865234	46089037.0	102998255.0	810769.0
48	2.052	100.0	1094701.0	-0.10439882278442383	46810439.0	104038603.0	818997.0
49	1.926	1.0	4411061.0	-0.42067155838012693	10536.0	1040479.0	8097.0
49	1.926	2.0	4359939.0	-0.41579618453979494	25361.0	2080961.0	16191.0
49	1.926	3.0	4303867.0	-0.4104487419128418	45546.0	3121384.0	24344.0
49	1.926	4.0	4243775.0	-0.40471792221069336	72621.0	4161751.0	32553.0
49	1.926	5.0	4181615.0	-0.3987898826599121	107565.0	5202190.0	40690.0
49	1.926	6.0	4116022.0	-0.3925344467163086	151821.0	6242475.0	48981.0
49	1.926	7.0	4048033.0	-0.38605051040649413	206544.0	7282967.0	57065.0
49	1.926	8.0	3979591.0	-0.37952337265014646	272181.0	8323216.0	65392.0
49	1.926	9.0	3912566.0	-0.37313137054443357	349595.0	9363732.0	73452.0
49	1.926	10.0	3846693.0	-0.3668492317199707	439732.0	10404209.0	81551.0
49	1.926	11.0	3781256.0	-0.3606086730957031	541668.0	11444550.0	89786.0
49	1.926	12.0	3718346.0	-0.3546091079711914	655806.0	12484990.0	97922.0
49	1.926	13.0	3656504.0	-0.3487113952636719	782953.0	13525321.0	106167.0
49	1.926	14.0	3597240.0	-0.3430595397949219	922517.0	14565759.0	114305.0
49	1.926	15.0	3539468.0	-0.3375499725341797	1074278.0	15606197.0	122443.0
49	1.926	16.0	3482766.0	-0.33214244842529295	1238466.0	16646606.0	130610.0
49	1.926	17.0	3427971.0	-0.3269167900085449	1413227.0	17686886.0	138906.0
49	1.926	18.0	3375051.0	-0.321869945526123	1600398.0	18727436.0	146932.0
49	1.926	19.0	3323701.0	-0.31697282791137693	1799322.0	19767663.0	155281.0
49	1.926	20.0	3274514.0	-0.31228199005126955	2009524.0	20807999.0	163521.0
49	1.926	21.0	3226929.0	-0.3077439308166504	2230433.0	21848280.0	171816.0
49	1.926	22.0	3181360.0	-0.30339813232421875	2461210.0	22888506.0	180166.0
49	1.926	23.0	3136170.0	-0.2990884780883789	2702353.0	23929001.0	188247.0
49	1.926	24.0	3091852.0	-0.2948619842529297	2954395.0	24969360.0	196464.0
49	1.926	25.0	3049549.0	-0.29082765579223635	3215989.0	26009550.0	204850.0
49	1.926	26.0	3009396.0	-0.2869983673095703	3486545.0	27049812.0	213164.0
49	1.926	27.0	2970392.0	-0.2832786560058594	3766614.0	28090350.0	221202.0
49	1.926	28.0	2931896.0	-0.27960739135742185	4056681.0	29130881.0	229247.0
49	1.926	29.0	2894772.0	-0.2760669708251953	4354282.0	30171368.0	237336.0
49	1.926	30.0	2859043.0	-0.2726595878601074	4661269.0	31211680.0	245600.0
49	1.926	31.0	2823378.0	-0.2692583084106445	4975698.0	32251942.0	253914.0
49	1.926	32.0	2789038.0	-0.26598339080810546	5299121.0	33292409.0	262023.0
49	1.926	33.0	2755883.0	-0.26282148361206054	5629197.0	34332748.0	270260.0
49	1.926	34.0	2723362.0	-0.2597200393676758	5967848.0	35373191.0	278393.0
49	1.926	35.0	2689933.0	-0.2565320014953613	6313996.0	36413606.0	286554.0
49	1.926	36.0	2658010.0	-0.25348758697509766	6666842.0	37454004.0	294732.0
49	1.926	37.0	2627455.0	-0.25057363510131836	7027401.0	38494271.0	303041.0
49	1.926	38.0	2596740.0	-0.24764442443847656	7395170.0	39534585.0	311303.0
49	1.926	39.0	2567149.0	-0.24482240676879882	7769808.0	40574940.0	319524.0
49	1.926	40.0	2538943.0	-0.24213247299194335	8151846.0	41615394.0	327646.0
49	1.926	41.0	2511133.0	-0.23948030471801757	8540612.0	42655834.0	335782.0
49	1.926	42.0	2485193.0	-0.23700647354125975	8935829.0	43696149.0	344043.0
49	1.926	43.0	2459229.0	-0.23453035354614257	9336706.0	44736431.0	352337.0
49	1.926	44.0	2433410.0	-0.23206806182861328	9744209.0	45776898.0	360446.0
49	1.926	45.0	2407643.0	-0.22961072921752929	10156447.0	46817383.0	368537.0
49	1.926	46.0	2381993.0	-0.22716455459594725	10575029.0	47857742.0	376754.0
49	1.926	47.0	2357161.0	-0.22479639053344727	10999224.0	48898048.0	385024.0
49	1.926	48.0	2333192.0	-0.22251052856445314	11430392.0	49938342.0	393306.0
49	1.926	49.0	2309218.0	-0.22022418975830077	11866456.0	50978693.0	401531.0
49	1.926	50.0	2285268.0	-0.2179401397705078	12309612.0	52019207.0	409593.0
49	1.926	51.0	2262346.0	-0.2157541275024414	12757528.0	53059582.0	417794.0
49	1.926	52.0	2241451.0	-0.21376142501831055	13211074.0	54099991.0	425961.0
49	1.926	53.0	2220588.0	-0.21177177429199218	13669677.0	55140323.0	434205.0
49	1.926	54.0	2200861.0	-0.20989046096801758	14133438.0	56180739.0	442365.0
49	1.926	55.0	2181519.0	-0.2080458641052246	14600277.0	57221259.0	450421.0
49	1.926	56.0	2162341.0	-0.2062169075012207	15072979.0	58261597.0	458659.0
49	1.926	57.0	2142428.0	-0.20431785583496093	15548412.0	59301975.0	466857.0
49	1.926	58.0	2122367.0	-0.20240468978881837	16027986.0	60342436.0	474972.0
49	1.926	59.0	2102249.0	-0.20048608779907226	16512058.0	61382942.0	483042.0
49	1.926	60.0	2081448.0	-0.19850234985351561	17001384.0	62423087.0	491473.0
49	1.926	61.0	2061225.0	-0.19657373428344727	17495269.0	63463423.0	499713.0
49	1.926	62.0	2040812.0	-0.1946269989013672	17994336.0	64503777.0	507935.0
49	1.926	63.0	2020196.0	-0.19266090393066407	18497478.0	65544213.0	516075.0
49	1.926	64.0	2000268.0	-0.19076042175292968	19005597.0	66584676.0	524188.0
49	1.926	65.0	1980100.0	-0.18883705139160156	19518313.0	67625111.0	532329.0
49	1.926	66.0	1960183.0	-0.18693761825561522	20036863.0	68665464.0	540552.0
49	1.926	67.0	1941789.0	-0.18518342971801757	20560048.0	69705853.0	548739.0
49	1.926	68.0	1924064.0	-0.1834930419921875	21087654.0	70746071.0	557097.0
49	1.926	69.0	1907221.0	-0.18188676834106446	21619869.0	71786309.0	565435.0
49	1.926	70.0	1890879.0	-0.18032827377319335	22156542.0	72826719.0	573601.0
49	1.926	71.0	1875823.0	-0.1788924217224121	22696004.0	73867019.0	581877.0
49	1.926	72.0	1861248.0	-0.17750244140625	23240858.0	74907504.0	589968.0
49	1.926	73.0	1846262.0	-0.1760732650756836	23787824.0	75947754.0	598294.0
49	1.926	74.0	1832292.0	-0.17474098205566407	24338060.0	76987984.0	606640.0
49	1.926	75.0	1818473.0	-0.17342309951782225	24891974.0	78028404.0	614796.0
49	1.926	76.0	1804638.0	-0.1721036911010742	25448818.0	79068782.0	622994.0
49	1.926	77.0	1789669.0	-0.1706761360168457	26007337.0	80109004.0	631348.0
49	1.926	78.0	1774810.0	-0.16925907135009766	26569812.0	81149382.0	639546.0
49	1.926	79.0	1760225.0	-0.16786813735961914	27135947.0	82189674.0	647830.0
49	1.926	80.0	1744763.0	-0.16639356613159179	27705070.0	83230086.0	655994.0
49	1.926	81.0	1728771.0	-0.16486845016479493	28278225.0	84270460.0	664196.0
49	1.926	82.0	1712866.0	-0.1633516311645508	28854125.0	85310840.0	672392.0
49	1.926	83.0	1696913.0	-0.16183023452758788	29433495.0	86351226.0	680582.0
49	1.926	84.0	1681414.0	-0.16035213470458984	30016374.0	87391603.0	688781.0
49	1.926	85.0	1665697.0	-0.15885324478149415	30603445.0	88431958.0	697002.0
49	1.926	86.0	1650439.0	-0.15739812850952148	31193540.0	89472299.0	705237.0
49	1.926	87.0	1635260.0	-0.15595054626464844	31788605.0	90512729.0	713383.0
49	1.926	88.0	1619972.0	-0.15449256896972657	32388385.0	91553128.0	721560.0
49	1.926	89.0	1606246.0	-0.15318355560302735	32992468.0	92593424.0	729840.0
49	1.926	90.0	1593043.0	-0.15192441940307616	33600612.0	93633770.0	738070.0
49	1.926	91.0	1580447.0	-0.15072317123413087	34212448.0	94674010.0	746406.0
49	1.926	92.0	1568382.0	-0.14957256317138673	34828062.0	95714418.0	754574.0
49	1.926	93.0	1557728.0	-0.1485565185546875	35446222.0	96754727.0	762841.0
49	1.926	94.0	1548231.0	-0.1476508140563965	36067784.0	97795019.0	771125.0
49	1.926	95.0	1538954.0	-0.1467660903930664	36691604.0	98835223.0	779497.0
49	1.926	96.0	1530304.0	-0.145941162109375	37317262.0	99875626.0	787670.0
49	1.926	97.0	1521552.0	-0.14510650634765626	37943826.0	100915981.0	795891.0
49	1.926	98.0	1513520.0	-0.14434051513671875	38572483.0	101956327.0	804121.0
49	1.926	99.0	1504303.0	-0.1434615135192871	39201354.0	102996846.0	812178.0
49	1.926	100.0	1494833.0	-0.14255838394165038	39832252.0	104037280.0	820320.0
50	1.8	1.0	4419468.0	-0.4214733123779297	8846.0	1040533.0	8043.0
50	1.8	2.0	4378302.0	-0.41754741668701173	21143.0	2080975.0	16177.0
50	1.8	3.0	4333151.0	-0.41324148178100584	37682.0	3121370.0	24358.0
50	1.8	4.0	4284922.0	-0.40864200592041017	59392.0	4161803.0	32501.0
50	1.8	5.0	4233603.0	-0.4037478446960449	87498.0	5202195.0	40685.0
50	1.8	6.0	4180924.0	-0.39872398376464846	122280.0	6242521.0	48935.0
50	1.8	7.0	4127528.0	-0.3936317443847656	165228.0	7282950.0	57082.0
50	1.8	8.0	4072847.0	-0.3884169578552246	216988.0	8323392.0	65216.0
50	1.8	9.0	4018870.0	-0.3832693099975586	277511.0	9363628.0	73556.0
50	1.8	10.0	3964913.0	-0.3781235694885254	347502.0	10404197.0	81563.0
50	1.8	11.0	3909794.0	-0.3728670120239258	428081.0	11444613.0	89723.0
50	1.8	12.0	3857024.0	-0.36783447265625	518387.0	12485009.0	97903.0
50	1.8	13.0	3805463.0	-0.3629172325134277	618547.0	13525339.0	106149.0
50	1.8	14.0	3756246.0	-0.35822353363037107	729182.0	14565734.0	114330.0
50	1.8	15.0	3707515.0	-0.3535761833190918	849522.0	15606105.0	122535.0
50	1.8	16.0	3659888.0	-0.34903411865234374	979922.0	16646565.0	130651.0
50	1.8	17.0	3614207.0	-0.34467763900756837	1120036.0	17686933.0	138859.0
50	1.8	18.0	3569513.0	-0.34041528701782225	1269722.0	18727315.0	147053.0
50	1.8	19.0	3526928.0	-0.33635406494140624	1427820.0	19767547.0	155397.0
50	1.8	20.0	3485166.0	-0.33237133026123045	1595689.0	20807970.0	163550.0
50	1.8	21.0	3444734.0	-0.32851543426513674	1772634.0	21848313.0	171783.0
50	1.8	22.0	3405659.0	-0.3247889518737793	1958825.0	22888852.0	179820.0
50	1.8	23.0	3367376.0	-0.32113800048828123	2153813.0	23929051.0	188197.0
50	1.8	24.0	3330894.0	-0.317658805847168	2355913.0	24969542.0	196282.0
50	1.8	25.0	3294112.0	-0.3141510009765625	2567103.0	26009935.0	204465.0
50	1.8	26.0	3259046.0	-0.3108068466186523	2786133.0	27050391.0	212585.0
50	1.8	27.0	3225771.0	-0.3076334953308105	3013586.0	28090624.0	220928.0
50	1.8	28.0	3192802.0	-0.3044893264770508	3248349.0	29131129.0	228999.0
50	1.8	29.0	3160235.0	-0.30138349533081055	3490168.0	30171514.0	237190.0
50	1.8	30.0	3128929.0	-0.29839792251586916	3739677.0	31211865.0	245415.0
50	1.8	31.0	3098440.0	-0.2954902648925781	3995928.0	32251979.0	253877.0
50	1.8	32.0	3068794.0	-0.2926630020141602	4259876.0	33292224.0	262208.0
50	1.8	33.0	3040159.0	-0.2899321556091309	4529989.0	34332594.0	270414.0
50	1.8	34.0	3011848.0	-0.2872322082519531	4807195.0	35372824.0	278760.0
50	1.8	35.0	2984523.0	-0.28462629318237304	5090902.0	36413377.0	286783.0
50	1.8	36.0	2957372.0	-0.28203697204589845	5381037.0	37453846.0	294890.0
50	1.8	37.0	2930775.0	-0.27950048446655273	5677959.0	38494146.0	303166.0
50	1.8	38.0	2904984.0	-0.2770408630371094	5979616.0	39534540.0	311348.0
50	1.8	39.0	2879696.0	-0.27462921142578123	6288016.0	40574907.0	319557.0
50	1.8	40.0	2855803.0	-0.2723505973815918	6602489.0	41615341.0	327699.0
50	1.8	41.0	2831856.0	-0.27006683349609373	6922495.0	42655604.0	336012.0
50	1.8	42.0	2808655.0	-0.2678542137145996	7247517.0	43696130.0	344062.0
50	1.8	43.0	2785519.0	-0.26564779281616213	7577589.0	44736496.0	352272.0
50	1.8	44.0	2762407.0	-0.263443660736084	7913017.0	45776743.0	360601.0
50	1.8	45.0	2739820.0	-0.2612895965576172	8253747.0	46817200.0	368720.0
50	1.8	46.0	2717553.0	-0.2591660499572754	8598797.0	47857527.0	376969.0
50	1.8	47.0	2695247.0	-0.2570387840270996	8949153.0	48897947.0	385125.0
50	1.8	48.0	2673098.0	-0.2549264907836914	9305799.0	49938367.0	393281.0
50	1.8	49.0	2651863.0	-0.2529013633728027	9667914.0	50978800.0	401424.0
50	1.8	50.0	2631249.0	-0.2509354591369629	10034963.0	52019059.0	409741.0
50	1.8	51.0	2611004.0	-0.24900474548339843	10406961.0	53059386.0	417990.0
50	1.8	52.0	2591526.0	-0.24714717864990235	10783704.0	54099711.0	426241.0
50	1.8	53.0	2572682.0	-0.24535007476806642	11165248.0	55140068.0	434460.0
50	1.8	54.0	2554688.0	-0.243634033203125	11550188.0	56180454.0	442650.0
50	1.8	55.0	2536153.0	-0.241866397857666	11938579.0	57220813.0	450867.0
50	1.8	56.0	2518163.0	-0.24015073776245116	12332235.0	58261117.0	459139.0
50	1.8	57.0	2500495.0	-0.2384657859802246	12729310.0	59301457.0	467375.0
50	1.8	58.0	2482493.0	-0.23674898147583007	13130541.0	60341754.0	475654.0
50	1.8	59.0	2464649.0	-0.23504724502563476	13536466.0	61382216.0	483768.0
50	1.8	60.0	2446118.0	-0.23327999114990233	13945409.0	62422750.0	491810.0
50	1.8	61.0	2428076.0	-0.2315593719482422	14358955.0	63463158.0	499978.0
50	1.8	62.0	2410151.0	-0.229849910736084	14776888.0	64503653.0	508059.0
50	1.8	63.0	2392460.0	-0.2281627655029297	15200017.0	65543998.0	516290.0
50	1.8	64.0	2375078.0	-0.22650508880615233	15626876.0	66584483.0	524381.0
50	1.8	65.0	2358501.0	-0.2249241828918457	16058453.0	67624861.0	532579.0
50	1.8	66.0	2342599.0	-0.22340764999389648	16493825.0	68665359.0	540657.0
50	1.8	67.0	2327241.0	-0.22194299697875977	16932972.0	69705819.0	548773.0
50	1.8	68.0	2312374.0	-0.2205251693725586	17376922.0	70746353.0	556815.0
50	1.8	69.0	2298406.0	-0.21919307708740235	17824825.0	71786698.0	565046.0
50	1.8	70.0	2284658.0	-0.21788196563720702	18275041.0	72826893.0	573427.0
50	1.8	71.0	2271533.0	-0.21663026809692382	18728747.0	73867187.0	581709.0
50	1.8	72.0	2258522.0	-0.21538944244384767	19184393.0	74907593.0	589879.0
50	1.8	73.0	2245596.0	-0.21415672302246094	19643462.0	75947941.0	598107.0
50	1.8	74.0	2233157.0	-0.21297044754028321	20104333.0	76988437.0	606187.0
50	1.8	75.0	2220241.0	-0.2117386817932129	20567911.0	78028928.0	614272.0
50	1.8	76.0	2206464.0	-0.2104248046875	21034501.0	79069438.0	622338.0
50	1.8	77.0	2193377.0	-0.20917673110961915	21504714.0	80109679.0	630673.0
50	1.8	78.0	2180436.0	-0.20794258117675782	21976347.0	81150152.0	638776.0
50	1.8	79.0	2166696.0	-0.20663223266601563	22452362.0	82190645.0	646859.0
50	1.8	80.0	2153378.0	-0.20536212921142577	22929539.0	83231001.0	655079.0
50	1.8	81.0	2139953.0	-0.20408182144165038	23410201.0	84271382.0	663274.0
50	1.8	82.0	2125536.0	-0.2027069091796875	23893619.0	85311738.0	671494.0
50	1.8	83.0	2112167.0	-0.201431941986084	24380733.0	86352209.0	679599.0
50	1.8	84.0	2097502.0	-0.20003337860107423	24871061.0	87392610.0	687774.0
50	1.8	85.0	2083437.0	-0.19869203567504884	25364989.0	88432920.0	696040.0
50	1.8	86.0	2069237.0	-0.19733781814575196	25861918.0	89473284.0	704252.0
50	1.8	87.0	2054189.0	-0.19590272903442382	26362714.0	90513674.0	712438.0
50	1.8	88.0	2040305.0	-0.1945786476135254	26867038.0	91554136.0	720552.0
50	1.8	89.0	2026800.0	-0.19329071044921875	27375234.0	92594489.0	728775.0
50	1.8	90.0	2013939.0	-0.19206418991088867	27887517.0	93635027.0	736813.0
50	1.8	91.0	2001907.0	-0.19091672897338868	28403165.0	94675604.0	744812.0
50	1.8	92.0	1990093.0	-0.18979005813598632	28922421.0	95715937.0	753055.0
50	1.8	93.0	1979049.0	-0.18873682022094726	29444748.0	96756286.0	761282.0
50	1.8	94.0	1968752.0	-0.18775482177734376	29970002.0	97796542.0	769602.0
50	1.8	95.0	1958976.0	-0.186822509765625	30498169.0	98836880.0	777840.0
50	1.8	96.0	1950462.0	-0.18601055145263673	31027982.0	99877376.0	785920.0
50	1.8	97.0	1941730.0	-0.18517780303955078	31559687.0	100917791.0	794081.0
50	1.8	98.0	1932699.0	-0.1843165397644043	32093593.0	101958153.0	802295.0
50	1.8	99.0	1923522.0	-0.1834413528442383	32629696.0	102998700.0	810324.0
50	1.8	100.0	1914571.0	-0.18258771896362305	33167025.0	104039006.0	818594.0
51	1.44	1.0	4439472.0	-0.42338104248046876	4704.0	1040397.0	8179.0
51	1.44	2.0	4420074.0	-0.42153110504150393	10960.0	2080709.0	16443.0
51	1.44	3.0	4400302.0	-0.4196455001831055	18631.0	3120929.0	24799.0
51	1.44	4.0	4378195.0	-0.41753721237182617	28554.0	4161210.0	33094.0
51	1.44	5.0	4354908.0	-0.4153163909912109	40922.0	5201646.0	41234.0
51	1.44	6.0	4330892.0	-0.4130260467529297	55881.0	6242060.0	49396.0
51	1.44	7.0	4305855.0	-0.41063833236694336	73709.0	7282512.0	57520.0
51	1.44	8.0	4280144.0	-0.40818634033203127	95275.0	8322969.0	65639.0
51	1.44	9.0	4253918.0	-0.4056852340698242	120199.0	9363410.0	73774.0
51	1.44	10.0	4227157.0	-0.40313310623168946	149325.0	10403792.0	81968.0
51	1.44	11.0	4199988.0	-0.4005420684814453	182448.0	11444235.0	90101.0
51	1.44	12.0	4172698.0	-0.39793949127197265	220583.0	12484698.0	98214.0
51	1.44	13.0	4145929.0	-0.3953866004943848	263255.0	13525109.0	106379.0
51	1.44	14.0	4119290.0	-0.39284610748291016	310260.0	14565528.0	114536.0
51	1.44	15.0	4093438.0	-0.3903806686401367	362115.0	15605845.0	122795.0
51	1.44	16.0	4067934.0	-0.38794841766357424	418833.0	16646311.0	130905.0
51	1.44	17.0	4042153.0	-0.38548974990844725	480744.0	17686847.0	138945.0
51	1.44	18.0	4017382.0	-0.38312740325927735	546822.0	18727135.0	147233.0
51	1.44	19.0	3992630.0	-0.3807668685913086	618295.0	19767688.0	155256.0
51	1.44	20.0	3968931.0	-0.3785067558288574	694845.0	20808187.0	163333.0
51	1.44	21.0	3945059.0	-0.37623014450073244	776263.0	21848578.0	171518.0
51	1.44	22.0	3922499.0	-0.37407865524291994	861874.0	22888985.0	179687.0
51	1.44	23.0	3899983.0	-0.3719313621520996	952203.0	23929383.0	187865.0
51	1.44	24.0	3878188.0	-0.3698528289794922	1047402.0	24969654.0	196170.0
51	1.44	25.0	3856826.0	-0.36781558990478513	1147083.0	26010108.0	204292.0
51	1.44	26.0	3835649.0	-0.36579599380493166	1251902.0	27050589.0	212387.0
51	1.44	27.0	3815294.0	-0.36385478973388674	1359999.0	28091019.0	220533.0
51	1.44	28.0	3795429.0	-0.3619603157043457	1472213.0	29131362.0	228766.0
51	1.44	29.0	3775887.0	-0.3600966453552246	1589722.0	30171732.0	236972.0
51	1.44	30.0	3756803.0	-0.3582766532897949	1710911.0	31212156.0	245124.0
51	1.44	31.0	3738169.0	-0.35649957656860354	1836200.0	32252519.0	253337.0
51	1.44	32.0	3719699.0	-0.3547381401062012	1965497.0	33293019.0	261413.0
51	1.44	33.0	3701807.0	-0.3530318260192871	2099077.0	34333426.0	269582.0
51	1.44	34.0	3683736.0	-0.35130844116210935	2236733.0	35373927.0	277657.0
51	1.44	35.0	3666563.0	-0.3496706962585449	2378103.0	36414314.0	285846.0
51	1.44	36.0	3649809.0	-0.3480729103088379	2523521.0	37454621.0	294115.0
51	1.44	37.0	3632859.0	-0.3464564323425293	2672264.0	38494928.0	302384.0
51	1.44	38.0	3616458.0	-0.3448923110961914	2825116.0	39535247.0	310641.0
51	1.44	39.0	3600944.0	-0.34341278076171877	2981468.0	40575683.0	318781.0
51	1.44	40.0	3585135.0	-0.3419051170349121	3141843.0	41616044.0	326996.0
51	1.44	41.0	3570073.0	-0.340468692779541	3304569.0	42656432.0	335184.0
51	1.44	42.0	3554984.0	-0.33902969360351565	3471139.0	43696844.0	343348.0
51	1.44	43.0	3540163.0	-0.3376162528991699	3641511.0	44737317.0	351451.0
51	1.44	44.0	3525359.0	-0.33620443344116213	3814987.0	45777654.0	359690.0
51	1.44	45.0	3511512.0	-0.3348838806152344	3991983.0	46818001.0	367919.0
51	1.44	46.0	3497630.0	-0.3335599899291992	4171908.0	47858408.0	376088.0
51	1.44	47.0	3483978.0	-0.3322580337524414	4354180.0	48898728.0	384344.0
51	1.44	48.0	3470211.0	-0.3309451103210449	4540996.0	49939128.0	392520.0
51	1.44	49.0	3457173.0	-0.32970170974731444	4730731.0	50979540.0	400684.0
51	1.44	50.0	3443946.0	-0.3284402847290039	4922996.0	52020021.0	408779.0
51	1.44	51.0	3431000.0	-0.3272056579589844	5118940.0	53060381.0	416995.0
51	1.44	52.0	3417769.0	-0.3259438514709473	5316668.0	54100796.0	425156.0
51	1.44	53.0	3405061.0	-0.3247319221496582	5516923.0	55141246.0	433282.0
51	1.44	54.0	3392443.0	-0.3235285758972168	5720479.0	56181690.0	441414.0
51	1.44	55.0	3379918.0	-0.32233409881591796	5926810.0	57222106.0	449574.0
51	1.44	56.0	3367591.0	-0.32115850448608396	6136573.0	58262440.0	457816.0
51	1.44	57.0	3356027.0	-0.3200556755065918	6349922.0	59302847.0	465985.0
51	1.44	58.0	3344251.0	-0.3189326286315918	6565375.0	60343132.0	474276.0
51	1.44	59.0	3332899.0	-0.31785001754760744	6782860.0	61383427.0	482557.0
51	1.44	60.0	3321651.0	-0.31677732467651365	7003610.0	62423785.0	490775.0
51	1.44	61.0	3311028.0	-0.3157642364501953	7226726.0	63464206.0	498930.0
51	1.44	62.0	3300452.0	-0.3147556304931641	7452670.0	64504475.0	507237.0
51	1.44	63.0	3289784.0	-0.3137382507324219	7680478.0	65544771.0	515517.0
51	1.44	64.0	3279267.0	-0.31273527145385743	7910802.0	66585146.0	523718.0
51	1.44	65.0	3269653.0	-0.31181840896606444	8143180.0	67625550.0	531890.0
51	1.44	66.0	3259704.0	-0.3108695983886719	8378314.0	68666034.0	539982.0
51	1.44	67.0	3249464.0	-0.3098930358886719	8615960.0	69706505.0	548087.0
51	1.44	68.0	3239684.0	-0.3089603424072266	8855681.0	70746804.0	556364.0
51	1.44	69.0	3229767.0	-0.3080145835876465	9097515.0	71787393.0	564351.0
51	1.44	70.0	3220216.0	-0.30710372924804685	9341642.0	72827777.0	572543.0
51	1.44	71.0	3210517.0	-0.30617876052856446	9586985.0	73868031.0	580865.0
51	1.44	72.0	3201203.0	-0.30529050827026366	9834616.0	74908313.0	589159.0
51	1.44	73.0	3190933.0	-0.30431108474731444	10084046.0	75948812.0	597236.0
51	1.44	74.0	3181301.0	-0.30339250564575193	10337114.0	76989238.0	605386.0
51	1.44	75.0	3171897.0	-0.3024956703186035	10592348.0	78029712.0	613488.0
51	1.44	76.0	3162347.0	-0.30158491134643556	10849311.0	79070284.0	621492.0
51	1.44	77.0	3152770.0	-0.3006715774536133	11107787.0	80110689.0	629663.0
51	1.44	78.0	3143061.0	-0.29974565505981443	11368055.0	81151022.0	637906.0
51	1.44	79.0	3133247.0	-0.29880971908569337	11631506.0	82191562.0	645942.0
51	1.44	80.0	3124090.0	-0.29793643951416016	11897928.0	83231860.0	654220.0
51	1.44	81.0	3114411.0	-0.2970133781433105	12167155.0	84272208.0	662448.0
51	1.44	82.0	3105166.0	-0.29613170623779295	12438188.0	85312558.0	670674.0
51	1.44	83.0	3096250.0	-0.29528141021728516	12710669.0	86352949.0	678859.0
51	1.44	84.0	3087802.0	-0.29447574615478517	12985930.0	87393414.0	686970.0
51	1.44	85.0	3079197.0	-0.2936551094055176	13263433.0	88433873.0	695087.0
51	1.44	86.0	3070972.0	-0.29287071228027345	13543033.0	89474266.0	703270.0
51	1.44	87.0	3063178.0	-0.2921274185180664	13824236.0	90514788.0	711324.0
51	1.44	88.0	3055076.0	-0.29135475158691404	14107350.0	91555027.0	719661.0
51	1.44	89.0	3047442.0	-0.29062671661376954	14392369.0	92595470.0	727794.0
51	1.44	90.0	3039788.0	-0.2898967742919922	14680234.0	93635904.0	735936.0
51	1.44	91.0	3032535.0	-0.28920507431030273	14970000.0	94676258.0	744158.0
51	1.44	92.0	3025478.0	-0.28853206634521483	15260096.0	95716773.0	752219.0
51	1.44	93.0	3018644.0	-0.28788032531738283	15552605.0	96757165.0	760403.0
51	1.44	94.0	3012002.0	-0.2872468948364258	15846198.0	97797566.0	768578.0
51	1.44	95.0	3005296.0	-0.28660736083984373	16142089.0	98838098.0	776622.0
51	1.44	96.0	2999094.0	-0.2860158920288086	16439485.0	99878448.0	784848.0
51	1.44	97.0	2992808.0	-0.2854164123535156	16736382.0	100918825.0	793047.0
51	1.44	98.0	2986075.0	-0.2847743034362793	17036063.0	101959223.0	801225.0
51	1.44	99.0	2979482.0	-0.28414554595947267	17337193.0	102999475.0	809549.0
51	1.44	100.0	2972143.0	-0.2834456443786621	17638770.0	104039860.0	817740.0
52	1.08	1.0	4450561.0	-0.4244385719299316	1856.0	1040200.0	8376.0
52	1.08	2.0	4444296.0	-0.4238410949707031	4147.0	2080726.0	16426.0
52	1.08	3.0	4437407.0	-0.42318410873413087	6932.0	3121055.0	24673.0
52	1.08	4.0	4430191.0	-0.4224959373474121	10203.0	4161558.0	32746.0
52	1.08	5.0	4422185.0	-0.42173242568969727	14385.0	5202039.0	40841.0
52	1.08	6.0	4414137.0	-0.4209649085998535	19129.0	6242426.0	49030.0
52	1.08	7.0	4405510.0	-0.42014217376708984	24813.0	7282769.0	57263.0
52	1.08	8.0	4396829.0	-0.4193142890930176	31278.0	8323236.0	65372.0
52	1.08	9.0	4387433.0	-0.41841821670532225	38606.0	9363614.0	73570.0
52	1.08	10.0	4377815.0	-0.41750097274780273	47077.0	10403953.0	81807.0
52	1.08	11.0	4367834.0	-0.4165491104125977	56973.0	11444077.0	90259.0
52	1.08	12.0	4358019.0	-0.41561307907104494	68010.0	12484300.0	98612.0
52	1.08	13.0	4347973.0	-0.4146550178527832	80391.0	13524780.0	106708.0
52	1.08	14.0	4337726.0	-0.4136777877807617	94053.0	14564983.0	115081.0
52	1.08	15.0	4327424.0	-0.4126953125	109092.0	15605304.0	123336.0
52	1.08	16.0	4316850.0	-0.41168689727783203	125876.0	16645769.0	131447.0
52	1.08	17.0	4306558.0	-0.4107053756713867	144198.0	17686243.0	139549.0
52	1.08	18.0	4295745.0	-0.40967416763305664	164085.0	18726803.0	147565.0
52	1.08	19.0	4284871.0	-0.40863714218139646	185857.0	19767107.0	155837.0
52	1.08	20.0	4274265.0	-0.407625675201416	209284.0	20807596.0	163924.0
52	1.08	21.0	4263385.0	-0.406588077545166	234501.0	21847834.0	172262.0
52	1.08	22.0	4253141.0	-0.40561113357543943	261881.0	22888192.0	180480.0
52	1.08	23.0	4242962.0	-0.40464038848876954	291056.0	23928495.0	188753.0
52	1.08	24.0	4232719.0	-0.40366353988647463	321590.0	24968898.0	196926.0
52	1.08	25.0	4222712.0	-0.4027091979980469	353778.0	26009304.0	205096.0
52	1.08	26.0	4212839.0	-0.401767635345459	388429.0	27049767.0	213209.0
52	1.08	27.0	4203172.0	-0.4008457183837891	424636.0	28090109.0	221443.0
52	1.08	28.0	4193457.0	-0.3999192237854004	462973.0	29130513.0	229615.0
52	1.08	29.0	4183944.0	-0.39901199340820315	503016.0	30170902.0	237802.0
52	1.08	30.0	4174530.0	-0.3981142044067383	545136.0	31211205.0	246075.0
52	1.08	31.0	4165266.0	-0.3972307205200195	589035.0	32251639.0	254217.0
52	1.08	32.0	4156146.0	-0.396360969543457	634444.0	33292028.0	262404.0
52	1.08	33.0	4147239.0	-0.395511531829834	682030.0	34332352.0	270656.0
52	1.08	34.0	4138207.0	-0.39465017318725587	731233.0	35372694.0	278890.0
52	1.08	35.0	4129608.0	-0.3938301086425781	781942.0	36413125.0	287035.0
52	1.08	36.0	4120785.0	-0.3929886817932129	834436.0	37453369.0	295367.0
52	1.08	37.0	4112320.0	-0.392181396484375	888559.0	38493803.0	303509.0
52	1.08	38.0	4104133.0	-0.3914006233215332	944680.0	39534228.0	311660.0
52	1.08	39.0	4095907.0	-0.39061613082885743	1002894.0	40574516.0	319948.0
52	1.08	40.0	4087731.0	-0.38983640670776365	1062355.0	41614947.0	328093.0
52	1.08	41.0	4079418.0	-0.38904361724853515	1123936.0	42655306.0	336310.0
52	1.08	42.0	4071368.0	-0.3882759094238281	1186983.0	43695644.0	344548.0
52	1.08	43.0	4063756.0	-0.38754997253417967	1251594.0	44735934.0	352834.0
52	1.08	44.0	4056369.0	-0.3868454933166504	1317596.0	45776496.0	360848.0
52	1.08	45.0	4048639.0	-0.3861083030700684	1384991.0	46817015.0	368905.0
52	1.08	46.0	4041370.0	-0.38541507720947266	1454105.0	47857347.0	377149.0
52	1.08	47.0	4033925.0	-0.3847050666809082	1524832.0	48897697.0	385375.0
52	1.08	48.0	4027007.0	-0.38404531478881837	1597335.0	49938158.0	393490.0
52	1.08	49.0	4020058.0	-0.38338260650634765	1671555.0	50978419.0	401805.0
52	1.08	50.0	4012849.0	-0.3826951026916504	1746699.0	52018854.0	409946.0
52	1.08	51.0	4006054.0	-0.38204708099365237	1823503.0	53059202.0	418174.0
52	1.08	52.0	3999504.0	-0.38142242431640627	1901721.0	54099449.0	426503.0
52	1.08	53.0	3992613.0	-0.3807652473449707	1981177.0	55139974.0	434554.0
52	1.08	54.0	3986083.0	-0.3801424980163574	2062861.0	56180290.0	442814.0
52	1.08	55.0	3979446.0	-0.37950954437255857	2146034.0	57220630.0	451050.0
52	1.08	56.0	3972893.0	-0.37888460159301757	2230348.0	58260979.0	459277.0
52	1.08	57.0	3966515.0	-0.37827634811401367	2315877.0	59301435.0	467397.0
52	1.08	58.0	3960118.0	-0.3776662826538086	2402524.0	60341848.0	475560.0
52	1.08	59.0	3953872.0	-0.37707061767578126	2491405.0	61382235.0	483749.0
52	1.08	60.0	3947818.0	-0.3764932632446289	2581312.0	62422668.0	491892.0
52	1.08	61.0	3941760.0	-0.37591552734375	2672095.0	63462835.0	500301.0
52	1.08	62.0	3935636.0	-0.3753314971923828	2764954.0	64503329.0	508383.0
52	1.08	63.0	3930109.0	-0.3748044013977051	2859280.0	65543709.0	516579.0
52	1.08	64.0	3924428.0	-0.3742626190185547	2954469.0	66583982.0	524882.0
52	1.08	65.0	3918995.0	-0.37374448776245117	3050883.0	67624242.0	533198.0
52	1.08	66.0	3913245.0	-0.3731961250305176	3148541.0	68664786.0	541230.0
52	1.08	67.0	3907664.0	-0.37266387939453127	3247173.0	69705033.0	549559.0
52	1.08	68.0	3901952.0	-0.372119140625	3347490.0	70745348.0	557820.0
52	1.08	69.0	3896406.0	-0.37159023284912107	3448978.0	71785707.0	566037.0
52	1.08	70.0	3891075.0	-0.3710818290710449	3551709.0	72826042.0	574278.0
52	1.08	71.0	3885591.0	-0.3705588340759277	3655533.0	73866448.0	582448.0
52	1.08	72.0	3880526.0	-0.37007579803466795	3760443.0	74906829.0	590643.0
52	1.08	73.0	3875118.0	-0.36956005096435546	3867188.0	75947254.0	598794.0
52	1.08	74.0	3869969.0	-0.3690690040588379	3975029.0	76987573.0	607051.0
52	1.08	75.0	3864727.0	-0.36856908798217775	4083591.0	78027939.0	615261.0
52	1.08	76.0	3859959.0	-0.36811437606811526	4193737.0	79068391.0	623385.0
52	1.08	77.0	3855069.0	-0.3676480293273926	4304518.0	80108728.0	631624.0
52	1.08	78.0	3850280.0	-0.3671913146972656	4417081.0	81149198.0	639730.0
52	1.08	79.0	3845534.0	-0.36673870086669924	4530291.0	82189661.0	647843.0
52	1.08	80.0	3840916.0	-0.3662982940673828	4644912.0	83230057.0	656023.0
52	1.08	81.0	3836315.0	-0.3658595085144043	4760745.0	84270434.0	664222.0
52	1.08	82.0	3831854.0	-0.3654340744018555	4876929.0	85310809.0	672423.0
52	1.08	83.0	3827513.0	-0.3650200843811035	4993872.0	86351287.0	680521.0
52	1.08	84.0	3822948.0	-0.36458473205566405	5112493.0	87391874.0	688510.0
52	1.08	85.0	3818600.0	-0.3641700744628906	5231345.0	88432134.0	696826.0
52	1.08	86.0	3814243.0	-0.3637545585632324	5351636.0	89472476.0	705060.0
52	1.08	87.0	3809987.0	-0.36334867477416993	5472367.0	90512907.0	713205.0
52	1.08	88.0	3805711.0	-0.3629408836364746	5595188.0	91553345.0	721343.0
52	1.08	89.0	3801584.0	-0.36254730224609377	5718200.0	92593655.0	729609.0
52	1.08	90.0	3797381.0	-0.3621464729309082	5842173.0	93633890.0	737950.0
52	1.08	91.0	3793068.0	-0.3617351531982422	5967163.0	94674348.0	746068.0
52	1.08	92.0	3789002.0	-0.3613473892211914	6093714.0	95714692.0	754300.0
52	1.08	93.0	3784889.0	-0.36095514297485354	6220608.0	96755282.0	762286.0
52	1.08	94.0	3780705.0	-0.36055612564086914	6348351.0	97795719.0	770425.0
52	1.08	95.0	3776651.0	-0.360169506072998	6476955.0	98836210.0	778510.0
52	1.08	96.0	3772616.0	-0.3597846984863281	6606523.0	99876441.0	786855.0
52	1.08	97.0	3768316.0	-0.3593746185302734	6737609.0	100916763.0	795109.0
52	1.08	98.0	3763975.0	-0.3589606285095215	6869030.0	101957273.0	803175.0
52	1.08	99.0	3759717.0	-0.3585545539855957	7002145.0	102997677.0	811347.0
52	1.08	100.0	3755475.0	-0.35815000534057617	7135573.0	104037862.0	819738.0
53	0.72	1.0	4455206.0	-0.4248815536499023	489.0	1040428.0	8148.0
53	0.72	2.0	4453900.0	-0.4247570037841797	1007.0	2080890.0	16262.0
53	0.72	3.0	4452573.0	-0.42463045120239257	1605.0	3121291.0	24437.0
53	0.72	4.0	4451064.0	-0.4244865417480469	2328.0	4161501.0	32803.0
53	0.72	5.0	4449695.0	-0.42435598373413086	3056.0	5201824.0	41056.0
53	0.72	6.0	4448214.0	-0.4242147445678711	3876.0	6242048.0	49408.0
53	0.72	7.0	4446513.0	-0.4240525245666504	4853.0	7282422.0	57610.0
53	0.72	8.0	4444752.0	-0.42388458251953126	5959.0	8322902.0	65706.0
53	0.72	9.0	4442927.0	-0.4237105369567871	7174.0	9363116.0	74068.0
53	0.72	10.0	4441117.0	-0.4235379219055176	8535.0	10403412.0	82348.0
53	0.72	11.0	4439324.0	-0.42336692810058596	9929.0	11443817.0	90519.0
53	0.72	12.0	4437449.0	-0.4231881141662598	11487.0	12484228.0	98684.0
53	0.72	13.0	4435539.0	-0.4230059623718262	13186.0	13524581.0	106907.0
53	0.72	14.0	4433487.0	-0.4228102684020996	15077.0	14564907.0	115157.0
53	0.72	15.0	4431381.0	-0.42260942459106443	17169.0	15605106.0	123534.0
53	0.72	16.0	4429226.0	-0.4224039077758789	19471.0	16645560.0	131656.0
53	0.72	17.0	4427030.0	-0.4221944808959961	21893.0	17685955.0	139837.0
53	0.72	18.0	4424751.0	-0.4219771385192871	24630.0	18726241.0	148127.0
53	0.72	19.0	4422571.0	-0.4217692375183105	27500.0	19766625.0	156319.0
53	0.72	20.0	4420434.0	-0.42156543731689455	30598.0	20806912.0	164608.0
53	0.72	21.0	4418128.0	-0.42134552001953124	34001.0	21847381.0	172715.0
53	0.72	22.0	4415748.0	-0.42111854553222655	37669.0	22887794.0	180878.0
53	0.72	23.0	4413248.0	-0.420880126953125	41654.0	23928176.0	189072.0
53	0.72	24.0	4410853.0	-0.4206517219543457	45884.0	24968690.0	197134.0
53	0.72	25.0	4408386.0	-0.42041645050048826	50321.0	26009045.0	205355.0
53	0.72	26.0	4405845.0	-0.42017412185668945	55224.0	27049452.0	213524.0
53	0.72	27.0	4403225.0	-0.419924259185791	60502.0	28089792.0	221760.0
53	0.72	28.0	4400700.0	-0.41968345642089844	66003.0	29129988.0	230140.0
53	0.72	29.0	4398144.0	-0.419439697265625	71799.0	30170338.0	238366.0
53	0.72	30.0	4395628.0	-0.4191997528076172	78077.0	31210783.0	246497.0
53	0.72	31.0	4392941.0	-0.4189435005187988	84885.0	32251103.0	254753.0
53	0.72	32.0	4390286.0	-0.41869029998779295	91803.0	33291570.0	262862.0
53	0.72	33.0	4387564.0	-0.4184307098388672	99095.0	34332043.0	270965.0
53	0.72	34.0	4384989.0	-0.4181851387023926	106707.0	35372381.0	279203.0
53	0.72	35.0	4382368.0	-0.4179351806640625	114857.0	36412783.0	287377.0
53	0.72	36.0	4379740.0	-0.41768455505371094	123444.0	37453204.0	295532.0
53	0.72	37.0	4377071.0	-0.4174300193786621	132415.0	38493543.0	303769.0
53	0.72	38.0	4374534.0	-0.41718807220458987	141643.0	39534067.0	311821.0
53	0.72	39.0	4371862.0	-0.4169332504272461	151405.0	40574509.0	319955.0
53	0.72	40.0	4369137.0	-0.4166733741760254	161550.0	41614982.0	328058.0
53	0.72	41.0	4366549.0	-0.4164265632629395	172133.0	42655399.0	336217.0
53	0.72	42.0	4363974.0	-0.41618099212646487	182994.0	43695875.0	344317.0
53	0.72	43.0	4361395.0	-0.41593503952026367	194453.0	44736282.0	352486.0
53	0.72	44.0	4358825.0	-0.41568994522094727	206248.0	45776786.0	360558.0
53	0.72	45.0	4356264.0	-0.41544570922851565	218382.0	46817115.0	368805.0
53	0.72	46.0	4353689.0	-0.41520013809204104	230969.0	47857571.0	376925.0
53	0.72	47.0	4351155.0	-0.41495847702026367	244242.0	48897964.0	385108.0
53	0.72	48.0	4348514.0	-0.4147066116333008	257719.0	49938290.0	393358.0
53	0.72	49.0	4345905.0	-0.4144577980041504	271940.0	50978680.0	401544.0
53	0.72	50.0	4343321.0	-0.414211368560791	286140.0	52019106.0	409694.0
53	0.72	51.0	4340876.0	-0.41397819519042967	300912.0	53059342.0	418034.0
53	0.72	52.0	4338468.0	-0.41374855041503905	316264.0	54099804.0	426148.0
53	0.72	53.0	4336103.0	-0.413523006439209	332135.0	55140221.0	434307.0
53	0.72	54.0	4333636.0	-0.41328773498535154	348162.0	56180543.0	442561.0
53	0.72	55.0	4331214.0	-0.413056755065918	364873.0	57220993.0	450687.0
53	0.72	56.0	4328899.0	-0.41283597946166994	381897.0	58261433.0	458823.0
53	0.72	57.0	4326458.0	-0.41260318756103515	399316.0	59301798.0	467034.0
53	0.72	58.0	4324146.0	-0.412382698059082	417241.0	60342185.0	475223.0
53	0.72	59.0	4321832.0	-0.41216201782226564	435494.0	61382612.0	483372.0
53	0.72	60.0	4319481.0	-0.4119378089904785	454454.0	62422926.0	491634.0
53	0.72	61.0	4317298.0	-0.411729621887207	473896.0	63463263.0	499873.0
53	0.72	62.0	4314960.0	-0.41150665283203125	493643.0	64503751.0	507961.0
53	0.72	63.0	4312649.0	-0.4112862586975098	513641.0	65544233.0	516055.0
53	0.72	64.0	4310484.0	-0.41107978820800783	533938.0	66584441.0	524423.0
53	0.72	65.0	4308259.0	-0.41086759567260744	554790.0	67624807.0	532633.0
53	0.72	66.0	4306138.0	-0.41066532135009765	576147.0	68665258.0	540758.0
53	0.72	67.0	4304058.0	-0.41046695709228515	597685.0	69705659.0	548933.0
53	0.72	68.0	4301991.0	-0.41026983261108396	619782.0	70746033.0	557135.0
53	0.72	69.0	4299926.0	-0.41007289886474607	642073.0	71786527.0	565217.0
53	0.72	70.0	4297995.0	-0.40988874435424805	665005.0	72827079.0	573241.0
53	0.72	71.0	4295902.0	-0.40968914031982423	688363.0	73867393.0	581503.0
53	0.72	72.0	4293816.0	-0.40949020385742185	712222.0	74907861.0	589611.0
53	0.72	73.0	4291635.0	-0.40928220748901367	736262.0	75948252.0	597796.0
53	0.72	74.0	4289664.0	-0.40909423828125	760756.0	76988758.0	605866.0
53	0.72	75.0	4287736.0	-0.40891036987304685	785843.0	78029045.0	614155.0
53	0.72	76.0	4285690.0	-0.40871524810791016	811008.0	79069434.0	622342.0
53	0.72	77.0	4283602.0	-0.40851612091064454	836918.0	80109707.0	630645.0
53	0.72	78.0	4281622.0	-0.4083272933959961	863004.0	81150133.0	638795.0
53	0.72	79.0	4279634.0	-0.40813770294189455	889541.0	82190505.0	646999.0
53	0.72	80.0	4277729.0	-0.40795602798461916	916204.0	83230955.0	655125.0
53	0.72	81.0	4275766.0	-0.40776882171630857	943338.0	84271274.0	663382.0
53	0.72	82.0	4273786.0	-0.40757999420166013	971069.0	85311614.0	671618.0
53	0.72	83.0	4271962.0	-0.40740604400634767	998934.0	86351991.0	679817.0
53	0.72	84.0	4270139.0	-0.4072321891784668	1027558.0	87392345.0	688039.0
53	0.72	85.0	4268089.0	-0.40703668594360354	1056639.0	88432645.0	696315.0
53	0.72	86.0	4266191.0	-0.4068556785583496	1086187.0	89473133.0	704403.0
53	0.72	87.0	4264438.0	-0.4066884994506836	1115691.0	90513642.0	712470.0
53	0.72	88.0	4262465.0	-0.40650033950805664	1146057.0	91554135.0	720553.0
53	0.72	89.0	4260628.0	-0.4063251495361328	1176471.0	92594548.0	728716.0
53	0.72	90.0	4258899.0	-0.4061602592468262	1207183.0	93634993.0	736847.0
53	0.72	91.0	4257162.0	-0.4059946060180664	1238030.0	94675288.0	745128.0
53	0.72	92.0	4255484.0	-0.40583457946777346	1269288.0	95715764.0	753228.0
53	0.72	93.0	4253778.0	-0.4056718826293945	1300809.0	96756188.0	761380.0
53	0.72	94.0	4251970.0	-0.4054994583129883	1332859.0	97796544.0	769600.0
53	0.72	95.0	4250100.0	-0.4053211212158203	1365515.0	98836854.0	777866.0
53	0.72	96.0	4248369.0	-0.4051560401916504	1398734.0	99877318.0	785978.0
53	0.72	97.0	4246657.0	-0.40499277114868165	1431698.0	100917627.0	794245.0
53	0.72	98.0	4244914.0	-0.40482654571533205	1464963.0	101958187.0	802261.0
53	0.72	99.0	4243195.0	-0.4046626091003418	1498888.0	102998596.0	810428.0
53	0.72	100.0	4241505.0	-0.40450143814086914	1533355.0	104038903.0	818697.0
54	0.36	1.0	4456409.0	-0.42499628067016604	20.0	1040348.0	8228.0
54	0.36	2.0	4456374.0	-0.4249929428100586	37.0	2080847.0	16305.0
54	0.36	3.0	4456341.0	-0.42498979568481443	52.0	3121214.0	24514.0
54	0.36	4.0	4456296.0	-0.4249855041503906	75.0	4161666.0	32638.0
54	0.36	5.0	4456246.0	-0.42498073577880857	102.0	5202034.0	40846.0
54	0.36	6.0	4456192.0	-0.4249755859375	129.0	6242391.0	49065.0
54	0.36	7.0	4456152.0	-0.4249717712402344	149.0	7282614.0	57418.0
54	0.36	8.0	4456118.0	-0.4249685287475586	169.0	8323078.0	65530.0
54	0.36	9.0	4456074.0	-0.42496433258056643	195.0	9363555.0	73629.0
54	0.36	10.0	4456016.0	-0.42495880126953123	226.0	10403875.0	81885.0
54	0.36	11.0	4455971.0	-0.4249545097351074	253.0	11444357.0	89979.0
54	0.36	12.0	4455905.0	-0.42494821548461914	291.0	12484799.0	98113.0
54	0.36	13.0	4455874.0	-0.4249452590942383	315.0	13525201.0	106287.0
54	0.36	14.0	4455829.0	-0.4249409675598145	342.0	14565620.0	114444.0
54	0.36	15.0	4455785.0	-0.42493677139282227	372.0	15605999.0	122641.0
54	0.36	16.0	4455728.0	-0.42493133544921874	407.0	16646499.0	130717.0
54	0.36	17.0	4455681.0	-0.4249268531799316	436.0	17686914.0	138878.0
54	0.36	18.0	4455598.0	-0.42491893768310546	487.0	18727473.0	146895.0
54	0.36	19.0	4455539.0	-0.4249133110046387	529.0	19767792.0	155152.0
54	0.36	20.0	4455489.0	-0.42490854263305666	563.0	20807988.0	163532.0
54	0.36	21.0	4455442.0	-0.42490406036376954	594.0	21848309.0	171787.0
54	0.36	22.0	4455375.0	-0.4248976707458496	633.0	22888694.0	179978.0
54	0.36	23.0	4455321.0	-0.424892520904541	673.0	23929006.0	188242.0
54	0.36	24.0	4455279.0	-0.42488851547241213	704.0	24969263.0	196561.0
54	0.36	25.0	4455235.0	-0.4248843193054199	734.0	26009558.0	204842.0
54	0.36	26.0	4455161.0	-0.4248772621154785	786.0	27050072.0	212904.0
54	0.36	27.0	4455122.0	-0.42487354278564454	818.0	28090476.0	221076.0
54	0.36	28.0	4455065.0	-0.424868106842041	855.0	29130863.0	229265.0
54	0.36	29.0	4455010.0	-0.4248628616333008	896.0	30171182.0	237522.0
54	0.36	30.0	4454931.0	-0.42485532760620115	958.0	31211453.0	245827.0
54	0.36	31.0	4454871.0	-0.4248496055603027	1005.0	32251681.0	254175.0
54	0.36	32.0	4454800.0	-0.42484283447265625	1058.0	33291724.0	262708.0
54	0.36	33.0	4454729.0	-0.4248360633850098	1113.0	34332029.0	270979.0
54	0.36	34.0	4454679.0	-0.42483129501342776	1148.0	35372667.0	278917.0
54	0.36	35.0	4454609.0	-0.4248246192932129	1206.0	36412909.0	287251.0
54	0.36	36.0	4454562.0	-0.4248201370239258	1247.0	37453187.0	295549.0
54	0.36	37.0	4454497.0	-0.42481393814086915	1301.0	38493613.0	303699.0
54	0.36	38.0	4454428.0	-0.4248073577880859	1360.0	39533762.0	312126.0
54	0.36	39.0	4454362.0	-0.42480106353759767	1419.0	40574074.0	320390.0
54	0.36	40.0	4454308.0	-0.42479591369628905	1477.0	41614427.0	328613.0
54	0.36	41.0	4454232.0	-0.4247886657714844	1540.0	42654995.0	336621.0
54	0.36	42.0	4454173.0	-0.42478303909301757	1600.0	43695449.0	344743.0
54	0.36	43.0	4454089.0	-0.4247750282287598	1674.0	44735886.0	352882.0
54	0.36	44.0	4454006.0	-0.42476711273193357	1754.0	45776290.0	361054.0
54	0.36	45.0	4453927.0	-0.424759578704834	1836.0	46816760.0	369160.0
54	0.36	46.0	4453862.0	-0.42475337982177735	1900.0	47857264.0	377232.0
54	0.36	47.0	4453781.0	-0.42474565505981443	1979.0	48897800.0	385272.0
54	0.36	48.0	4453683.0	-0.42473630905151366	2064.0	49938286.0	393362.0
54	0.36	49.0	4453629.0	-0.4247311592102051	2133.0	50978730.0	401494.0
54	0.36	50.0	4453566.0	-0.4247251510620117	2215.0	52019149.0	409651.0
54	0.36	51.0	4453478.0	-0.42471675872802733	2316.0	53059519.0	417857.0
54	0.36	52.0	4453406.0	-0.4247098922729492	2395.0	54099877.0	426075.0
54	0.36	53.0	4453340.0	-0.42470359802246094	2477.0	55140286.0	434242.0
54	0.36	54.0	4453268.0	-0.4246967315673828	2566.0	56180744.0	442360.0
54	0.36	55.0	4453204.0	-0.42469062805175783	2643.0	57221079.0	450601.0
54	0.36	56.0	4453122.0	-0.4246828079223633	2735.0	58261544.0	458712.0
54	0.36	57.0	4453032.0	-0.42467422485351564	2835.0	59301860.0	466972.0
54	0.36	58.0	4452946.0	-0.4246660232543945	2939.0	60342148.0	475260.0
54	0.36	59.0	4452869.0	-0.4246586799621582	3037.0	61382625.0	483359.0
54	0.36	60.0	4452772.0	-0.4246494293212891	3151.0	62422906.0	491654.0
54	0.36	61.0	4452684.0	-0.4246410369873047	3262.0	63463180.0	499956.0
54	0.36	62.0	4452597.0	-0.42463274002075196	3373.0	64503672.0	508040.0
54	0.36	63.0	4452512.0	-0.4246246337890625	3496.0	65543906.0	516382.0
54	0.36	64.0	4452424.0	-0.42461624145507815	3614.0	66584422.0	524442.0
54	0.36	65.0	4452342.0	-0.4246084213256836	3728.0	67624790.0	532650.0
54	0.36	66.0	4452254.0	-0.42460002899169924	3850.0	68665256.0	540760.0
54	0.36	67.0	4452160.0	-0.424591064453125	3968.0	69705424.0	549168.0
54	0.36	68.0	4452072.0	-0.42458267211914064	4085.0	70745975.0	557193.0
54	0.36	69.0	4451956.0	-0.4245716094970703	4243.0	71786306.0	565438.0
54	0.36	70.0	4451857.0	-0.4245621681213379	4378.0	72826747.0	573573.0
54	0.36	71.0	4451772.0	-0.42455406188964845	4504.0	73867202.0	581694.0
54	0.36	72.0	4451661.0	-0.4245434761047363	4657.0	74907538.0	589934.0
54	0.36	73.0	4451561.0	-0.42453393936157224	4795.0	75947970.0	598078.0
54	0.36	74.0	4451458.0	-0.42452411651611327	4943.0	76988377.0	606247.0
54	0.36	75.0	4451364.0	-0.4245151519775391	5085.0	78028741.0	614459.0
54	0.36	76.0	4451270.0	-0.42450618743896484	5255.0	79069159.0	622617.0
54	0.36	77.0	4451151.0	-0.4244948387145996	5444.0	80109509.0	630843.0
54	0.36	78.0	4451034.0	-0.4244836807250977	5631.0	81149876.0	639052.0
54	0.36	79.0	4450935.0	-0.42447423934936523	5818.0	82190294.0	647210.0
54	0.36	80.0	4450804.0	-0.42446174621582033	6031.0	83230651.0	655429.0
54	0.36	81.0	4450682.0	-0.42445011138916017	6224.0	84271086.0	663570.0
54	0.36	82.0	4450557.0	-0.4244381904602051	6414.0	85311406.0	671826.0
54	0.36	83.0	4450454.0	-0.4244283676147461	6611.0	86351914.0	679894.0
54	0.36	84.0	4450325.0	-0.42441606521606445	6839.0	87392307.0	688077.0
54	0.36	85.0	4450218.0	-0.4244058609008789	7023.0	88432721.0	696239.0
54	0.36	86.0	4450112.0	-0.424395751953125	7226.0	89473199.0	704337.0
54	0.36	87.0	4449989.0	-0.4243840217590332	7480.0	90513642.0	712470.0
54	0.36	88.0	4449875.0	-0.42437314987182617	7695.0	91554095.0	720593.0
54	0.36	89.0	4449762.0	-0.4243623733520508	7922.0	92594681.0	728583.0
54	0.36	90.0	4449661.0	-0.42435274124145506	8144.0	93635177.0	736663.0
54	0.36	91.0	4449549.0	-0.42434206008911135	8407.0	94675645.0	744771.0
54	0.36	92.0	4449405.0	-0.4243283271789551	8666.0	95716114.0	752878.0
54	0.36	93.0	4449277.0	-0.4243161201477051	8926.0	96756582.0	760986.0
54	0.36	94.0	4449156.0	-0.42430458068847654	9202.0	97797100.0	769044.0
54	0.36	95.0	4449051.0	-0.4242945671081543	9455.0	98837335.0	777385.0
54	0.36	96.0	4448917.0	-0.42428178787231446	9741.0	99877770.0	785526.0
54	0.36	97.0	4448767.0	-0.42426748275756837	10044.0	100918148.0	793724.0
54	0.36	98.0	4448644.0	-0.4242557525634766	10324.0	101958506.0	801942.0
54	0.36	99.0	4448502.0	-0.4242422103881836	10641.0	102998858.0	810166.0
54	0.36	100.0	4448368.0	-0.42422943115234374	10950.0	104039165.0	818435.0
